design_id,scenario,method,method_label,family,howa_order,n_shots,random_draw_index,feasible,valid,full_rank,sv_ratio,logdet,d_efficiency,i_criterion,i_efficiency,balance_quadrant,balance_radial,balance_scan,violation_quadrant,violation_radial,violation_scan,violation_mandatory,n_q1,n_q2,n_q3,n_q4,n_inner,n_middle,n_outer,n_up,n_down,optimization_time_s,fraction_starts_at_best,n_starts_feasible,poisson_min_distance_mm,cond_estimate,max_abs_coef_nm
1,base,poisson,Poisson Disk,baseline,3,3,NaN,1,1,1,0.0267957148594501,10.6886307074519,0.830645843526077,45.3272935171746,0.864994461650119,1,2,3,0,0,2,0,1,0,1,1,0,1,2,3,0,0.05490825,NaN,NaN,184.762009081954,112.238349650989,62.8143316884614
2,base,human,Human,baseline,3,3,NaN,1,1,1,0.000632595336947832,-9.13343673098395,0.11443383309908,85333.5623753867,0.000459465850979806,2,2,1,0,0,0,0,2,0,1,0,1,2,0,1,2,NaN,NaN,NaN,NaN,1767.85048824337,2935.20843240841
3,base,dopt,D-opt,optimal,3,3,NaN,1,1,1,0.0213607316025464,12.5441482678857,1,39.2078578539454,1,1,3,1,0,1,0,0,1,1,1,0,0,0,3,2,1,0.408482501,1,201,NaN,112.238349650988,70.721694839517
4,base,iopt,I-opt,optimal,3,3,NaN,1,1,1,0.0213607316025464,12.5441482678857,1,39.2078578539454,1,1,3,1,0,1,0,0,1,1,1,0,0,0,3,2,1,0.707531125,0.442786069651741,201,NaN,112.238349650988,70.721694839517
5,base,cdopt,Constrained D-opt,proposed,3,3,NaN,1,1,1,0.0211599917458533,11.9768643990417,0.94485066835093,48.0765897395876,0.81552909776503,1,2,1,0,0,0,0,1,1,0,1,0,1,2,2,1,0.581051833,1,201,NaN,45.2125489759943,78.6790490737372
6,base,ciopt,Constrained I-opt,proposed,3,3,NaN,1,1,1,0.0199515106686832,10.3686506642891,0.804487572332878,46.3768656059553,0.84541845037735,1,2,1,0,0,0,0,1,1,1,0,0,1,2,2,1,0.439947208,0.27363184079602,201,NaN,133.403365188678,71.2841081210612
7,base,poisson,Poisson Disk,baseline,3,4,NaN,1,1,1,0.106111827723101,20.9002400379174,0.940735877441388,2.74658453583386,0.887089972690653,0,2,0,0,0,0,0,1,1,1,1,0,2,2,2,2,0.016120875,NaN,NaN,163.404406305338,43.3165322700844,28.7246825013654
8,base,human,Human,baseline,3,4,NaN,1,1,1,0.00156581993041556,-4.52289186470359,0.0740210288940265,8927.19511074002,0.000272926442254432,2,2,0,0,0,0,0,2,0,2,0,2,2,0,2,2,NaN,NaN,NaN,NaN,687.753158535029,1084.83294337473
9,base,dopt,D-opt,optimal,3,4,NaN,1,1,1,0.117364530082327,21.5111686543386,1,2.85948490175227,0.852065209154411,0,4,4,0,1,4,0,1,1,1,1,0,0,4,4,0,0.451519501,0.865671641791045,201,NaN,21.1852723730145,17.258456840568
10,base,iopt,I-opt,optimal,3,4,NaN,1,1,1,0.146584112137805,21.4675710508226,0.995649729607241,2.43646760088543,1,0,4,4,0,1,4,0,1,1,1,1,0,0,4,4,0,0.780813626,0.855721393034826,201,NaN,23.3243458232452,18.2324775940442
11,base,cdopt,Constrained D-opt,proposed,3,4,NaN,1,1,1,0.105432269039835,21.0866695222417,0.958438469425404,2.94308816479313,0.827860894563685,0,3,0,0,0,0,0,1,1,1,1,0,1,3,2,2,0.291873583,0.318407960199005,201,NaN,26.3002191944551,23.4261151429893
12,base,ciopt,Constrained I-opt,proposed,3,4,NaN,1,1,1,0.106111827723101,20.9002400379174,0.940735877441388,2.74658453583386,0.887089972690653,0,2,0,0,0,0,0,1,1,1,1,0,2,2,2,2,0.393604957,0.0497512437810945,201,NaN,43.3165322700844,28.7246825013654
13,base,poisson,Poisson Disk,baseline,3,5,NaN,1,1,1,0.105257786333192,21.8133943293402,0.60481417845499,3.17136587312052,0.363681036300714,1,1,3,0,0,2,0,1,1,2,1,1,2,2,4,1,0.014345375,NaN,NaN,111.825757319144,29.5197988839845,23.461152366241
14,base,human,Human,baseline,3,5,NaN,1,1,1,0.0774790640909598,16.2506769996145,0.346765769035206,7.53107481191188,0.153147546137891,1,1,1,0,0,0,0,2,1,1,1,2,2,1,3,2,NaN,NaN,NaN,NaN,42.1919900180373,32.5314302579641
15,base,dopt,D-opt,optimal,3,5,NaN,1,1,1,0.222283871678193,26.8417344411301,1,1.16635302419673,0.988864951946696,1,5,3,0,2,2,0,1,1,2,1,0,0,5,4,1,0.566294541,0.91044776119403,201,NaN,17.7237044144678,15.6393830459455
16,base,iopt,I-opt,optimal,3,5,NaN,1,1,1,0.240244380300968,26.2715014791572,0.944572064173042,1.15336562722519,1,1,3,1,0,0,0,0,1,1,2,1,0,2,3,2,3,1.079032167,1,201,NaN,20.7859892696084,16.0337741139562
17,base,cdopt,Constrained D-opt,proposed,3,5,NaN,1,1,1,0.240244380300968,26.2715014791572,0.944572064173042,1.15336562722519,1,1,3,1,0,0,0,0,1,1,2,1,0,2,3,2,3,0.499174416,0.393034825870647,201,NaN,20.7859892696084,16.0337741139562
18,base,ciopt,Constrained I-opt,proposed,3,5,NaN,1,1,1,0.240244380300968,26.2715014791572,0.944572064173042,1.15336562722519,1,1,3,1,0,0,0,0,1,1,2,1,0,2,3,2,3,0.896347125,0.447761194029851,201,NaN,20.7859892696084,16.0337741139562
19,base,poisson,Poisson Disk,baseline,3,6,NaN,1,1,1,0.157028846927701,26.4222549710519,0.690402264224728,1.46857248466394,0.472022748636842,2,3,0,0,1,0,0,3,1,1,1,1,1,4,3,3,0.012601375,NaN,NaN,102.357217625334,25.3281601260512,17.7288416607278
20,base,human,Human,baseline,3,6,NaN,1,1,1,0.117972132168921,20.4665662649733,0.380583479988441,3.36452345565752,0.206032036904924,1,4,2,0,2,2,0,2,1,2,1,2,4,0,2,4,NaN,NaN,NaN,NaN,30.582373719731,20.6276327280013
21,base,dopt,D-opt,optimal,3,6,NaN,1,1,1,0.250899387403193,30.1270635673958,1,0.693199620783512,1,1,6,2,0,5,2,0,2,1,2,1,0,0,6,4,2,0.641602749,0.73134328358209,201,NaN,20.4813177011574,15.9355245389191
22,base,iopt,I-opt,optimal,3,6,NaN,1,1,1,0.250899387403193,30.1270635673958,1,0.693199620783512,1,1,6,2,0,5,2,0,2,1,2,1,0,0,6,4,2,1.088033583,0.621890547263682,201,NaN,20.4813177011574,15.9355245389191
23,base,cdopt,Constrained D-opt,proposed,3,6,NaN,1,1,1,0.251257555251491,28.0296842842008,0.810796704984238,0.959375343192068,0.722553092178785,2,2,0,0,0,0,0,3,1,1,1,1,2,3,3,3,0.418701792,0.149253731343284,201,NaN,20.7739442215176,17.880376140096
24,base,ciopt,Constrained I-opt,proposed,3,6,NaN,1,1,1,0.250912774027964,28.0178467022491,0.809837485594018,0.929329030752452,0.745914092689267,2,2,0,0,0,0,0,3,1,1,1,1,2,3,3,3,0.581764125,0.0895522388059701,201,NaN,21.9855352761043,16.7242245411807
25,mandatory,poisson_f,Poisson Disk + F,baseline,3,6,NaN,1,1,1,0.0992866121345204,20.5259287687166,0.382849437806274,4.06368347450947,0.170584058805709,1,3,2,0,1,2,0,2,1,1,2,1,4,1,4,2,0.041126958,NaN,NaN,70.9365914038728,41.3417447651647,30.2791257968448
26,mandatory,human_f,Human + F,baseline,3,6,NaN,1,1,1,0.103097316989871,19.080447038149,0.331322965435742,4.42802901580474,0.156548120689659,2,5,0,0,3,0,0,3,1,1,1,1,5,0,3,3,NaN,NaN,NaN,NaN,41.8825681920293,35.1418512484434
27,mandatory,dopt_aug,D-opt Aug. (unconstr.),optimal,3,6,NaN,1,1,1,0.111241432529432,21.1775137047666,0.408625992009833,3.33401729545607,0.207917223983293,1,3,0,0,1,0,0,2,1,2,1,1,4,1,3,3,0.11756275,1,201,NaN,48.918335200512,30.5081259664521
28,mandatory,iopt_aug,I-opt Aug. (unconstr.),optimal,3,6,NaN,1,1,1,0.111241432529432,21.1775137047666,0.408625992009833,3.33401729545607,0.207917223983293,1,3,0,0,1,0,0,2,1,2,1,1,4,1,3,3,0.126049167,1,201,NaN,48.918335200512,30.5081259664521
29,mandatory,cdopt_naive,Constr. D-opt Naive,naive,3,6,NaN,0,0,NaN,NaN,NaN,NaN,NaN,NaN,NaN,NaN,NaN,NaN,NaN,NaN,NaN,NaN,NaN,NaN,NaN,NaN,NaN,NaN,NaN,NaN,1.620749792,0,0,NaN,NaN,NaN
30,mandatory,ciopt_naive,Constr. I-opt Naive,naive,3,6,NaN,0,0,NaN,NaN,NaN,NaN,NaN,NaN,NaN,NaN,NaN,NaN,NaN,NaN,NaN,NaN,NaN,NaN,NaN,NaN,NaN,NaN,NaN,NaN,1.520149833,0,0,NaN,NaN,NaN
31,mandatory,cdopt_aug,Constr. D-opt Augmentation,proposed,3,6,NaN,0,0,NaN,NaN,NaN,NaN,NaN,NaN,NaN,NaN,NaN,NaN,NaN,NaN,NaN,NaN,NaN,NaN,NaN,NaN,NaN,NaN,NaN,NaN,1.587533208,0,0,NaN,NaN,NaN
32,mandatory,ciopt_aug,Constr. I-opt Augmentation,proposed,3,6,NaN,0,0,NaN,NaN,NaN,NaN,NaN,NaN,NaN,NaN,NaN,NaN,NaN,NaN,NaN,NaN,NaN,NaN,NaN,NaN,NaN,NaN,NaN,NaN,1.558620125,0,0,NaN,NaN,NaN
33,base,poisson,Poisson Disk,baseline,3,7,NaN,1,1,1,0.226548329292839,29.0830013131597,0.737856388509429,0.883836853203882,0.597978649162724,1,2,3,0,0,2,0,1,2,2,2,1,3,3,5,2,0.025037667,NaN,NaN,102.176318195558,23.4896492964225,16.4431457771808
34,base,human,Human,baseline,3,7,NaN,1,1,1,0.113180700953855,21.5405633918597,0.347062687072568,3.20796632243346,0.164750971312621,1,4,1,0,1,0,0,2,2,1,2,3,4,0,3,4,NaN,NaN,NaN,NaN,32.2786656539179,19.4666551385986
35,base,dopt,D-opt,optimal,3,7,NaN,1,1,1,0.249266220587552,32.1230620014948,1,0.567383810808467,0.931495678042006,1,6,3,0,3,2,0,2,1,2,2,0,1,6,5,2,0.719993417,0.378109452736318,201,NaN,16.0827019083485,16.7353818897534
36,base,iopt,I-opt,optimal,3,7,NaN,1,1,1,0.300936059961101,31.6807227971358,0.956730132565806,0.52851556755909,1,2,6,3,0,3,2,0,3,1,2,1,1,0,6,5,2,1.215479167,0.114427860696517,201,NaN,21.9898195812142,16.0215953653307
37,base,cdopt,Constrained D-opt,proposed,3,7,NaN,1,1,1,0.275515785640177,30.9188968124298,0.886551094511048,0.634703395296656,0.832696928164478,1,3,1,0,0,0,0,2,1,2,2,1,2,4,4,3,0.664543958,0.0845771144278607,201,NaN,19.4217167549779,15.6145128878432
38,base,ciopt,Constrained I-opt,proposed,3,7,NaN,1,1,1,0.275515785640177,30.9188968124298,0.886551094511048,0.634703395296656,0.832696928164478,1,3,1,0,0,0,0,2,1,2,2,1,2,4,4,3,0.990391749,0.0696517412935323,201,NaN,19.4217167549779,15.6145128878432
39,mandatory,poisson_f,Poisson Disk + F,baseline,3,7,NaN,1,1,1,0.0954146109069224,24.7987778219885,0.480740133458724,2.96032678872651,0.17853284629649,2,3,3,0,0,2,0,3,1,2,1,1,4,2,5,2,0.013970916,NaN,NaN,70.9365914038728,40.4732787468602,26.7950559717003
40,mandatory,human_f,Human + F,baseline,3,7,NaN,1,1,1,0.100333929356864,22.4389648984339,0.379686369560777,3.23529958572959,0.163359081146702,2,6,1,0,3,0,0,3,1,2,1,1,6,0,3,4,NaN,NaN,NaN,NaN,39.6355846598001,27.1599984726744
41,mandatory,dopt_aug,D-opt Aug. (unconstr.),optimal,3,7,NaN,1,1,1,0.119010466075835,25.6523601409923,0.523577516520758,2.01944718522978,0.261712993251148,2,3,1,0,0,0,0,3,2,1,1,1,4,2,4,3,0.165599625,1,201,NaN,40.5559595576884,23.2732194587064
42,mandatory,iopt_aug,I-opt Aug. (unconstr.),optimal,3,7,NaN,1,1,1,0.141891394191909,25.5184827390577,0.516614708884212,1.89008623408741,0.279625108118029,2,3,3,0,0,2,0,3,2,1,1,1,4,2,5,2,0.334721917,1,201,NaN,32.1844226111163,27.5735923106564
43,mandatory,cdopt_naive,Constr. D-opt Naive,naive,3,7,NaN,1,1,1,0.119010466075835,25.6523601409923,0.523577516520758,2.01944718522977,0.261712993251149,2,3,1,0,0,0,0,3,1,2,1,1,4,2,4,3,0.118255958,1,201,NaN,40.5559595576885,21.5489837964713
44,mandatory,ciopt_naive,Constr. I-opt Naive,naive,3,7,NaN,1,1,1,0.10116047344164,21.9160898684874,0.360343616207997,3.4860090284052,0.151610498783154,1,3,1,0,0,0,0,2,2,2,1,2,4,1,4,3,0.126512875,1,201,NaN,37.7011639097613,34.8503967157918
45,mandatory,cdopt_aug,Constr. D-opt Augmentation,proposed,3,7,NaN,1,1,1,0.119010466075835,25.6523601409923,0.523577516520758,2.01944718522978,0.261712993251148,2,3,1,0,0,0,0,3,2,1,1,1,4,2,4,3,0.0961905,1,201,NaN,40.5559595576884,23.2732194587064
46,mandatory,ciopt_aug,Constr. I-opt Augmentation,proposed,3,7,NaN,1,1,1,0.119010466075835,25.6523601409923,0.523577516520758,2.01944718522978,0.261712993251148,2,3,1,0,0,0,0,3,2,1,1,1,4,2,4,3,0.123380417,1,201,NaN,40.5559595576884,23.2732194587064
47,base,poisson,Poisson Disk,baseline,3,8,NaN,1,1,1,0.283638849186289,30.4963833903969,0.732738663726588,0.663181275270464,0.623758112488624,2,3,4,0,0,4,0,3,1,2,2,1,3,4,6,2,0.01412675,NaN,NaN,84.0238061504,19.8075808997458,18.8257736622065
48,base,human,Human,baseline,3,8,NaN,1,1,1,0.250950624660354,28.3691258526628,0.592329669970522,0.97551511788692,0.424047452382439,0,1,4,0,0,4,0,2,2,2,2,3,2,3,6,2,NaN,NaN,NaN,NaN,24.1707309009053,17.154577661732
49,base,dopt,D-opt,optimal,3,8,NaN,1,1,1,0.262114983136606,33.6060450941152,1,0.484246039578148,0.85424488109571,2,8,4,0,6,4,0,3,2,2,1,0,0,8,6,2,0.785089625,0.592039800995025,201,NaN,15.7052952280033,16.8531576898322
50,base,iopt,I-opt,optimal,3,8,NaN,1,1,1,0.430491558709946,33.4231236764793,0.981874144010247,0.413664700500504,1,2,7,4,0,4,4,0,3,2,2,1,1,0,7,6,2,1.38968975,0.711442786069652,201,NaN,15.9185935020332,19.1637198290918
51,base,cdopt,Constrained D-opt,proposed,3,8,NaN,1,1,1,0.320897880025948,32.6495482444323,0.908782320419449,0.495294070989031,0.835190091564138,2,3,0,0,0,0,0,3,1,2,2,1,3,4,4,4,0.556201833,0.174129353233831,201,NaN,18.3703418563162,15.1639612515147
52,base,ciopt,Constrained I-opt,proposed,3,8,NaN,1,1,1,0.346290151442879,32.6332415496782,0.907301604437036,0.471946268060439,0.876508044444434,2,3,0,0,0,0,0,3,1,2,2,1,3,4,4,4,0.693550084,0.0597014925373134,201,NaN,19.5556420358127,14.8767421135339
53,mandatory,poisson_f,Poisson Disk + F,baseline,3,8,NaN,1,1,1,0.177583099711542,29.3919256002843,0.656119757599638,1.05367019359797,0.392594099191475,0,3,4,0,0,4,0,2,2,2,2,1,4,3,6,2,0.010384167,NaN,NaN,70.9365914038728,22.5678574906002,21.179594387411
54,mandatory,human_f,Human + F,baseline,3,8,NaN,1,1,1,0.0896262167358472,23.2269851788551,0.354195594525835,2.98546321946789,0.138559637178927,2,6,0,0,3,0,0,3,1,3,1,2,6,0,4,4,NaN,NaN,NaN,NaN,40.5187039423558,26.0877968761644
55,mandatory,dopt_aug,D-opt Aug. (unconstr.),optimal,3,8,NaN,1,1,1,0.229912915691384,29.8385453181979,0.686087589725193,0.908038007949405,0.455558794763085,2,3,2,0,0,2,0,3,2,2,1,1,4,3,5,3,0.243906041,1,201,NaN,24.4756142933828,22.5103059620707
56,mandatory,iopt_aug,I-opt Aug. (unconstr.),optimal,3,8,NaN,1,1,1,0.229912915691384,29.8385453181979,0.686087589725193,0.908038007949405,0.455558794763085,2,3,2,0,0,2,0,3,2,2,1,1,4,3,5,3,0.365471041,1,201,NaN,24.4756142933828,22.5103059620707
57,mandatory,cdopt_naive,Constr. D-opt Naive,naive,3,8,NaN,1,1,1,0.149442883578741,26.1300989744859,0.473504145223263,1.62505543902234,0.254554208162505,2,2,0,0,0,0,0,3,2,2,1,2,4,2,4,4,0.137521416,0.970149253731343,201,NaN,30.3358997623063,22.7069074042889
58,mandatory,ciopt_naive,Constr. I-opt Naive,naive,3,8,NaN,1,1,1,0.149442883578741,26.1300989744859,0.473504145223264,1.62505543902233,0.254554208162506,2,2,0,0,0,0,0,3,1,2,2,2,4,2,4,4,0.144791083,0.407960199004975,201,NaN,30.3358997623063,22.2526902344676
59,mandatory,cdopt_aug,Constr. D-opt Augmentation,proposed,3,8,NaN,1,1,1,0.134337722182964,28.8092659811536,0.618982727046859,1.32559428073746,0.312059810842252,2,3,0,0,0,0,0,3,2,2,1,1,4,3,4,4,0.112115708,0.786069651741294,201,NaN,36.656743531347,23.3127424698287
60,mandatory,ciopt_aug,Constr. I-opt Augmentation,proposed,3,8,NaN,1,1,1,0.153218199599113,28.7063828295162,0.612647085095904,1.22607882080216,0.337388341990822,2,3,0,0,0,0,0,3,1,2,2,1,4,3,4,4,0.2737565,0.721393034825871,201,NaN,31.0616559821549,22.1588859787558
61,base,poisson,Poisson Disk,baseline,3,9,NaN,1,1,1,0.158334922630785,30.5672415764312,0.641892780755306,0.943705032051905,0.376763161396679,1,0,3,0,0,2,0,2,2,3,2,3,3,3,6,3,0.011263583,NaN,NaN,70.9365914038728,21.139126342076,17.9090302726568
62,base,human,Human,baseline,3,9,NaN,1,1,1,0.276711968825796,29.4585587941235,0.574530395331868,0.740904804594044,0.479890654099139,2,2,1,0,0,0,0,2,3,1,3,3,4,2,5,4,NaN,NaN,NaN,NaN,24.4236229079958,16.7450515973422
63,base,dopt,D-opt,optimal,3,9,NaN,1,1,1,0.383927403560474,35.0005815505201,1,0.362834238354204,0.979933131213306,1,8,5,0,7,4,0,2,2,3,2,1,0,8,7,2,0.821719167,0.432835820895522,201,NaN,16.4134234624281,16.5076159559957
64,base,iopt,I-opt,optimal,3,9,NaN,1,1,1,0.447940439948231,34.6328305309892,0.963892888602524,0.35555329130183,1,2,7,7,0,5,6,0,3,2,3,1,2,0,7,8,1,1.641994916,0.417910447761194,201,NaN,14.7737176182984,18.2704134632897
65,base,cdopt,Constrained D-opt,proposed,3,9,NaN,1,1,1,0.354363166402348,33.8765746158564,0.893686091569894,0.409910699444139,0.867392072917296,2,2,1,0,0,0,0,3,2,3,1,2,3,4,5,4,0.940532625,0.527363184079602,201,NaN,16.7405283856201,16.3614888752076
66,base,ciopt,Constrained I-opt,proposed,3,9,NaN,1,1,1,0.354363166402348,33.8765746158564,0.893686091569894,0.409910699444139,0.867392072917296,2,2,1,0,0,0,0,3,1,3,2,2,3,4,5,4,1.306014125,0.114427860696517,201,NaN,16.7405283856201,15.2056224272936
67,mandatory,poisson_f,Poisson Disk + F,baseline,3,9,NaN,1,1,1,0.311580323032368,32.9661644439615,0.81591776224783,0.503313567499738,0.706425008703973,1,3,5,0,1,4,0,3,2,2,2,1,4,4,7,2,0.010453583,NaN,NaN,70.9365914038728,18.0668574679701,14.8532201990093
68,mandatory,human_f,Human + F,baseline,3,9,NaN,1,1,1,0.175507476472441,26.3153632448009,0.41957128854658,1.40420636418738,0.25320586800473,1,5,1,0,3,0,0,3,2,2,2,2,6,1,5,4,NaN,NaN,NaN,NaN,27.2922469173173,22.1802679562787
69,mandatory,dopt_aug,D-opt Aug. (unconstr.),optimal,3,9,NaN,1,1,1,0.311580323032368,32.9661644439615,0.81591776224783,0.503313567499738,0.706425008703973,1,3,5,0,1,4,0,3,2,2,2,1,4,4,7,2,0.435853917,1,201,NaN,18.0668574679701,14.8532201990093
70,mandatory,iopt_aug,I-opt Aug. (unconstr.),optimal,3,9,NaN,1,1,1,0.311580323032368,32.9661644439615,0.81591776224783,0.503313567499738,0.706425008703973,1,3,5,0,1,4,0,3,2,2,2,1,4,4,7,2,0.600271666,0.945273631840796,201,NaN,18.0668574679701,14.8532201990093
71,mandatory,cdopt_naive,Constr. D-opt Naive,naive,3,9,NaN,1,1,1,0.228049295243498,29.9753905271089,0.605004669777173,0.87394239993208,0.406838358374033,3,2,1,0,0,0,0,4,2,2,1,2,4,3,5,4,0.208270083,0.407960199004975,201,NaN,22.587325229243,19.5063108065799
72,mandatory,ciopt_naive,Constr. I-opt Naive,naive,3,9,NaN,1,1,1,0.228049295243498,29.9753905271089,0.605004669777173,0.873942399932079,0.406838358374034,1,2,1,0,0,0,0,3,2,2,2,2,4,3,5,4,0.293752917,0.631840796019901,201,NaN,22.587325229243,18.2125416090338
73,mandatory,cdopt_aug,Constr. D-opt Augmentation,proposed,3,9,NaN,1,1,1,0.228399181424902,30.7957187635146,0.656727389613658,0.814499428881215,0.436529822728315,1,2,1,0,0,0,0,3,2,2,2,2,4,3,5,4,0.222654666,1,201,NaN,24.8644841613611,19.7383839584423
74,mandatory,ciopt_aug,Constr. I-opt Augmentation,proposed,3,9,NaN,1,1,1,0.228399181424902,30.7957187635146,0.656727389613658,0.814499428881215,0.436529822728315,3,2,1,0,0,0,0,4,2,2,1,2,4,3,5,4,0.34257875,1,201,NaN,24.8644841613611,20.5075714454865
75,base,poisson,Poisson Disk,baseline,3,10,NaN,1,1,1,0.320660404187419,33.7227437833325,0.770851490336237,0.424168179107153,0.734879495727703,3,2,0,0,0,0,0,1,2,4,3,2,4,4,5,5,0.011334875,NaN,NaN,70.9365914038728,17.6684912754503,18.4603885582355
76,base,human,Human,baseline,3,10,NaN,1,1,1,0.278548917061823,30.2676809748196,0.545656389632445,0.684008753309143,0.45571419379939,1,3,2,0,0,2,0,2,3,2,3,3,5,2,4,6,NaN,NaN,NaN,NaN,25.2890820740953,18.2426775254614
77,base,dopt,D-opt,optimal,3,10,NaN,1,1,1,0.287241981905951,36.3253392184354,1,0.372722316624855,0.836312943074296,1,10,6,0,9,6,0,3,2,3,2,0,0,10,8,2,0.808616667,0.875621890547264,201,NaN,15.4773828939636,14.8171647099474
78,base,iopt,I-opt,optimal,3,10,NaN,1,1,1,0.403989680998298,36.1218447004695,0.979856200961628,0.311712497566002,1,3,8,6,0,5,6,0,3,1,4,2,2,0,8,8,2,1.7004415,0.467661691542289,201,NaN,15.5355902107348,16.3320680249314
79,base,cdopt,Constrained D-opt,proposed,3,10,NaN,1,1,1,0.397434125467606,35.4426883591298,0.915518153571814,0.331638067690014,0.939917723369936,1,3,0,0,0,0,0,3,2,3,2,2,3,5,5,5,0.747711,0.0646766169154229,201,NaN,15.9877806369144,16.1114560891862
80,base,ciopt,Constrained I-opt,proposed,3,10,NaN,1,1,1,0.481250774959836,35.2672672120092,0.899598073287676,0.328424741587438,0.949113931122677,1,3,0,0,0,0,0,3,2,3,2,2,3,5,5,5,0.97401425,0.0149253731343284,201,NaN,15.7417195991388,18.0002800609461
81,mandatory,poisson_f,Poisson Disk + F,baseline,3,10,NaN,1,1,1,0.305256990033168,34.2904765599917,0.815881409687982,0.417466015204742,0.746677540717,1,4,2,0,1,2,0,3,2,3,2,1,5,4,6,4,0.013434792,NaN,NaN,52,18.8972605521943,15.0289493637774
82,mandatory,human_f,Human + F,baseline,3,10,NaN,1,1,1,0.182799797239726,29.0885769704164,0.484966130355422,0.912698582635104,0.341528412004366,1,8,2,0,5,2,0,3,2,3,2,2,8,0,4,6,NaN,NaN,NaN,NaN,26.3702717760423,20.1002439226188
83,mandatory,dopt_aug,D-opt Aug. (unconstr.),optimal,3,10,NaN,1,1,1,0.30215650708544,34.8401393392436,0.86198277775621,0.394535758315496,0.790074133956541,1,4,4,0,1,4,0,3,2,3,2,1,4,5,7,3,0.400466709,1,201,NaN,18.9800376838614,18.8061615629965
84,mandatory,iopt_aug,I-opt Aug. (unconstr.),optimal,3,10,NaN,1,1,1,0.396610427398503,34.5086710911485,0.833879132047458,0.382321516745747,0.815315078835331,2,4,4,0,1,4,0,4,2,2,2,1,4,5,7,3,0.812956125,1,201,NaN,15.7138596613897,19.5528760707749
85,mandatory,cdopt_naive,Constr. D-opt Naive,naive,3,10,NaN,1,1,1,0.24936886116142,32.359234976696,0.672596001742543,0.629972026265685,0.494803712815242,1,3,0,0,0,0,0,3,2,3,2,2,5,3,5,5,0.261347542,0.45273631840796,201,NaN,22.2028962745487,18.397941880758
86,mandatory,ciopt_naive,Constr. I-opt Naive,naive,3,10,NaN,1,1,1,0.240378493720033,31.4611235129496,0.614822561587617,0.71099088592778,0.438419821878934,1,3,0,0,0,0,0,3,2,3,2,2,5,3,5,5,0.333203125,0.373134328358209,201,NaN,23.0374208012284,17.2904954591351
87,mandatory,cdopt_aug,Constr. D-opt Augmentation,proposed,3,10,NaN,1,1,1,0.255287903230818,32.7605373463828,0.700136342989853,0.577460308493674,0.539799000868329,1,3,0,0,0,0,0,3,2,3,2,2,5,3,5,5,0.239417876,0.393034825870647,201,NaN,22.4151089865517,18.5266250021309
88,mandatory,ciopt_aug,Constr. I-opt Augmentation,proposed,3,10,NaN,1,1,1,0.255287903230818,32.7605373463828,0.700136342989853,0.577460308493674,0.539799000868329,1,3,0,0,0,0,0,3,2,3,2,2,5,3,5,5,0.270913041,0.328358208955224,201,NaN,22.4151089865517,16.9124632872267
89,base,poisson,Poisson Disk,baseline,3,11,NaN,1,1,1,0.158369777062019,32.6681145539157,0.616592405259477,0.818342872797258,0.339441274314647,4,2,3,1,0,2,0,5,2,3,1,3,3,5,7,4,0.012931125,NaN,NaN,61.5873363606513,21.5517837318371,19.9990517515254
90,base,human,Human,baseline,3,11,NaN,1,1,1,0.386354097865827,33.19567479847,0.649994708901226,0.447178506861337,0.621182242228707,1,2,1,0,0,0,0,3,3,3,2,3,5,3,6,5,NaN,NaN,NaN,NaN,18.3634355065992,17.3376602192023
91,base,dopt,D-opt,optimal,3,11,NaN,1,1,1,0.408113779554856,37.5035853612454,1,0.282532409743946,0.983176931171741,2,10,7,0,8,6,0,4,2,3,2,1,0,10,9,2,0.980073291,1,201,NaN,15.6802251401085,14.8293267079973
92,base,iopt,I-opt,optimal,3,11,NaN,1,1,1,0.435371885175672,37.2548420265279,0.975432483540351,0.27777934756861,1,2,9,3,0,6,2,0,3,2,4,2,2,0,9,7,4,1.730940625,0.562189054726368,201,NaN,15.3095888134553,14.5558856902295
93,base,cdopt,Constrained D-opt,proposed,3,11,NaN,1,1,1,0.393519499990486,36.5853667504969,0.912267645449049,0.29820279472205,0.931511550143329,2,3,1,0,0,0,0,4,2,3,2,2,4,5,6,5,0.962135208,0.0696517412935323,201,NaN,16.0695788336869,14.5915334853142
94,base,ciopt,Constrained I-opt,proposed,3,11,NaN,1,1,1,0.50059590992498,36.1782627663469,0.875874678380154,0.296221345489074,0.93774250842722,1,3,1,0,0,0,0,3,2,3,3,2,4,5,6,5,1.467527458,0.0248756218905473,201,NaN,14.7859314361158,14.2717752077824
95,mandatory,poisson_f,Poisson Disk + F,baseline,3,11,NaN,1,1,1,0.324255532068369,35.0379792609692,0.781483994335072,0.382090583673374,0.726998673712585,2,5,3,0,2,2,0,4,2,3,2,1,6,4,7,4,0.014083792,NaN,NaN,52,18.0855085125546,15.5414013613515
96,mandatory,human_f,Human + F,baseline,3,11,NaN,1,1,1,0.181500857747061,29.7269413640837,0.459477915798282,0.856422668153965,0.324348429692279,1,8,1,0,5,0,0,3,3,2,3,3,8,0,5,6,NaN,NaN,NaN,NaN,25.2251669196167,20.7276386456025
97,mandatory,dopt_aug,D-opt Aug. (unconstr.),optimal,3,11,NaN,1,1,1,0.295454491586961,36.2806792369598,0.884891170759858,0.351139541484069,0.791079655667925,2,5,3,0,2,2,0,4,2,3,2,1,4,6,7,4,0.459575292,1,201,NaN,19.8406301694189,19.6314549204615
98,mandatory,iopt_aug,I-opt Aug. (unconstr.),optimal,3,11,NaN,1,1,1,0.359923388889606,36.1872220679578,0.876659752555148,0.317815861360051,0.874026067735859,2,5,3,0,2,2,0,4,2,3,2,1,4,6,7,4,1.092386834,1,201,NaN,16.5556618424306,17.5112301430971
99,mandatory,cdopt_naive,Constr. D-opt Naive,naive,3,11,NaN,1,1,1,0.265770341427891,34.3473087645659,0.729330958949078,0.463917890834229,0.598768344693714,2,3,1,0,0,0,0,4,2,3,2,2,4,5,6,5,0.390339292,0.537313432835821,201,NaN,22.3732766568701,19.1333654441547
100,mandatory,ciopt_naive,Constr. I-opt Naive,naive,3,11,NaN,1,1,1,0.317910345696513,34.434774565237,0.735738089972369,0.431307109993723,0.644040733695887,1,3,1,0,0,0,0,3,2,3,3,2,5,4,6,5,0.552325458,0.328358208955224,201,NaN,18.5841182663215,16.4869482307024
101,mandatory,cdopt_aug,Constr. D-opt Augmentation,proposed,3,11,NaN,1,1,1,0.26779184239171,35.0919601001075,0.785713916981093,0.436313221354056,0.636651226626937,2,3,1,0,0,0,0,4,2,3,2,2,4,5,6,5,0.34081625,0.537313432835821,201,NaN,18.865302240489,20.9224833977078
102,mandatory,ciopt_aug,Constr. I-opt Augmentation,proposed,3,11,NaN,1,1,1,0.381313915449329,34.8705086531026,0.768505414246975,0.376242896929508,0.738297918274465,2,3,1,0,0,0,0,4,2,3,2,2,5,4,6,5,0.528386834,0.45273631840796,201,NaN,17.1866494978539,14.0177724398619
103,base,poisson,Poisson Disk,baseline,3,12,NaN,1,1,1,0.366507591742994,36.3441776376627,0.807531571482614,0.322323009592516,0.769082343429902,4,6,8,2,2,8,0,5,3,1,3,4,1,7,10,2,0.012829542,NaN,NaN,61.5873363606513,16.0087373459737,15.6620855652229
104,base,human,Human,baseline,3,12,NaN,1,1,1,0.376802134962952,33.75925947277,0.623588275476681,0.424983119734464,0.583300663126758,2,3,2,0,0,2,0,4,3,3,2,3,6,3,7,5,NaN,NaN,NaN,NaN,17.5920598863073,16.9091378231152
105,base,dopt,D-opt,optimal,3,12,NaN,1,1,1,0.412736101701028,38.4819089060461,1,0.248261662658556,0.998514764237797,2,10,8,0,6,8,0,4,2,4,2,2,0,10,10,2,1.068879083,0.781094527363184,201,NaN,16.0963241074536,13.7105633385881
106,base,iopt,I-opt,optimal,3,12,NaN,1,1,1,0.43381340329392,38.4189281923527,0.993721719911386,0.247892935558791,1,2,10,4,0,6,4,0,4,2,4,2,2,0,10,8,4,1.682158833,0.263681592039801,201,NaN,14.9796633078569,14.2558573406571
107,base,cdopt,Constrained D-opt,proposed,3,12,NaN,1,1,1,0.379588921055058,37.9451316366118,0.947737487548052,0.264681006689389,0.936572437363067,2,4,0,0,0,0,0,4,2,4,2,2,4,6,6,6,0.723892167,0.0199004975124378,201,NaN,16.7481730651391,14.6389617190013
108,base,ciopt,Constrained I-opt,proposed,3,12,NaN,1,1,1,0.421396166715902,37.6299203997125,0.918329655810467,0.263497425313286,0.940779346379031,2,3,0,0,0,0,0,4,2,4,2,3,3,6,6,6,1.049890124,0.0149253731343284,201,NaN,15.4030466699864,15.9983263823618
109,mandatory,poisson_f,Poisson Disk + F,baseline,3,12,NaN,1,1,1,0.302147918071218,36.4736147281227,0.818051964762709,0.352510836632062,0.703220751813463,2,5,4,0,1,4,0,4,3,3,2,1,5,6,8,4,0.012019167,NaN,NaN,52,17.9369394189746,18.0856288128902
110,mandatory,human_f,Human + F,baseline,3,12,NaN,1,1,1,0.292311320613757,32.8106814210531,0.567154940736152,0.532124958074179,0.465854742945987,0,3,4,0,0,4,0,3,3,3,3,3,6,3,8,4,NaN,NaN,NaN,NaN,19.0345379307254,17.0237626058418
111,mandatory,dopt_aug,D-opt Aug. (unconstr.),optimal,3,12,NaN,1,1,1,0.333477278557643,37.3865676076184,0.896251574914778,0.300422081151589,0.82514885260284,2,6,4,0,2,4,0,4,3,3,2,1,4,7,8,4,0.489370083,1,201,NaN,18.2472712539798,18.9245578560171
112,mandatory,iopt_aug,I-opt Aug. (unconstr.),optimal,3,12,NaN,1,1,1,0.417752490248133,37.2374869054569,0.882989296620783,0.276958378662604,0.895054833711238,3,6,4,1,2,4,0,5,2,3,2,1,4,7,8,4,1.077715626,1,201,NaN,15.5145335142874,16.2235535492591
113,mandatory,cdopt_naive,Constr. D-opt Naive,naive,3,12,NaN,1,1,1,0.314792942008888,35.392069355286,0.734192549995417,0.379211545954359,0.653706191711333,2,3,0,0,0,0,0,4,2,4,2,2,5,5,6,6,0.355147334,0.0945273631840796,201,NaN,23.1865562814174,17.5778388317764
114,mandatory,ciopt_naive,Constr. I-opt Naive,naive,3,12,NaN,1,1,1,0.314792942008888,35.392069355286,0.734192549995417,0.379211545954359,0.653706191711333,2,3,0,0,0,0,0,4,2,4,2,2,5,5,6,6,0.468493917,0.0895522388059701,201,NaN,23.1865562814174,17.0494858684739
115,mandatory,cdopt_aug,Constr. D-opt Augmentation,proposed,3,12,NaN,1,1,1,0.31258560028467,36.4249113731228,0.814077463671088,0.341389464934536,0.726129424076769,2,3,0,0,0,0,0,4,3,3,2,2,5,5,6,6,0.290209084,0.45771144278607,201,NaN,18.3470552052923,17.733676227576
116,mandatory,ciopt_aug,Constr. I-opt Augmentation,proposed,3,12,NaN,1,1,1,0.370253668510776,36.1937339924383,0.795473701080245,0.32227717359197,0.769191726475312,2,3,0,0,0,0,0,4,2,4,2,2,5,5,6,6,0.463599041,0.139303482587065,201,NaN,16.3198984313835,17.7093002044337
117,base,poisson,Poisson Disk,baseline,3,13,NaN,1,1,1,0.293350591086455,35.7835410733657,0.708944803877748,0.398535504256423,0.559404567226545,3,3,9,1,0,8,0,4,4,4,1,4,3,6,11,2,0.012087167,NaN,NaN,61.5873363606513,16.8808252601314,16.4093471124034
118,base,human,Human,baseline,3,13,NaN,1,1,1,0.352537658872204,34.1577482315747,0.60256671447655,0.422795805984356,0.527305564831516,1,8,1,0,5,0,0,4,3,3,3,3,9,1,6,7,NaN,NaN,NaN,NaN,21.5890518387781,18.9294682907605
119,base,dopt,D-opt,optimal,3,13,NaN,1,1,1,0.440047991340065,39.2233171348318,1,0.22573795397079,0.98761673596025,2,9,9,0,7,8,0,4,3,4,2,2,1,10,11,2,1.116667708,0.17910447761194,201,NaN,15.4926403025489,13.7383341942827
120,base,iopt,I-opt,optimal,3,13,NaN,1,1,1,0.458755261037738,39.1757295718334,0.995252548641319,0.222942581282977,1,1,10,9,0,7,8,0,3,3,4,3,3,0,10,11,2,1.816893583,0.303482587064677,201,NaN,13.9890754084674,13.5374008939243
121,base,cdopt,Constrained D-opt,proposed,3,13,NaN,1,1,1,0.411057088644907,38.5921299985761,0.938832014921134,0.242750483480237,0.918402213197351,2,3,1,0,0,0,0,4,3,4,2,3,4,6,7,6,1.097671124,0.0895522388059701,201,NaN,15.5376096649075,15.560294940782
122,base,ciopt,Constrained I-opt,proposed,3,13,NaN,1,1,1,0.415111735918532,38.5730781193722,0.937045066284021,0.241809927499057,0.921974476353317,2,3,1,0,0,0,0,4,2,4,3,3,4,6,6,7,1.788723667,0.0298507462686567,201,NaN,15.7180070177687,13.8407766132575
123,mandatory,poisson_f,Poisson Disk + F,baseline,3,13,NaN,1,1,1,0.350307181708194,37.8742088343769,0.873793824369817,0.281530956810455,0.7918936652962,3,6,3,0,3,2,0,5,3,3,2,1,5,7,8,5,0.013135375,NaN,NaN,52,17.1858452694798,15.8155658668304
124,mandatory,human_f,Human + F,baseline,3,13,NaN,1,1,1,0.291065152119583,32.912652844399,0.532024132385041,0.503607186469974,0.442691421553551,2,6,1,0,3,0,0,3,4,2,4,3,8,2,7,6,NaN,NaN,NaN,NaN,22.9217612524736,17.4429829121068
125,mandatory,dopt_aug,D-opt Aug. (unconstr.),optimal,3,13,NaN,1,1,1,0.39193199713344,38.4573669756866,0.926264900200937,0.255750330124351,0.871719622706168,3,7,5,0,4,4,0,5,2,3,3,1,4,8,9,4,0.552825417,1,201,NaN,16.7769152984986,17.4009857049026
126,mandatory,iopt_aug,I-opt Aug. (unconstr.),optimal,3,13,NaN,1,1,1,0.491917023658111,38.0841107181661,0.892328766796455,0.244878032387359,0.910422952640835,2,7,7,0,4,6,0,4,2,4,3,1,4,8,10,3,0.997132791,1,201,NaN,14.5679424046252,14.7274132022099
127,mandatory,cdopt_naive,Constr. D-opt Naive,naive,3,13,NaN,1,1,1,0.364577337277696,36.5822221824484,0.76788945481447,0.3120227717496,0.714507406087302,1,3,1,0,0,0,0,4,3,3,3,3,4,6,7,6,0.568781375,0.0348258706467662,201,NaN,22.6111788507998,17.0090949772629
128,mandatory,ciopt_naive,Constr. I-opt Naive,naive,3,13,NaN,1,1,1,0.365264405963781,36.4487600976646,0.757709127557767,0.317523576017769,0.702129221644004,3,3,1,0,0,0,0,5,2,4,2,3,4,6,7,6,0.796342376,0.054726368159204,201,NaN,22.7705035433738,17.9379116899339
129,mandatory,cdopt_aug,Constr. D-opt Augmentation,proposed,3,13,NaN,1,1,1,0.328693092179803,37.6057867005246,0.850651252517771,0.299515672814581,0.744343623784229,3,3,1,0,0,0,0,5,2,3,3,3,4,6,7,6,0.629367708,0.985074626865672,201,NaN,17.2763157194942,19.7550569023828
130,mandatory,ciopt_aug,Constr. I-opt Augmentation,proposed,3,13,NaN,1,1,1,0.385368289786902,37.3560295809152,0.829668749042174,0.281659408405783,0.791532519878713,3,3,1,0,0,0,0,5,2,3,3,3,4,6,7,6,1.025540208,0.597014925373134,201,NaN,15.3792032037685,17.3303736634612
131,base,poisson,Poisson Disk,baseline,3,14,NaN,1,1,1,0.455204368231544,38.5178535444504,0.867464145529668,0.242392117408143,0.84623261620276,1,4,2,0,0,2,0,4,3,4,3,4,3,7,8,6,0.013128458,NaN,NaN,61.5873363606513,16.1234078122205,14.9984827392143
132,base,human,Human,baseline,3,14,NaN,1,1,1,0.42481412884071,35.9650189065624,0.672021756925675,0.323612335069264,0.633845170386713,1,3,6,0,0,6,0,4,4,3,3,3,6,5,10,4,NaN,NaN,NaN,NaN,16.8200666414684,14.6300105076442
133,base,dopt,D-opt,optimal,3,14,NaN,1,1,1,0.471211639548174,39.9396645326184,1,0.20512011566122,1,1,8,10,0,5,10,0,4,3,4,3,2,2,10,12,2,1.731305458,1,201,NaN,14.9682490401609,13.7386676329315
134,base,iopt,I-opt,optimal,3,14,NaN,1,1,1,0.471211639548174,39.9396645326184,1,0.20512011566122,1,1,8,10,0,5,10,0,4,3,4,3,2,2,10,12,2,2.141457416,0.169154228855721,201,NaN,14.9682490401609,13.7386676329315
135,base,cdopt,Constrained D-opt,proposed,3,14,NaN,1,1,1,0.443696780034807,39.357595360916,0.943454710259632,0.220717818078481,0.929331929098196,3,4,0,0,0,0,0,5,3,4,2,3,4,7,7,7,1.043507999,0.203980099502488,201,NaN,15.5488857341625,16.0800904821928
136,base,ciopt,Constrained I-opt,proposed,3,14,NaN,1,1,1,0.450576228547691,39.3113900760754,0.93910550644521,0.220330549958893,0.930965386776772,1,4,0,0,0,0,0,4,3,4,3,3,4,7,7,7,1.315774959,0.0248756218905473,201,NaN,16.0617398869389,14.9165768883448
137,mandatory,poisson_f,Poisson Disk + F,baseline,3,14,NaN,1,1,1,0.352336544666968,38.5894829713943,0.873700048538997,0.264123383578351,0.776607178365834,1,6,6,0,2,6,0,4,3,4,3,1,6,7,10,4,0.014676625,NaN,NaN,52,17.3536299689021,17.8478893169653
138,mandatory,human_f,Human + F,baseline,3,14,NaN,1,1,1,0.297196056945053,33.4484174248842,0.522502917841343,0.481641853630117,0.425876850434066,1,7,2,0,3,2,0,3,4,3,4,3,9,2,6,8,NaN,NaN,NaN,NaN,23.4343325699222,19.6927359173635
139,mandatory,dopt_aug,D-opt Aug. (unconstr.),optimal,3,14,NaN,1,1,1,0.418742935938489,39.4332474643339,0.950619209893972,0.224070813674588,0.915425406358858,1,8,6,0,4,6,0,4,3,4,3,1,4,9,10,4,0.61134975,1,201,NaN,16.0848988393839,17.0526044962338
140,mandatory,iopt_aug,I-opt Aug. (unconstr.),optimal,3,14,NaN,1,1,1,0.487564042156047,39.1861029001931,0.927413117036417,0.218265219903091,0.939774627181979,1,8,8,0,4,8,0,4,3,4,3,1,4,9,11,3,1.04296325,1,201,NaN,14.8273814027285,15.0462053998176
141,mandatory,cdopt_naive,Constr. D-opt Naive,naive,3,14,NaN,1,1,1,0.453245851016722,38.1260853838123,0.834136755304491,0.25050819792345,0.818815980321331,1,3,0,0,0,0,0,4,3,4,3,3,5,6,7,7,0.585952042,0.288557213930348,201,NaN,15.5379059583108,17.4233718857144
142,mandatory,ciopt_naive,Constr. I-opt Naive,naive,3,14,NaN,1,1,1,0.431226142058273,37.7514258329672,0.803463219696838,0.264074869400503,0.776749851763172,2,3,0,0,0,0,0,5,3,3,3,3,5,6,7,7,0.7432485,0.0895522388059701,201,NaN,17.1503899589485,19.0166179056946
143,mandatory,cdopt_aug,Constr. D-opt Augmentation,proposed,3,14,NaN,1,1,1,0.362069976873058,38.4433416088559,0.861024523504629,0.264095524359492,0.776689102016004,1,3,0,0,0,0,0,4,3,4,3,3,5,6,7,7,0.504294625,0.402985074626866,201,NaN,16.358214985857,18.430185943072
144,mandatory,ciopt_aug,Constr. I-opt Augmentation,proposed,3,14,NaN,1,1,1,0.454947200546488,38.1847930555343,0.839048180796045,0.249355640125003,0.822600666094387,3,3,0,0,0,0,0,5,3,4,2,3,5,6,7,7,0.757731417,0.159203980099502,201,NaN,15.7644378722226,17.8882948906741
145,base,poisson,Poisson Disk,baseline,3,15,NaN,1,1,1,0.466908564988145,40.2701878435028,0.974540409431714,0.198526426619477,0.954255173049279,1,10,11,0,6,10,0,4,4,4,3,5,0,10,13,2,0.013316833,NaN,NaN,61.5873363606513,14.0178773003638,13.8443218415572
146,base,human,Human,baseline,3,15,NaN,1,1,1,0.41010831211363,36.5053852935249,0.66880044686264,0.305560603835585,0.619991148108086,2,0,7,0,0,6,0,4,5,3,3,5,5,5,11,4,NaN,NaN,NaN,NaN,17.292367754965,15.7326667199925
147,base,dopt,D-opt,optimal,3,15,NaN,1,1,1,0.502474782918171,40.5280807840849,1,0.189867732975532,0.997772852815583,2,8,7,0,4,6,0,4,3,5,3,3,2,10,11,4,1.440014458,0.845771144278607,201,NaN,14.127231189429,13.6767090877409
148,base,iopt,I-opt,optimal,3,15,NaN,1,1,1,0.506550423429448,40.4997643309883,0.997172360016466,0.189444869588624,1,1,8,7,0,4,6,0,4,4,4,3,3,2,10,11,4,2.390757,0.825870646766169,201,NaN,14.3475862230453,13.1732611599705
149,base,cdopt,Constrained D-opt,proposed,3,15,NaN,1,1,1,0.473604913568515,39.9159130722955,0.940619318516069,0.206240915252343,0.918561039921841,1,4,1,0,0,0,0,4,4,4,3,3,5,7,8,7,1.406760292,0.109452736318408,201,NaN,16.054459922657,13.5703219290129
150,base,ciopt,Constrained I-opt,proposed,3,15,NaN,1,1,1,0.484904424439867,39.8688499283828,0.936202869032314,0.205894351558445,0.920107172220546,1,4,1,0,0,0,0,4,4,4,3,3,5,7,8,7,1.986206459,0.00497512437810945,201,NaN,16.5873099087099,16.1883671377515
151,mandatory,poisson_f,Poisson Disk + F,baseline,3,15,NaN,1,1,1,0.428061774729325,40.0035688850902,0.948900635860901,0.209539474061562,0.904101102845024,2,8,7,0,4,6,0,5,3,4,3,1,5,9,11,4,0.015393083,NaN,NaN,52,15.7453152327525,16.9530010105056
152,mandatory,human_f,Human + F,baseline,3,15,NaN,1,1,1,0.3654700792018,35.7320995477074,0.619032116199539,0.350937066510555,0.53982576269961,1,6,1,0,2,0,0,4,4,4,3,3,9,3,8,7,NaN,NaN,NaN,NaN,18.5238517542932,17.9866572105085
153,mandatory,dopt_aug,D-opt Aug. (unconstr.),optimal,3,15,NaN,1,1,1,0.475889750557923,40.385308075087,0.985824166011145,0.19435722700104,0.974725110621231,2,9,7,0,5,6,0,5,3,4,3,1,4,10,11,4,0.660177292,1,201,NaN,15.319878085185,15.5515202397354
154,mandatory,iopt_aug,I-opt Aug. (unconstr.),optimal,3,15,NaN,1,1,1,0.475889750557923,40.385308075087,0.985824166011145,0.19435722700104,0.974725110621231,2,9,7,0,5,6,0,5,3,4,3,1,4,10,11,4,0.982642083,1,201,NaN,15.319878085185,15.5515202397354
155,mandatory,cdopt_naive,Constr. D-opt Naive,naive,3,15,NaN,1,1,1,0.449315505654437,39.2042206209981,0.876002778446068,0.225495997297976,0.840125198933298,2,4,1,0,0,0,0,5,3,4,3,3,5,7,8,7,0.718928,0.233830845771144,201,NaN,15.294305831738,16.6424654429835
156,mandatory,ciopt_naive,Constr. I-opt Naive,naive,3,15,NaN,1,1,1,0.506723792728802,38.9911010729728,0.857530981032084,0.225820534086773,0.838917817437401,1,4,1,0,0,0,0,4,3,4,4,3,5,7,8,7,0.961987293,0.104477611940299,201,NaN,15.2239454974858,16.6483623407915
157,mandatory,cdopt_aug,Constr. D-opt Augmentation,proposed,3,15,NaN,1,1,1,0.417506189173977,39.4360583780488,0.896549080534787,0.227509488809127,0.832689970779909,2,4,1,0,0,0,0,5,3,4,3,3,5,7,8,7,0.684389333,0.328358208955224,201,NaN,15.8528393558812,16.9682080773418
158,mandatory,ciopt_aug,Constr. I-opt Augmentation,proposed,3,15,NaN,1,1,1,0.455105157261263,39.2682747133407,0.881631944040311,0.223953568531837,0.845911368282987,2,4,1,0,0,0,0,5,3,4,3,3,5,7,8,7,1.099316624,0.388059701492537,201,NaN,15.5865337041605,16.0926028172278
159,base,poisson,Poisson Disk,baseline,3,16,NaN,1,1,1,0.362033181291708,36.5342650835292,0.635810183830303,0.313491925439392,0.565293895118699,2,6,2,0,2,2,0,4,5,4,3,3,9,4,9,7,0.015024625,NaN,NaN,42.0119030752,20.8747207679588,16.0567652559188
160,base,human,Human,baseline,3,16,NaN,1,1,1,0.441261291567857,37.8355249411252,0.724169913102457,0.263063635937826,0.673658565495454,2,1,4,0,0,4,0,5,4,4,3,5,5,6,10,6,NaN,NaN,NaN,NaN,17.2131653529766,15.2409534569315
161,base,dopt,D-opt,optimal,3,16,NaN,1,1,1,0.52160465130082,41.0628172163793,1,0.180687240100188,0.9807835435509,2,8,4,0,4,4,0,5,3,5,3,2,4,10,10,6,1.424780958,0.208955223880597,201,NaN,14.4739400110501,13.8763738869973
162,base,iopt,I-opt,optimal,3,16,NaN,1,1,1,0.527359213833874,41.0399009350489,0.997710995642088,0.177215071619894,1,0,8,12,0,4,12,0,4,4,4,4,4,2,10,14,2,2.573582499,0.572139303482587,201,NaN,14.0937673284359,13.9520717027419
163,base,cdopt,Constrained D-opt,proposed,3,16,NaN,1,1,1,0.490652834211132,40.4235698110395,0.938075595942614,0.19469824090933,0.910203763486609,0,4,0,0,0,0,0,4,4,4,4,3,6,7,8,8,0.988250042,0.0398009950248756,201,NaN,16.0298130424129,16.1424996687064
164,base,ciopt,Constrained I-opt,proposed,3,16,NaN,1,1,1,0.49375575754775,40.3937134452456,0.935279019986262,0.194123557878133,0.912898329069092,0,4,0,0,0,0,0,4,4,4,4,3,6,7,8,8,1.304254751,0.0199004975124378,201,NaN,15.9576092815312,18.0761350489503
165,mandatory,poisson_f,Poisson Disk + F,baseline,3,16,NaN,1,1,1,0.208733616471526,36.3425580522978,0.623737347676598,0.456506648115203,0.388198227455327,3,2,0,1,0,0,0,5,5,4,2,4,6,6,8,8,0.013480209,NaN,NaN,42.0119030752,25.8315174916675,18.5975006893889
166,mandatory,human_f,Human + F,baseline,3,16,NaN,1,1,1,0.37649315355144,36.063850479158,0.606593333505988,0.340291720059578,0.520773974720477,2,5,6,0,1,6,0,5,4,4,3,5,8,3,11,5,NaN,NaN,NaN,NaN,18.5699019644609,16.9351409288755
167,mandatory,dopt_aug,D-opt Aug. (unconstr.),optimal,3,16,NaN,1,1,1,0.498315752240638,40.8992458785678,0.983775917696902,0.18338518250475,0.966354365164177,2,9,6,0,5,6,0,5,4,4,3,1,5,10,11,5,0.708853041,1,201,NaN,14.9814250087727,14.7665863089564
168,mandatory,iopt_aug,I-opt Aug. (unconstr.),optimal,3,16,NaN,1,1,1,0.499930583945715,40.8565436842799,0.97958393537175,0.183361662806182,0.966478318901458,2,8,8,0,4,8,0,5,4,4,3,2,4,10,12,4,1.064181209,1,201,NaN,14.4795128021203,15.6165068651939
169,mandatory,cdopt_naive,Constr. D-opt Naive,naive,3,16,NaN,1,1,1,0.492027841696225,39.8657758406291,0.88718288197026,0.20722101903728,0.855198340608549,2,4,0,0,0,0,0,5,3,4,4,3,6,7,8,8,0.550886583,0.0895522388059701,201,NaN,15.656118339073,18.5031198896937
170,mandatory,ciopt_naive,Constr. I-opt Naive,naive,3,16,NaN,1,1,1,0.518364033180337,39.4830839118735,0.853872554061099,0.214742198007272,0.825245681865903,2,4,0,0,0,0,0,5,3,5,3,3,6,7,8,8,0.682542209,0.0298507462686567,201,NaN,15.3092953905384,16.1059731444823
171,mandatory,cdopt_aug,Constr. D-opt Augmentation,proposed,3,16,NaN,1,1,1,0.448277101869438,40.1090779343299,0.909032957846611,0.206559484110567,0.857937229960524,2,4,0,0,0,0,0,5,3,4,4,3,6,7,8,8,0.574123333,0.164179104477612,201,NaN,15.8797942561262,15.9352588950113
172,mandatory,ciopt_aug,Constr. I-opt Augmentation,proposed,3,16,NaN,1,1,1,0.504683261604085,39.8885815442643,0.889208473832361,0.205702437558916,0.861511772650423,2,4,0,0,0,0,0,5,3,5,3,3,6,7,8,8,0.726770791,0.0945273631840796,201,NaN,15.6163528756424,16.6294498680649
173,base,poisson,Poisson Disk,baseline,3,17,NaN,1,1,1,0.468480748355841,39.8173360867087,0.839005236812082,0.212015365351654,0.790205839129763,3,6,1,0,1,0,0,3,4,6,4,5,3,9,9,8,0.01274225,NaN,NaN,42.0119030752,15.0039112575081,13.9209706806571
174,base,human,Human,baseline,3,17,NaN,1,1,1,0.498579059036654,38.7499608163384,0.75406564091972,0.233433784458453,0.717701510408084,1,2,9,0,0,8,0,5,4,4,4,5,5,7,13,4,NaN,NaN,NaN,NaN,15.7812282822101,17.0918154336954
175,base,dopt,D-opt,optimal,3,17,NaN,1,1,1,0.551094948747168,41.5727193947455,1,0.168675087072736,0.993245550327549,2,7,5,0,2,4,0,5,3,5,4,3,4,10,11,6,1.355487584,0.771144278606965,201,NaN,14.5174160825027,13.6522445015968
176,base,iopt,I-opt,optimal,3,17,NaN,1,1,1,0.54727561041599,41.5505846325181,0.997788971709274,0.167535779686107,1,1,7,9,0,2,8,0,4,4,5,4,4,3,10,13,4,2.843465042,0.781094527363184,201,NaN,14.3039352078903,13.7723608717901
177,base,cdopt,Constrained D-opt,proposed,3,17,NaN,1,1,1,0.51435052808872,41.1504729172543,0.95865439682823,0.17909930602537,0.935435113647924,1,5,1,0,0,0,0,4,4,5,4,3,6,8,9,8,1.41829275,0.0995024875621891,201,NaN,15.9340381555889,14.0040355752051
178,base,ciopt,Constrained I-opt,proposed,3,17,NaN,1,1,1,0.527543219367061,41.1137498564504,0.955140380678319,0.178155835331425,0.940388954279485,2,5,1,0,0,0,0,5,3,5,4,3,6,8,8,9,2.092921833,0.18407960199005,201,NaN,15.6104528001824,17.0682112821512
179,mandatory,poisson_f,Poisson Disk + F,baseline,3,17,NaN,1,1,1,0.317969513748246,37.6514655740516,0.675619398091562,0.312125386126745,0.536757941303996,1,2,1,0,0,0,0,4,4,5,4,5,7,5,9,8,0.013035208,NaN,NaN,42.0119030752,16.8359119656088,17.0858374958468
180,mandatory,human_f,Human + F,baseline,3,17,NaN,1,1,1,0.353408453689109,36.6315460208831,0.610109190272801,0.325940227280436,0.514007678904759,3,10,1,0,5,0,0,6,3,5,3,5,11,1,8,9,NaN,NaN,NaN,NaN,21.0735321883308,17.6809240850789
181,mandatory,dopt_aug,D-opt Aug. (unconstr.),optimal,3,17,NaN,1,1,1,0.525369315393851,41.4071248452403,0.98357689913635,0.172893813334865,0.969009685509216,3,9,5,0,4,4,0,6,3,4,4,1,6,10,11,6,0.762659792,1,201,NaN,14.6509843520153,15.5276380698584
182,mandatory,iopt_aug,I-opt Aug. (unconstr.),optimal,3,17,NaN,1,1,1,0.520403945940706,41.3404551699805,0.977041234630347,0.172765109982479,0.969731560400692,1,8,7,0,3,6,0,5,4,4,4,2,5,10,12,5,1.1339465,1,201,NaN,14.5283166371873,15.3277183250223
183,mandatory,cdopt_naive,Constr. D-opt Naive,naive,3,17,NaN,1,1,1,0.487916032575219,40.9145346203038,0.936300808582597,0.183575239484572,0.912627324668077,3,5,1,0,0,0,0,6,3,5,3,3,6,8,9,8,0.773129499,0.0298507462686567,201,NaN,15.1153950765222,19.5512534339707
184,mandatory,ciopt_naive,Constr. I-opt Naive,naive,3,17,NaN,1,1,1,0.510521536914587,40.5314915768544,0.901114650159677,0.191296010666338,0.875793379603329,2,5,1,0,0,0,0,5,4,5,3,3,6,8,9,8,1.209229334,0.154228855721393,201,NaN,15.105962344323,15.7293613885471
185,mandatory,cdopt_aug,Constr. D-opt Augmentation,proposed,3,17,NaN,1,1,1,0.500184689612195,40.9301707444641,0.937765965322158,0.183847100742608,0.911277790127692,3,5,1,0,0,0,0,6,3,4,4,3,6,8,9,8,0.845961,0.124378109452736,201,NaN,15.3585603474024,17.375577242149
186,mandatory,ciopt_aug,Constr. I-opt Augmentation,proposed,3,17,NaN,1,1,1,0.506033781155069,40.9199527160753,0.936808242781719,0.183026661100175,0.915362705515403,3,5,1,0,0,0,0,6,3,4,4,3,6,8,9,8,1.16730675,0.114427860696517,201,NaN,15.2951616565736,16.3120839201789
187,base,poisson,Poisson Disk,baseline,3,18,NaN,1,1,1,0.326766067965494,37.5954512598408,0.640085587318314,0.296726571006889,0.532816312085491,3,3,4,0,0,4,0,3,3,6,6,7,7,4,11,7,0.013397541,NaN,NaN,42.0119030752,17.8323217474395,15.7575976115883
188,base,human,Human,baseline,3,18,NaN,1,1,1,0.454668675511101,39.1176504844773,0.745326084595159,0.226261386695139,0.698752710619097,3,2,6,0,0,6,0,6,3,5,4,5,6,7,12,6,NaN,NaN,NaN,NaN,15.8608688725397,17.7097859642542
189,base,dopt,D-opt,optimal,3,18,NaN,1,1,1,0.574775185152111,42.0569850736872,1,0.158100757261664,1,1,6,6,0,2,6,0,5,4,5,4,4,4,10,12,6,1.467207042,0.427860696517413,201,NaN,14.499582834585,13.9123584873995
190,base,iopt,I-opt,optimal,3,18,NaN,1,1,1,0.574775185152111,42.0569850736872,1,0.158100757261664,1,1,6,6,0,2,6,0,5,4,5,4,4,4,10,12,6,2.663467791,0.91044776119403,201,NaN,14.499582834585,13.9123584873995
191,base,cdopt,Constrained D-opt,proposed,3,18,NaN,1,1,1,0.539262063541367,41.5590261208999,0.951423594732121,0.170150785654332,0.929180295310845,1,4,0,0,0,0,0,4,5,5,4,4,6,8,9,9,1.116439708,0.0199004975124378,201,NaN,16.4035293485652,13.5805795137744
192,base,ciopt,Constrained I-opt,proposed,3,18,NaN,1,1,1,0.535537646854905,41.5481704310537,0.950391319190971,0.169674911417289,0.931786296165143,2,4,0,0,0,0,0,6,4,4,4,4,6,8,9,9,1.705018041,0.0646766169154229,201,NaN,15.4624168558833,15.8721367677523
193,mandatory,poisson_f,Poisson Disk + F,baseline,3,18,NaN,1,1,1,0.35944370911618,39.5382787996221,0.777345298741245,0.247231969313807,0.639483468503176,1,4,2,0,0,2,0,5,5,4,4,4,6,8,10,8,0.013523458,NaN,NaN,42.0119030752,18.8423774217592,16.7878734539967
194,mandatory,human_f,Human + F,baseline,3,18,NaN,1,1,1,0.414407407922158,38.1013006309512,0.673297198510441,0.259848328810033,0.608434766487364,2,3,8,0,0,8,0,6,4,4,4,5,8,5,13,5,NaN,NaN,NaN,NaN,16.7958176069066,14.5362202064575
195,mandatory,dopt_aug,D-opt Aug. (unconstr.),optimal,3,18,NaN,1,1,1,0.532805254264468,41.8493866079467,0.979454155598391,0.164861329726547,0.958992369671553,2,9,4,0,5,4,0,6,4,4,4,1,7,10,11,7,0.797830666,1,201,NaN,14.5335702856585,14.6808825364948
196,mandatory,iopt_aug,I-opt Aug. (unconstr.),optimal,3,18,NaN,1,1,1,0.538857984876795,41.8260124191533,0.977167434517286,0.164002498666416,0.964014320191819,2,8,4,0,4,4,0,6,4,4,4,2,6,10,11,7,1.595888708,1,201,NaN,14.4573671918746,16.2524799342934
197,mandatory,cdopt_naive,Constr. D-opt Naive,naive,3,18,NaN,1,1,1,0.510575043814978,41.2681827911502,0.924150604948556,0.176381157613926,0.896358541923879,3,4,0,0,0,0,0,6,4,5,3,4,6,8,9,9,0.673785041,0.0149253731343284,201,NaN,15.4413437856906,17.3382890549967
198,mandatory,ciopt_naive,Constr. I-opt Naive,naive,3,18,NaN,1,1,1,0.506786600785569,41.2444786136294,0.921962576244553,0.176769985640202,0.894386887508509,3,4,0,0,0,0,0,6,4,5,3,4,6,8,9,9,0.891307833,0.00995024875621891,201,NaN,15.3170772925353,18.7807476561659
199,mandatory,cdopt_aug,Constr. D-opt Augmentation,proposed,3,18,NaN,1,1,1,0.502465501264448,41.3074759626255,0.927789029347871,0.176291403813458,0.896814897616667,3,4,0,0,0,0,0,6,3,5,4,4,6,8,9,9,0.765763584,0.0398009950248756,201,NaN,15.6444339063321,17.713555754527
200,mandatory,ciopt_aug,Constr. I-opt Augmentation,proposed,3,18,NaN,1,1,1,0.515588496262251,41.294529435169,0.926588641943738,0.175815993696142,0.899239903821865,3,4,0,0,0,0,0,6,4,5,3,4,6,8,9,9,0.924359458,0.0298507462686567,201,NaN,15.503829549259,17.2510813010884
201,base,poisson,Poisson Disk,baseline,3,19,NaN,1,1,1,0.351592019133469,39.1165621239784,0.716225656133466,0.257149185016164,0.588735404827355,1,6,5,0,1,4,0,4,5,5,5,4,10,5,12,7,0.01520975,NaN,NaN,42.0119030752,17.8175500353,15.9609500112544
202,base,human,Human,baseline,3,19,NaN,1,1,1,0.382453032676149,37.8420466633706,0.630519279748541,0.273834028786171,0.552863463363545,2,6,5,0,1,4,0,6,4,5,4,5,10,4,7,12,NaN,NaN,NaN,NaN,21.2147792899636,16.6884269335623
203,base,dopt,D-opt,optimal,3,19,NaN,1,1,1,0.550988320647808,42.4541621187493,1,0.152822784869947,0.990643048877505,1,7,7,0,2,6,0,5,4,5,5,4,4,11,13,6,1.655397834,0.706467661691542,201,NaN,14.4510712507347,14.0951423807417
204,base,iopt,I-opt,optimal,3,19,NaN,1,1,1,0.585342122496371,42.4142071703801,0.996012476532524,0.151392829541515,1,2,6,1,0,1,0,0,5,4,6,4,4,5,10,10,9,2.733403792,0.935323383084577,201,NaN,14.4982181098618,15.4793853434719
205,base,cdopt,Constrained D-opt,proposed,3,19,NaN,1,1,1,0.522844969005769,42.1864773914888,0.973586627289625,0.158989717272708,0.952217741741363,2,5,1,0,0,0,0,5,4,6,4,4,6,9,10,9,1.462484791,0.134328358208955,201,NaN,14.4439974611762,15.312966617742
206,base,ciopt,Constrained I-opt,proposed,3,19,NaN,1,1,1,0.550036855685659,42.1678475164031,0.971774536040262,0.157396945204931,0.961853670948961,2,5,1,0,0,0,0,6,4,5,4,4,6,9,10,9,2.200004041,0.398009950248756,201,NaN,15.1327847415484,15.0220763140865
207,mandatory,poisson_f,Poisson Disk + F,baseline,3,19,NaN,1,1,1,0.399566528713125,38.7556133745458,0.690834581131756,0.245123614656166,0.617618297420564,2,1,7,0,0,6,0,6,4,4,5,6,6,7,13,6,0.014028083,NaN,NaN,42.0119030752,17.1587515720737,14.7720901000985
208,mandatory,human_f,Human + F,baseline,3,19,NaN,1,1,1,0.406025464983121,38.508569137082,0.673976996707245,0.250549187652206,0.604243944912198,2,3,7,0,0,6,0,6,5,4,4,6,8,5,13,6,NaN,NaN,NaN,NaN,17.1488456439305,15.3445002758468
209,mandatory,dopt_aug,D-opt Aug. (unconstr.),optimal,3,19,NaN,1,1,1,0.542490851709763,42.2882332702267,0.983544018806852,0.157053682596671,0.963955935565717,2,9,3,0,4,2,0,6,4,5,4,1,8,10,11,8,0.885793125,1,201,NaN,14.8191693374315,14.6660998180487
210,mandatory,iopt_aug,I-opt Aug. (unconstr.),optimal,3,19,NaN,1,1,1,0.560216061113832,42.231330759614,0.977963299315682,0.155613970697807,0.972874278977889,2,7,3,0,2,2,0,6,4,5,4,3,6,10,11,8,1.677311417,1,201,NaN,14.6522916341241,17.1239129050062
211,mandatory,cdopt_naive,Constr. D-opt Naive,naive,3,19,NaN,1,1,1,0.539537879359934,41.9276494562402,0.948710802275046,0.162562350330043,0.931290850766793,2,5,1,0,0,0,0,6,4,5,4,4,6,9,10,9,1.038096375,0.0497512437810945,201,NaN,15.1221182178052,18.7760841892284
212,mandatory,ciopt_naive,Constr. I-opt Naive,naive,3,19,NaN,1,1,1,0.52147653572719,41.7639990471168,0.933311460291766,0.167298435613104,0.904926749534154,2,4,1,0,0,0,0,6,4,5,4,4,7,8,10,9,1.289087333,0.0646766169154229,201,NaN,15.2566939210684,15.1206678414933
213,mandatory,cdopt_aug,Constr. D-opt Augmentation,proposed,3,19,NaN,1,1,1,0.525086807396096,41.9521144750442,0.95103466654682,0.162762224870519,0.930147211135459,2,5,1,0,0,0,0,6,4,5,4,4,6,9,10,9,0.894557208,0.0497512437810945,201,NaN,15.3672091203834,17.6046483431082
214,mandatory,ciopt_aug,Constr. I-opt Augmentation,proposed,3,19,NaN,1,1,1,0.540193050787234,41.9439915144149,0.95026245850471,0.162453578405936,0.931914403037759,2,5,1,0,0,0,0,6,4,5,4,4,6,9,10,9,1.519879667,0.0497512437810945,201,NaN,15.2236977759972,15.0002108391919
215,base,poisson,Poisson Disk,baseline,4,4,NaN,1,0,0,3.62639524433679e-17,-Inf,0,Inf,0,0,2,0,0,0,0,0,1,1,1,1,0,2,2,2,2,0.016120875,NaN,NaN,163.404406305338,6.8044147815073e+17,NaN
216,base,human,Human,baseline,4,4,NaN,1,1,1,7.19057931010519e-05,-29.1781144528008,0.0345333499880703,3426660.49596598,2.63647592059394e-05,2,2,0,0,0,0,0,2,0,2,0,2,2,0,2,2,NaN,NaN,NaN,NaN,14084.6640805587,30637.4847716607
217,base,dopt,D-opt,optimal,4,4,NaN,1,1,1,0.00844118911881682,21.3093318803735,1,173.418178579368,0.520955067091198,2,4,2,0,1,2,0,1,0,2,1,0,0,4,3,1,0.501256792,0.472636815920398,201,NaN,273.309999233927,195.958105297807
218,base,iopt,I-opt,optimal,4,4,NaN,1,1,1,0.0183831904844474,15.9141056969707,0.697898399995488,90.343078856648,1,0,3,4,0,0,4,0,1,1,1,1,1,0,3,4,0,0.980138459,0.313432835820896,201,NaN,177.665829292595,100.792825798154
219,base,cdopt,Constrained D-opt,proposed,4,4,NaN,1,1,1,0.00852961939961892,20.4466360725928,0.944109566039396,175.254688923727,0.515495930017408,0,3,0,0,0,0,0,1,1,1,1,0,1,3,2,2,0.29127125,0.398009950248756,201,NaN,258.131010106759,226.921467549863
220,base,ciopt,Constrained I-opt,proposed,4,4,NaN,1,1,1,0.0162970413719842,15.6701963981465,0.686641906177342,93.5153769441083,0.966077257119369,0,2,0,0,0,0,0,1,1,1,1,0,2,2,2,2,0.526984875,0.189054726368159,201,NaN,173.944223371216,99.5844820791564
221,base,poisson,Poisson Disk,baseline,4,5,NaN,1,1,1,0.0242123160114999,26.1783697551898,0.539254513012329,33.7771386849743,0.174972532584736,1,1,3,0,0,2,0,1,1,2,1,1,2,2,4,1,0.014345375,NaN,NaN,111.825757319144,95.8599156712162,103.457975298876
222,base,human,Human,baseline,4,5,NaN,1,1,1,0.0186962956800454,13.9248367568214,0.238241640397936,123.222906119547,0.0479624420920737,1,1,1,0,0,0,0,2,1,1,1,2,2,1,3,2,NaN,NaN,NaN,NaN,271.450033104622,139.694758399463
223,base,dopt,D-opt,optimal,4,5,NaN,1,1,1,0.0469888913611676,35.4418841255993,1,7.09875185025467,0.832550795385782,1,5,3,0,2,2,0,1,1,2,1,0,0,5,4,1,0.653581167,1,201,NaN,108.775853425295,75.2243494504175
224,base,iopt,I-opt,optimal,4,5,NaN,1,1,1,0.0658175041260538,32.8086214993495,0.838994740128281,5.91007149917581,1,1,4,3,0,1,2,0,2,1,1,1,0,1,4,4,1,1.432505083,1,201,NaN,91.6246504042993,65.3054327600116
225,base,cdopt,Constrained D-opt,proposed,4,5,NaN,1,1,1,0.0433841929669555,33.9122268146548,0.903050182460818,8.38159101289669,0.705125254868918,1,3,1,0,0,0,0,2,1,1,1,0,2,3,2,3,0.559550084,0.26865671641791,201,NaN,143.173455344664,81.0159859589789
226,base,ciopt,Constrained I-opt,proposed,4,5,NaN,1,1,1,0.0727144157827462,30.8540303748133,0.736491991607969,6.12912455898251,0.964260302152668,1,3,1,0,0,0,0,2,1,1,1,0,2,3,3,2,1.133910875,0.442786069651741,201,NaN,94.8483811705151,63.3482672054649
227,base,poisson,Poisson Disk,baseline,4,6,NaN,1,1,1,0.0658926710084597,35.9927585855632,0.738160198618086,4.89656256000097,0.429145384090819,2,3,0,0,1,0,0,3,1,1,1,1,1,4,3,3,0.012601375,NaN,NaN,102.357217625334,75.1528310956185,55.5464563757804
228,base,human,Human,baseline,4,6,NaN,1,1,1,0.0230513450279746,22.5970816141971,0.302208066151745,40.9262182612124,0.051344524605829,1,4,2,0,2,2,0,2,1,2,1,2,4,0,2,4,NaN,NaN,NaN,NaN,200.131037194728,88.7148751321339
229,base,dopt,D-opt,optimal,4,6,NaN,1,1,1,0.129572069327998,40.5466746851634,1,2.10133722053634,1,1,5,4,0,3,4,0,2,1,2,1,1,0,5,5,1,0.58730075,0.398009950248756,201,NaN,49.5980800708679,44.8414474213343
230,base,iopt,I-opt,optimal,4,6,NaN,1,1,1,0.129572069327998,40.5466746851634,1,2.10133722053634,1,1,5,4,0,3,4,0,2,1,2,1,1,0,5,5,1,1.507204041,0.616915422885572,201,NaN,49.5980800708679,44.8414474213343
231,base,cdopt,Constrained D-opt,proposed,4,6,NaN,1,1,1,0.121729601247252,39.1131757090457,0.908857831153565,2.28882688540438,0.918084820628577,2,2,0,0,0,0,0,3,1,1,1,1,2,3,3,3,0.436485709,0.194029850746269,201,NaN,63.8673665874039,40.5473423662208
232,base,ciopt,Constrained I-opt,proposed,4,6,NaN,1,1,1,0.121729601247252,39.1131757090457,0.908857831153565,2.28882688540438,0.918084820628577,2,2,0,0,0,0,0,3,1,1,1,1,2,3,3,3,0.724200542,0.0945273631840796,201,NaN,63.8673665874039,40.5473423662208
233,mandatory,poisson_f,Poisson Disk + F,baseline,4,6,NaN,1,1,1,0.0326104071339033,24.3723771099691,0.340177919697904,23.7009057814705,0.0886606292565909,1,3,2,0,1,2,0,2,1,1,2,1,4,1,4,2,0.041126958,NaN,NaN,70.9365914038728,136.27095786537,114.768287945059
234,mandatory,human_f,Human + F,baseline,4,6,NaN,1,1,1,0.0364176545598457,21.4477387697894,0.27991693113194,25.0008261164595,0.0840507113944091,2,5,0,0,3,0,0,3,1,1,1,1,5,0,3,3,NaN,NaN,NaN,NaN,171.150083750322,129.570579311766
235,mandatory,dopt_aug,D-opt Aug. (unconstr.),optimal,4,6,NaN,1,1,1,0.0326104071339032,24.372377109969,0.340177919697903,23.7009057814709,0.0886606292565892,1,3,2,0,1,2,0,2,2,1,1,1,4,1,4,2,0.097339916,1,201,NaN,136.27095786537,105.050504227821
236,mandatory,iopt_aug,I-opt Aug. (unconstr.),optimal,4,6,NaN,1,1,1,0.0326104071339032,24.372377109969,0.340177919697903,23.7009057814709,0.0886606292565892,1,3,2,0,1,2,0,2,2,1,1,1,4,1,4,2,0.158147584,1,201,NaN,136.27095786537,105.050504227821
237,mandatory,cdopt_naive,Constr. D-opt Naive,naive,4,6,NaN,0,0,NaN,NaN,NaN,NaN,NaN,NaN,NaN,NaN,NaN,NaN,NaN,NaN,NaN,NaN,NaN,NaN,NaN,NaN,NaN,NaN,NaN,NaN,1.54757575,0,0,NaN,NaN,NaN
238,mandatory,ciopt_naive,Constr. I-opt Naive,naive,4,6,NaN,0,0,NaN,NaN,NaN,NaN,NaN,NaN,NaN,NaN,NaN,NaN,NaN,NaN,NaN,NaN,NaN,NaN,NaN,NaN,NaN,NaN,NaN,NaN,1.68613025,0,0,NaN,NaN,NaN
239,mandatory,cdopt_aug,Constr. D-opt Augmentation,proposed,4,6,NaN,0,0,NaN,NaN,NaN,NaN,NaN,NaN,NaN,NaN,NaN,NaN,NaN,NaN,NaN,NaN,NaN,NaN,NaN,NaN,NaN,NaN,NaN,NaN,1.54775225,0,0,NaN,NaN,NaN
240,mandatory,ciopt_aug,Constr. I-opt Augmentation,proposed,4,6,NaN,0,0,NaN,NaN,NaN,NaN,NaN,NaN,NaN,NaN,NaN,NaN,NaN,NaN,NaN,NaN,NaN,NaN,NaN,NaN,NaN,NaN,NaN,NaN,1.63080875,0,0,NaN,NaN,NaN
241,base,poisson,Poisson Disk,baseline,4,7,NaN,1,1,1,0.133604044638181,40.2115702387339,0.710771102565164,2.29954867480163,0.464409739154072,1,2,3,0,0,2,0,1,2,2,2,1,3,3,5,2,0.025037667,NaN,NaN,102.176318195558,58.6516511737055,41.7839527109607
242,base,human,Human,baseline,4,7,NaN,1,1,1,0.0246256399635247,24.7004277866674,0.252718008747339,32.47579454163,0.0328839622035346,1,4,1,0,1,0,0,2,2,1,2,3,4,0,3,4,NaN,NaN,NaN,NaN,169.842147690143,68.0390012516468
243,base,dopt,D-opt,optimal,4,7,NaN,1,1,1,0.193701246527845,45.3326428137182,1,1.06793280023672,1,2,6,3,0,3,2,0,3,1,2,1,1,0,6,5,2,0.813389458,0.656716417910448,201,NaN,58.227378620672,46.143616080222
244,base,iopt,I-opt,optimal,4,7,NaN,1,1,1,0.193701246527845,45.3326428137182,1,1.06793280023672,1,2,6,3,0,3,2,0,3,1,2,1,1,0,6,5,2,1.908937958,0.756218905472637,201,NaN,58.227378620672,46.143616080222
245,base,cdopt,Constrained D-opt,proposed,4,7,NaN,1,1,1,0.209394173667577,43.4603321176974,0.882655136930965,1.43976328759765,0.741741930382628,1,3,1,0,0,0,0,2,1,2,2,1,2,4,4,3,0.774785959,0.054726368159204,201,NaN,46.7669656524966,36.3376635705301
246,base,ciopt,Constrained I-opt,proposed,4,7,NaN,1,1,1,0.211635342951588,43.4266553993005,0.880675697896915,1.43606459865342,0.743652340735996,2,3,1,0,0,0,0,3,1,1,2,1,2,4,4,3,1.15004775,0.0398009950248756,201,NaN,47.2250505609641,38.1520186453794
247,mandatory,poisson_f,Poisson Disk + F,baseline,4,7,NaN,1,1,1,0.0343645762043379,31.9248081790173,0.409075459536208,16.9943284491404,0.0628405413860726,2,3,3,0,0,2,0,3,1,2,1,1,4,2,5,2,0.013970916,NaN,NaN,70.9365914038728,120.536363111349,97.3961055859608
248,mandatory,human_f,Human + F,baseline,4,7,NaN,1,1,1,0.0396004381488763,27.2372352718302,0.299284544945396,17.3983596992374,0.0613812347082081,2,6,1,0,3,0,0,3,1,2,1,1,6,0,3,4,NaN,NaN,NaN,NaN,116.433609174803,83.5171428395595
249,mandatory,dopt_aug,D-opt Aug. (unconstr.),optimal,4,7,NaN,1,1,1,0.0758791137141289,33.508850914243,0.454638449086908,7.15189216848421,0.149321714460784,1,3,3,0,0,2,0,2,1,2,2,1,4,2,5,2,0.193353,1,201,NaN,87.1859294004678,58.2605082259649
250,mandatory,iopt_aug,I-opt Aug. (unconstr.),optimal,4,7,NaN,1,1,1,0.0758791137141289,33.508850914243,0.454638449086908,7.15189216848421,0.149321714460784,1,3,3,0,0,2,0,2,1,2,2,1,4,2,5,2,0.304445625,1,201,NaN,87.1859294004678,58.2605082259649
251,mandatory,cdopt_naive,Constr. D-opt Naive,naive,4,7,NaN,1,0,0,8.92598923017239e-17,-Inf,0,Inf,0,2,3,1,0,0,0,0,3,1,2,1,1,4,2,3,4,0.130958709,1,201,NaN,1.07426745655068e+18,NaN
252,mandatory,ciopt_naive,Constr. I-opt Naive,naive,4,7,NaN,1,1,1,0.0362079531551003,23.5881783395882,0.234656868728333,22.774496739996,0.0468916091726953,1,3,1,0,0,0,0,2,2,2,1,2,4,1,4,3,0.148923459,1,201,NaN,171.894351720955,110.9814707026
253,mandatory,cdopt_aug,Constr. D-opt Augmentation,proposed,4,7,NaN,1,1,1,0.0400953131915248,33.1161466348952,0.442890340219296,11.0531168829563,0.0966182490916609,2,3,1,0,0,0,0,3,2,1,1,1,4,2,4,3,0.101517084,1,201,NaN,138.08728356077,101.42845396585
254,mandatory,ciopt_aug,Constr. I-opt Augmentation,proposed,4,7,NaN,1,1,1,0.052512061044827,31.5056123967503,0.397801545362284,9.50345131503173,0.112373154218989,2,3,1,0,0,0,0,3,1,1,2,1,4,2,4,3,0.156361749,1,201,NaN,101.393804082999,61.846030267357
255,base,poisson,Poisson Disk,baseline,4,8,NaN,1,1,1,0.161486094343856,42.2036769211045,0.670299653465054,1.73460196273211,0.499738324385039,2,3,4,0,0,4,0,3,1,2,2,1,3,4,6,2,0.01412675,NaN,NaN,84.0238061504,53.8421982635268,47.788594630638
256,base,human,Human,baseline,4,8,NaN,1,1,1,0.147947272822194,38.4430174015341,0.521659054267338,2.68290485049266,0.323100194243401,0,1,4,0,0,4,0,2,2,2,2,3,2,3,6,2,NaN,NaN,NaN,NaN,62.4225060957507,43.4740082215858
257,base,dopt,D-opt,optimal,4,8,NaN,1,1,1,0.216691185041144,48.2041332601527,1,0.872261177170276,0.993793030136802,2,7,4,0,4,4,0,3,1,2,2,1,0,7,6,2,0.848564792,0.676616915422886,201,NaN,50.3340700258821,36.9978140794082
258,base,iopt,I-opt,optimal,4,8,NaN,1,1,1,0.234309893022763,47.9425343113585,0.982711265436805,0.866847078330742,1,2,7,6,0,4,6,0,3,1,2,2,1,0,7,7,1,2.035582042,1,201,NaN,46.758396235367,43.6494596105712
259,base,cdopt,Constrained D-opt,proposed,4,8,NaN,1,1,1,0.182403351547633,46.3069545199848,0.881193022136236,1.09343478556769,0.792774374633316,2,3,0,0,0,0,0,3,1,2,2,1,3,4,4,4,0.515578125,0.164179104477612,201,NaN,46.6221967168848,35.8873340643513
260,base,ciopt,Constrained I-opt,proposed,4,8,NaN,1,1,1,0.214593810934081,46.2232758119602,0.876290902044313,1.04864044241479,0.826638992040569,0,3,0,0,0,0,0,2,2,2,2,1,3,4,4,4,0.873436917,0.0746268656716418,201,NaN,47.4857929722478,39.5873858984636
261,mandatory,poisson_f,Poisson Disk + F,baseline,4,8,NaN,1,1,1,0.0753039726744786,40.193157292062,0.586217109180165,4.01784536269371,0.215749238728684,0,3,4,0,0,4,0,2,2,2,2,1,4,3,6,2,0.010384167,NaN,NaN,70.9365914038728,61.4244932052361,37.8637766304683
262,mandatory,human_f,Human + F,baseline,4,8,NaN,1,1,1,0.035207269821381,28.3282541303742,0.265787381192328,16.1546548688272,0.0536592756310413,2,6,0,0,3,0,0,3,1,3,1,2,6,0,4,4,NaN,NaN,NaN,NaN,117.328046949582,80.1149557144475
263,mandatory,dopt_aug,D-opt Aug. (unconstr.),optimal,4,8,NaN,1,1,1,0.073612892571574,40.7743769287999,0.609377649856602,3.60903174243036,0.24018826660333,2,3,2,0,0,2,0,3,2,2,1,1,4,3,5,3,0.303449751,1,201,NaN,93.8110436623859,55.8142923601755
264,mandatory,iopt_aug,I-opt Aug. (unconstr.),optimal,4,8,NaN,1,1,1,0.0736128925715737,40.7743769287999,0.609377649856602,3.60903174243035,0.24018826660333,2,3,2,0,0,2,0,3,1,2,2,1,4,3,5,3,0.576758709,1,201,NaN,93.8110436623859,50.8337831515295
265,mandatory,cdopt_naive,Constr. D-opt Naive,naive,4,8,NaN,1,1,1,0.053010963496302,38.6089500801351,0.527461776078518,5.87128047265172,0.14764191258934,2,3,0,0,0,0,0,3,1,2,2,1,4,3,4,4,0.153782,0.189054726368159,201,NaN,147.810281226065,75.6034466594374
266,mandatory,ciopt_naive,Constr. I-opt Naive,naive,4,8,NaN,1,1,1,0.0434994230290137,32.8215395093801,0.358614870646917,10.5615569482154,0.0820756904101355,2,2,0,0,0,0,0,3,2,2,1,2,4,2,4,4,0.223234542,1,201,NaN,176.483124198332,97.6480588998489
267,mandatory,cdopt_aug,Constr. D-opt Augmentation,proposed,4,8,NaN,1,1,1,0.0610425742035942,39.1726530927429,0.54766106504326,5.01065012684585,0.173000919319109,2,3,0,0,0,0,0,3,2,2,1,1,4,3,4,4,0.121649333,0.756218905472637,201,NaN,103.169643334619,69.6189357572975
268,mandatory,ciopt_aug,Constr. I-opt Augmentation,proposed,4,8,NaN,1,1,1,0.0610425742035942,39.1726530927429,0.54766106504326,5.01065012684585,0.173000919319109,2,3,0,0,0,0,0,3,2,2,1,1,4,3,4,4,0.159277917,0.830845771144279,201,NaN,103.169643334619,69.6189357572975
269,base,poisson,Poisson Disk,baseline,4,9,NaN,1,1,1,0.0656567191328422,41.4590452565402,0.530992506650885,4.10051907997413,0.168423456507263,1,0,3,0,0,2,0,2,2,3,2,3,3,3,6,3,0.011263583,NaN,NaN,70.9365914038728,64.6342481387373,45.5395977941043
270,base,human,Human,baseline,4,9,NaN,1,1,1,0.157952098544257,39.8331760855651,0.47644706770445,2.11760948641383,0.326133596092259,2,2,1,0,0,0,0,2,3,1,3,3,4,2,5,4,NaN,NaN,NaN,NaN,67.7275833350511,44.0681934278113
271,base,dopt,D-opt,optimal,4,9,NaN,1,1,1,0.277657102184676,50.9541558006654,1,0.690623596923224,1,2,8,5,0,7,4,0,3,2,3,1,1,0,8,7,2,0.905372166,0.756218905472637,201,NaN,38.2384664770256,37.3514931940402
272,base,iopt,I-opt,optimal,4,9,NaN,1,1,1,0.277657102184676,50.9541558006654,1,0.690623596923224,1,2,8,5,0,7,4,0,3,2,3,1,1,0,8,7,2,1.891510334,1,201,NaN,38.2384664770256,37.3514931940402
273,base,cdopt,Constrained D-opt,proposed,4,9,NaN,1,1,1,0.188879744376086,47.690644887529,0.804473386245235,0.999048316496834,0.691281478101978,2,2,1,0,0,0,0,3,2,3,1,2,3,4,4,5,0.90284775,0.154228855721393,201,NaN,48.0836160741886,37.9642975271569
274,base,ciopt,Constrained I-opt,proposed,4,9,NaN,1,1,1,0.209305739166165,47.681989378548,0.804009311710182,0.951941438721608,0.725489582479657,2,2,1,0,0,0,0,3,2,3,1,2,3,4,5,4,1.632883792,0.0995024875621891,201,NaN,50.593321087343,39.662012892839
275,mandatory,poisson_f,Poisson Disk + F,baseline,4,9,NaN,1,1,1,0.230517671436169,46.6465070146611,0.750379210873578,1.15855394299909,0.596108278856176,1,3,5,0,1,4,0,3,2,2,2,1,4,4,7,2,0.010453583,NaN,NaN,70.9365914038728,51.6367808341008,33.7282802213506
276,mandatory,human_f,Human + F,baseline,4,9,NaN,1,1,1,0.0736049320942322,33.7936631844582,0.318531839771657,6.07854879615735,0.11361652593129,1,5,1,0,3,0,0,3,2,2,2,2,6,1,5,4,NaN,NaN,NaN,NaN,105.219175788021,73.8271095660385
277,mandatory,dopt_aug,D-opt Aug. (unconstr.),optimal,4,9,NaN,1,1,1,0.230517671436169,46.6465070146611,0.750379210873578,1.15855394299909,0.596108278856176,1,3,5,0,1,4,0,3,2,2,2,1,4,4,7,2,0.448363542,1,201,NaN,51.6367808341008,33.7282802213506
278,mandatory,iopt_aug,I-opt Aug. (unconstr.),optimal,4,9,NaN,1,1,1,0.230517671436169,46.6465070146611,0.750379210873578,1.15855394299909,0.596108278856176,1,3,5,0,1,4,0,3,2,2,2,1,4,4,7,2,0.712476043,0.990049751243781,201,NaN,51.6367808341008,33.7282802213506
279,mandatory,cdopt_naive,Constr. D-opt Naive,naive,4,9,NaN,1,1,1,0.0880837653700227,40.6732202857873,0.503890800030827,3.41407793745587,0.202287003863148,1,2,1,0,0,0,0,3,2,2,2,2,4,3,5,4,0.253795499,0.597014925373134,201,NaN,96.0949894114317,54.541970571947
280,mandatory,ciopt_naive,Constr. I-opt Naive,naive,4,9,NaN,1,1,1,0.0731839630184542,38.5195449801086,0.436496878599091,4.68927095558427,0.147277392043381,1,2,1,0,0,0,0,3,2,2,2,2,4,3,5,4,0.391456126,0.895522388059702,201,NaN,107.053453735407,58.1237690616549
281,mandatory,cdopt_aug,Constr. D-opt Augmentation,proposed,4,9,NaN,1,1,1,0.0885675285956071,42.5091221864901,0.569496728317254,2.80566568051667,0.246153204110921,1,2,1,0,0,0,0,3,2,2,2,2,4,3,5,4,0.235302876,1,201,NaN,84.4918236569818,47.8812315364908
282,mandatory,ciopt_aug,Constr. I-opt Augmentation,proposed,4,9,NaN,1,1,1,0.0885675285956069,42.5091221864901,0.569496728317255,2.80566568051665,0.246153204110922,1,2,1,0,0,0,0,3,2,2,2,2,4,3,5,4,0.371007333,1,201,NaN,84.4918236569818,47.5601258840841
283,base,poisson,Poisson Disk,baseline,4,10,NaN,1,1,1,0.213751926741137,47.7100758710731,0.679841257213611,1.01580297511338,0.553041608069455,3,2,0,0,0,0,0,1,2,4,3,2,4,4,5,5,0.011334875,NaN,NaN,70.9365914038728,53.0403361511799,41.7348529524531
284,base,human,Human,baseline,4,10,NaN,1,1,1,0.145218805475765,41.0090347395686,0.434903101111709,1.99474553224907,0.281630564779376,1,3,2,0,0,2,0,2,3,2,3,3,5,2,4,6,NaN,NaN,NaN,NaN,70.093249468515,43.2856358873737
285,base,dopt,D-opt,optimal,4,10,NaN,1,1,1,0.285426275312831,53.4985151711532,1,0.563541642502419,0.996876305970648,2,9,6,0,7,6,0,4,2,2,2,1,0,9,8,2,0.889438625,0.756218905472637,201,NaN,37.6090813384886,33.4845836922888
286,base,iopt,I-opt,optimal,4,10,NaN,1,1,1,0.28911643147385,53.2336627375139,0.982498139470432,0.561781310838443,1,1,9,8,0,7,8,0,3,2,3,2,1,0,9,9,1,2.376549959,1,201,NaN,34.4825831202257,35.5361257267141
287,base,cdopt,Constrained D-opt,proposed,4,10,NaN,1,1,1,0.267335147218874,50.9310965208507,0.84268568505056,0.697401123638361,0.80553542544872,1,3,0,0,0,0,0,3,2,3,2,2,3,5,5,5,0.72063875,0.0497512437810945,201,NaN,44.8246714215409,34.9035343529847
288,base,ciopt,Constrained I-opt,proposed,4,10,NaN,1,1,1,0.267335147218874,50.9310965208507,0.84268568505056,0.697401123638361,0.80553542544872,1,3,0,0,0,0,0,3,2,3,2,2,3,5,5,5,1.153584374,0.0149253731343284,201,NaN,44.8246714215409,35.5883291111718
289,mandatory,poisson_f,Poisson Disk + F,baseline,4,10,NaN,1,1,1,0.196129834956537,48.7100865407129,0.726709422451003,1.02028499438391,0.550612146538201,1,4,2,0,1,2,0,3,2,3,2,1,5,4,6,4,0.013434792,NaN,NaN,52,55.5030977386753,41.0249088441965
290,mandatory,human_f,Human + F,baseline,4,10,NaN,1,1,1,0.086742719531517,38.8987593874293,0.377827683049771,3.27122900826207,0.171734020889263,1,8,2,0,5,2,0,3,2,3,2,2,8,0,4,6,NaN,NaN,NaN,NaN,71.1349111196035,46.2739348817192
291,mandatory,dopt_aug,D-opt Aug. (unconstr.),optimal,4,10,NaN,1,1,1,0.197381494552975,49.7198674739506,0.777314812576534,0.963899426449982,0.582821501313129,1,4,4,0,1,4,0,3,2,3,2,1,4,5,7,3,0.447279917,1,201,NaN,51.9551961149791,33.8238041622912
292,mandatory,iopt_aug,I-opt Aug. (unconstr.),optimal,4,10,NaN,1,1,1,0.257395583407084,49.3866633710548,0.760238215520532,0.838571157686149,0.669926822177564,2,4,4,0,1,4,0,4,2,2,2,1,4,5,7,3,1.04383575,1,201,NaN,46.3361730525403,34.5390762100964
293,mandatory,cdopt_naive,Constr. D-opt Naive,naive,4,10,NaN,1,1,1,0.121839690702209,45.4340070810181,0.584128741499592,1.70616286054302,0.329265935761633,2,3,0,0,0,0,0,4,2,2,2,2,5,3,5,5,0.274069167,0.243781094527363,201,NaN,64.8996067220577,40.0123501714132
294,mandatory,ciopt_naive,Constr. I-opt Naive,naive,4,10,NaN,1,1,1,0.083699982128547,41.4682780271187,0.448424114785153,3.04283495725616,0.184624312106964,1,3,0,0,0,0,0,3,2,2,3,2,5,3,5,5,0.506673584,0.144278606965174,201,NaN,104.240330536006,58.8542466697161
295,mandatory,cdopt_aug,Constr. D-opt Augmentation,proposed,4,10,NaN,1,1,1,0.132688170644627,46.0322308881259,0.607895500761703,1.54112648998277,0.364526412653333,1,3,0,0,0,0,0,3,2,3,2,2,5,3,5,5,0.261087709,0.283582089552239,201,NaN,66.6177618883597,38.5816581767551
296,mandatory,ciopt_aug,Constr. I-opt Augmentation,proposed,4,10,NaN,1,1,1,0.132688170644627,46.0322308881259,0.607895500761703,1.54112648998277,0.364526412653333,2,3,0,0,0,0,0,4,2,2,2,2,5,3,5,5,0.366323541,0.298507462686567,201,NaN,66.6177618883598,39.8752665878908
297,base,poisson,Poisson Disk,baseline,4,11,NaN,1,1,1,0.0658326212394763,45.2651099196726,0.49572723317212,3.53833757372596,0.132655426626265,4,2,3,1,0,2,0,5,2,3,1,3,3,5,7,4,0.012931125,NaN,NaN,61.5873363606513,62.3730663178546,51.2763415960413
298,base,human,Human,baseline,4,11,NaN,1,1,1,0.216385102045286,46.2539211320607,0.529507108472221,1.14665440990382,0.40934712005314,1,2,1,0,0,0,0,3,3,3,2,3,5,3,6,5,NaN,NaN,NaN,NaN,54.4089048224803,38.9645176816979
299,base,dopt,D-opt,optimal,4,11,NaN,1,1,1,0.295938182084075,55.7910514693718,1,0.46937968039036,1,2,10,7,0,8,6,0,4,2,3,2,1,0,10,9,2,0.957387667,1,201,NaN,35.8045586996816,33.3947878865208
300,base,iopt,I-opt,optimal,4,11,NaN,1,1,1,0.295938182084075,55.7910514693718,1,0.46937968039036,1,2,10,7,0,8,6,0,4,2,3,2,1,0,10,9,2,2.067739374,1,201,NaN,35.8045586996816,33.3947878865208
301,base,cdopt,Constrained D-opt,proposed,4,11,NaN,1,1,1,0.278350641201434,52.989366288184,0.829627053686848,0.596603108976687,0.786753661400551,2,3,1,0,0,0,0,4,2,3,2,2,4,5,5,6,0.986841541,0.129353233830846,201,NaN,46.3369967411938,33.8833350027388
302,base,ciopt,Constrained I-opt,proposed,4,11,NaN,1,1,1,0.278350641201434,52.989366288184,0.829627053686848,0.596603108976687,0.786753661400551,2,3,1,0,0,0,0,3,2,4,2,2,4,5,5,6,1.688359708,0.0348258706467662,201,NaN,46.3369967411938,36.5010717099459
303,mandatory,poisson_f,Poisson Disk + F,baseline,4,11,NaN,1,1,1,0.200437435881348,49.9090979027078,0.675616117488864,0.943562151849824,0.497454968355986,2,5,3,0,2,2,0,4,2,3,2,1,6,4,7,4,0.014083792,NaN,NaN,52,56.7197110011183,34.3028952312444
304,mandatory,human_f,Human + F,baseline,4,11,NaN,1,1,1,0.0888525921136189,39.8020308579385,0.344405785624084,3.08993097064855,0.151906202711008,1,8,1,0,5,0,0,3,3,2,3,3,8,0,5,6,NaN,NaN,NaN,NaN,71.8065324401899,45.8129741239934
305,mandatory,dopt_aug,D-opt Aug. (unconstr.),optimal,4,11,NaN,1,1,1,0.191720681970277,52.6181009790992,0.809344973885193,0.796416150148214,0.589364844375654,2,5,3,0,2,2,0,4,2,3,2,1,4,6,7,4,0.530672333,1,201,NaN,52.464774168441,33.5138796919575
306,mandatory,iopt_aug,I-opt Aug. (unconstr.),optimal,4,11,NaN,1,1,1,0.286971385075163,51.4438148324729,0.748401428539005,0.668370579593927,0.702274598435399,2,5,3,0,2,2,0,4,2,3,2,1,4,6,7,4,1.437335375,1,201,NaN,49.1554961144285,42.3324285045294
307,mandatory,cdopt_naive,Constr. D-opt Naive,naive,4,11,NaN,1,1,1,0.208752688361859,48.7736305999619,0.626361212223389,0.986803933612127,0.475656474809772,2,3,1,0,0,0,0,4,2,3,2,2,5,4,6,5,0.43140425,0.368159203980099,201,NaN,53.9873549241517,35.9202045405948
308,mandatory,ciopt_naive,Constr. I-opt Naive,naive,4,11,NaN,1,1,1,0.208428466236213,48.7546012257735,0.625567098587108,0.990041821689181,0.474100861304544,2,3,1,0,0,0,0,3,2,4,2,2,5,4,6,5,0.720678,0.298507462686567,201,NaN,54.2150216778219,34.8288045023513
309,mandatory,cdopt_aug,Constr. D-opt Augmentation,proposed,4,11,NaN,1,1,1,0.128560023802415,50.0197403801388,0.680617998228417,1.26973319647103,0.369667959926469,2,3,1,0,0,0,0,4,2,3,2,2,4,5,6,5,0.370152208,0.601990049751244,201,NaN,64.7881123129275,37.8014121279567
310,mandatory,ciopt_aug,Constr. I-opt Augmentation,proposed,4,11,NaN,1,1,1,0.222747182154122,49.5973502196914,0.661719574248137,0.888386525904057,0.528350742277074,1,3,1,0,0,0,0,3,2,3,3,2,5,4,6,5,0.630003167,0.427860696517413,201,NaN,53.3302309536526,40.2483488127518
311,base,poisson,Poisson Disk,baseline,4,12,NaN,1,1,1,0.208849383407475,52.3217411732708,0.736953744470874,0.736019895340212,0.58247825441064,4,6,8,2,2,8,0,5,3,1,3,4,1,7,10,2,0.012829542,NaN,NaN,61.5873363606513,43.447972582778,33.7356566507918
312,base,human,Human,baseline,4,12,NaN,1,1,1,0.20063328038037,47.0401338725499,0.518229386296096,1.11826467731301,0.383375771896325,2,3,2,0,0,2,0,4,3,3,2,3,6,3,7,5,NaN,NaN,NaN,NaN,56.2112733937496,38.2990367567751
313,base,dopt,D-opt,optimal,4,12,NaN,1,1,1,0.313566436174886,56.9001934333866,1,0.428715583849268,1,2,9,8,0,6,8,0,4,2,3,3,1,1,10,10,2,0.965013249,0.621890547263682,201,NaN,37.279123525671,32.0667621019117
314,base,iopt,I-opt,optimal,4,12,NaN,1,1,1,0.313566436174886,56.9001934333866,1,0.428715583849268,1,2,9,8,0,6,8,0,4,3,3,2,1,1,10,10,2,1.886222917,0.517412935323383,201,NaN,37.2791235256709,34.0244711157592
315,base,cdopt,Constrained D-opt,proposed,4,12,NaN,1,1,1,0.270200558036049,55.5112252806649,0.911559985979709,0.503753370370768,0.85104261145435,2,4,0,0,0,0,0,4,2,4,2,2,4,6,6,6,0.892996417,0.00497512437810945,201,NaN,47.0607829402289,35.1604395617549
316,base,ciopt,Constrained I-opt,proposed,4,12,NaN,1,1,1,0.270200558036049,55.5112252806649,0.911559985979709,0.503753370370768,0.85104261145435,2,4,0,0,0,0,0,4,2,4,2,2,4,6,6,6,1.188625667,0.00995024875621891,201,NaN,47.0607829402289,35.1604395617549
317,mandatory,poisson_f,Poisson Disk + F,baseline,4,12,NaN,1,1,1,0.173901754682352,52.7245984588481,0.75701440375932,0.863504027866582,0.496483594765013,2,5,4,0,1,4,0,4,3,3,2,1,5,6,8,4,0.012019167,NaN,NaN,52,52.6925854638355,36.0428705796524
318,mandatory,human_f,Human + F,baseline,4,12,NaN,1,1,1,0.162640182956602,45.5175312891277,0.468207295069201,1.50698279287341,0.284486051119285,0,3,4,0,0,4,0,3,3,3,3,3,6,3,8,4,NaN,NaN,NaN,NaN,61.9506586490947,42.2100427505562
319,mandatory,dopt_aug,D-opt Aug. (unconstr.),optimal,4,12,NaN,1,1,1,0.210558377312553,54.6361418422498,0.859902066189836,0.63940802296868,0.670488277358177,2,6,4,0,2,4,0,4,2,4,2,1,4,7,8,4,0.560669792,1,201,NaN,47.9216632153206,30.7543947263408
320,mandatory,iopt_aug,I-opt Aug. (unconstr.),optimal,4,12,NaN,1,1,1,0.308961121990717,53.5033462748216,0.79735404460839,0.564577525739169,0.759356446730634,2,6,6,0,2,6,0,4,3,3,2,1,4,7,9,3,1.478378208,1,201,NaN,42.2351834713262,34.5186926448563
321,mandatory,cdopt_naive,Constr. D-opt Naive,naive,4,12,NaN,1,1,1,0.196102863618063,50.7979792093664,0.665767824154803,0.826535060932414,0.518690136829325,2,3,0,0,0,0,0,4,2,4,2,2,5,5,6,6,0.375424542,0.278606965174129,201,NaN,59.1512998409711,38.9436288821952
322,mandatory,ciopt_naive,Constr. I-opt Naive,naive,4,12,NaN,1,1,1,0.196102863618063,50.7979792093664,0.665767824154803,0.826535060932414,0.518690136829325,2,3,0,0,0,0,0,4,2,4,2,2,5,5,6,6,0.562136875,0.149253731343284,201,NaN,59.1512998409711,38.9436288821952
323,mandatory,cdopt_aug,Constr. D-opt Augmentation,proposed,4,12,NaN,1,1,1,0.194364669472863,52.6553918852337,0.753529757085248,0.792131685052862,0.541217567658158,2,3,0,0,0,0,0,4,3,3,2,2,5,5,6,6,0.3210905,0.417910447761194,201,NaN,57.6871259487461,38.0612473898057
324,mandatory,ciopt_aug,Constr. I-opt Augmentation,proposed,4,12,NaN,1,1,1,0.250699620053837,51.571704687651,0.70101038111472,0.708043538335751,0.6054932509616,2,3,0,0,0,0,0,4,2,4,2,2,5,5,6,6,0.582684166,0.218905472636816,201,NaN,50.4307986916023,42.9292781277776
325,base,poisson,Poisson Disk,baseline,4,13,NaN,1,1,1,0.15185968797991,51.0085954077567,0.627500197103833,1.1399790083365,0.341115928398501,3,3,9,1,0,8,0,4,4,4,1,4,3,6,11,2,0.012087167,NaN,NaN,61.5873363606513,48.792280369572,42.0097420644732
326,base,human,Human,baseline,4,13,NaN,1,1,1,0.204537431616254,48.0854104935403,0.516391392645274,1.05334869722773,0.36917024609889,1,8,1,0,5,0,0,4,3,3,3,3,9,1,6,7,NaN,NaN,NaN,NaN,73.0305846899337,42.5713952735454
327,base,dopt,D-opt,optimal,4,13,NaN,1,1,1,0.342338923719637,57.998764815755,1,0.388864997783506,1,1,9,9,0,7,8,0,4,3,3,3,1,2,10,11,2,1.210788833,0.447761194029851,201,NaN,38.6796098415656,32.7622643836639
328,base,iopt,I-opt,optimal,4,13,NaN,1,1,1,0.342338923719637,57.998764815755,1,0.388864997783506,1,1,9,9,0,7,8,0,4,3,3,3,1,2,10,11,2,2.153550292,0.228855721393035,201,NaN,38.6796098415656,32.7622643836639
329,base,cdopt,Constrained D-opt,proposed,4,13,NaN,1,1,1,0.272621505633141,56.4131626569211,0.899688388519864,0.472101851594325,0.823688779169745,2,3,1,0,0,0,0,4,2,4,3,3,4,6,6,7,1.236589542,0.0696517412935323,201,NaN,46.9877625517098,34.3817255692298
330,base,ciopt,Constrained I-opt,proposed,4,13,NaN,1,1,1,0.272621505633141,56.4131626569211,0.899688388519864,0.472101851594325,0.823688779169745,2,3,1,0,0,0,0,4,3,4,2,3,4,6,6,7,2.0880065,0.00995024875621891,201,NaN,46.9877625517098,32.061854965669
331,mandatory,poisson_f,Poisson Disk + F,baseline,4,13,NaN,1,1,1,0.215509384760775,55.5329251475809,0.848411661406022,0.578286934278342,0.672442994529661,3,6,3,0,3,2,0,5,3,3,2,1,5,7,8,5,0.013135375,NaN,NaN,52,47.7972307427121,34.2214418497798
332,mandatory,human_f,Human + F,baseline,4,13,NaN,1,1,1,0.166866659331655,45.4780384301489,0.433998113192571,1.3545591595845,0.28707863737955,2,6,1,0,3,0,0,3,4,2,4,3,8,2,7,6,NaN,NaN,NaN,NaN,65.88017772803,46.7074970872096
333,mandatory,dopt_aug,D-opt Aug. (unconstr.),optimal,4,13,NaN,1,1,1,0.270806644318258,56.5524326079791,0.908080591478098,0.501186269378872,0.775889168443165,3,7,5,0,4,4,0,5,2,3,3,1,4,8,9,4,0.624570667,1,201,NaN,46.2142772176338,33.7478559610902
334,mandatory,iopt_aug,I-opt Aug. (unconstr.),optimal,4,13,NaN,1,1,1,0.301027865721681,55.9866801380801,0.874468523823819,0.467739293877946,0.831371242213783,2,7,5,0,4,4,0,4,2,4,3,1,4,8,9,4,1.5326575,1,201,NaN,42.6114134750376,35.7326203718745
335,mandatory,cdopt_naive,Constr. D-opt Naive,naive,4,13,NaN,1,1,1,0.288505309007587,52.8001737726779,0.707107385108912,0.630426375917183,0.616828566567763,3,3,1,0,0,0,0,5,2,4,2,3,4,6,7,6,0.614433083,0.00497512437810945,201,NaN,51.8357288348879,42.9275037688115
336,mandatory,ciopt_naive,Constr. I-opt Naive,naive,4,13,NaN,1,1,1,0.286115112792023,52.6368595886026,0.699450432667927,0.641057407347851,0.60659933623152,3,3,1,0,0,0,0,5,2,4,2,3,4,6,7,6,0.97338625,0.333333333333333,201,NaN,51.2862005197167,40.2084428935645
337,mandatory,cdopt_aug,Constr. D-opt Augmentation,proposed,4,13,NaN,1,1,1,0.215133536702359,54.6174962981334,0.798182587610762,0.675211179541858,0.575916112715072,3,3,1,0,0,0,0,5,2,3,3,3,4,6,7,6,0.639838499,1,201,NaN,56.2112206532018,33.4184238357662
338,mandatory,ciopt_aug,Constr. I-opt Augmentation,proposed,4,13,NaN,1,1,1,0.266097553673194,53.8895019174839,0.760369438984721,0.61435648049198,0.632963125044437,2,3,1,0,0,0,0,4,3,4,2,3,4,6,7,6,1.194612417,0.621890547263682,201,NaN,50.4321757420133,38.5081893285188
339,base,poisson,Poisson Disk,baseline,4,14,NaN,1,1,1,0.289598107236818,56.0611489331531,0.823204473766457,0.494468063065217,0.713714406693222,1,4,2,0,0,2,0,4,3,4,3,4,3,7,8,6,0.013128458,NaN,NaN,61.5873363606513,49.2894178061553,35.9068354329532
340,base,human,Human,baseline,4,14,NaN,1,1,1,0.25119601212529,51.506519712992,0.60762788970929,0.700903386131061,0.503505885750349,1,3,6,0,0,6,0,4,4,3,3,3,6,5,10,4,NaN,NaN,NaN,NaN,50.4112607886388,37.9994221473229
341,base,dopt,D-opt,optimal,4,14,NaN,1,1,1,0.352720221583246,58.9794088312409,1,0.352908980259338,1,1,8,8,0,5,8,0,4,3,4,3,2,2,10,11,3,1.620971417,0.865671641791045,201,NaN,39.3750788024037,34.9206200149353
342,base,iopt,I-opt,optimal,4,14,NaN,1,1,1,0.352720221583246,58.9794088312409,1,0.352908980259338,1,1,8,8,0,5,8,0,4,3,4,3,2,2,10,11,3,2.749534458,0.960199004975124,201,NaN,39.3750788024037,34.9206200149353
343,base,cdopt,Constrained D-opt,proposed,4,14,NaN,1,1,1,0.290419531159695,57.7151693092328,0.919171429545191,0.419361465222182,0.841538885964078,1,4,0,0,0,0,0,4,3,4,3,3,4,7,7,7,1.036625541,0.0696517412935323,201,NaN,44.2171343384339,32.5839172116767
344,base,ciopt,Constrained I-opt,proposed,4,14,NaN,1,1,1,0.30244666011967,57.6096997057246,0.91273112155451,0.416342041539037,0.847641950725865,3,4,0,0,0,0,0,5,2,4,3,3,4,7,7,7,1.505501084,0.0199004975124378,201,NaN,46.4520285270027,34.1221789006933
345,mandatory,poisson_f,Poisson Disk + F,baseline,4,14,NaN,1,1,1,0.218920086059883,56.5541138223907,0.850708000936588,0.563211704382238,0.626600934450445,1,6,6,0,2,6,0,4,3,4,3,1,6,7,10,4,0.014676625,NaN,NaN,52,48.6354129519137,30.7272485995359
346,mandatory,human_f,Human + F,baseline,4,14,NaN,1,1,1,0.16062431948432,46.2646936721321,0.428421533268033,1.29358853697567,0.272813935940109,1,7,2,0,3,2,0,3,4,3,4,3,9,2,6,8,NaN,NaN,NaN,NaN,66.9425721370814,48.9456906012289
347,mandatory,dopt_aug,D-opt Aug. (unconstr.),optimal,4,14,NaN,1,1,1,0.275729574486786,58.2616712063958,0.953277554332356,0.41357061544835,0.853322182662208,3,8,6,0,4,6,0,5,3,4,2,1,4,9,10,4,0.673218458,1,201,NaN,41.9937217719851,32.2353343051211
348,mandatory,iopt_aug,I-opt Aug. (unconstr.),optimal,4,14,NaN,1,1,1,0.359028404649226,57.768954326476,0.922473188926302,0.390693132408468,0.903289438654309,2,8,8,0,4,8,0,5,3,3,3,1,4,9,11,3,1.524664875,1,201,NaN,38.7237212240775,32.4432758647291
349,mandatory,cdopt_naive,Constr. D-opt Naive,naive,4,14,NaN,1,1,1,0.273794969487576,55.1898237246333,0.776748231809716,0.54307015229358,0.64984050176368,3,3,0,0,0,0,0,5,2,4,3,3,5,6,7,7,0.57572075,0.0696517412935323,201,NaN,50.2109131004625,36.5238269983335
350,mandatory,ciopt_naive,Constr. I-opt Naive,naive,4,14,NaN,1,1,1,0.290957361870825,54.5514415481034,0.744384319630911,0.556014593014885,0.634711722844818,3,3,0,0,0,0,0,5,2,4,3,3,5,6,7,7,0.84299,0.109452736318408,201,NaN,48.7934789024172,37.640694806975
351,mandatory,cdopt_aug,Constr. D-opt Augmentation,proposed,4,14,NaN,1,1,1,0.231240851274153,56.0152329185864,0.82068844202883,0.574947498242601,0.61381079374734,1,3,0,0,0,0,0,4,3,4,3,3,5,6,7,7,0.524944166,0.338308457711443,201,NaN,54.9672437203639,34.4652881872251
352,mandatory,ciopt_aug,Constr. I-opt Augmentation,proposed,4,14,NaN,1,1,1,0.271913058222264,55.2980275038791,0.78237162946781,0.536929106425683,0.657272954727003,1,3,0,0,0,0,0,4,3,4,3,3,5,6,7,7,0.977657167,0.169154228855721,201,NaN,49.0066787983639,38.3801489648059
353,base,poisson,Poisson Disk,baseline,4,15,NaN,1,1,1,0.326261127280779,59.3656573651066,0.96367993013689,0.351919704223132,0.940313441843557,1,10,11,0,6,10,0,4,4,4,3,5,0,10,13,2,0.013316833,NaN,NaN,61.5873363606513,37.5069266640107,32.9089935099193
354,base,human,Human,baseline,4,15,NaN,1,1,1,0.263256040109609,52.2130862677353,0.598197605676571,0.675966461892287,0.489543264327439,2,0,7,0,0,6,0,4,5,3,3,5,5,5,11,4,NaN,NaN,NaN,NaN,47.6190347547839,39.7679024991471
355,base,dopt,D-opt,optimal,4,15,NaN,1,1,1,0.355479333146134,59.9205982978501,1,0.331557350981884,0.998062107055199,2,9,7,0,5,6,0,5,3,4,3,1,4,10,11,4,1.719398958,0.671641791044776,201,NaN,39.8038749292019,33.5508035569612
356,base,iopt,I-opt,optimal,4,15,NaN,1,1,1,0.369658944793633,59.7995383032924,0.991961814085251,0.33091482833062,1,2,8,5,0,4,4,0,5,3,4,3,2,3,10,10,5,2.96109175,0.194029850746269,201,NaN,39.6820113437682,36.635180897868
357,base,cdopt,Constrained D-opt,proposed,4,15,NaN,1,1,1,0.293671585012373,58.5714634271529,0.913983898034598,0.398276354364793,0.830867373129375,2,4,1,0,0,0,0,4,3,5,3,3,5,7,7,8,1.566292541,0.0796019900497512,201,NaN,42.6354275441318,32.1201819090631
358,base,ciopt,Constrained I-opt,proposed,4,15,NaN,1,1,1,0.334153823377731,58.2017658137187,0.891732720252996,0.386039799414322,0.857203917400914,1,4,1,0,0,0,0,4,4,4,3,3,5,7,8,7,2.405118708,0.0199004975124378,201,NaN,42.6258237069113,37.4138416516827
359,mandatory,poisson_f,Poisson Disk + F,baseline,4,15,NaN,1,1,1,0.283081695447803,59.1541274919996,0.950185496738636,0.386786724714418,0.855548567689207,2,8,7,0,4,6,0,5,3,4,3,1,5,9,11,4,0.015393083,NaN,NaN,52,41.5053120059727,32.8281449040079
360,mandatory,human_f,Human + F,baseline,4,15,NaN,1,1,1,0.212519362014712,50.3466512612397,0.528209055192486,0.850500988590609,0.389082238315782,1,6,1,0,2,0,0,4,4,4,3,3,9,3,8,7,NaN,NaN,NaN,NaN,53.045266194228,40.3246483391545
361,mandatory,dopt_aug,D-opt Aug. (unconstr.),optimal,4,15,NaN,1,1,1,0.355479333146134,59.9205982978501,1,0.331557350981884,0.998062107055199,2,9,7,0,5,6,0,5,3,4,3,1,4,10,11,4,0.7320335,1,201,NaN,39.8038749292019,33.5508035569612
362,mandatory,iopt_aug,I-opt Aug. (unconstr.),optimal,4,15,NaN,1,1,1,0.355479333146134,59.9205982978501,1,0.331557350981884,0.998062107055199,2,9,7,0,5,6,0,5,3,4,3,1,4,10,11,4,1.270673541,1,201,NaN,39.8038749292019,33.5508035569612
363,mandatory,cdopt_naive,Constr. D-opt Naive,naive,4,15,NaN,1,1,1,0.272874410972692,57.2781621542308,0.838481794806589,0.461152398353909,0.717582364337312,2,4,1,0,0,0,0,5,3,4,3,3,5,7,8,7,0.753467959,0.0845771144278607,201,NaN,48.1710685312141,32.4292884607876
364,mandatory,ciopt_naive,Constr. I-opt Naive,naive,4,15,NaN,1,1,1,0.299358944454196,56.329506991821,0.787095188287535,0.48283727542105,0.685354766866437,3,3,1,0,0,0,0,5,3,5,2,3,6,6,8,7,1.240954917,0.00497512437810945,201,NaN,49.687080689641,34.5333837485051
365,mandatory,cdopt_aug,Constr. D-opt Augmentation,proposed,4,15,NaN,1,1,1,0.269708147719301,57.8228997305969,0.86949163026596,0.462903093832287,0.714868474070974,2,4,1,0,0,0,0,5,3,4,3,3,5,7,8,7,0.703337459,0.283582089552239,201,NaN,49.8814485226033,33.3008506957054
366,mandatory,ciopt_aug,Constr. I-opt Augmentation,proposed,4,15,NaN,1,1,1,0.297412891575744,56.9211543938717,0.818761106501595,0.449363346490607,0.736408144800784,1,4,1,0,0,0,0,4,3,4,4,3,5,7,8,7,1.448281791,0.45273631840796,201,NaN,45.7321066373389,37.6556166460867
367,base,poisson,Poisson Disk,baseline,4,16,NaN,1,1,1,0.231780322432968,51.7904944352113,0.551027322825081,0.72395420553082,0.427113867972564,2,6,2,0,2,2,0,4,5,4,3,3,9,4,9,7,0.015024625,NaN,NaN,42.0119030752,59.5209420587271,37.879436009764
368,base,human,Human,baseline,4,16,NaN,1,1,1,0.288037774839267,54.6096362874643,0.664960197697425,0.548613742158383,0.563622193900503,2,1,4,0,0,4,0,5,4,4,3,5,5,6,10,6,NaN,NaN,NaN,NaN,46.1818434518528,36.6901540392703
369,base,dopt,D-opt,optimal,4,16,NaN,1,1,1,0.372579282074079,60.7300576855263,1,0.31027485557558,0.996570864196091,2,9,4,0,5,4,0,5,3,5,3,1,5,10,10,6,1.745912043,0.756218905472637,201,NaN,40.0705164562393,32.4638251591533
370,base,iopt,I-opt,optimal,4,16,NaN,1,1,1,0.395999109421677,60.614796100757,0.992345341614972,0.309210880959273,1,2,8,2,0,4,2,0,5,3,5,3,2,4,10,9,7,2.875705084,0.303482587064677,201,NaN,39.9231775124934,35.3297329783116
371,base,cdopt,Constrained D-opt,proposed,4,16,NaN,1,1,1,0.31196787882405,59.3596487890656,0.912688542366448,0.367544187646871,0.841288996947372,2,4,0,0,0,0,0,5,4,4,3,3,6,7,8,8,0.999089668,0.0398009950248756,201,NaN,43.8471845671704,35.1008203390903
372,base,ciopt,Constrained I-opt,proposed,4,16,NaN,1,1,1,0.338154251989947,59.0186954035741,0.892176925767995,0.366669515480452,0.843295850635714,2,4,0,0,0,0,0,5,4,4,3,3,6,7,8,8,1.570666417,0.00497512437810945,201,NaN,42.1442706652985,38.4259077493963
373,mandatory,poisson_f,Poisson Disk + F,baseline,4,16,NaN,1,1,1,0.0996453377810661,51.6228668509146,0.544903777124924,1.41533521174858,0.218471835076623,3,2,0,1,0,0,0,5,5,4,2,4,6,6,8,8,0.013480209,NaN,NaN,42.0119030752,70.1926758301971,50.0035087266945
374,mandatory,human_f,Human + F,baseline,4,16,NaN,1,1,1,0.208064802746624,50.5494832646191,0.507273505942714,0.861540732381715,0.358904540827065,2,5,6,0,1,6,0,5,4,4,3,5,8,3,11,5,NaN,NaN,NaN,NaN,60.9409096914694,39.8112802445012
375,mandatory,dopt_aug,D-opt Aug. (unconstr.),optimal,4,16,NaN,1,1,1,0.367310894004962,60.6420835409102,0.994152222229601,0.312962006030444,0.988014119928646,2,9,6,0,5,6,0,5,4,4,3,1,5,10,11,5,0.792847376,1,201,NaN,40.5890302263296,36.196848748304
376,mandatory,iopt_aug,I-opt Aug. (unconstr.),optimal,4,16,NaN,1,1,1,0.367310894004962,60.6420835409102,0.994152222229601,0.312962006030444,0.988014119928646,2,9,6,0,5,6,0,5,4,4,3,1,5,10,11,5,1.362078041,1,201,NaN,40.5890302263296,36.196848748304
377,mandatory,cdopt_naive,Constr. D-opt Naive,naive,4,16,NaN,1,1,1,0.292408530557136,58.8909783119081,0.884612757769636,0.403695639776706,0.765950509473684,2,4,0,0,0,0,0,5,3,5,3,3,6,7,8,8,0.51217075,0.0497512437810945,201,NaN,49.8306260457748,32.7408925511702
378,mandatory,ciopt_naive,Constr. I-opt Naive,naive,4,16,NaN,1,1,1,0.325108144695781,58.4364898609122,0.858211658540624,0.396424400033525,0.779999618926392,2,4,0,0,0,0,0,5,3,5,3,3,6,7,8,8,0.763111959,0.0248756218905473,201,NaN,48.1441410072505,34.9102252160582
379,mandatory,cdopt_aug,Constr. D-opt Augmentation,proposed,4,16,NaN,1,1,1,0.285620768726039,58.929593191302,0.886892972514374,0.40012409493044,0.772787454884534,2,4,0,0,0,0,0,5,3,4,4,3,6,7,8,8,0.582895125,0.144278606965174,201,NaN,48.8767327993073,32.848776550845
380,mandatory,ciopt_aug,Constr. I-opt Augmentation,proposed,4,16,NaN,1,1,1,0.326502261431487,58.5504719577811,0.864757883081233,0.388222692955417,0.796478120857253,2,4,0,0,0,0,0,5,4,4,3,3,6,7,8,8,0.8533105,0.0348258706467662,201,NaN,47.6300571754903,33.0744900703878
381,base,poisson,Poisson Disk,baseline,4,17,NaN,1,1,1,0.306024004543143,58.0927835994278,0.794979085796881,0.416117415419452,0.695233976362599,3,6,1,0,1,0,0,3,4,6,4,5,3,9,9,8,0.01274225,NaN,NaN,42.0119030752,47.354287002761,37.1393293711128
382,base,human,Human,baseline,4,17,NaN,1,1,1,0.322628210639959,56.2056353706826,0.700998624768068,0.466424877641727,0.620247716670917,1,2,9,0,0,8,0,5,4,4,4,5,5,7,13,4,NaN,NaN,NaN,NaN,42.5598743959368,31.9463707675292
383,base,dopt,D-opt,optimal,4,17,NaN,1,1,1,0.400153101537934,61.5343756771415,1,0.289298965355793,1,3,9,1,0,4,0,0,6,3,5,3,1,6,10,9,8,1.713405167,0.985074626865672,201,NaN,40.2876403572187,35.6114911389214
384,base,iopt,I-opt,optimal,4,17,NaN,1,1,1,0.400153101537934,61.5343756771415,1,0.289298965355793,1,3,9,1,0,4,0,0,6,3,5,3,1,6,10,9,8,3.244135958,0.830845771144279,201,NaN,40.2876403572187,35.6114911389214
385,base,cdopt,Constrained D-opt,proposed,4,17,NaN,1,1,1,0.329354845754474,60.5241406827096,0.934868875505771,0.335348379718698,0.862681864151146,3,5,1,0,0,0,0,6,4,4,3,3,6,8,8,9,1.567814126,0.0796019900497512,201,NaN,42.7596151266091,34.7139008773064
386,base,ciopt,Constrained I-opt,proposed,4,17,NaN,1,1,1,0.33520503127526,60.443906683368,0.929881674250487,0.3272066168166,0.884147662325379,2,5,1,0,0,0,0,5,4,5,3,3,6,8,9,8,2.410942459,0.0199004975124378,201,NaN,45.6558293183925,33.9361185180827
387,mandatory,poisson_f,Poisson Disk + F,baseline,4,17,NaN,1,1,1,0.146003237720543,53.7884742301199,0.596668599281485,0.894023996862858,0.323591946492429,1,2,1,0,0,0,0,4,4,5,4,5,7,5,9,8,0.013035208,NaN,NaN,42.0119030752,48.1636003813401,35.6809767152127
388,mandatory,human_f,Human + F,baseline,4,17,NaN,1,1,1,0.202692941095627,51.8620054745706,0.524754533917308,0.791540092351878,0.365488707585498,3,10,1,0,5,0,0,6,3,5,3,5,11,1,8,9,NaN,NaN,NaN,NaN,68.5835359448506,42.4839261196589
389,mandatory,dopt_aug,D-opt Aug. (unconstr.),optimal,4,17,NaN,1,1,1,0.379657221571747,61.3626236823192,0.988615170303137,0.294437695888419,0.982547307615893,3,9,5,0,4,4,0,6,3,4,4,1,6,10,11,6,0.852971333,1,201,NaN,41.3683266294046,33.0207571667287
390,mandatory,iopt_aug,I-opt Aug. (unconstr.),optimal,4,17,NaN,1,1,1,0.379657221571747,61.3626236823192,0.988615170303137,0.294437695888419,0.982547307615893,3,9,5,0,4,4,0,6,3,4,4,1,6,10,11,6,1.478406374,1,201,NaN,41.3683266294046,33.0207571667287
391,mandatory,cdopt_naive,Constr. D-opt Naive,naive,4,17,NaN,1,1,1,0.334115186157382,60.2514051515255,0.918024345671116,0.342120270615169,0.84560603449659,3,5,1,0,0,0,0,6,3,5,3,3,6,8,9,8,0.749093792,0.0845771144278607,201,NaN,47.0848176505954,34.7766561856807
392,mandatory,ciopt_naive,Constr. I-opt Naive,naive,4,17,NaN,1,1,1,0.334115186157382,60.2514051515255,0.918024345671116,0.342120270615169,0.84560603449659,3,5,1,0,0,0,0,6,3,5,3,3,6,8,9,8,1.259194375,0.0696517412935323,201,NaN,47.0848176505954,32.2744014097743
393,mandatory,cdopt_aug,Constr. D-opt Augmentation,proposed,4,17,NaN,1,1,1,0.33188656648067,60.4040022785252,0.927411203477334,0.332088352098802,0.871150594495172,3,5,1,0,0,0,0,6,3,4,4,3,6,8,9,8,1.031583125,0.26865671641791,201,NaN,45.1941450120339,32.6198994833033
394,mandatory,ciopt_aug,Constr. I-opt Augmentation,proposed,4,17,NaN,1,1,1,0.331886566480671,60.4040022785252,0.927411203477334,0.332088352098802,0.871150594495172,2,5,1,0,0,0,0,5,4,5,3,3,6,8,9,8,1.34446175,0.0447761194029851,201,NaN,45.194145012034,35.7270340098703
395,base,poisson,Poisson Disk,baseline,4,18,NaN,1,1,1,0.211186136363653,53.7234205022636,0.569463641323703,0.698337540792148,0.394089421779327,3,3,4,0,0,4,0,3,3,6,6,7,7,4,11,7,0.013397541,NaN,NaN,42.0119030752,48.7546603484354,37.6925641641095
396,base,human,Human,baseline,4,18,NaN,1,1,1,0.300343137282101,56.7174502502664,0.695267678889593,0.456177048344538,0.603290846517377,3,2,6,0,0,6,0,6,3,5,4,5,6,7,12,6,NaN,NaN,NaN,NaN,43.637382939258,34.5679052047382
397,base,dopt,D-opt,optimal,4,18,NaN,1,1,1,0.397114508135545,62.1693256215705,1,0.277924317593035,0.990224389290616,3,9,0,0,5,0,0,6,4,5,3,1,7,10,9,9,1.582617501,0.477611940298507,201,NaN,38.2607187849324,36.0888134191713
398,base,iopt,I-opt,optimal,4,18,NaN,1,1,1,0.399057882665444,62.1354243724599,0.99774246879118,0.275207437657575,1,1,8,2,0,4,2,0,5,4,5,4,2,6,10,10,8,3.570115499,0.487562189054726,201,NaN,41.2154512986912,36.6976973155012
399,base,cdopt,Constrained D-opt,proposed,4,18,NaN,1,1,1,0.330657293886922,61.116179115881,0.932198254920936,0.323082691587898,0.851817336004524,3,4,0,0,0,0,0,6,4,5,3,4,6,8,9,9,1.173211542,0.00995024875621891,201,NaN,41.2053845152172,35.4458992513567
400,base,ciopt,Constrained I-opt,proposed,4,18,NaN,1,1,1,0.335408740226557,61.077107310016,0.92977323667054,0.312980785943739,0.879310967373714,3,4,0,0,0,0,0,6,4,5,3,4,6,8,9,9,1.909733874,0.00497512437810945,201,NaN,43.6411242586716,36.7901084853327
401,mandatory,poisson_f,Poisson Disk + F,baseline,4,18,NaN,1,1,1,0.206366328611749,57.4665474816474,0.730870826587591,0.568225282876881,0.484328040217113,1,4,2,0,0,2,0,5,5,4,4,4,6,8,10,8,0.013523458,NaN,NaN,42.0119030752,56.3388023426876,36.959538415297
402,mandatory,human_f,Human + F,baseline,4,18,NaN,1,1,1,0.250047008373693,54.6391235211391,0.605310655021652,0.556445029501708,0.49458153647993,2,3,8,0,0,8,0,6,4,4,4,5,8,5,13,5,NaN,NaN,NaN,NaN,51.5924905945786,36.6929046593922
403,mandatory,dopt_aug,D-opt Aug. (unconstr.),optimal,4,18,NaN,1,1,1,0.364548373221838,61.9979948753002,0.98864293420692,0.280480809002571,0.981198815834321,3,9,4,0,5,4,0,6,4,5,3,1,7,10,11,7,0.890390458,1,201,NaN,41.8696365365428,35.6328410209761
404,mandatory,iopt_aug,I-opt Aug. (unconstr.),optimal,4,18,NaN,1,1,1,0.364548373221838,61.9979948753002,0.98864293420692,0.280480809002571,0.98119881583432,2,9,4,0,5,4,0,6,4,4,4,1,7,10,11,7,1.586908751,1,201,NaN,41.8696365365428,35.0482728004624
405,mandatory,cdopt_naive,Constr. D-opt Naive,naive,4,18,NaN,1,1,1,0.336468274244442,60.8983688830329,0.918759903461067,0.322974858004173,0.852101737448612,3,4,0,0,0,0,0,6,3,5,4,4,6,8,9,9,0.663553834,0.0447761194029851,201,NaN,46.4305557356576,31.9548022084777
406,mandatory,ciopt_naive,Constr. I-opt Naive,naive,4,18,NaN,1,1,1,0.336468274244442,60.8983688830329,0.918759903461067,0.322974858004173,0.852101737448612,3,4,0,0,0,0,0,6,3,5,4,4,6,8,9,9,1.075660167,0.0199004975124378,201,NaN,46.4305557356576,31.510386060662
407,mandatory,cdopt_aug,Constr. D-opt Augmentation,proposed,4,18,NaN,1,1,1,0.336545891234315,60.9616319632612,0.92264299167474,0.320205363808141,0.859471666509848,3,4,0,0,0,0,0,6,3,5,4,4,6,8,9,9,0.782088708,0.0497512437810945,201,NaN,46.2812740492965,32.8128128034209
408,mandatory,ciopt_aug,Constr. I-opt Augmentation,proposed,4,18,NaN,1,1,1,0.334153277004399,60.9451943254306,0.921632474037026,0.32018583538815,0.859524086454199,2,4,0,0,0,0,0,6,4,4,4,4,6,8,9,9,1.020273708,0.0149253731343284,201,NaN,45.7509112282516,32.7389252058595
409,base,poisson,Poisson Disk,baseline,4,19,NaN,1,1,1,0.219043460126319,56.5129800109853,0.657745228372439,0.60371669478901,0.438176214616512,1,6,5,0,1,4,0,4,5,5,5,4,10,5,12,7,0.01520975,NaN,NaN,42.0119030752,50.3285388168595,31.2958192423399
410,base,human,Human,baseline,4,19,NaN,1,1,1,0.247139315590942,53.9724423505504,0.555266671791084,0.606965762221536,0.435830671989186,2,6,5,0,1,4,0,6,4,5,4,5,10,4,7,12,NaN,NaN,NaN,NaN,54.790405162485,42.7947632582927
411,base,dopt,D-opt,optimal,4,19,NaN,1,1,1,0.393959440521212,62.7970442143542,1,0.266634450313371,0.992123469838715,2,9,1,0,4,0,0,6,4,5,4,1,8,10,9,10,1.785852291,0.348258706467662,201,NaN,36.2841123742989,35.8957823705896
412,base,iopt,I-opt,optimal,4,19,NaN,1,1,1,0.397943475540756,62.7426639457041,0.996381212408236,0.26453429602344,1,2,7,3,0,2,2,0,6,4,5,4,3,6,10,11,8,3.152603458,0.0348258706467662,201,NaN,37.4077943849121,34.8704181034417
413,base,cdopt,Constrained D-opt,proposed,4,19,NaN,1,1,1,0.359989444760296,62.2164409483876,0.962032654603959,0.286993646415094,0.921742691267913,2,5,1,0,0,0,0,6,4,5,4,4,6,9,10,9,1.700243334,0.169154228855721,201,NaN,39.0285337752238,36.3140890042012
414,base,ciopt,Constrained I-opt,proposed,4,19,NaN,1,1,1,0.349295786583064,62.1319485073799,0.956628922221975,0.282910567185501,0.935045652960671,2,5,1,0,0,0,0,5,4,6,4,4,6,9,10,9,2.900816916,0.0845771144278607,201,NaN,41.3546125495327,32.4209688035024
415,mandatory,poisson_f,Poisson Disk + F,baseline,4,19,NaN,1,1,1,0.253764052468924,55.7773563430112,0.626266555237891,0.521897450761086,0.50687025897074,2,1,7,0,0,6,0,6,4,4,5,6,6,7,13,6,0.014028083,NaN,NaN,42.0119030752,49.7078982757541,38.4383615581573
416,mandatory,human_f,Human + F,baseline,4,19,NaN,1,1,1,0.254425390660837,55.274481821302,0.605619026629138,0.5383709711116,0.491360623469806,2,3,7,0,0,6,0,6,5,4,4,6,8,5,13,6,NaN,NaN,NaN,NaN,48.2201233721782,36.7881796709509
417,mandatory,dopt_aug,D-opt Aug. (unconstr.),optimal,4,19,NaN,1,1,1,0.36945367512847,62.6320079022496,0.989057884454249,0.26656651056055,0.992376332147514,2,9,3,0,4,2,0,6,4,5,4,1,8,10,11,8,0.960221917,1,201,NaN,42.381978491634,34.8468636761958
418,mandatory,iopt_aug,I-opt Aug. (unconstr.),optimal,4,19,NaN,1,1,1,0.36945367512847,62.6320079022496,0.989057884454249,0.26656651056055,0.992376332147514,2,9,3,0,4,2,0,6,4,5,4,1,8,10,11,8,1.679483458,1,201,NaN,42.381978491634,34.8468636761958
419,mandatory,cdopt_naive,Constr. D-opt Naive,naive,4,19,NaN,1,1,1,0.352732660444858,61.9681455529804,0.946239178247472,0.290577602521583,0.910374005869196,2,5,1,0,0,0,0,6,4,5,4,4,6,9,10,9,1.078148583,0.054726368159204,201,NaN,44.6076441245014,33.9257146722079
420,mandatory,ciopt_naive,Constr. I-opt Naive,naive,4,19,NaN,1,1,1,0.352732660444858,61.9681455529804,0.946239178247472,0.290577602521583,0.910374005869196,2,5,1,0,0,0,0,6,4,5,4,4,6,9,10,9,1.580380291,0.0696517412935323,201,NaN,44.6076441245014,33.9257146722079
421,mandatory,cdopt_aug,Constr. D-opt Augmentation,proposed,4,19,NaN,1,1,1,0.356683264815629,62.0358992993547,0.950522928922251,0.291501922207565,0.907487312673971,2,5,1,0,0,0,0,6,4,5,4,4,6,9,10,9,0.959041083,0.0298507462686567,201,NaN,42.6881091505247,33.2429434524379
422,mandatory,ciopt_aug,Constr. I-opt Augmentation,proposed,4,19,NaN,1,1,1,0.344888295247174,61.9982780625187,0.948141926164203,0.288654247050778,0.916439992573209,2,5,1,0,0,0,0,6,4,5,4,4,6,9,10,9,1.840243125,0.0248756218905473,201,NaN,43.921414835402,35.1253557462625
423,base,poisson,Poisson Disk,baseline,5,6,NaN,1,1,1,0.0151128129039385,40.2393921210725,0.700406055811696,54.137136452272,0.263918526564204,2,3,0,0,1,0,0,3,1,1,1,1,1,4,3,3,0.012601375,NaN,NaN,102.357217625334,424.429700983764,193.937164325755
424,base,human,Human,baseline,5,6,NaN,1,1,1,0.00125952802324396,10.878262146253,0.17303799595376,9328.90982532525,0.00153156087392996,1,4,2,0,2,2,0,2,1,2,1,2,4,0,2,4,NaN,NaN,NaN,NaN,4592.08517287909,1870.9259439756
425,base,dopt,D-opt,optimal,5,6,NaN,1,1,1,0.0349827378135102,47.7173878012405,1,17.6518983789563,0.80941964304089,1,6,2,0,5,2,0,2,1,2,1,0,0,6,4,2,0.760828208,0.477611940298507,201,NaN,383.158812895491,221.493841445642
426,base,iopt,I-opt,optimal,5,6,NaN,1,1,1,0.046419564230807,47.0246876271723,0.967552373647178,14.2877932848889,1,1,4,6,0,2,6,0,1,2,1,2,0,2,4,6,0,6.643463958,0.0248756218905473,201,NaN,379.504409721015,164.506399810974
427,base,cdopt,Constrained D-opt,proposed,5,6,NaN,1,1,1,0.0251389178567631,44.7186277444047,0.866929085991119,21.7464207121435,0.65701815825307,1,2,0,0,0,0,0,2,1,2,1,1,2,3,3,3,0.634540916,0.114427860696517,201,NaN,428.231356028512,179.757340913096
428,base,ciopt,Constrained I-opt,proposed,5,6,NaN,1,1,1,0.025138917856763,44.7186277444047,0.86692908599112,21.7464207121435,0.657018158253069,2,2,0,0,0,0,0,3,1,1,1,1,2,3,3,3,2.789084793,0.0497512437810945,201,NaN,428.231356028511,220.013355506911
429,mandatory,poisson_f,Poisson Disk + F,baseline,5,6,NaN,1,1,1,0.0070772570396585,18.7670526367084,0.251934186871715,490.106693600095,0.0291524140997493,1,3,2,0,1,2,0,2,1,1,2,1,4,1,4,2,0.041126958,NaN,NaN,70.9365914038728,1267.260087356,679.189442032738
430,mandatory,human_f,Human + F,baseline,5,6,NaN,1,1,1,0.00541466778269716,13.4496628941488,0.195577917465622,774.928590168654,0.0184375611716421,2,5,0,0,3,0,0,3,1,1,1,1,5,0,3,3,NaN,NaN,NaN,NaN,1792.99276845691,708.432933651882
431,mandatory,dopt_aug,D-opt Aug. (unconstr.),optimal,5,6,NaN,1,1,1,0.0070772570396585,18.7670526367079,0.251934186871709,490.106693600152,0.0291524140997459,1,3,2,0,1,2,0,2,2,1,1,1,4,1,4,2,0.123623249,1,201,NaN,1267.26008735599,745.001840776024
432,mandatory,iopt_aug,I-opt Aug. (unconstr.),optimal,5,6,NaN,1,1,1,0.0070772570396585,18.7670526367079,0.251934186871709,490.106693600152,0.0291524140997459,1,3,2,0,1,2,0,2,2,1,1,1,4,1,4,2,0.72609725,1,201,NaN,1267.26008735599,745.001840776024
433,mandatory,cdopt_naive,Constr. D-opt Naive,naive,5,6,NaN,0,0,NaN,NaN,NaN,NaN,NaN,NaN,NaN,NaN,NaN,NaN,NaN,NaN,NaN,NaN,NaN,NaN,NaN,NaN,NaN,NaN,NaN,NaN,1.527763667,0,0,NaN,NaN,NaN
434,mandatory,ciopt_naive,Constr. I-opt Naive,naive,5,6,NaN,0,0,NaN,NaN,NaN,NaN,NaN,NaN,NaN,NaN,NaN,NaN,NaN,NaN,NaN,NaN,NaN,NaN,NaN,NaN,NaN,NaN,NaN,NaN,1.621559542,0,0,NaN,NaN,NaN
435,mandatory,cdopt_aug,Constr. D-opt Augmentation,proposed,5,6,NaN,0,0,NaN,NaN,NaN,NaN,NaN,NaN,NaN,NaN,NaN,NaN,NaN,NaN,NaN,NaN,NaN,NaN,NaN,NaN,NaN,NaN,NaN,NaN,1.5907725,0,0,NaN,NaN,NaN
436,mandatory,ciopt_aug,Constr. I-opt Augmentation,proposed,5,6,NaN,0,0,NaN,NaN,NaN,NaN,NaN,NaN,NaN,NaN,NaN,NaN,NaN,NaN,NaN,NaN,NaN,NaN,NaN,NaN,NaN,NaN,NaN,NaN,1.611680459,0,0,NaN,NaN,NaN
437,base,poisson,Poisson Disk,baseline,5,7,NaN,1,1,1,0.055412734957817,48.7634126677905,0.657193880495233,10.4973185974763,0.315646948648012,1,2,3,0,0,2,0,1,2,2,2,1,3,3,5,2,0.025037667,NaN,NaN,102.176318195558,280.718199772755,115.796844579909
438,base,human,Human,baseline,5,7,NaN,1,1,1,0.00401784170784577,19.6159192954236,0.164022432132296,911.866038531552,0.00363369885955542,1,4,1,0,1,0,0,2,2,1,2,3,4,0,3,4,NaN,NaN,NaN,NaN,1619.48620165455,667.9043235331
439,base,dopt,D-opt,optimal,5,7,NaN,1,1,1,0.0859961820236387,57.5787129589839,1,3.31344658427942,1,2,6,3,0,3,2,0,3,1,2,1,1,0,6,5,2,1.060841792,0.631840796019901,201,NaN,189.140605140594,99.2447216520019
440,base,iopt,I-opt,optimal,5,7,NaN,1,1,1,0.0859961820236387,57.5787129589839,1,3.31344658427942,1,2,6,3,0,3,2,0,3,1,2,1,1,0,6,5,2,7.772987291,0.338308457711443,201,NaN,189.140605140594,99.2447216520019
441,base,cdopt,Constrained D-opt,proposed,5,7,NaN,1,1,1,0.0605640671360954,53.8553338749994,0.83752533423799,5.84417091844604,0.566966064223266,2,3,1,0,0,0,0,3,1,2,1,1,2,4,4,3,0.829291542,0.348258706467662,201,NaN,221.480914031916,96.0126388339239
442,base,ciopt,Constrained I-opt,proposed,5,7,NaN,1,1,1,0.0696583302644318,52.9851589698149,0.803530073682511,5.42376414333155,0.610912734535712,2,3,1,0,0,0,0,3,1,2,1,1,2,4,3,4,5.611995917,0.0796019900497512,201,NaN,245.290423145938,148.167300895424
443,mandatory,poisson_f,Poisson Disk + F,baseline,5,7,NaN,1,1,1,0.00978591706643419,34.3752340132073,0.331234873097064,173.367541677302,0.019112266069083,2,3,3,0,0,2,0,3,1,2,1,1,4,2,5,2,0.013970916,NaN,NaN,70.9365914038728,760.278227728595,458.88789597736
444,mandatory,human_f,Human + F,baseline,5,7,NaN,1,1,1,0.0124334296089982,26.3249500759117,0.225761889139182,169.825409717969,0.0195108999871226,2,6,1,0,3,0,0,3,1,2,1,1,6,0,3,4,NaN,NaN,NaN,NaN,609.565510775288,355.439116023135
445,mandatory,dopt_aug,D-opt Aug. (unconstr.),optimal,5,7,NaN,1,1,1,0.0149964151851289,36.0379154017956,0.358526657012748,92.5191261470204,0.0358136389984281,1,3,3,0,0,2,0,2,1,2,2,1,4,2,5,2,0.217291041,1,201,NaN,625.829109286381,311.334409897288
446,mandatory,iopt_aug,I-opt Aug. (unconstr.),optimal,5,7,NaN,1,1,1,0.0149964151851289,36.0379154017956,0.358526657012748,92.5191261470204,0.0358136389984281,1,3,3,0,0,2,0,2,1,2,2,1,4,2,5,2,1.445351874,1,201,NaN,625.829109286381,311.334409897288
447,mandatory,cdopt_naive,Constr. D-opt Naive,naive,5,7,NaN,1,0,0,3.00572748934925e-17,-Inf,0,Inf,0,2,3,1,0,0,0,0,3,1,2,1,1,4,2,3,4,0.158359916,1,201,NaN,1.7410058565011e+19,NaN
448,mandatory,ciopt_naive,Constr. I-opt Naive,naive,5,7,NaN,1,1,1,0.00523650946685092,29.0424075693799,0.256950534539977,439.35299185134,0.00754165021232076,2,3,1,0,0,0,0,2,1,3,1,1,4,2,4,3,0.757177583,1,201,NaN,1215.14792481171,527.23551725802
449,mandatory,cdopt_aug,Constr. D-opt Augmentation,proposed,5,7,NaN,1,1,1,0.00697282934619922,33.2633657055177,0.314153462390852,300.814148558601,0.0110149293181731,2,3,1,0,0,0,0,3,2,1,1,1,4,2,4,3,0.113909417,1,201,NaN,1025.53893059014,472.73658757487
450,mandatory,ciopt_aug,Constr. I-opt Augmentation,proposed,5,7,NaN,1,1,1,0.00741995918195933,32.1213907413,0.297526066621986,202.496730080309,0.0163629634066947,1,3,1,0,0,0,0,2,2,2,1,1,4,2,4,3,0.582831916,0.940298507462687,201,NaN,559.217710264785,381.106427520156
451,base,poisson,Poisson Disk,baseline,5,8,NaN,1,1,1,0.0620400649001849,52.5407695263388,0.62110727368228,6.87624750269527,0.323707609365895,2,3,4,0,0,4,0,3,1,2,2,1,3,4,6,2,0.01412675,NaN,NaN,84.0238061504,187.108723806771,132.14426005394
452,base,human,Human,baseline,5,8,NaN,1,1,1,0.0405463159959534,45.6701412136214,0.447792982806896,15.4382457676613,0.144180477108889,0,1,4,0,0,4,0,2,2,2,2,3,2,3,6,2,NaN,NaN,NaN,NaN,243.99644806239,180.302650889592
453,base,dopt,D-opt,optimal,5,8,NaN,1,1,1,0.103290007714084,62.5420503652034,1,2.36147487956411,0.942586203125972,2,7,4,0,4,4,0,3,1,2,2,1,0,7,6,2,1.099911458,0.626865671641791,201,NaN,158.236668509297,88.7188509445274
454,base,iopt,I-opt,optimal,5,8,NaN,1,1,1,0.130755370287808,62.143341820513,0.981192979953243,2.22589364050569,1,2,7,6,0,4,6,0,3,1,2,2,1,0,7,7,1,8.50141475,0.512437810945274,201,NaN,133.699995358754,80.2166565132915
455,base,cdopt,Constrained D-opt,proposed,5,8,NaN,1,1,1,0.0732859087892478,59.4400072675999,0.862675788593926,3.606426386067,0.617202017239329,2,3,0,0,0,0,0,3,1,2,2,1,3,4,4,4,0.628691333,0.18407960199005,201,NaN,200.303913308718,112.713684812652
456,base,ciopt,Constrained I-opt,proposed,5,8,NaN,1,1,1,0.0935059670785987,58.741795629737,0.834464972320234,3.34960812132341,0.664523597950394,2,3,0,0,0,0,0,3,2,2,1,1,3,4,4,4,3.302191958,0.0398009950248756,201,NaN,210.566621255944,115.207242406274
457,mandatory,poisson_f,Poisson Disk + F,baseline,5,8,NaN,1,1,1,0.0282066926146411,49.2760561997653,0.53167971634765,21.4916536868509,0.103570142760468,0,3,4,0,0,4,0,2,2,2,2,1,4,3,6,2,0.010384167,NaN,NaN,70.9365914038728,231.311007800057,174.264893220988
458,mandatory,human_f,Human + F,baseline,5,8,NaN,1,1,1,0.0110312527932392,28.2591309816156,0.195436458930083,147.124577506781,0.0151293120308406,2,6,0,0,3,0,0,3,1,3,1,2,6,0,4,4,NaN,NaN,NaN,NaN,628.682692801129,324.699238921689
459,mandatory,dopt_aug,D-opt Aug. (unconstr.),optimal,5,8,NaN,1,1,1,0.0282066926146411,49.2760561997653,0.53167971634765,21.4916536868509,0.103570142760468,0,3,4,0,0,4,0,2,2,2,2,1,4,3,6,2,0.318932208,1,201,NaN,231.311007800057,174.264893220988
460,mandatory,iopt_aug,I-opt Aug. (unconstr.),optimal,5,8,NaN,1,1,1,0.0282066926146411,49.2760561997653,0.53167971634765,21.4916536868509,0.103570142760468,0,3,4,0,0,4,0,2,2,2,2,1,4,3,6,2,2.329493125,1,201,NaN,231.311007800057,174.264893220988
461,mandatory,cdopt_naive,Constr. D-opt Naive,naive,5,8,NaN,1,1,1,0.00502720537674278,40.868242227906,0.35626298398987,412.324105935699,0.00539840772941085,2,3,0,0,0,0,0,3,1,3,1,1,4,3,4,4,0.172514,0.751243781094527,201,NaN,1286.53011666261,521.598055611898
462,mandatory,ciopt_naive,Constr. I-opt Naive,naive,5,8,NaN,1,1,1,0.00533110268413491,30.7420294346458,0.21996502754319,424.432223660057,0.00524440303168049,2,2,0,0,0,0,0,3,2,2,1,2,4,2,4,4,0.747214749,1,201,NaN,1296.4644107266,497.819662579224
463,mandatory,cdopt_aug,Constr. D-opt Augmentation,proposed,5,8,NaN,1,1,1,0.00729669295173196,44.0052577949165,0.413662684869795,170.921049045311,0.0130229345825956,2,3,0,0,0,0,0,3,2,2,1,1,4,3,4,4,0.139780876,0.786069651741294,201,NaN,588.841529354957,403.526389375982
464,mandatory,ciopt_aug,Constr. I-opt Augmentation,proposed,5,8,NaN,1,1,1,0.0208282227068712,37.5153190697105,0.303689612915204,50.3332678622381,0.0442231099835988,0,2,0,0,0,0,0,2,2,2,2,2,4,2,4,4,0.666448542,0.800995024875622,201,NaN,446.900915112282,221.553579314701
465,base,poisson,Poisson Disk,baseline,5,9,NaN,1,1,1,0.0198651687404669,51.265888669295,0.472836329199137,30.3431239487321,0.0580270075104584,1,0,3,0,0,2,0,2,2,3,2,3,3,3,6,3,0.011263583,NaN,NaN,70.9365914038728,268.363110636237,120.906901565847
466,base,human,Human,baseline,5,9,NaN,1,1,1,0.0636869806574811,48.7262656692265,0.418976516986364,7.78547857169329,0.226154457307934,2,2,1,0,0,0,0,2,3,1,3,3,4,2,5,4,NaN,NaN,NaN,NaN,217.847012773749,143.11468001734
467,base,dopt,D-opt,optimal,5,9,NaN,1,1,1,0.119598157111059,66.9950141954199,1,1.79265330605865,0.98218694898401,2,8,5,0,7,4,0,3,1,3,2,1,0,8,7,2,1.198961958,0.661691542288557,201,NaN,135.905744978782,83.6109801429039
468,base,iopt,I-opt,optimal,5,9,NaN,1,1,1,0.134347035368186,66.4263190600046,0.97328267426146,1.76072068126385,1,3,8,7,0,7,6,0,4,2,2,1,1,0,8,8,1,8.840230084,0.756218905472637,201,NaN,133.483011818419,80.4391722403225
469,base,cdopt,Constrained D-opt,proposed,5,9,NaN,1,1,1,0.0804919045479341,62.5556334140865,0.809450962816433,2.94444083808151,0.597981341140163,2,2,1,0,0,0,0,3,2,3,1,2,3,4,4,5,1.215808043,0.507462686567164,201,NaN,140.949828501109,92.5211509170079
470,base,ciopt,Constrained I-opt,proposed,5,9,NaN,1,1,1,0.102965890049925,62.2438665309799,0.797522583482173,2.62642548591803,0.670386687421446,2,2,1,0,0,0,0,3,2,3,1,2,3,4,4,5,6.533557334,0.26865671641791,201,NaN,161.237499237938,90.4207762393297
471,mandatory,poisson_f,Poisson Disk + F,baseline,5,9,NaN,1,1,1,0.106427338090307,60.0776412578745,0.719356144129402,3.54311195646221,0.496941870000045,1,3,5,0,1,4,0,3,2,2,2,1,4,4,7,2,0.010453583,NaN,NaN,70.9365914038728,208.078928109265,136.641544644802
472,mandatory,human_f,Human + F,baseline,5,9,NaN,1,1,1,0.0241801369182986,37.4036287166993,0.244359789111492,37.2572578233512,0.0472584614147396,1,5,1,0,3,0,0,3,2,2,2,2,6,1,5,4,NaN,NaN,NaN,NaN,431.845910220044,204.433741125901
473,mandatory,dopt_aug,D-opt Aug. (unconstr.),optimal,5,9,NaN,1,1,1,0.106427338090307,60.0776412578745,0.719356144129402,3.54311195646221,0.496941870000045,1,3,5,0,1,4,0,3,2,2,2,1,4,4,7,2,0.460193541,1,201,NaN,208.078928109265,136.641544644802
474,mandatory,iopt_aug,I-opt Aug. (unconstr.),optimal,5,9,NaN,1,1,1,0.106427338090307,60.0776412578745,0.719356144129402,3.54311195646221,0.496941870000045,1,3,5,0,1,4,0,3,2,2,2,1,4,4,7,2,3.330083,1,201,NaN,208.078928109265,136.641544644802
475,mandatory,cdopt_naive,Constr. D-opt Naive,naive,5,9,NaN,1,1,1,0.00542580600426696,43.0651324524044,0.31997315470996,364.21552264069,0.00483428237351886,2,2,1,0,0,0,0,3,2,3,1,2,4,3,5,4,0.330013042,0.880597014925373,201,NaN,1364.21041742932,481.824764625982
476,mandatory,ciopt_naive,Constr. I-opt Naive,naive,5,9,NaN,1,1,1,0.011419516797857,43.0399059595564,0.319589014030545,84.7859029369074,0.0207666678100258,2,2,1,0,0,0,0,3,1,2,3,2,4,3,5,4,1.409497958,1,201,NaN,967.693697674853,324.381878793972
477,mandatory,cdopt_aug,Constr. D-opt Augmentation,proposed,5,9,NaN,1,1,1,0.0253334624570733,52.3187256718282,0.497146323828102,19.1458544337809,0.0919635468531108,3,2,1,0,0,0,0,4,2,2,1,2,4,3,5,4,0.293142291,1,201,NaN,368.334186608679,228.012427571232
478,mandatory,ciopt_aug,Constr. I-opt Augmentation,proposed,5,9,NaN,1,1,1,0.0253334624570733,52.3187256718282,0.497146323828104,19.1458544337798,0.091963546853116,1,2,1,0,0,0,0,3,2,2,2,2,4,3,5,4,1.342193959,0.27363184079602,201,NaN,368.334186608679,242.422525842747
479,base,poisson,Poisson Disk,baseline,5,10,NaN,1,1,1,0.0914167756513292,62.0815055054582,0.655068768443091,3.04235867769339,0.463973836904958,3,2,0,0,0,0,0,1,2,4,3,2,4,4,5,5,0.011334875,NaN,NaN,70.9365914038728,147.667416347507,98.9107833992182
480,base,human,Human,baseline,5,10,NaN,1,1,1,0.0588191197134778,50.4990919141331,0.377358896898643,7.09061339584274,0.199076546714295,1,3,2,0,0,2,0,2,3,2,3,3,5,2,4,6,NaN,NaN,NaN,NaN,215.17985772763,137.103905197295
481,base,dopt,D-opt,optimal,5,10,NaN,1,1,1,0.134079864770745,70.9648217416966,1,1.43833603204775,0.981394331699281,3,9,6,0,7,6,0,4,2,3,1,1,0,9,8,2,1.319783125,0.796019900497512,201,NaN,134.985209396106,86.9134258340106
482,base,iopt,I-opt,optimal,5,10,NaN,1,1,1,0.151155228458046,70.4014682453361,0.973530273595239,1.41157482893049,1,2,9,8,0,7,8,0,4,2,2,2,1,0,9,9,1,11.514174084,0.393034825870647,201,NaN,132.64759245522,71.2104526776943
483,base,cdopt,Constrained D-opt,proposed,5,10,NaN,1,1,1,0.120683234226669,67.6582881757496,0.854316128903767,1.74461050993219,0.809105998670935,1,3,0,0,0,0,0,3,2,3,2,2,3,5,5,5,1.007729749,0.0746268656716418,201,NaN,131.918539243652,73.8397002247614
484,base,ciopt,Constrained I-opt,proposed,5,10,NaN,1,1,1,0.133904146636843,66.8950804362943,0.823824954895437,1.66327614927304,0.84867135835949,3,3,0,0,0,0,0,3,1,4,2,2,3,5,5,5,4.971773917,0.0199004975124378,201,NaN,120.022244665334,82.5900318445729
485,mandatory,poisson_f,Poisson Disk + F,baseline,5,10,NaN,1,1,1,0.0881668341261261,63.5609200433304,0.702881652622831,3.08985182289732,0.45684224028804,1,4,2,0,1,2,0,3,2,3,2,1,5,4,6,4,0.013434792,NaN,NaN,52,194.290291568657,109.272738416039
486,mandatory,human_f,Human + F,baseline,5,10,NaN,1,1,1,0.0244227691569405,45.9881105766994,0.304413836713402,25.1276364576087,0.0561761879718324,1,8,2,0,5,2,0,3,2,3,2,2,8,0,4,6,NaN,NaN,NaN,NaN,329.378432130484,123.749365876542
487,mandatory,dopt_aug,D-opt Aug. (unconstr.),optimal,5,10,NaN,1,1,1,0.0914787862762003,65.1787766880218,0.759172727558099,2.88658804261505,0.489011527828442,2,4,4,0,1,4,0,4,2,2,2,1,4,5,7,3,0.645387125,1,201,NaN,191.815727305764,126.01394848575
488,mandatory,iopt_aug,I-opt Aug. (unconstr.),optimal,5,10,NaN,1,1,1,0.108484350442687,64.2806295820088,0.727388275630129,2.45243974913034,0.57557981982271,1,4,4,0,1,4,0,3,2,3,2,1,4,5,7,3,6.229130583,1,201,NaN,147.948010561635,88.935801006284
489,mandatory,cdopt_naive,Constr. D-opt Naive,naive,5,10,NaN,1,1,1,0.0389359496322646,56.9235108337114,0.512408124780454,9.14279662465833,0.154392018862527,2,3,0,0,0,0,0,4,2,2,2,2,5,3,5,5,0.440994375,0.253731343283582,201,NaN,283.318120047647,178.281569358844
490,mandatory,ciopt_naive,Constr. I-opt Naive,naive,5,10,NaN,1,1,1,0.0395401591228953,56.1185893455666,0.493139369845848,9.06294448611454,0.155752341978171,2,3,0,0,0,0,0,4,2,2,2,2,5,3,5,5,1.867982875,1,201,NaN,209.098896292157,131.032280844511
491,mandatory,cdopt_aug,Constr. D-opt Augmentation,proposed,5,10,NaN,1,1,1,0.0573118437334913,59.0274369995116,0.566404442925649,5.46664386103634,0.25821598494673,2,3,0,0,0,0,0,4,2,2,2,2,5,3,5,5,0.358620541,0.343283582089552,201,NaN,215.583479262565,147.304954995971
492,mandatory,ciopt_aug,Constr. I-opt Augmentation,proposed,5,10,NaN,1,1,1,0.0573118437334915,59.0274369995116,0.56640444292565,5.46664386103633,0.258215984946731,1,3,0,0,0,0,0,3,2,3,2,2,5,3,5,5,1.420835875,0.308457711442786,201,NaN,215.583479262565,121.4137887107
493,base,poisson,Poisson Disk,baseline,5,11,NaN,1,1,1,0.0232181281414219,57.658923706141,0.442318582395764,20.7478222450435,0.0544246535224945,4,2,3,1,0,2,0,5,2,3,1,3,3,5,7,4,0.012931125,NaN,NaN,61.5873363606513,201.522299247848,138.117072550095
494,base,human,Human,baseline,5,11,NaN,1,1,1,0.105754371248721,59.1327663982467,0.474477112752125,3.38526516644352,0.333561178080209,1,2,1,0,0,0,0,3,3,3,2,3,5,3,6,5,NaN,NaN,NaN,NaN,167.498165178105,90.5281404515079
495,base,dopt,D-opt,optimal,5,11,NaN,1,1,1,0.146969992638724,74.7891462257614,1,1.14240962483897,0.988430955483205,2,10,7,0,8,6,0,4,2,3,2,1,0,10,9,2,1.661590167,1,201,NaN,133.364558394799,74.0619499735308
496,base,iopt,I-opt,optimal,5,11,NaN,1,1,1,0.147352060209454,73.7247248388624,0.950576408390114,1.1291930370328,1,2,9,3,0,6,2,0,4,2,3,2,2,0,9,7,4,10.819528,0.472636815920398,201,NaN,120.593833240186,92.0269021766456
497,base,cdopt,Constrained D-opt,proposed,5,11,NaN,1,1,1,0.117776308586253,70.6726967503104,0.821994640851237,1.58446811177047,0.71266378202528,2,3,1,0,0,0,0,4,2,3,2,2,4,5,5,6,1.138679583,0.054726368159204,201,NaN,139.866996353672,73.1046575554855
498,base,ciopt,Constrained I-opt,proposed,5,11,NaN,1,1,1,0.149675643746699,69.259542645771,0.768500199666673,1.39909330974285,0.80708915493302,2,3,1,0,0,0,0,4,2,3,2,2,4,5,5,6,6.27469625,0.0149253731343284,201,NaN,120.265239411113,80.594665968609
499,mandatory,poisson_f,Poisson Disk + F,baseline,5,11,NaN,1,1,1,0.0960713411526778,65.3714773951608,0.638610586924146,2.79659559437399,0.403774160019574,2,5,3,0,2,2,0,4,2,3,2,1,6,4,7,4,0.014083792,NaN,NaN,52,193.525146250894,109.934234975444
500,mandatory,human_f,Human + F,baseline,5,11,NaN,1,1,1,0.0256598029369755,47.4000267300901,0.27137767720235,21.8445164625614,0.0516922880379652,1,8,1,0,5,0,0,3,3,2,3,3,8,0,5,6,NaN,NaN,NaN,NaN,310.53048883741,143.985796051673
501,mandatory,dopt_aug,D-opt Aug. (unconstr.),optimal,5,11,NaN,1,1,1,0.0884435288893859,69.652719171678,0.78302413126609,2.48387957320435,0.454608608732215,2,5,3,0,2,2,0,4,2,3,2,1,4,6,7,4,0.631155499,1,201,NaN,184.984697766932,137.110360985401
502,mandatory,iopt_aug,I-opt Aug. (unconstr.),optimal,5,11,NaN,1,1,1,0.120186646856911,67.4419267011564,0.704781399128903,1.85416002248581,0.609005168560869,2,5,3,0,2,2,0,4,2,3,2,1,4,6,7,4,4.760660334,0.0149253731343284,201,NaN,203.654598916092,95.1596433900018
503,mandatory,cdopt_naive,Constr. D-opt Naive,naive,5,11,NaN,1,1,1,0.0822533203324827,62.9325158851756,0.568586714802238,3.24600849675648,0.347871251156959,2,3,1,0,0,0,0,3,2,4,2,2,5,4,6,5,0.530372958,0.17910447761194,201,NaN,179.753786022792,90.6377474097753
504,mandatory,ciopt_naive,Constr. I-opt Naive,naive,5,11,NaN,1,1,1,0.0822533203324827,62.9325158851756,0.568586714802239,3.24600849675646,0.347871251156961,2,3,1,0,0,0,0,3,2,4,2,2,5,4,6,5,2.599180459,0.104477611940299,201,NaN,179.753786022792,100.427112429452
505,mandatory,cdopt_aug,Constr. D-opt Augmentation,proposed,5,11,NaN,1,1,1,0.06135322816418,65.4702957578863,0.641622737581073,4.28539784002255,0.263497831283467,2,3,1,0,0,0,0,4,2,3,2,2,4,5,6,5,0.447162083,0.532338308457711,201,NaN,207.770163068997,126.965980464604
506,mandatory,ciopt_aug,Constr. I-opt Augmentation,proposed,5,11,NaN,1,1,1,0.100552810897397,64.8919659833952,0.62419385283996,2.54000139707945,0.444563943284113,1,3,1,0,0,0,0,3,2,3,3,2,5,4,6,5,2.968843541,0.512437810945274,201,NaN,163.371920626858,93.2133557379305
507,base,poisson,Poisson Disk,baseline,5,12,NaN,1,1,1,0.112697516436831,69.8539382459241,0.694524477830363,1.78719068411776,0.489617725327466,4,6,8,2,2,8,0,5,3,1,3,4,1,7,10,2,0.012829542,NaN,NaN,61.5873363606513,127.701781533572,78.8465785002314
508,base,human,Human,baseline,5,12,NaN,1,1,1,0.103059726072319,60.2906140769807,0.440465013556271,3.26791453076771,0.267767173604325,2,3,2,0,0,2,0,4,3,3,2,3,6,3,7,5,NaN,NaN,NaN,NaN,170.930884676763,98.9033642332804
509,base,dopt,D-opt,optimal,5,12,NaN,1,1,1,0.158302581891202,77.5090235611315,1,0.885466445076982,0.988225180467566,2,10,6,0,6,6,0,4,2,4,2,2,0,10,9,3,1.380452791,0.890547263681592,201,NaN,115.77930985933,68.3878277506225
510,base,iopt,I-opt,optimal,5,12,NaN,1,1,1,0.161691182461473,77.4235044944076,0.99593594420723,0.875040237484175,1,2,10,4,0,6,4,0,4,2,4,2,2,0,10,8,4,11.545524625,0.845771144278607,201,NaN,110.726621067418,76.3605780604306
511,base,cdopt,Constrained D-opt,proposed,5,12,NaN,1,1,1,0.106045237455578,74.9636693627854,0.88585026589439,1.4055858307386,0.622544862325742,2,4,0,0,0,0,0,4,2,4,2,2,4,6,6,6,0.962156958,0.00995024875621891,201,NaN,157.938283428481,76.4672408889138
512,base,ciopt,Constrained I-opt,proposed,5,12,NaN,1,1,1,0.141246926245426,73.5187254732117,0.826947395620577,1.15798111261778,0.755660198555415,2,4,0,0,0,0,0,4,2,4,2,2,4,6,6,6,4.295192333,0.00995024875621891,201,NaN,120.963211851105,78.3064233432582
513,mandatory,poisson_f,Poisson Disk + F,baseline,5,12,NaN,1,1,1,0.0765703940410901,69.9321521655455,0.697116038155045,2.76241360682545,0.316766553466904,2,5,4,0,1,4,0,4,3,3,2,1,5,6,8,4,0.012019167,NaN,NaN,52,148.946786413111,86.0416023101783
514,mandatory,human_f,Human + F,baseline,5,12,NaN,1,1,1,0.0721103700776662,57.2679239872236,0.381417049473671,5.36135801968057,0.163212423843374,0,3,4,0,0,4,0,3,3,3,3,3,6,3,8,4,NaN,NaN,NaN,NaN,173.956575399155,108.711321987879
515,mandatory,dopt_aug,D-opt Aug. (unconstr.),optimal,5,12,NaN,1,1,1,0.0935054195953197,72.9560586589491,0.805084649458678,1.90055771535327,0.460412346552456,2,6,4,0,2,4,0,4,3,3,2,1,4,7,8,4,0.686451792,1,201,NaN,151.627919977574,97.8887650469839
516,mandatory,iopt_aug,I-opt Aug. (unconstr.),optimal,5,12,NaN,1,1,1,0.154207261595306,71.0440994510363,0.73502296963601,1.37446801346239,0.636639215255278,2,6,6,0,2,6,0,4,3,3,2,1,4,7,9,3,5.887259958,1,201,NaN,122.611536326329,78.0783263811526
517,mandatory,cdopt_naive,Constr. D-opt Naive,naive,5,12,NaN,1,1,1,0.0803833868849445,66.1393745537283,0.58192607542087,2.65390950716513,0.329717435776054,2,3,0,0,0,0,0,4,2,4,2,2,5,5,6,6,0.492416041,0.313432835820896,201,NaN,249.162034286882,133.444398345919
518,mandatory,ciopt_naive,Constr. I-opt Naive,naive,5,12,NaN,1,1,1,0.0804716567678587,66.1125041571072,0.581181952331469,2.66494772224201,0.328351745957706,2,3,0,0,0,0,0,4,2,4,2,2,5,5,6,6,3.467790666,0.0746268656716418,201,NaN,248.998781136455,125.304040988425
519,mandatory,cdopt_aug,Constr. D-opt Augmentation,proposed,5,12,NaN,1,1,1,0.0972089248449699,69.6847610945674,0.688951827485689,2.36315740857063,0.370284363754444,2,3,0,0,0,0,0,4,3,3,2,2,5,5,6,6,0.373412625,0.45771144278607,201,NaN,193.249980452233,117.073847428384
520,mandatory,ciopt_aug,Constr. I-opt Augmentation,proposed,5,12,NaN,1,1,1,0.114384691929816,67.7557547079752,0.62848609584328,1.94741062577982,0.449335248509171,2,3,0,0,0,0,0,4,2,3,3,2,5,5,6,6,2.147615958,0.228855721393035,201,NaN,198.601587643527,103.671888217511
521,base,poisson,Poisson Disk,baseline,5,13,NaN,1,1,1,0.0765761223807857,67.1765932094555,0.564294142847734,3.81857362366214,0.202825988501317,3,3,9,1,0,8,0,4,4,4,1,4,3,6,11,2,0.012087167,NaN,NaN,61.5873363606513,138.38848122147,104.224804851921
522,base,human,Human,baseline,5,13,NaN,1,1,1,0.101946067055525,61.8675871505881,0.438239617670258,3.17362531618133,0.244044552435149,1,8,1,0,5,0,0,4,3,3,3,3,9,1,6,7,NaN,NaN,NaN,NaN,234.074022436627,106.861582423005
523,base,dopt,D-opt,optimal,5,13,NaN,1,1,1,0.172251748631194,79.19236551425,1,0.77450596988433,1,2,10,5,0,7,4,0,4,3,4,2,3,0,10,9,4,1.711914876,0.54726368159204,201,NaN,100.720181169337,68.5377665134299
524,base,iopt,I-opt,optimal,5,13,NaN,1,1,1,0.172251748631194,79.19236551425,1,0.77450596988433,1,2,10,5,0,7,4,0,4,2,4,3,3,0,10,9,4,10.744717833,0.611940298507463,201,NaN,100.720181169337,73.2719141667634
525,base,cdopt,Constrained D-opt,proposed,5,13,NaN,1,1,1,0.130441060115796,76.5728039943664,0.882725477031233,1.12661927448409,0.687460251591199,2,3,1,0,0,0,0,4,2,4,3,3,4,6,6,7,1.400973291,0.0398009950248756,201,NaN,137.420000479365,97.9975593480833
526,base,ciopt,Constrained I-opt,proposed,5,13,NaN,1,1,1,0.155155149828433,74.9721083521564,0.817941364273113,1.03685744312577,0.746974403298351,2,3,1,0,0,0,0,4,2,4,3,3,4,6,6,7,6.760024542,0.00995024875621891,201,NaN,116.227956841722,75.1753913492673
527,mandatory,poisson_f,Poisson Disk + F,baseline,5,13,NaN,1,1,1,0.107864156948512,74.3603292616982,0.794456564758561,1.55532922530159,0.497969148450965,3,6,3,0,3,2,0,5,3,3,2,1,5,7,8,5,0.013135375,NaN,NaN,52,136.865954215846,79.9491955106261
528,mandatory,human_f,Human + F,baseline,5,13,NaN,1,1,1,0.083749661351048,56.9676272177449,0.347038042922518,4.47925146121838,0.172909687386397,2,6,1,0,3,0,0,3,4,2,4,3,8,2,7,6,NaN,NaN,NaN,NaN,209.10656393008,119.801838691418
529,mandatory,dopt_aug,D-opt Aug. (unconstr.),optimal,5,13,NaN,1,1,1,0.119103166975874,76.1648616276223,0.865743285230451,1.32407163623975,0.58494264863483,2,7,5,0,4,4,0,4,3,4,2,1,4,8,9,4,0.791164875,1,201,NaN,135.713027547461,80.2950685936598
530,mandatory,iopt_aug,I-opt Aug. (unconstr.),optimal,5,13,NaN,1,1,1,0.14959452574347,75.1051189214188,0.82313851281882,1.08187479114297,0.715892426947193,3,7,5,0,4,4,0,5,2,3,3,1,4,8,9,4,5.900232333,1,201,NaN,123.336037498003,76.5280311218683
531,mandatory,cdopt_naive,Constr. D-opt Naive,naive,5,13,NaN,1,1,1,0.120097597149519,69.6247785134259,0.634067805838416,1.67372522881966,0.462743798413389,3,3,1,0,0,0,0,5,2,4,2,3,4,6,7,6,0.748534708,0.0796019900497512,201,NaN,215.109760464487,98.1556991470671
532,mandatory,ciopt_naive,Constr. I-opt Naive,naive,5,13,NaN,1,1,1,0.120097597149519,69.6247785134259,0.634067805838416,1.67372522881966,0.462743798413389,3,3,1,0,0,0,0,5,2,4,2,3,4,6,7,6,3.341054501,0.134328358208955,201,NaN,215.109760464487,98.1556991470671
533,mandatory,cdopt_aug,Constr. D-opt Augmentation,proposed,5,13,NaN,1,1,1,0.107525305897397,72.8180093610105,0.738199792701919,1.99586304406632,0.388055669544526,2,3,1,0,0,0,0,4,3,4,2,3,4,6,7,6,0.705247333,1,201,NaN,192.501489169397,114.019306822224
534,mandatory,ciopt_aug,Constr. I-opt Augmentation,proposed,5,13,NaN,1,1,1,0.123577501046865,70.7229923181505,0.668109307046679,1.6312053646117,0.474805923697228,2,3,1,0,0,0,0,4,3,4,2,3,4,6,7,6,3.489966333,0.437810945273632,201,NaN,166.330916868396,87.9718003033879
535,base,poisson,Poisson Disk,baseline,5,14,NaN,1,1,1,0.154066748195655,75.8960544617679,0.795422788608813,1.1020043562704,0.643031735897905,1,4,2,0,0,2,0,4,3,4,3,4,3,7,8,6,0.013128458,NaN,NaN,61.5873363606513,139.90056418779,75.0151166853728
536,base,human,Human,baseline,5,14,NaN,1,1,1,0.140463438255105,67.2036577541471,0.52581536295679,1.85586244741856,0.381829900791021,1,3,6,0,0,6,0,4,4,3,3,3,6,5,10,4,NaN,NaN,NaN,NaN,144.340530530613,81.1919784208166
537,base,dopt,D-opt,optimal,5,14,NaN,1,1,1,0.169993136200434,80.7025658802368,1,0.730093262519283,0.970593498883159,1,9,10,0,5,10,0,4,3,4,3,3,1,10,12,2,1.714426292,0.527363184079602,201,NaN,109.159845076497,64.2438838277416
538,base,iopt,I-opt,optimal,5,14,NaN,1,1,1,0.178069566335799,80.6902351812279,0.999412996210896,0.708623774179612,1,1,10,10,0,6,10,0,4,3,4,3,4,0,10,12,2,10.419531292,0.26865671641791,201,NaN,100.580066829559,65.6090269742882
539,base,cdopt,Constrained D-opt,proposed,5,14,NaN,1,1,1,0.147917430184359,78.551991414399,0.902660912835866,0.934142332597894,0.758582230406897,2,4,0,0,0,0,0,4,4,4,2,3,4,7,7,7,1.200163042,0.0696517412935323,201,NaN,129.217652371726,66.9335120858374
540,base,ciopt,Constrained I-opt,proposed,5,14,NaN,1,1,1,0.160331861236723,77.91519447731,0.875699773093915,0.897188174721889,0.78982736748539,2,4,0,0,0,0,0,4,2,4,4,3,4,7,7,7,5.065454333,0.00497512437810945,201,NaN,115.500866758526,85.8559658799091
541,mandatory,poisson_f,Poisson Disk + F,baseline,5,14,NaN,1,1,1,0.100689775857242,75.998500339289,0.799312639712712,1.62367970589751,0.436430763780415,1,6,6,0,2,6,0,4,3,4,3,1,6,7,10,4,0.014676625,NaN,NaN,52,142.413785948172,90.2169757960375
542,mandatory,human_f,Human + F,baseline,5,14,NaN,1,1,1,0.0760148110764545,58.1442746180185,0.341569418347239,4.27972434859002,0.165576966285941,1,7,2,0,3,2,0,3,4,3,4,3,9,2,6,8,NaN,NaN,NaN,NaN,213.598011914222,114.83360827656
543,mandatory,dopt_aug,D-opt Aug. (unconstr.),optimal,5,14,NaN,1,1,1,0.128468788122739,78.920761063139,0.918652048116993,1.02491853660465,0.691395217152712,2,8,6,0,4,6,0,5,3,3,3,1,4,9,10,4,0.863659375,1,201,NaN,131.85179821067,62.3875338004734
544,mandatory,iopt_aug,I-opt Aug. (unconstr.),optimal,5,14,NaN,1,1,1,0.167365510256765,77.9585737006023,0.877510555839006,0.899603173163949,0.787707063868335,2,8,8,0,4,8,0,5,3,3,3,1,4,9,11,3,5.616267124,1,201,NaN,120.690727433532,74.8396718678579
545,mandatory,cdopt_naive,Constr. D-opt Naive,naive,5,14,NaN,1,1,1,0.151955693808841,72.6573246652905,0.681740137013561,1.31790987542474,0.537687581976146,3,3,0,0,0,0,0,5,3,4,2,3,5,6,7,7,0.689669916,0.189054726368159,201,NaN,148.667383713575,95.3585549748477
546,mandatory,ciopt_naive,Constr. I-opt Naive,naive,5,14,NaN,1,1,1,0.151955693808841,72.6573246652905,0.68174013701356,1.31790987542474,0.537687581976147,3,3,0,0,0,0,0,5,2,4,3,3,5,6,7,7,3.055100042,0.0845771144278607,201,NaN,148.667383713575,97.6354476411933
547,mandatory,cdopt_aug,Constr. D-opt Augmentation,proposed,5,14,NaN,1,1,1,0.111010171134735,75.0014847962537,0.762250488980125,1.61399014499824,0.439050868046277,3,3,0,0,0,0,0,5,2,4,3,3,5,6,7,7,0.701433499,0.388059701492537,201,NaN,169.395748047183,105.351574529042
548,mandatory,ciopt_aug,Constr. I-opt Augmentation,proposed,5,14,NaN,1,1,1,0.154425629597951,72.9051595655881,0.689833467063845,1.27560581056955,0.555519399729934,2,3,0,0,0,0,0,5,3,3,3,3,5,6,7,7,3.420353832,0.154228855721393,201,NaN,146.942513755023,88.1813069017221
549,base,poisson,Poisson Disk,baseline,5,15,NaN,1,1,1,0.182164459938797,81.5966696946974,0.977690963881205,0.679639862307592,0.955273695763071,1,10,11,0,6,10,0,4,4,4,3,5,0,10,13,2,0.013316833,NaN,NaN,61.5873363606513,103.363821515781,64.8423251616127
550,base,human,Human,baseline,5,15,NaN,1,1,1,0.150533108816595,68.5051330813132,0.524154834756098,1.71723997549113,0.378073008036512,2,0,7,0,0,6,0,4,5,3,3,5,5,5,11,4,NaN,NaN,NaN,NaN,139.360485599824,89.2029952483973
551,base,dopt,D-opt,optimal,5,15,NaN,1,1,1,0.186579838269595,82.0704642761015,1,0.649242083054478,1,1,8,7,0,4,6,0,4,3,4,4,3,2,10,11,4,1.989253958,0.800995024875622,201,NaN,101.206291411947,70.9266682681617
552,base,iopt,I-opt,optimal,5,15,NaN,1,1,1,0.186579838269595,82.0704642761015,1,0.649242083054478,1,1,8,7,0,4,6,0,4,3,4,4,3,2,10,11,4,12.28684425,0.492537313432836,201,NaN,101.206291411947,70.9266682681617
553,base,cdopt,Constrained D-opt,proposed,5,15,NaN,1,1,1,0.154187412248782,79.6784832675992,0.892343743874214,0.876920090182198,0.740366300559479,1,3,1,0,0,0,0,4,4,4,3,4,4,7,8,7,1.870487708,0.0646766169154229,201,NaN,132.605759639271,75.9662911400131
554,base,ciopt,Constrained I-opt,proposed,5,15,NaN,1,1,1,0.181923200142833,78.2975086126396,0.835550445289612,0.819166030294086,0.792564704888209,1,4,1,0,0,0,0,4,4,4,3,3,5,7,8,7,7.641012083,0.0348258706467662,201,NaN,116.293688087508,79.2702477301063
555,mandatory,poisson_f,Poisson Disk + F,baseline,5,15,NaN,1,1,1,0.132640409170666,80.3432977736515,0.921045331630963,0.945975592910271,0.686320120646137,2,8,7,0,4,6,0,5,3,4,3,1,5,9,11,4,0.015393083,NaN,NaN,52,126.54084196272,74.7930779457709
556,mandatory,human_f,Human + F,baseline,5,15,NaN,1,1,1,0.115462344494225,64.955922429439,0.442648984451701,2.44534315141012,0.265501421622601,1,6,1,0,2,0,0,4,4,4,3,3,9,3,8,7,NaN,NaN,NaN,NaN,157.278733093328,95.3394303826221
557,mandatory,dopt_aug,D-opt Aug. (unconstr.),optimal,5,15,NaN,1,1,1,0.161887644012165,81.6154892387404,0.978567532701966,0.731127144349694,0.888001612403477,2,9,7,0,5,6,0,5,3,4,3,1,4,10,11,4,0.999365458,1,201,NaN,124.160810402624,73.8297906734354
558,mandatory,iopt_aug,I-opt Aug. (unconstr.),optimal,5,15,NaN,1,1,1,0.161887644012165,81.6154892387404,0.978567532701966,0.731127144349694,0.888001612403477,2,9,7,0,5,6,0,5,3,4,3,1,4,10,11,4,5.721101625,1,201,NaN,124.160810402624,73.8297906734354
559,mandatory,cdopt_naive,Constr. D-opt Naive,naive,5,15,NaN,1,1,1,0.160970774215772,76.3264887943806,0.760695112512246,1.03474492226765,0.627441670969172,3,4,1,0,0,0,0,5,2,5,3,3,5,7,8,7,0.855955334,0.169154228855721,201,NaN,125.462689394654,81.1201259677606
560,mandatory,ciopt_naive,Constr. I-opt Naive,naive,5,15,NaN,1,1,1,0.160970774215772,76.3264887943806,0.760695112512246,1.03474492226765,0.627441670969172,3,4,1,0,0,0,0,5,2,5,3,3,5,7,8,7,4.593458582,0.139303482587065,201,NaN,125.462689394654,77.6550644362155
561,mandatory,cdopt_aug,Constr. D-opt Augmentation,proposed,5,15,NaN,1,1,1,0.128455003031128,78.0654893792487,0.826369647588173,1.18057837316983,0.549935605978685,2,4,1,0,0,0,0,5,3,4,3,3,5,7,8,7,0.827508249,0.417910447761194,201,NaN,135.798671686916,87.9129444463321
562,mandatory,ciopt_aug,Constr. I-opt Augmentation,proposed,5,15,NaN,1,1,1,0.172609549559129,76.5224772865099,0.767827748615451,0.996618143911971,0.651445176891968,2,4,1,0,0,0,0,5,3,4,3,3,5,7,8,7,5.07406225,0.402985074626866,201,NaN,125.104923434428,75.257292646493
563,base,poisson,Poisson Disk,baseline,5,16,NaN,1,1,1,0.124632549525089,67.7952858940731,0.482366736318906,1.91334995589041,0.319140556809001,2,6,2,0,2,2,0,4,5,4,3,3,9,4,9,7,0.015024625,NaN,NaN,42.0119030752,181.598227653027,91.3703242045168
564,base,human,Human,baseline,5,16,NaN,1,1,1,0.16469708518431,72.6281139657399,0.607188543744255,1.30440436464482,0.468127512329823,2,1,4,0,0,4,0,5,4,4,3,5,5,6,10,6,NaN,NaN,NaN,NaN,130.583558522492,80.6531500993084
565,base,dopt,D-opt,optimal,5,16,NaN,1,1,1,0.187717826178492,83.1053482947712,1,0.624176043486471,0.978293826982766,2,7,8,0,3,8,0,5,3,4,4,3,3,10,12,4,2.355186,0.124378109452736,201,NaN,99.3746374978673,72.8235180362939
566,base,iopt,I-opt,optimal,5,16,NaN,1,1,1,0.193426160082484,83.0733760190415,0.998478669078446,0.610627570293341,1,0,8,12,0,4,12,0,4,4,4,4,4,2,10,14,2,11.209314166,0.278606965174129,201,NaN,99.5627330015365,74.6348166158965
567,base,cdopt,Constrained D-opt,proposed,5,16,NaN,1,1,1,0.154854572901972,80.7231320780226,0.892758771350548,0.845510590945785,0.722199788899505,0,3,0,0,0,0,0,4,4,4,4,4,5,7,8,8,1.154484834,0.00995024875621891,201,NaN,132.605959358433,88.8942505767489
568,base,ciopt,Constrained I-opt,proposed,5,16,NaN,1,1,1,0.187260056001852,79.1761168975535,0.829355606855978,0.780812416279617,0.782041316918133,0,3,0,0,0,0,0,4,4,4,4,4,5,7,8,8,4.500249458,0.00497512437810945,201,NaN,117.44499815971,77.7156363586414
569,mandatory,poisson_f,Poisson Disk + F,baseline,5,16,NaN,1,1,1,0.0521620069871816,67.6176109963034,0.478302787716944,4.67380932827041,0.130648797887378,3,2,0,1,0,0,0,5,5,4,2,4,6,6,8,8,0.013480209,NaN,NaN,42.0119030752,242.045102230654,114.895495754399
570,mandatory,human_f,Human + F,baseline,5,16,NaN,1,1,1,0.12182637975204,65.5564042517744,0.433586483515159,2.35627302236621,0.259149752383168,2,5,6,0,1,6,0,5,4,4,3,5,8,3,11,5,NaN,NaN,NaN,NaN,155.909667780273,87.8737746607108
571,mandatory,dopt_aug,D-opt Aug. (unconstr.),optimal,5,16,NaN,1,1,1,0.180774186312009,82.7640085459342,0.983877114118807,0.648532850419582,0.941552258915309,2,8,8,0,4,8,0,5,4,4,3,2,4,10,12,4,1.051097166,1,201,NaN,106.531381477344,71.4995448704773
572,mandatory,iopt_aug,I-opt Aug. (unconstr.),optimal,5,16,NaN,1,1,1,0.180774186312009,82.7640085459342,0.983877114118807,0.648532850419582,0.941552258915309,2,8,8,0,4,8,0,5,4,4,3,2,4,10,12,4,5.030537501,1,201,NaN,106.531381477344,71.4995448704773
573,mandatory,cdopt_naive,Constr. D-opt Naive,naive,5,16,NaN,1,1,1,0.157494906821641,78.7425094865324,0.812406678209043,0.933987582760896,0.653785533730874,2,4,0,0,0,0,0,5,3,5,3,3,6,7,8,8,0.59632125,0.0298507462686567,201,NaN,119.874967719252,77.1723048418203
574,mandatory,ciopt_naive,Constr. I-opt Naive,naive,5,16,NaN,1,1,1,0.172790050216541,78.1048673842752,0.788109579435377,0.902350415077254,0.676707806734995,2,4,0,0,0,0,0,5,3,5,3,3,6,7,8,8,2.237518083,0.00995024875621891,201,NaN,124.174307669457,74.7311477427362
575,mandatory,cdopt_aug,Constr. D-opt Augmentation,proposed,5,16,NaN,1,1,1,0.142610029507979,79.6968811356253,0.850179343024968,0.979396591174496,0.623473244440308,2,4,0,0,0,0,0,5,4,4,3,3,6,7,8,8,0.620836,0.0945273631840796,201,NaN,132.6277372726,75.0885090996642
576,mandatory,ciopt_aug,Constr. I-opt Augmentation,proposed,5,16,NaN,1,1,1,0.182758353805479,78.2876559805231,0.79499939945858,0.871086327090571,0.700995471175443,2,4,0,0,0,0,0,5,4,4,3,3,6,7,8,8,2.524615292,0.0646766169154229,201,NaN,122.058311968609,81.445372620771
577,base,poisson,Poisson Disk,baseline,5,17,NaN,1,1,1,0.181735870638012,78.6518555659347,0.772037922083309,0.904388681315861,0.637307717556275,3,6,1,0,1,0,0,3,4,6,4,5,3,9,9,8,0.01274225,NaN,NaN,42.0119030752,121.765072629677,75.2458427341573
578,base,human,Human,baseline,5,17,NaN,1,1,1,0.185753323361536,75.070954857947,0.651003220600399,1.0728601750342,0.537231131964393,1,2,9,0,0,8,0,5,4,4,4,5,5,7,13,4,NaN,NaN,NaN,NaN,126.897940216851,70.5176534206357
579,base,dopt,D-opt,optimal,5,17,NaN,1,1,1,0.194997948374959,84.0850093401135,1,0.588670467604377,0.979111265117005,1,7,9,0,2,8,0,4,4,5,4,4,3,10,13,4,2.159507374,0.0746268656716418,201,NaN,102.809986797329,70.7111460466039
580,base,iopt,I-opt,optimal,5,17,NaN,1,1,1,0.198544675823716,84.046551393827,0.99817034508748,0.576373886273141,1,1,7,9,0,2,8,0,5,4,4,4,4,3,10,13,4,11.474098624,0.169154228855721,201,NaN,100.186540570914,77.2661576976496
581,base,cdopt,Constrained D-opt,proposed,5,17,NaN,1,1,1,0.168714806167824,82.5596591005136,0.929939521406401,0.722654906807896,0.797578319670026,1,5,1,0,0,0,0,4,4,5,4,3,6,8,9,8,1.895987584,0.149253731343284,201,NaN,117.609577318766,71.7263885980925
582,base,ciopt,Constrained I-opt,proposed,5,17,NaN,1,1,1,0.202496756121293,81.0349272616688,0.864812979812873,0.684968637994205,0.841460257160003,1,4,1,0,0,0,0,5,4,4,4,4,5,8,9,8,9.20430975,0.0248756218905473,201,NaN,120.915698198139,75.6585260483489
583,mandatory,poisson_f,Poisson Disk + F,baseline,5,17,NaN,1,1,1,0.0681451729147369,71.1080676156122,0.539048567243862,3.02887328372342,0.190293165901149,1,2,1,0,0,0,0,4,4,5,4,5,7,5,9,8,0.013035208,NaN,NaN,42.0119030752,146.306491988331,79.7618601660639
584,mandatory,human_f,Human + F,baseline,5,17,NaN,1,1,1,0.104515895151496,67.7869348680969,0.460197844888046,2.1964717409783,0.262408969585207,3,10,1,0,5,0,0,6,3,5,3,5,11,1,8,9,NaN,NaN,NaN,NaN,185.051678382103,120.268327679064
585,mandatory,dopt_aug,D-opt Aug. (unconstr.),optimal,5,17,NaN,1,1,1,0.195685341188968,83.7927660552344,0.986180037830699,0.59284054937021,0.972224128200134,1,7,9,0,2,8,0,5,4,4,4,3,4,10,13,4,1.406815833,1,201,NaN,100.251533574154,77.5159864279851
586,mandatory,iopt_aug,I-opt Aug. (unconstr.),optimal,5,17,NaN,1,1,1,0.195685341188968,83.7927660552344,0.986180037830699,0.59284054937021,0.972224128200134,1,7,9,0,2,8,0,5,4,4,4,3,4,10,13,4,10.069995209,1,201,NaN,100.251533574154,77.5159864279851
587,mandatory,cdopt_naive,Constr. D-opt Naive,naive,5,17,NaN,1,1,1,0.163940993995567,81.9866488417066,0.904908062812088,0.758272140562562,0.760114812929206,3,5,1,0,0,0,0,6,3,5,3,3,6,8,9,8,0.883534167,0.0646766169154229,201,NaN,116.455376865935,80.5451843227266
588,mandatory,ciopt_naive,Constr. I-opt Naive,naive,5,17,NaN,1,1,1,0.192432100363966,80.723836682301,0.852096205862789,0.716697918024898,0.804207563294634,3,5,1,0,0,0,0,6,3,5,3,3,6,8,9,8,5.499720083,0.0597014925373134,201,NaN,124.57336520297,77.6196493168886
589,mandatory,cdopt_aug,Constr. D-opt Augmentation,proposed,5,17,NaN,1,1,1,0.174637123918507,82.1927815118984,0.913834234143417,0.720796791903158,0.799634366783611,3,5,1,0,0,0,0,6,3,4,4,3,6,8,9,8,1.44838075,0.293532338308458,201,NaN,117.651056532027,74.1239528076623
590,mandatory,ciopt_aug,Constr. I-opt Augmentation,proposed,5,17,NaN,1,1,1,0.194303122529211,80.9445073192067,0.861097349537194,0.699673414486684,0.823775599214382,3,5,1,0,0,0,0,6,3,4,4,3,6,8,9,8,7.063143542,0.0447761194029851,201,NaN,116.246843724355,76.8878737723203
591,base,poisson,Poisson Disk,baseline,5,18,NaN,1,1,1,0.123644863417738,70.85953908814,0.50911639370479,1.87835248170233,0.288776786432761,3,3,4,0,0,4,0,3,3,6,6,7,7,4,11,7,0.013397541,NaN,NaN,42.0119030752,140.048567847993,82.5141863577843
592,base,human,Human,baseline,5,18,NaN,1,1,1,0.173000208162495,75.8367857449479,0.645282630277733,1.0431472080769,0.519988539732559,3,2,6,0,0,6,0,6,3,5,4,5,6,7,12,6,NaN,NaN,NaN,NaN,125.996673009472,82.6168617665481
593,base,dopt,D-opt,optimal,5,18,NaN,1,1,1,0.198366922633396,85.0361900503312,1,0.550620443559751,0.985115245535084,1,7,2,0,3,2,0,5,4,5,4,3,5,10,10,8,2.613003583,0.0298507462686567,201,NaN,102.982909447695,67.4066943975285
594,base,iopt,I-opt,optimal,5,18,NaN,1,1,1,0.204090055887296,85.0172770657046,0.999099787119399,0.542424593454001,1,1,6,6,0,2,6,0,5,4,5,4,4,4,10,12,6,16.480030916,0.134328358208955,201,NaN,102.50960263649,75.9494193877992
595,base,cdopt,Constrained D-opt,proposed,5,18,NaN,1,1,1,0.173939578755858,83.488273008021,0.928940736168353,0.692855394488194,0.782882832073041,1,4,0,0,0,0,0,4,5,5,4,4,6,8,9,9,1.399574542,0.0248756218905473,201,NaN,123.271261694388,71.9975972195764
596,base,ciopt,Constrained I-opt,proposed,5,18,NaN,1,1,1,0.205903392022207,81.949605555909,0.863311058702582,0.652180579409951,0.831709208429282,2,4,0,0,0,0,0,5,3,5,5,4,6,8,9,9,6.903384584,0.0398009950248756,201,NaN,122.717883610909,71.9167208335873
597,mandatory,poisson_f,Poisson Disk + F,baseline,5,18,NaN,1,1,1,0.107330386956572,77.3258681516361,0.692700061166403,1.54955737390953,0.3500513130956,1,4,2,0,0,2,0,5,5,4,4,4,6,8,10,8,0.013523458,NaN,NaN,42.0119030752,156.98902081036,80.0805858788214
598,mandatory,human_f,Human + F,baseline,5,18,NaN,1,1,1,0.156244669427715,72.0456918357001,0.538700698273076,1.36625688807831,0.397015084196166,2,3,8,0,0,8,0,6,4,4,4,5,8,5,13,5,NaN,NaN,NaN,NaN,141.072952964053,82.7996356271587
599,mandatory,dopt_aug,D-opt Aug. (unconstr.),optimal,5,18,NaN,1,1,1,0.197616628462325,84.6843856430104,0.98338695349526,0.570072360702352,0.951501302020171,2,7,8,0,3,8,0,6,4,4,4,3,5,10,13,5,1.7719055,1,201,NaN,101.492555635323,62.3054857789294
600,mandatory,iopt_aug,I-opt Aug. (unconstr.),optimal,5,18,NaN,1,1,1,0.196065708470992,84.6469795258587,0.981636860838826,0.564677453488767,0.960591909775607,1,7,8,0,3,8,0,5,5,4,4,3,5,10,13,5,7.146611624,0.666666666666667,201,NaN,101.759555317853,78.4484567375465
601,mandatory,cdopt_naive,Constr. D-opt Naive,naive,5,18,NaN,1,1,1,0.179366440899131,82.9898720187959,0.907153398533686,0.692782512512116,0.782965192766055,3,4,0,0,0,0,0,6,3,5,4,4,6,8,9,9,0.737063042,0.00995024875621891,201,NaN,119.501532341764,73.2070445605962
602,mandatory,ciopt_naive,Constr. I-opt Naive,naive,5,18,NaN,1,1,1,0.179366440899131,82.9898720187959,0.907153398533686,0.692782512512116,0.782965192766055,3,4,0,0,0,0,0,6,3,5,4,4,6,8,9,9,3.361978999,0.0248756218905473,201,NaN,119.501532341764,73.2070445605962
603,mandatory,cdopt_aug,Constr. D-opt Augmentation,proposed,5,18,NaN,1,1,1,0.173562234437792,83.0450932089116,0.909541970499134,0.695138013570226,0.780312086039016,2,4,0,0,0,0,0,6,4,4,4,4,6,8,9,9,0.948905958,0.0746268656716418,201,NaN,116.97175028599,81.5642464171587
604,mandatory,ciopt_aug,Constr. I-opt Augmentation,proposed,5,18,NaN,1,1,1,0.200633914203281,81.7935630123587,0.856919916279859,0.670400473606099,0.809105325562029,3,4,0,0,0,0,0,6,3,5,4,4,6,8,9,9,3.973012708,0.0199004975124378,201,NaN,119.144434179346,76.4966331171551
605,base,poisson,Poisson Disk,baseline,5,19,NaN,1,1,1,0.117814841965672,75.3103611250721,0.602367818456537,1.74060908819805,0.298236017224649,1,6,5,0,1,4,0,4,5,5,5,4,10,5,12,7,0.01520975,NaN,NaN,42.0119030752,164.822239362759,94.0546696871507
606,base,human,Human,baseline,5,19,NaN,1,1,1,0.134676360205525,70.9663211384625,0.489805907681079,1.53283601906193,0.33866135421772,2,6,5,0,1,4,0,6,4,5,4,5,10,4,7,12,NaN,NaN,NaN,NaN,166.757364574245,119.405740740121
607,base,dopt,D-opt,optimal,5,19,NaN,1,1,1,0.206170500838754,85.9549886740199,1,0.522718672552624,0.993100781103154,2,6,3,0,1,2,0,6,4,5,4,4,5,10,11,8,2.460162416,0.0149253731343284,201,NaN,104.382531000738,70.2312161159828
608,base,iopt,I-opt,optimal,5,19,NaN,1,1,1,0.207107038801123,85.9361952373227,0.999105474769437,0.519112322009214,1,2,6,1,0,1,0,0,6,4,5,4,4,5,10,10,9,14.997637124,0.442786069651741,201,NaN,105.958974935804,69.569569856566
609,base,cdopt,Constrained D-opt,proposed,5,19,NaN,1,1,1,0.184013207592633,85.1828485529019,0.963899177789908,0.598793564914488,0.866930362024428,2,5,1,0,0,0,0,6,4,5,4,4,6,9,10,9,2.052409291,0.0995024875621891,201,NaN,110.161015772285,74.0153860788959
610,base,ciopt,Constrained I-opt,proposed,5,19,NaN,1,1,1,0.208525733815937,84.4331175581655,0.930093599629828,0.570090819369615,0.910578287479229,2,5,1,0,0,0,0,5,4,6,4,4,6,9,9,10,10.701322584,0.258706467661692,201,NaN,116.018146174274,70.4832025422291
611,mandatory,poisson_f,Poisson Disk + F,baseline,5,19,NaN,1,1,1,0.141292458545224,74.1082792436767,0.56885539244134,1.27569174998634,0.406926141847962,2,1,7,0,0,6,0,6,4,4,5,6,6,7,13,6,0.014028083,NaN,NaN,42.0119030752,143.552035005835,92.7742839717072
612,mandatory,human_f,Human + F,baseline,5,19,NaN,1,1,1,0.157572370960163,73.0379087327875,0.540587350280559,1.30889945612094,0.396602137453444,2,3,7,0,0,6,0,6,5,4,4,6,8,5,13,6,NaN,NaN,NaN,NaN,144.470772986481,86.3202788787575
613,mandatory,dopt_aug,D-opt Aug. (unconstr.),optimal,5,19,NaN,1,1,1,0.202548346740084,85.5633243870875,0.981522167364523,0.544555370287861,0.953277389836047,2,7,7,0,2,6,0,6,4,5,4,3,6,10,13,6,1.853394292,0.597014925373134,201,NaN,105.769843449761,69.7119487867074
614,mandatory,iopt_aug,I-opt Aug. (unconstr.),optimal,5,19,NaN,1,1,1,0.200673818951036,85.4998022977983,0.978557684687364,0.536520168686106,0.967554161627284,1,7,7,0,2,6,0,5,5,5,4,3,6,10,13,6,8.121729583,0.407960199004975,201,NaN,103.208524789545,78.6707337156631
615,mandatory,cdopt_naive,Constr. D-opt Naive,naive,5,19,NaN,1,1,1,0.185243081364812,84.6621560136361,0.940293272817745,0.604669014857184,0.858506570130475,3,5,1,0,0,0,0,6,3,6,4,4,6,9,10,9,1.265555792,0.0995024875621891,201,NaN,110.393131156757,76.8288716811852
616,mandatory,ciopt_naive,Constr. I-opt Naive,naive,5,19,NaN,1,1,1,0.194975823449522,84.003790337676,0.911271678136007,0.596347492268574,0.870486299916265,2,5,1,0,0,0,0,6,4,5,4,4,6,9,10,9,5.708978834,0.114427860696517,201,NaN,113.366971974176,70.8740473909077
617,mandatory,cdopt_aug,Constr. D-opt Augmentation,proposed,5,19,NaN,1,1,1,0.187706033875128,84.8644533457984,0.949395081304338,0.603219848847374,0.86056903300037,2,5,1,0,0,0,0,6,4,5,4,4,6,9,10,9,1.370087833,0.353233830845771,201,NaN,108.436002918608,72.888297823131
618,mandatory,ciopt_aug,Constr. I-opt Augmentation,proposed,5,19,NaN,1,1,1,0.201874878885189,84.0548167389324,0.913488604435156,0.590687958697131,0.878826653507903,2,5,1,0,0,0,0,6,4,4,5,4,6,9,10,9,6.742373292,0.119402985074627,201,NaN,112.748234583418,77.7696676075915
619,base,random,Random,baseline,3,3,44,1,1,1,0.00389590623917632,-4.86523288259806,0.175355819497964,1934.33103488746,0.0202694663668189,2,2,1,0,0,0,0,1,0,0,2,1,2,0,2,1,NaN,NaN,NaN,NaN,364.741294473054,210.984194054545
620,base,random,Random,baseline,3,4,84,1,1,1,0.0183069780567108,-0.274703748900657,0.113201344019028,131.306915442928,0.0185555162320786,2,3,4,0,0,4,0,1,2,0,1,3,0,1,4,0,NaN,NaN,NaN,NaN,195.373885035727,97.4743763745126
621,base,random,Random,baseline,3,5,190,1,1,1,0.03198658259926,9.7223662361941,0.18051582706302,35.4659577662846,0.0325203575447108,1,3,1,0,0,0,0,1,1,1,2,3,2,0,2,3,NaN,NaN,NaN,NaN,84.9817000963619,54.0704157067892
622,base,random,Random,baseline,3,6,93,1,1,1,0.0237380003730656,16.2231580036311,0.24897804567701,31.832307738792,0.0217766059084291,4,2,0,1,0,0,0,2,0,4,0,1,3,2,3,3,NaN,NaN,NaN,NaN,88.9553636793933,67.1172027284198
623,mandatory,random_f,Random + F,baseline,3,6,60,1,1,1,0.0984689356682361,17.8330683618144,0.292468146072093,5.03028350250979,0.137805278855088,1,5,2,0,3,2,0,2,2,1,1,1,5,0,4,2,NaN,NaN,NaN,NaN,47.7871801610181,34.1380841992173
624,base,random,Random,baseline,3,7,152,1,1,1,0.0390661132469649,20.1938434978007,0.303333672390405,10.8359819678312,0.0487741276358797,3,1,1,0,0,0,0,0,2,3,2,2,3,2,4,3,NaN,NaN,NaN,NaN,36.5538072363279,35.1489715865331
625,mandatory,random_f,Random + F,baseline,3,7,15,1,1,1,0.0875663462015344,19.9993000668873,0.297489546193044,4.10761708208735,0.128667194871659,3,6,1,1,3,0,0,4,1,1,1,1,6,0,3,4,NaN,NaN,NaN,NaN,42.2033189415674,35.2258674385781
626,base,random,Random,baseline,3,8,172,1,1,1,0.0564890781597884,22.0281501846146,0.314179911388773,6.49981751070255,0.0636425099349892,3,1,6,1,0,6,0,1,1,2,4,3,3,2,7,1,NaN,NaN,NaN,NaN,43.1785626965115,25.8130145893416
627,mandatory,random_f,Random + F,baseline,3,8,87,1,1,1,0.0936856811312925,21.2429782626598,0.290454981666285,3.62624762199887,0.114075138716667,2,3,4,0,0,4,0,2,3,2,1,3,4,1,6,2,NaN,NaN,NaN,NaN,52.5327156614513,34.2234349090149
628,base,random,Random,baseline,3,9,22,1,1,1,0.0736259494385184,26.6432173902689,0.43355508693002,2.79994386037789,0.126985864371525,5,4,1,2,2,0,0,0,2,5,2,1,5,3,5,4,NaN,NaN,NaN,NaN,36.4898536047003,24.8899918718543
629,mandatory,random_f,Random + F,baseline,3,9,85,1,1,1,0.106118371927964,24.513400452848,0.350386618533019,2.28955864043427,0.155293376209133,2,5,1,0,3,0,0,3,1,3,2,2,6,1,4,5,NaN,NaN,NaN,NaN,37.4984979379042,30.614320569643
630,base,random,Random,baseline,3,10,97,1,1,1,0.0965895363757254,26.1444364868845,0.361284235984331,2.25184098057121,0.138425626079037,3,2,2,0,0,2,0,3,4,1,2,4,4,2,4,6,NaN,NaN,NaN,NaN,40.6591421034894,27.5535839764286
631,mandatory,random_f,Random + F,baseline,3,10,122,1,1,1,0.169330871064194,28.1493930029393,0.441492334473574,1.38056528050181,0.225786134106387,3,6,0,0,3,0,0,4,3,1,2,1,7,2,5,5,NaN,NaN,NaN,NaN,29.8189940531947,22.1888405751056
632,base,random,Random,baseline,3,11,89,1,1,1,0.0621662189497342,29.3369395245777,0.441903130067742,2.91834624415259,0.0951838213595076,4,3,3,1,0,2,0,3,1,2,5,4,2,5,7,4,NaN,NaN,NaN,NaN,41.1610322896198,20.4938723372667
633,mandatory,random_f,Random + F,baseline,3,11,172,1,1,1,0.149102375445377,28.7485555111501,0.416652397054504,1.24251458507343,0.223562242975357,2,3,1,0,0,0,0,4,2,3,2,4,5,2,5,6,NaN,NaN,NaN,NaN,31.3028430928032,21.7384336127511
634,base,random,Random,baseline,3,12,68,1,1,1,0.109153845201171,28.6037526922293,0.37238924233775,1.4610815694372,0.169663994635343,2,5,4,0,1,4,0,2,2,4,4,3,7,2,8,4,NaN,NaN,NaN,NaN,27.2184686134641,21.0871810184098
635,mandatory,random_f,Random + F,baseline,3,12,153,1,1,1,0.134264093264182,30.2696857347645,0.439893636232375,1.16852696988407,0.212141389927341,3,4,0,1,0,0,0,3,5,2,2,4,6,2,6,6,NaN,NaN,NaN,NaN,36.3147965726492,19.3940328394286
636,base,random,Random,baseline,3,13,20,1,1,1,0.0835563129298385,31.331045980186,0.454195700493246,1.56619248555769,0.142346859239074,2,1,1,0,0,0,0,3,4,4,2,4,4,5,7,6,NaN,NaN,NaN,NaN,26.7784925143403,16.2062258011927
637,mandatory,random_f,Random + F,baseline,3,13,93,1,1,1,0.197689800926116,33.4716748106606,0.562612462014529,0.635279712633341,0.350936094525737,3,2,3,0,0,2,0,5,3,2,3,3,5,5,8,5,NaN,NaN,NaN,NaN,24.5673765698801,18.9132277835408
638,base,random,Random,baseline,3,14,95,1,1,1,0.150217664271278,31.7199256653913,0.439563149757897,0.823014724328018,0.249230189446122,5,4,2,2,0,2,0,6,4,1,3,7,3,4,8,6,NaN,NaN,NaN,NaN,28.434388282259,21.9328558550051
639,mandatory,random_f,Random + F,baseline,3,14,152,1,1,1,0.133629483318011,30.2164388089398,0.378203611974715,1.00741390629942,0.203610566003299,4,5,4,1,1,4,0,4,5,4,1,5,7,2,9,5,NaN,NaN,NaN,NaN,32.1062927395156,23.2743752977123
640,base,random,Random,baseline,3,15,30,1,1,1,0.177062522258884,32.4750634586447,0.446953045931832,0.747435873936912,0.253459696269027,2,2,7,0,0,6,0,5,4,3,3,5,6,4,11,4,NaN,NaN,NaN,NaN,25.3366629052649,16.5731931528838
641,mandatory,random_f,Random + F,baseline,3,15,83,1,1,1,0.174640219410745,32.9141690676009,0.467016275077067,0.744395222019662,0.254495010156877,3,6,1,0,2,0,0,4,5,2,4,3,9,3,7,8,NaN,NaN,NaN,NaN,24.0605653947073,22.2084341140108
642,base,random,Random,baseline,3,16,84,1,1,1,0.200464748997374,34.1192555584965,0.499395872649941,0.544349047495437,0.325554113551342,2,6,0,0,2,0,0,4,5,3,4,6,8,2,8,8,NaN,NaN,NaN,NaN,23.806491851514,16.5105010078642
643,mandatory,random_f,Random + F,baseline,3,16,138,1,1,1,0.174510486145335,33.4872787643772,0.468811811808167,0.697599368654719,0.254035596336108,5,2,0,3,0,0,0,7,2,3,4,6,6,4,8,8,NaN,NaN,NaN,NaN,28.2919704397234,20.3520987175872
644,base,random,Random,baseline,3,17,141,1,1,1,0.208975440491096,36.0376606398882,0.574930637735884,0.466809017342037,0.358895765638887,3,2,1,0,0,0,0,6,4,4,3,5,7,5,8,9,NaN,NaN,NaN,NaN,22.2999304594311,18.4154433073886
645,mandatory,random_f,Random + F,baseline,3,17,172,1,1,1,0.189943140478425,35.5797055824854,0.549195180166332,0.552120374156832,0.30344067621478,3,3,1,0,0,0,0,6,3,4,4,7,6,4,9,8,NaN,NaN,NaN,NaN,22.7245184701308,16.1354242049246
646,base,random,Random,baseline,3,18,195,1,1,1,0.112030637545971,35.7914209577068,0.534428989400654,0.846423709753369,0.186786777638509,6,7,4,3,3,4,0,4,4,8,2,9,2,7,11,7,NaN,NaN,NaN,NaN,33.1694243779964,22.5269057239994
647,mandatory,random_f,Random + F,baseline,3,18,28,1,1,1,0.184229098857219,35.8825190924349,0.539319781085219,0.487197480210175,0.324510621839547,6,3,0,4,0,0,0,8,2,2,6,5,8,5,9,9,NaN,NaN,NaN,NaN,25.5761162756515,17.6767357224762
648,base,random,Random,baseline,3,19,76,1,1,1,0.239562262452265,35.6747095288375,0.507659029266928,0.42439029427881,0.356730188183935,1,9,1,0,4,0,0,5,5,5,4,6,11,2,9,10,NaN,NaN,NaN,NaN,26.6930660923382,18.7801308174869
649,mandatory,random_f,Random + F,baseline,3,19,107,1,1,1,0.212347131222502,36.5528300958217,0.5542534519867,0.414202109895141,0.365504728065827,2,4,1,0,0,0,0,4,6,5,4,7,8,4,10,9,NaN,NaN,NaN,NaN,22.3222839268559,17.0231771855651
650,base,random,Random,baseline,4,4,43,1,1,1,0.000301961351643053,-13.3298262484739,0.0993330226742845,133395.70031729,0.000677256303177397,2,1,2,0,0,2,0,1,2,1,0,1,2,1,1,3,NaN,NaN,NaN,NaN,1766.84366054908,1453.34065868928
651,base,random,Random,baseline,4,5,17,1,1,1,0.00249926530777533,-8.5901971001043,0.0531056431848403,3082.16874819463,0.00191750419331765,1,4,1,0,1,0,0,1,1,2,1,4,0,1,3,2,NaN,NaN,NaN,NaN,738.040084412547,322.54972060255
652,base,random,Random,baseline,4,6,43,1,1,1,0.00626697137488336,14.1996830723319,0.172653927421959,384.62724486219,0.00546330830331388,3,5,2,0,3,2,0,2,1,3,0,1,5,0,4,2,NaN,NaN,NaN,NaN,618.709775325702,284.645972224187
653,mandatory,random_f,Random + F,baseline,4,6,156,1,1,1,0.0293673285771808,18.5697999505179,0.231049112620945,31.9767818055165,0.0657144684951953,1,5,0,0,3,0,0,2,2,1,1,1,5,0,3,3,NaN,NaN,NaN,NaN,285.853697146038,137.391950657237
654,base,random,Random,baseline,4,7,96,1,1,1,0.011186025078101,19.6635340102466,0.180635530723515,141.075821186709,0.00756992085003245,3,1,3,1,0,2,0,4,1,1,1,3,2,2,2,5,NaN,NaN,NaN,NaN,283.949111008548,149.84414666067
655,mandatory,random_f,Random + F,baseline,4,7,78,1,1,1,0.0342498639978174,21.1123956809607,0.198953700489566,24.0475509826399,0.0444092124394566,2,5,1,0,2,0,0,3,1,2,1,2,5,0,3,4,NaN,NaN,NaN,NaN,238.319239688752,106.85351159974
656,base,random,Random,baseline,4,8,142,1,1,1,0.0147515964406428,25.4203660859991,0.218948702533402,59.6272307780576,0.0145377718706624,4,3,4,2,0,4,0,2,4,2,0,3,4,1,2,6,NaN,NaN,NaN,NaN,124.177329944659,93.6636570596757
657,mandatory,random_f,Random + F,baseline,4,8,107,1,1,1,0.0371546182361008,28.6032821445284,0.270705596686582,17.0611254482472,0.0508083174794191,2,4,2,0,1,2,0,2,3,1,2,2,5,1,5,3,NaN,NaN,NaN,NaN,105.29947437863,78.2595901919679
658,base,random,Random,baseline,4,9,22,1,1,1,0.022402688245995,29.0670620205988,0.232436180214109,28.7360478325562,0.0240333535407326,2,2,3,0,0,2,0,3,2,1,3,3,4,2,6,3,NaN,NaN,NaN,NaN,148.635717362526,68.3018555204551
659,mandatory,random_f,Random + F,baseline,4,9,58,1,1,1,0.0467186743055708,31.3855786212643,0.271288672744476,11.0904199642961,0.0622720870036102,4,5,3,1,3,2,0,5,1,1,2,2,6,1,6,3,NaN,NaN,NaN,NaN,130.02037153931,88.2332489988077
660,base,random,Random,baseline,4,10,136,1,1,1,0.0251111815156692,34.3946245915737,0.27982448677386,19.0642339288894,0.0294678145963754,3,3,2,0,0,2,0,2,4,3,1,5,3,2,6,4,NaN,NaN,NaN,NaN,125.24414600452,54.1995240665319
661,mandatory,random_f,Random + F,baseline,4,10,169,1,1,1,0.057097885977912,32.447328733985,0.245756903413595,8.84026192622034,0.0635480391335682,4,5,2,1,2,2,0,5,1,2,2,3,6,1,6,4,NaN,NaN,NaN,NaN,118.947945858245,68.3761922508695
662,base,random,Random,baseline,4,11,179,1,1,1,0.0432840529293102,35.9459237930833,0.266332829998805,9.44844103119693,0.0496780028409511,4,2,1,1,0,0,0,1,2,3,5,5,3,3,5,6,NaN,NaN,NaN,NaN,105.882650433573,63.7741567156074
663,mandatory,random_f,Random + F,baseline,4,11,195,1,1,1,0.0616027409703482,34.7456533373064,0.245851756109501,6.82730731593884,0.0687503372368429,2,5,1,0,2,0,0,2,2,4,3,4,6,1,6,5,NaN,NaN,NaN,NaN,120.161955508326,66.2754001164186
664,base,random,Random,baseline,4,12,176,1,1,1,0.0459371589601999,36.9002918031061,0.263598866786498,8.81183052774654,0.0486522729300497,2,3,2,0,0,2,0,3,3,4,2,3,6,3,5,7,NaN,NaN,NaN,NaN,148.471459869407,53.9468772752602
665,mandatory,random_f,Random + F,baseline,4,12,174,1,1,1,0.0717726538229283,39.3965770609331,0.311328156294651,4.34046359508319,0.0987718418684378,3,7,2,1,3,2,0,5,3,2,2,3,8,1,7,5,NaN,NaN,NaN,NaN,89.1919263738194,52.8763969084852
666,base,random,Random,baseline,4,13,12,1,1,1,0.0612005436135441,40.6730389170705,0.315042290615554,4.37105031073623,0.0889637432972049,2,3,5,0,0,4,0,4,3,2,4,6,4,3,9,4,NaN,NaN,NaN,NaN,80.3542467289986,45.4305034708277
667,mandatory,random_f,Random + F,baseline,4,13,180,1,1,1,0.0644830638644731,40.0243530611518,0.301708452498409,4.08530063591867,0.0951863846602957,4,7,3,1,4,2,0,5,4,3,1,4,8,1,5,8,NaN,NaN,NaN,NaN,82.5237947005456,44.9460265683035
668,base,random,Random,baseline,4,14,138,1,1,1,0.0418791336846089,43.8194688667306,0.36397770460711,5.71749777088009,0.0617243756625052,3,4,0,0,0,0,0,2,3,5,4,3,7,4,7,7,NaN,NaN,NaN,NaN,69.1485724555465,41.2301445846021
669,mandatory,random_f,Random + F,baseline,4,14,186,1,1,1,0.0752200927927863,42.1762558301398,0.326211217793937,3.44779267960517,0.10235794696906,3,7,2,0,3,2,0,3,2,4,5,5,8,1,6,8,NaN,NaN,NaN,NaN,119.046009985843,77.6614035925835
670,base,random,Random,baseline,4,15,15,1,1,1,0.0666099725849872,42.2257217699129,0.307383712129923,3.37424262542519,0.0980708458357884,3,5,1,1,1,0,0,6,3,3,3,7,6,2,7,8,NaN,NaN,NaN,NaN,110.992633172291,65.430601225022
671,mandatory,random_f,Random + F,baseline,4,15,183,1,1,1,0.070851832902025,45.4509489337409,0.381119124139449,2.8340648861156,0.116763321105246,3,4,1,1,0,0,0,3,6,3,3,5,7,3,8,7,NaN,NaN,NaN,NaN,97.8388505664426,56.6525026461292
672,base,random,Random,baseline,4,16,166,1,1,1,0.0770577279911777,43.6605857811292,0.320470582333038,2.82429964623656,0.109482321173429,4,5,0,2,1,0,0,3,2,5,6,5,8,3,8,8,NaN,NaN,NaN,NaN,83.5543497880771,52.4504707744166
673,mandatory,random_f,Random + F,baseline,4,16,33,1,1,1,0.0725605287187272,47.1854970607325,0.405363652105304,2.42464327069503,0.127528401681389,4,5,0,4,1,0,0,6,2,6,2,5,8,3,8,8,NaN,NaN,NaN,NaN,89.7245536404354,60.1130773400418
674,base,random,Random,baseline,4,17,27,1,1,1,0.0812505572147204,49.060196262592,0.435346958105917,2.22655636594825,0.129931121340638,5,2,3,2,0,2,0,7,5,2,3,5,7,5,10,7,NaN,NaN,NaN,NaN,72.2977306158989,53.1461011592872
675,mandatory,random_f,Random + F,baseline,4,17,107,1,1,1,0.118061593645962,50.1112070945742,0.466944640030904,1.31090657327586,0.220686181039474,2,7,5,0,2,4,0,5,3,4,5,4,10,3,11,6,NaN,NaN,NaN,NaN,60.5607248765824,45.085512446177
676,base,random,Random,baseline,4,18,181,1,1,1,0.0782501767087324,53.856722756208,0.574546914054848,1.46084760581696,0.18838887544582,8,3,2,5,0,2,0,10,3,2,3,4,7,7,10,8,NaN,NaN,NaN,NaN,65.5477708230217,51.8444461520548
677,mandatory,random_f,Random + F,baseline,4,18,31,1,1,1,0.120184407542826,48.9692135762771,0.414779813394951,1.42333130428212,0.193354447295305,1,6,2,0,2,2,0,5,4,5,4,4,10,4,10,8,NaN,NaN,NaN,NaN,70.2724352933245,44.5341835271683
678,base,random,Random,baseline,4,19,110,1,1,1,0.0735458236108159,51.9494643083114,0.485210727005599,1.81686282817746,0.145599487160404,6,3,1,3,0,0,0,8,5,4,2,6,8,5,9,10,NaN,NaN,NaN,NaN,63.1400590200023,45.8396588509749
679,mandatory,random_f,Random + F,baseline,4,19,94,1,1,1,0.102348674599702,51.4802920601128,0.470269124132561,1.36676021613311,0.193548431466546,3,6,1,0,1,0,0,6,3,6,4,5,10,4,10,9,NaN,NaN,NaN,NaN,59.8554399717531,43.397844305862
680,base,random,Random,baseline,5,6,124,1,1,1,7.66762378576821e-05,8.94491645617508,0.157818733752158,1398920.62637582,1.02134410026566e-05,2,3,2,0,1,2,0,2,2,2,0,3,0,3,2,4,NaN,NaN,NaN,NaN,18254.8643556009,8192.40460131179
681,mandatory,random_f,Random + F,baseline,5,6,63,1,1,1,0.000464765628445543,1.76584747768725,0.112121902227203,62670.5904850816,0.000227982426434773,1,5,0,0,3,0,0,2,2,1,1,1,5,0,3,3,NaN,NaN,NaN,NaN,28574.6222654268,11860.879859053
682,base,random,Random,baseline,5,7,137,1,1,1,0.000641272961443031,18.2534565469857,0.153718655812296,22487.2675889556,0.000147347674463872,1,4,1,0,1,0,0,2,2,2,1,1,5,1,4,3,NaN,NaN,NaN,NaN,5340.37453887155,3090.10559048459
683,mandatory,random_f,Random + F,baseline,5,7,190,1,1,1,0.00523840511341308,12.4344455096446,0.116515959796583,742.848172656227,0.00446046272474686,1,5,1,0,2,0,0,2,2,2,1,2,5,0,4,3,NaN,NaN,NaN,NaN,2332.80837701118,1033.06891546016
684,base,random,Random,baseline,5,8,106,1,1,1,0.00323967737028667,8.39499940895992,0.0758929869108338,1701.84946905923,0.00130792627724951,3,4,2,1,1,2,0,4,2,1,1,4,4,0,3,5,NaN,NaN,NaN,NaN,1376.548618784,936.675830141631
685,mandatory,random_f,Random + F,baseline,5,8,74,1,1,1,0.00605481798377656,32.6137389371669,0.240470541128422,269.031351183486,0.00827373326831183,3,4,0,1,1,0,0,4,1,1,2,1,5,2,4,4,NaN,NaN,NaN,NaN,817.836471132644,516.337667590844
686,base,random,Random,baseline,5,9,113,1,1,1,0.00269100318725247,32.7714080399656,0.195989237649235,1388.69350985488,0.00126789724929862,1,3,1,0,1,0,0,3,2,2,2,2,2,5,5,4,NaN,NaN,NaN,NaN,879.784932736869,281.606015488393
687,mandatory,random_f,Random + F,baseline,5,9,188,1,1,1,0.0135290387036241,34.0735033725807,0.208526115463825,108.107666844077,0.0162867327791222,3,3,3,0,1,2,0,4,3,1,1,2,5,2,6,3,NaN,NaN,NaN,NaN,604.994916379322,321.466215837702
688,base,random,Random,baseline,5,10,82,1,1,1,0.00520818279959955,35.9829538867209,0.189038755159473,349.779484066508,0.00403561356006258,3,3,2,0,0,2,0,1,4,4,1,3,5,2,4,6,NaN,NaN,NaN,NaN,611.49574281163,209.707105738499
689,mandatory,random_f,Random + F,baseline,5,10,90,1,1,1,0.0111963438174643,32.0489242742,0.156744533411865,101.209570736398,0.0139470488676112,4,5,6,1,2,6,0,5,1,2,2,3,6,1,8,2,NaN,NaN,NaN,NaN,733.766369237586,283.669891053329
690,base,random,Random,baseline,5,11,74,1,1,1,0.0101347552608661,41.8439560545958,0.208291116431045,109.313174231526,0.0103298897408391,3,3,3,1,0,2,0,2,2,5,2,4,5,2,4,7,NaN,NaN,NaN,NaN,378.149607031135,157.132309587462
691,mandatory,random_f,Random + F,baseline,5,11,183,1,1,1,0.0148342853142327,45.6462516487615,0.249634636366787,55.5038571337889,0.0203444065934182,3,4,1,0,1,0,0,4,3,3,1,3,6,2,6,5,NaN,NaN,NaN,NaN,620.810648652712,237.143355611034
692,base,random,Random,baseline,5,12,88,1,1,1,0.0163316517394784,47.5137804126401,0.239705327561621,43.7289218833319,0.0200105605123028,3,3,4,1,0,4,0,5,3,2,2,6,3,3,4,8,NaN,NaN,NaN,NaN,471.909541419555,231.658211898985
693,mandatory,random_f,Random + F,baseline,5,12,168,1,1,1,0.0231706714423259,41.5689451941528,0.18060692339935,31.6366342906324,0.0276590812235445,3,6,4,1,2,4,0,4,3,4,1,4,7,1,8,4,NaN,NaN,NaN,NaN,426.554472361609,167.180262081351
694,base,random,Random,baseline,5,13,141,1,1,1,0.0179021679310808,51.2205529740311,0.263951191570322,36.6055312449333,0.0211581677288602,3,1,3,1,0,2,0,4,4,4,1,4,4,5,8,5,NaN,NaN,NaN,NaN,381.529772641903,179.076310424712
695,mandatory,random_f,Random + F,baseline,5,13,54,1,1,1,0.0213103873582624,45.3561439662479,0.199638181135714,27.7299928257523,0.0279302621804165,3,4,3,0,1,2,0,3,2,3,5,5,6,2,8,5,NaN,NaN,NaN,NaN,328.306932925514,195.279233786354
696,base,random,Random,baseline,5,14,47,1,1,1,0.0117302037926559,56.9179727304986,0.322194565963103,48.5494950714031,0.0145959041002882,5,3,4,2,0,4,0,4,1,3,6,3,5,6,9,5,NaN,NaN,NaN,NaN,261.107735316793,127.308503727288
697,mandatory,random_f,Random + F,baseline,5,14,159,1,1,1,0.0298713517355287,47.494935659742,0.205704269869833,20.3685402589112,0.0347901108853193,4,7,2,1,3,2,0,5,3,5,1,5,8,1,8,6,NaN,NaN,NaN,NaN,311.705679943555,209.573782851331
698,base,random,Random,baseline,5,15,59,1,1,1,0.0193309431442845,54.2207218437472,0.265489971520469,25.3127368094935,0.0256488299918238,2,0,7,0,0,6,0,3,3,5,4,5,5,5,11,4,NaN,NaN,NaN,NaN,263.264275700363,123.233397309228
699,mandatory,random_f,Random + F,baseline,5,15,148,1,1,1,0.0384320571939671,47.5929035272031,0.193633398309209,15.6552878866348,0.0414711046999492,3,8,1,0,4,0,0,4,2,5,4,5,9,1,8,7,NaN,NaN,NaN,NaN,365.930599668601,203.437820931244
700,base,random,Random,baseline,5,16,98,1,1,1,0.0354727370371165,57.1894009595645,0.291098747685434,11.7981665262566,0.0517561410016041,6,5,4,4,1,4,0,5,1,7,3,5,8,3,6,10,NaN,NaN,NaN,NaN,331.955707723525,138.332841189911
701,mandatory,random_f,Random + F,baseline,5,16,193,1,1,1,0.0334928612119109,61.3414974861377,0.354738688945295,8.97820782670607,0.0680121893009653,4,5,2,2,1,2,0,3,3,7,3,5,8,3,7,9,NaN,NaN,NaN,NaN,281.525905648535,112.021862950373
702,base,random,Random,baseline,5,17,175,1,1,1,0.0418335119786758,59.0828364608914,0.304044969990639,7.57860914143043,0.0760527262347182,4,5,1,1,0,0,0,2,5,6,4,6,8,3,9,8,NaN,NaN,NaN,NaN,260.387581750949,115.935328827314
703,mandatory,random_f,Random + F,baseline,5,17,114,1,1,1,0.0373413436588772,63.4721367780519,0.374724061415216,7.11548326455265,0.0810027744910137,4,4,3,1,0,2,0,6,5,4,2,7,7,3,10,7,NaN,NaN,NaN,NaN,230.883872795581,97.9631102829951
704,base,random,Random,baseline,5,18,13,1,1,1,0.0420659670243439,64.6503994662117,0.378798100358027,6.36311652208202,0.085245114021033,5,3,6,2,0,6,0,3,6,2,7,8,5,5,12,6,NaN,NaN,NaN,NaN,190.92427679793,108.074095234251
705,mandatory,random_f,Random + F,baseline,5,18,125,1,1,1,0.0448171741575803,67.3674223840047,0.431119532874922,5.14882735349956,0.105349151605428,6,6,4,3,2,4,0,8,2,4,4,4,10,4,11,7,NaN,NaN,NaN,NaN,185.729621653231,120.989510999547
706,base,random,Random,baseline,5,19,145,1,1,1,0.0442865811483309,67.1377380860791,0.408174887002156,5.99059587316536,0.0866545387136792,4,1,3,1,0,2,0,3,6,7,3,7,6,6,11,8,NaN,NaN,NaN,NaN,295.314876895501,96.0823104375618
707,mandatory,random_f,Random + F,baseline,5,19,30,1,1,1,0.0497538418093461,61.846081051242,0.317256964429455,5.4613072116758,0.0950527596944917,4,6,3,1,1,2,0,7,4,3,5,5,10,4,11,8,NaN,NaN,NaN,NaN,228.688181664349,122.875771458816
