condition,scenario,method,howa_order,n_shots,n_draws,n_rejected_draws,representative_draw,mean_rms_median_over_draws,mean_rms_mean_over_draws,mean_rms_p95_over_draws,mean_rms_best_draw,mean_rms_worst_draw,mean_rms_representative,p95_rms_median_over_draws,p95_rms_mean_over_draws,p95_rms_p95_over_draws,p95_rms_best_draw,p95_rms_worst_draw
nominal,base,random,3,3,200,1,44,32.623760142925,349.679695587587,1156.57979679245,5.79906253649233,16867.0631383162,32.4591358504655,56.914892500144,667.623913140922,2282.49275267182,9.47312695347902,31550.646396549
noise_low,base,random,3,3,200,1,44,19.5393176589893,256.554593415312,869.932903727224,3.87647280386446,13099.4684603979,18.0712573124905,35.6202748827916,488.645633091301,1628.5511517897,6.37632764112626,25277.6622803452
noise_high,base,random,3,3,200,1,44,59.3480065546173,584.483055680956,1881.78937081745,10.3670571742867,27313.7622835795,62.8365410846053,107.855578779978,1130.96541460315,3719.24239317221,17.593149823502,52284.6269077596
scan_x0,base,random,3,3,200,1,44,31.4961031253109,282.296517764419,1070.71730602203,5.74474392331521,12767.715088276,31.8838135697748,55.250937051195,549.421457692699,2158.70347912693,9.53408915587507,24476.7660168789
scan_x0.5,base,random,3,3,200,1,44,31.7403466318589,300.820193352331,1093.43485044299,5.7573953999815,13784.4397205157,32.0539293062576,55.9636937351481,581.38339607079,2217.99349754804,9.48572053891622,26205.036790175
scan_x2,base,random,3,3,200,1,44,34.3227262008363,489.210168269338,1688.33269230741,5.96510198201802,25917.9807383891,33.9452296585706,61.590405299148,923.863608096499,3130.40909083824,9.64660145909547,49122.8445767896
scan_x4,base,random,3,3,200,1,44,40.8299783440994,822.906750512662,2990.69636330685,6.58020154835155,47372.9693765646,39.1707714910473,75.7835633906154,1536.98630892708,5551.39763266845,10.50163339932,91110.8464502111
nominal,base,random,3,4,200,0,84,10.4516670072379,76.1158938105941,256.463445246324,2.14420188820674,2752.53302273385,10.3093919458915,18.0137521985777,143.413710400978,506.45234197273,3.07360887461639,5139.81211957152
noise_low,base,random,3,4,200,0,84,7.4300706095051,57.7251258547599,156.704744903853,1.78546900943219,2309.7291269342,7.54859852148544,13.2772591010767,107.777774989935,305.534723499825,2.58500780247817,4209.40054100563
noise_high,base,random,3,4,200,0,84,17.9165660416175,123.397924533599,478.705650873491,3.19116603867677,4089.97559697402,17.3006574479985,30.7842205579901,235.84866916113,944.120828789132,4.4868709080323,7942.03489481952
scan_x0,base,random,3,4,200,0,84,10.3306765527384,62.2078740578187,235.085683430734,2.03254887964363,1742.42497889845,10.2356261753461,17.5672246015237,119.618194340375,456.684915716461,2.94696184352234,3466.95102449974
scan_x0.5,base,random,3,4,200,0,84,10.3596396322864,66.2811639702336,239.903072037328,2.05873740356351,2057.23839110341,10.2578930512133,17.5350645427698,126.687595920826,472.457166235487,2.98266032552559,3981.0748070982
scan_x2,base,random,3,4,200,0,84,11.3042192767861,104.390654008134,311.234671230426,2.45958101761579,4596.19449673702,10.497316995044,19.5283979259456,192.189858377771,607.087507195325,3.40407325515757,8436.06556137386
scan_x4,base,random,3,4,200,0,84,14.7128258821481,173.043626210647,469.714730214341,3.43760469953452,8705.97348742479,11.1855956285259,25.2282979392764,310.143812143864,910.27149230967,4.73041016714986,15542.4272476521
nominal,base,random,3,5,200,0,190,6.31380777649568,13.4767421185529,25.0183097424758,2.0523179372524,853.797103391229,6.2345168110085,10.7382907873285,24.011447958667,47.2633852102291,2.85232544926853,1532.47928923148
noise_low,base,random,3,5,200,0,190,4.88615081069815,10.5540455668934,17.620568594439,1.72697852842468,758.957690581114,4.90335394044201,8.70502165824074,18.4176283144052,34.3115712905984,2.40816565182921,1270.33941697006
noise_high,base,random,3,5,200,0,190,10.2567226640363,21.2529380288623,42.4487792227293,3.00775534171504,1174.46643105211,9.84932513104097,16.9760252718863,38.6151322393044,79.957640206233,4.10836534648042,2238.11781280944
scan_x0,base,random,3,5,200,0,190,5.88738664147315,11.0966118412326,24.7702377074337,1.87854438501686,474.404154685236,5.69760802485702,10.0686858731385,20.0891738036277,47.1543174176695,2.67270725968641,909.711731044471
scan_x0.5,base,random,3,5,200,0,190,6.00341378878194,11.7960060839811,24.8436352838107,1.92127752758541,589.132806797689,5.83285856559868,10.2648832637841,21.3394966431236,47.1396346284392,2.69746346306304,1119.47246407936
scan_x2,base,random,3,5,200,0,190,7.52901024496753,18.0435382857038,27.9915159602763,2.39017540708476,1514.52606356244,7.65257549933916,12.6692475879538,31.2507936895479,52.5454162722585,3.29964896705867,2560.18387912375
scan_x4,base,random,3,5,200,0,190,10.2941562421312,28.9442198570422,44.3023788248774,3.21675196613755,2929.30629056322,11.7619946350262,17.4231405085607,48.8573271086134,82.1304442056444,4.28188328622236,4822.98907840468
nominal,base,random,3,6,200,0,93,4.87564309216737,13.2549270825997,22.9049323487846,1.55648648569298,1250.78876196784,4.87342258920075,7.84015136734513,23.4071088310014,43.0157889805332,2.0920691821511,2224.88329575175
noise_low,base,random,3,6,200,0,93,3.91122977612888,11.3405175950229,16.4276773883479,1.38985587764808,1191.35245278601,3.94801619333841,6.44476550857177,19.8462930807468,30.9583297854063,1.89557809774451,2073.76171207276
noise_high,base,random,3,6,200,0,93,7.30730171639722,18.6657435793021,39.9603883323874,2.08929357925454,1484.53042816753,7.45991318321981,11.9036164926001,33.6705520821395,75.7933455246758,2.81509925951363,2774.54131489065
scan_x0,base,random,3,6,200,0,93,4.5750639343388,9.13816191274059,20.8032882190309,1.39973329576882,509.787914884192,4.49661331434186,7.46466132445959,16.5429288621158,39.2305081704808,1.95451338744741,979.127377224438
scan_x0.5,base,random,3,6,200,0,93,4.63027634075327,10.4556405339468,20.8908408319798,1.43997992038776,752.311626349821,4.5858922525393,7.57798197292796,18.7667914438308,39.8588451448202,1.97425411065067,1393.23820535428
scan_x2,base,random,3,6,200,0,93,5.57197814044497,19.9762032822822,26.0859227521689,1.95096099312402,2377.55703826109,5.90892201948319,9.16093763047965,34.3844161071499,48.485878601358,2.59707876981002,4084.16701929358
scan_x4,base,random,3,6,200,0,93,7.79832398909024,34.8379948035796,39.0714591886049,3.04607229666001,4698.98987423603,8.95232788829032,12.1823167117154,59.0502860480951,71.5634039842559,3.99609601647025,7981.6545167189
nominal,mandatory,random_f,3,6,200,0,60,2.68070560455022,2.67999270829198,2.86909945068461,2.30381871569641,2.93077583099064,2.68070560455022,3.88804547403727,3.87261571196611,4.14635023307497,3.43670755575579,4.2020559015392
noise_low,mandatory,random_f,3,6,200,0,60,2.25212380045632,2.25247158294686,2.40333027834119,1.99781765271439,2.45762073879166,2.25212380045632,3.35711939357161,3.34407879883341,3.55029372210742,3.06027837878063,3.61443700812926
noise_high,mandatory,random_f,3,6,200,0,60,3.91721369790499,3.92055285397672,4.29851022584689,3.22623758293839,4.31596139211806,3.93244116730953,5.69320795931073,5.64740697902476,6.15520706124368,4.66064976065889,6.23775473317975
scan_x0,mandatory,random_f,3,6,200,0,60,2.4775285727548,2.46982131575918,2.66492463046081,2.10808251824287,2.67543490089134,2.4775285727548,3.63719848026549,3.62092665553096,3.88871702990483,3.17301100953143,3.90114899432811
scan_x0.5,mandatory,random_f,3,6,200,0,60,2.53050209107981,2.52385150465195,2.71378058383901,2.15754703611325,2.73424222487435,2.53050209107981,3.70218935447793,3.69072293055492,3.96379520514354,3.22784070456772,3.98143783451516
scan_x2,mandatory,random_f,3,6,200,0,60,3.205285376856,3.22567819120958,3.46968918660014,2.81516721363433,3.59793127988983,3.205285376856,4.54719336413391,4.54507803662509,4.96037385087695,4.08115156934421,5.15145893242327
scan_x4,mandatory,random_f,3,6,200,0,60,4.75543148778345,4.81252663193235,5.22941288888933,4.29106274840938,5.48630716364405,4.73839454758353,6.48243509567866,6.59135699055195,7.36452403287252,6.06037996944264,7.85803256102609
nominal,base,random,3,7,200,0,152,3.53149670819512,4.26085756394683,9.07300390570992,1.58684362980591,16.0842872586524,3.5311250088151,5.82887257833675,7.19684602433061,16.4008778998618,2.13964287752941,31.21436499139
noise_low,base,random,3,7,200,0,152,2.97619685275825,3.54374256910396,7.43521199282301,1.46487688413138,12.7460906203387,3.02502558542608,5.05100563601614,6.03519247462778,12.4577498229139,2.02734627204008,25.2620213426177
noise_high,base,random,3,7,200,0,152,5.05522262398454,6.31529807611797,14.4036350479743,1.99741092716217,25.6751086828169,5.05362994968604,8.36901845722775,10.6954357837788,26.6568633857163,2.6902372907116,48.7118550135657
scan_x0,base,random,3,7,200,0,152,3.19834517954248,3.93710896759063,8.58949804029304,1.3734117085965,15.4177927898412,3.22300704032497,5.40309564537026,6.74675670789274,15.7903396376967,1.9039331907461,29.7440445179372
scan_x0.5,base,random,3,7,200,0,152,3.29535083435088,4.02092747801273,8.69479289230778,1.42954221046745,15.6071764139561,3.30717896171157,5.48947617283576,6.86382116954691,15.9804673177364,1.95098463975157,30.1099895623154
scan_x2,base,random,3,7,200,0,152,4.15233634619468,5.08889640995044,10.2990149693725,2.0936190264897,20.2144541585414,4.28875815681787,6.72786051789476,8.41250684705244,18.5401350800078,2.92622097094609,35.5404856534019
scan_x4,base,random,3,7,200,0,152,6.04274461573284,7.47635349252083,14.871890618294,3.19103060813598,33.012240501097,6.42995486532759,9.36043362793022,12.0359683930386,25.5862970991564,4.31232545221684,54.2686679141635
nominal,mandatory,random_f,3,7,200,0,15,2.58101810812674,2.55092840554291,2.86306383336626,1.96278498389181,2.92877835812343,2.57422582751938,3.72083342351135,3.7084278242348,4.12756342473367,2.93553429143609,4.25799858415842
noise_low,mandatory,random_f,3,7,200,0,15,2.220925972277,2.20898973612475,2.45401336857018,1.75168873747977,2.51416947402473,2.22074825999157,3.29666924426659,3.28817721371996,3.60277575885627,2.56256922929072,3.70761023180109
noise_high,mandatory,random_f,3,7,200,0,15,3.59236120816986,3.58054680612375,4.14775871238462,2.62764496670643,4.25357636022892,3.63142836880585,5.22722420392517,5.17792192006434,5.94578514000061,3.88257146312609,6.09792580949303
scan_x0,mandatory,random_f,3,7,200,0,15,2.32079760443482,2.30884342711081,2.62383671075922,1.75720921629702,2.65817768188701,2.36020260249558,3.4365393979006,3.40062972566041,3.82737042699254,2.65626311982434,3.90904713964702
scan_x0.5,mandatory,random_f,3,7,200,0,15,2.38626107764103,2.37145086582296,2.68156249785361,1.81198745280648,2.7286156542306,2.41591674626966,3.50437302987551,3.48174624203068,3.90245988184706,2.69607496300948,3.96197228933048
scan_x2,mandatory,random_f,3,7,200,0,15,3.20031895311149,3.16405096847081,3.57287185383899,2.46883584715113,3.79996247250392,3.12266596177551,4.51322545020906,4.48423965364615,5.07454572575894,3.58140928027308,5.52490529979605
scan_x4,mandatory,random_f,3,7,200,0,15,4.9027769889116,4.88975875066712,5.58230554514422,3.88651028954319,6.21326436726682,4.70513775930784,6.71138602612754,6.77582458705044,7.85452832964906,5.41171958322352,9.14671470520396
nominal,base,random,3,8,200,0,172,2.95764011583111,3.48251030447089,7.71671195549524,1.48531781724619,13.1715750282367,2.95647712531545,4.63800279314292,5.71137687848527,14.2590691139941,1.99187296339199,23.5893338152269
noise_low,base,random,3,8,200,0,172,2.59311602634711,2.97638950082351,6.07284783759464,1.37440890429266,10.7597359390742,2.60089847078308,4.15893782232101,4.89976308264964,11.0037699720817,1.86454016977135,18.5912217882139
noise_high,base,random,3,8,200,0,172,4.10151509823717,4.97758716314747,12.1411672517761,1.83312453179492,20.1793604162427,4.04874343182672,6.50935030805123,8.22590931166859,22.0055061716073,2.48311685568536,35.9529548902292
scan_x0,base,random,3,8,200,0,172,2.72450100927404,3.16653658951335,6.99630502466129,1.28569361818875,10.5301199369386,2.81479290448458,4.42413474116512,5.28784953866279,12.9309306771101,1.8110942883754,18.7843708338044
scan_x0.5,base,random,3,8,200,0,172,2.79026685536848,3.24870208225932,7.09144478492822,1.3423726912411,11.233159286376,2.84924367008082,4.44231385568296,5.39331678200875,13.3793441731922,1.84563659903304,19.8867138748074
scan_x2,base,random,3,8,200,0,172,3.64505443988929,4.27566983641904,9.02315096785868,1.87521247095601,19.0164200672529,3.35258395781084,5.64390192775538,6.84211880284141,16.7163711817643,2.48295347727136,34.007681874051
scan_x4,base,random,3,8,200,0,172,5.30555003889871,6.50685761159342,13.4529541334863,2.92359249393401,33.327056899639,4.59473959609446,8.11346676928001,10.1820434918667,23.221045019036,3.97230715871358,60.9478346561307
nominal,mandatory,random_f,3,8,200,0,87,2.44387261505447,2.42717661597358,2.79639827272148,1.71237551702653,2.97891531450618,2.44202790931388,3.58535920992633,3.55152106761742,4.04621611629838,2.42291955067869,4.28367923122589
noise_low,mandatory,random_f,3,8,200,0,87,2.15707497084431,2.15073474344857,2.41906844464316,1.52601911226676,2.60188130405416,2.12003540945336,3.23497871566315,3.20815015598536,3.5736205056723,2.19722583391491,3.75008398947405
noise_high,mandatory,random_f,3,8,200,0,87,3.33909256866382,3.28635997066022,3.94047304947236,2.29648881414943,4.13484162976744,3.42036685217404,4.8659624260693,4.77517987902091,5.6162610900312,3.21271551424035,5.89445419624508
scan_x0,mandatory,random_f,3,8,200,0,87,2.20144215966129,2.16824810934214,2.51148311738876,1.57971001400053,2.62718940899007,2.24271418625475,3.27327099290095,3.21978906826149,3.68508757059335,2.29471112900922,3.83616849884044
scan_x0.5,mandatory,random_f,3,8,200,0,87,2.26569995649031,2.23514906182956,2.59772318188077,1.61329697633388,2.70356570572458,2.29210827721408,3.34484311426502,3.30645138428403,3.77171333809628,2.33448952875584,3.91365383989638
scan_x2,mandatory,random_f,3,8,200,0,87,3.08731049041263,3.07300984085999,3.5199380947046,2.05538975333242,3.86910207071621,2.97123863139497,4.40414736265204,4.38210747268036,5.09073159891206,2.84016532705655,5.54529502249608
scan_x4,mandatory,random_f,3,8,200,0,87,4.89526909576325,4.85204260080312,5.76225981883106,2.98995253365304,6.32279688887309,4.50862957243399,6.7931498467906,6.76983948515869,8.19295278034906,4.28796276006523,9.23360151355574
nominal,base,random,3,9,200,0,22,2.51505887298209,2.83531304160267,5.01581027599847,1.37500482897108,7.6027264770107,2.51129727344353,3.93960996427275,4.53499865514171,8.61309192500427,1.86602068856922,14.0549246061488
noise_low,base,random,3,9,200,0,22,2.277504257442,2.51433151413993,4.40194153033223,1.3019673233092,6.48754474162813,2.28316641693965,3.52617319262617,4.04176091063556,7.39702365701663,1.79657556615703,12.0190561366923
noise_high,base,random,3,9,200,0,22,3.31124975521479,3.8393983218851,7.64032448432938,1.6286584157929,12.2099131312017,3.26476201691076,5.26352011416887,6.15086288291729,13.2998901505048,2.17345966675073,21.8528701284072
scan_x0,base,random,3,9,200,0,22,2.27166885203573,2.54769227666934,4.56102472343938,1.17321748566974,6.7301225618143,2.2918741557227,3.63057872063263,4.1766101700784,8.14510011819862,1.68793206918365,12.6892910440847
scan_x0.5,base,random,3,9,200,0,22,2.33340059041407,2.62294189270712,4.62863701578749,1.22880179332721,6.94465294443151,2.34849797602774,3.69514238053063,4.26020353442263,8.20595548400654,1.71898538912227,12.8648855680066
scan_x2,base,random,3,9,200,0,22,3.14743985035497,3.54480914045089,6.22877206526147,1.83533356734897,9.76431322128338,3.07543414674656,4.84861426823004,5.49403513293286,10.0060082291865,2.45830437429275,17.6561156342941
scan_x4,base,random,3,9,200,0,22,4.84181139170714,5.50346868915888,9.66671274082536,2.9644499984268,15.5791482873537,4.68548378841559,7.2378757772979,8.33488889486422,15.1167476567251,3.89570222568351,28.1759186321807
nominal,mandatory,random_f,3,9,200,0,85,2.29480724244235,2.30306817657905,2.70812996331899,1.50390962928346,2.97890323075519,2.29340710151125,3.43944415195767,3.39193483868402,3.94551872745433,2.11912907877414,4.29489585352915
noise_low,mandatory,random_f,3,9,200,0,85,2.07528014528648,2.07828146200457,2.39258134265081,1.38404494296423,2.58128282337934,2.08188155068899,3.18433877733373,3.11708201449442,3.55012303606186,1.96520593148609,3.74401960586637
noise_high,mandatory,random_f,3,9,200,0,85,2.99184624128373,3.02070311915805,3.69451786185533,1.90059989014307,4.1818914081556,2.97465246675283,4.37830405636984,4.39560582856665,5.30795371692409,2.62667826781884,6.02820948470538
scan_x0,mandatory,random_f,3,9,200,0,85,2.04342666637074,2.04149800677388,2.3937215215313,1.33724623950883,2.6469631356,1.98125105366012,3.09060850214118,3.07139366930366,3.54189244763362,1.91904038354232,3.91633617249178
scan_x0.5,mandatory,random_f,3,9,200,0,85,2.10643251380579,2.10961797829734,2.46639113264504,1.37958406350897,2.73769702359618,2.06575790969843,3.19483195474779,3.15526737623845,3.67135200692181,2.00480658649614,4.00752435540711
scan_x2,mandatory,random_f,3,9,200,0,85,2.96240784349188,2.94677109383522,3.477420827064,1.90936786495984,3.90343476862007,3.02844634502296,4.24561217334294,4.21049695597276,4.92181644491185,2.55964118660611,5.60613282646279
scan_x4,mandatory,random_f,3,9,200,0,85,4.70976799121139,4.70002711165232,5.61836710103327,2.93440847686853,6.53459822620038,4.96839570052634,6.51207895274849,6.56896970978924,8.06226049367747,3.91937647956349,9.62279486028143
nominal,base,random,3,10,200,0,97,2.29386245575486,2.67923941340802,4.83281391228819,1.35001682480899,11.1351668673469,2.28816968314427,3.55391008870134,4.27182952281284,8.69269373629014,1.82710301345669,21.1073624275473
noise_low,base,random,3,10,200,0,97,2.11835964638094,2.40683833407628,4.35916637057254,1.26987389312661,9.88418317256527,2.09757564668289,3.26614718378988,3.87309595369742,7.81816210678151,1.75403913165729,19.3765126358599
noise_high,base,random,3,10,200,0,97,2.98225324300044,3.54483185555258,6.44817598695291,1.62655658700547,15.0936923852899,2.93285525440225,4.62675725110939,5.6501234699242,11.1675589366536,2.18891860114773,27.068016048538
scan_x0,base,random,3,10,200,0,97,2.05158492684741,2.39876682747501,4.44984458516852,1.1724027044229,10.3194780345781,2.0490049065247,3.20697514591489,3.91293097002645,7.68599915025403,1.64527889327884,20.1307409809458
scan_x0.5,base,random,3,10,200,0,97,2.11492809099817,2.4715818916526,4.5070379976394,1.2241899515747,10.5424217521446,2.11195402075577,3.31047133064397,4.0096801323205,7.83263058665025,1.70391854515141,20.29420761726
scan_x2,base,random,3,10,200,0,97,2.93475628392715,3.37216446235927,6.27880721078939,1.75894041844433,13.175217569573,2.87842800162987,4.4044263032722,5.21039861654551,11.1286934752311,2.29404641154145,23.8081750940355
scan_x4,base,random,3,10,200,0,97,4.63357855714189,5.27453189048377,9.86860442028355,2.84713146692855,19.1940631340484,4.50426923542573,6.89417994293525,7.95508784218943,16.9155470704482,3.69167031647702,33.5318173419006
nominal,mandatory,random_f,3,10,200,0,122,2.13054363505619,2.16529523163428,2.6136168259909,1.45493883658231,2.87803863443225,2.1298572672918,3.19966061723205,3.20479031252583,3.84681412199685,2.04729680256736,4.1245285904415
noise_low,mandatory,random_f,3,10,200,0,122,1.9745955809854,1.98201202284878,2.35393602261465,1.35537708915059,2.5906047771549,1.99413512816558,2.99925707927104,2.97955461772867,3.48694736795664,1.92280122777397,3.76319737216085
noise_high,mandatory,random_f,3,10,200,0,122,2.72221863703556,2.76464267986726,3.50093176894473,1.79447628011893,3.80210585252075,2.5951348192166,4.00363757048694,4.03462857256146,5.06492889399649,2.54360851981954,5.33375443688889
scan_x0,mandatory,random_f,3,10,200,0,122,1.88499695664048,1.90866475597162,2.35152269699461,1.28192315181209,2.4894173726038,1.80868021271465,2.90194085293805,2.89423120222344,3.50462778580562,1.89638112474663,3.64203817130188
scan_x0.5,mandatory,random_f,3,10,200,0,122,1.95314381605466,1.97535298688474,2.4168480883792,1.32829312066096,2.59254531592482,1.89344671582084,3.00109623400454,2.97230146283949,3.58280023556791,1.93316259315909,3.76892750490765
scan_x2,mandatory,random_f,3,10,200,0,122,2.77338149148333,2.79328899486207,3.41867925280494,1.86021235476091,3.8007995043241,2.88112554436734,3.96109136590675,4.00169790775646,4.88323506251026,2.47136025798484,5.45671580796317
scan_x4,mandatory,random_f,3,10,200,0,122,4.41795946040397,4.48946404346481,5.61258253781637,2.79804685071755,6.23313648364782,4.82238447111403,6.2149423529113,6.2810275793789,7.97410477246332,3.76101880246502,9.05491338592106
nominal,base,random,3,11,200,0,89,2.10130176854122,2.32154142444111,4.01206123095173,1.30657651011774,5.72681066160944,2.10006446776276,3.12847067359207,3.60596406679201,6.52460017323986,1.77583949926156,10.0939314836727
noise_low,base,random,3,11,200,0,89,1.92900598418563,2.12666276291798,3.6076591711279,1.24219167575592,5.25964184926379,1.91211590917177,2.9146680251278,3.32816221258853,6.16357390016794,1.70100545424562,9.60163231033236
noise_high,base,random,3,11,200,0,89,2.69733304314411,2.96152679551887,5.26307328102684,1.53312317437666,7.51782589096232,2.69768609031968,4.02836472953108,4.58849691385266,9.12414401312183,2.04182148305109,12.4160674654196
scan_x0,base,random,3,11,200,0,89,1.85546605860846,2.04354784596732,3.38347743258825,1.10893735511631,5.36360242486667,1.82861217062605,2.92118206495512,3.25990052165147,5.85561396781051,1.57722382740884,9.77227509487014
scan_x0.5,base,random,3,11,200,0,89,1.93535737663173,2.1169733238692,3.53690549614989,1.16153207136026,5.45803278108823,1.90561261411475,2.98459854780187,3.35269274077112,6.01035635018631,1.62736653233919,9.8744930479161
scan_x2,base,random,3,11,200,0,89,2.66611354560166,2.98971929330464,5.20749199344952,1.73151238959878,6.97226804563762,2.72079147138418,3.87102735351844,4.50469931234876,8.6809327143297,2.32046332991543,12.0960354635089
scan_x4,base,random,3,11,200,0,89,4.2204977048105,4.78372234609869,8.52975093591026,2.5872540142336,11.5184263936557,4.3730364143627,6.10331550933323,7.07483183621513,14.268561278131,3.38043479429584,18.6925447632605
nominal,mandatory,random_f,3,11,200,0,172,2.09681994024139,2.09620200954844,2.61653857193492,1.36775281026143,2.79238628672762,2.09600450467467,3.15201025986821,3.10700670459858,3.85228522933757,1.87986919167037,3.95393624100907
noise_low,mandatory,random_f,3,11,200,0,172,1.95581359090661,1.94033902334127,2.36394980544995,1.28814375352903,2.52774800358042,1.97088998810329,2.9847383156901,2.91533045325482,3.50712757268497,1.81255564663817,3.67249580694002
noise_high,mandatory,random_f,3,11,200,0,172,2.5873382556516,2.61568462631875,3.42236452132912,1.64314849703328,3.63739851293093,2.52795663824486,3.81139470187382,3.81805879988628,4.96599601714825,2.24409226996103,5.28384709830759
scan_x0,mandatory,random_f,3,11,200,0,172,1.84054180362155,1.83301386386451,2.26819770732936,1.18336773261485,2.42789406202102,1.76577954726975,2.81263975084244,2.79073146779217,3.45241582739798,1.70854650788837,3.63032232559889
scan_x0.5,mandatory,random_f,3,11,200,0,172,1.89680497266788,1.90177541039798,2.37293491901547,1.2317775358626,2.50208388059255,1.85113917653767,2.9140068333273,2.86863945024376,3.55974516943754,1.76359479598499,3.69139091961641
scan_x2,mandatory,random_f,3,11,200,0,172,2.72903966715689,2.73242104053882,3.35516630359936,1.80608139562208,3.74052988275313,2.87658439810568,3.94699112404982,3.91960269904614,4.87410495603464,2.42921310202692,5.45978236285885
scan_x4,mandatory,random_f,3,11,200,0,172,4.42923696681914,4.43235461361022,5.53493577511626,2.90241557319299,6.3904422764441,4.88750761841538,6.20006099444455,6.22931231028875,7.96878381719477,3.99092903290819,9.26211078104773
nominal,base,random,3,12,200,0,68,1.90342614130815,2.10813273021374,3.39635799883584,1.24931604230618,5.15339235149759,1.90195125541758,2.89790862448898,3.26700646653771,5.8220933196093,1.66200206059058,9.46774280299425
noise_low,base,random,3,12,200,0,68,1.76116311435036,1.94813187701375,3.09801298763541,1.18798598650996,4.7581344236143,1.77605410087679,2.70485168888944,3.03954839491675,5.31826440393035,1.60354584318751,8.79642215473799
noise_high,base,random,3,12,200,0,68,2.34109874676959,2.64070665262675,4.38096009411518,1.46962067149791,7.29546414567361,2.33991388579635,3.50870792291055,4.0664921102576,7.45431878070046,1.92837203056357,13.0660653132887
scan_x0,base,random,3,12,200,0,68,1.68559915819426,1.86881660133511,3.09000220159832,1.07219477080921,4.84944928544747,1.65025143345292,2.62866483346277,2.98151424523707,5.37098287780444,1.49994065686405,9.02503040199253
scan_x0.5,base,random,3,12,200,0,68,1.74141977522831,1.93131167773098,3.18416878811,1.1180666267853,4.90510526192567,1.71427947879843,2.70500478055395,3.0506313773801,5.43565974241299,1.54955535374266,9.16875136388542
scan_x2,base,random,3,12,200,0,68,2.42254434493747,2.69107982113515,4.4387379314849,1.66520196994646,6.71104153237486,2.52045605465681,3.46722458922068,4.03623004027907,7.35388167815095,2.18699504480232,11.7244474312777
scan_x4,base,random,3,12,200,0,68,3.95039596434595,4.27046765669058,7.02838620219109,2.43199818204618,11.0219901622269,4.16551155349035,5.59571555920848,6.27749660064005,11.6147640618794,3.30978588318549,19.1039671004453
nominal,mandatory,random_f,3,12,200,0,153,1.95658312741397,1.96893396474024,2.48156470019987,1.33123924750163,2.6847796805875,1.955584404333,2.96780802048828,2.92409253867387,3.66921925905853,1.84327538263484,3.92814477994663
noise_low,mandatory,random_f,3,12,200,0,153,1.83062648306062,1.83522262285596,2.28335374438222,1.26244112457633,2.43979104839637,1.83878470122759,2.81084306418819,2.76123582824783,3.37422157099912,1.76354638989307,3.61741828244757
noise_high,mandatory,random_f,3,12,200,0,153,2.42310749538736,2.42033402134929,3.168203323667,1.5742226460383,3.47017444171247,2.36335893030527,3.54042227602118,3.53297252905464,4.62012204241276,2.12100195569527,5.14698203466083
scan_x0,mandatory,random_f,3,12,200,0,153,1.73049694407622,1.7281041210151,2.15049458018794,1.17061738668709,2.34307695675247,1.74883815907913,2.68263826078698,2.64222935606679,3.27379518586318,1.67793628712403,3.55880638100646
scan_x0.5,mandatory,random_f,3,12,200,0,153,1.78963712494706,1.79070279357218,2.25662585749608,1.21207957694942,2.42298706366528,1.79812938013744,2.75812159776685,2.71222326838104,3.3605334258016,1.71524289048184,3.60451863212856
scan_x2,mandatory,random_f,3,12,200,0,153,2.53900723508309,2.55413082372591,3.25941967595396,1.72195635061001,3.67330183881935,2.49550266999355,3.68344772268974,3.66659259937463,4.67552809032359,2.24036240875408,5.14056584399607
scan_x4,mandatory,random_f,3,12,200,0,153,4.09234735061539,4.12380647836752,5.34959182087287,2.63999418748852,6.19121325863442,3.99167246467213,5.80786471898732,5.8149588559643,7.55028997422323,3.55222239115118,8.57988664865289
nominal,base,random,3,13,200,0,20,1.72206628844809,1.85667695439696,2.70610197678349,1.22360592462305,3.84899121699614,1.72137057194183,2.52812620835777,2.80142808477318,4.4642994304287,1.65430591465287,6.75365790727418
noise_low,base,random,3,13,200,0,20,1.62024989473206,1.73938655915837,2.50450209416907,1.15877820121235,3.57919238100077,1.59380668688326,2.38204937294219,2.64515119123598,4.23831365152312,1.59320307622617,6.3401458283939
noise_high,base,random,3,13,200,0,20,2.08434309387924,2.2583100484016,3.48651161120178,1.43609677612077,4.75904063872122,2.15052575084893,3.01405135067565,3.37792133405271,5.809853669136,1.86437927913948,8.181584483937
scan_x0,base,random,3,13,200,0,20,1.50007721976129,1.62721172563948,2.43323483433334,1.06209437419146,3.46594983151259,1.53591851153991,2.27223023969754,2.52883933908627,4.26254820180939,1.49378362165468,6.10301167543876
scan_x0.5,base,random,3,13,200,0,20,1.55995900036352,1.68735020625916,2.49679775707244,1.11345043222165,3.56007998884182,1.58008223193848,2.349879626978,2.59699328332953,4.35719561918743,1.52612997374332,6.09781197835796
scan_x2,base,random,3,13,200,0,20,2.25785404114051,2.40826265174234,3.47029046701631,1.53365281781441,5.30553355500292,2.19908165349186,3.22602906091184,3.53054818649234,5.52927409973367,2.03992489425126,9.2451868930385
scan_x4,base,random,3,13,200,0,20,3.6992414946089,3.88106346197451,5.77132948313466,2.39069137335171,9.1955049692885,3.50147984749105,5.225725449773,5.6352392194457,9.10611318199609,3.26088379463117,15.4168296134211
nominal,mandatory,random_f,3,13,200,0,93,1.85247999794224,1.8731326854555,2.39176588846644,1.28571214604337,2.61870359164933,1.85082802764432,2.78819128148551,2.78419373728909,3.54416226567522,1.71141934074736,3.82523808094188
noise_low,mandatory,random_f,3,13,200,0,93,1.73789970760413,1.75938818659783,2.21207648829825,1.22162376029187,2.39820280107553,1.7825171833848,2.64624151202453,2.64589649323743,3.31722592582824,1.65672709342589,3.64177886837331
noise_high,mandatory,random_f,3,13,200,0,93,2.21815742417311,2.26273850784452,2.97779746066464,1.47361638922563,3.34391271878111,2.10021061022949,3.28620884384944,3.29899690692065,4.34919783675174,1.9266998856109,4.81355434538474
scan_x0,mandatory,random_f,3,13,200,0,93,1.62079862457629,1.63899498186145,2.08020280136067,1.05576137519945,2.30395659683667,1.52378372272255,2.51491190759661,2.51038827293869,3.18463588191531,1.49823805005439,3.45143736682344
scan_x0.5,mandatory,random_f,3,13,200,0,93,1.67599843094615,1.70000613282894,2.15757818526944,1.11728885519711,2.38540735123914,1.61020927105158,2.58729189750478,2.57780913060744,3.27911989314423,1.54586532921217,3.50849628525553
scan_x2,mandatory,random_f,3,13,200,0,93,2.4134031566259,2.43920106276928,3.12253090180004,1.63285906888252,3.43582343711303,2.59643085427178,3.50573143145784,3.49924731630192,4.54040947659327,2.14455494361653,5.00894698140697
scan_x4,mandatory,random_f,3,13,200,0,93,3.87578282251215,3.95063086760113,5.21287242146607,2.48561874871887,5.82476065571732,4.4738190793011,5.52447581878773,5.56098923327533,7.41170979519009,3.37827564046102,8.20729102452157
nominal,base,random,3,14,200,0,95,1.71913388738641,1.84392143501101,2.77156756598796,1.2461053615061,5.38153983260484,1.71837706340976,2.52054584803212,2.79110071759215,4.48840452537145,1.6954530764884,9.60596104323092
noise_low,base,random,3,14,200,0,95,1.63018787541948,1.73367990231204,2.56472126859036,1.18698882600434,5.03060889407357,1.62940145357715,2.38335262945007,2.64425474369383,4.24676657844323,1.63070915439258,9.32136559892434
noise_high,base,random,3,14,200,0,95,2.04990418925635,2.22462225982999,3.47312031339463,1.43768421946052,6.59844717536229,2.03593338366076,2.97940463182729,3.33617791865872,5.59379807320851,1.89157593995357,11.7440681005715
scan_x0,base,random,3,14,200,0,95,1.50872957462037,1.61938615560097,2.4384720876976,1.07265696144575,4.55647632323729,1.43368190722796,2.27924673982481,2.52669517820124,4.07285495280693,1.52131087025791,8.12133122964862
scan_x0.5,base,random,3,14,200,0,95,1.5594719041941,1.67830370612807,2.52756908110727,1.12333924408399,4.75203869583105,1.51036640522242,2.3344171913154,2.59027256515287,4.07384771529709,1.57997268116326,8.47962143955443
scan_x2,base,random,3,14,200,0,95,2.24062326419184,2.38560416056138,3.54389709671267,1.58371008763603,7.49344065212162,2.36937683184925,3.19490971170444,3.4968489578816,5.77084525819794,2.09442136724276,13.0048642580522
scan_x4,base,random,3,14,200,0,95,3.57376652712428,3.83703146378808,5.65077811974112,2.48457841583529,13.0152075972866,4.02954588759861,5.09275945711188,5.55415200668745,8.92087862147995,3.30877318501369,20.9359837469377
nominal,mandatory,random_f,3,14,200,0,152,1.81491347786928,1.7989550668852,2.24381877601356,1.23141630391296,2.73478900236932,1.81471616915655,2.68894728083504,2.67287601549819,3.36544037264112,1.68860175031643,3.95831692234145
noise_low,mandatory,random_f,3,14,200,0,152,1.70557177261631,1.69957881250218,2.10059081918336,1.18429029905609,2.5204554247461,1.70449065744433,2.55785714968346,2.55174951753291,3.18682326070346,1.62844873612707,3.68919691402055
noise_high,mandatory,random_f,3,14,200,0,152,2.16654611427058,2.14409706925793,2.71348808510493,1.40193328603158,3.43907126965207,2.19215521314695,3.18129388600719,3.12899834714642,3.99792808950213,1.88827867558782,5.00804618599689
scan_x0,mandatory,random_f,3,14,200,0,152,1.58911477480144,1.57406274432856,1.96271108906527,1.03091035860917,2.30917437373534,1.63631834295085,2.46961924287027,2.40847134910208,3.04292559032782,1.49470740422112,3.39597726848099
scan_x0.5,mandatory,random_f,3,14,200,0,152,1.65083307249582,1.63245451969118,2.01444321679796,1.08507259517444,2.4256444864168,1.68007025004921,2.53344545212435,2.47581242576613,3.14453905026169,1.54737361327927,3.58509741642923
scan_x2,mandatory,random_f,3,14,200,0,152,2.32649232358786,2.34362734938116,3.02092356948054,1.54866649009988,3.70888025390044,2.27706625568374,3.37621819424324,3.36399184775994,4.42913780323299,2.10752187907587,5.33968678985577
scan_x4,mandatory,random_f,3,14,200,0,152,3.76059495759423,3.79769108770174,5.15861295931449,2.39504786688499,6.21873069964891,3.56971561253415,5.38105092993953,5.35261705653361,7.09976058924586,3.26853215057156,8.78762797486313
nominal,base,random,3,15,200,0,30,1.57999351710539,1.6772549896521,2.29926277824498,1.09996974906872,5.34206908068415,1.57372160245989,2.31926863360224,2.48585902804722,3.59197710568041,1.46956220617399,9.19468911666729
noise_low,base,random,3,15,200,0,30,1.50026787022159,1.58583774619694,2.12739516487235,1.06161682267663,4.88177501491478,1.49032875580215,2.21073605259616,2.37016909592047,3.40729193644367,1.44755244593954,8.58045854218628
noise_high,base,random,3,15,200,0,30,1.85910596554207,1.99538393669339,2.94710189639158,1.23753619701459,6.87535355292248,1.86532887871345,2.68013061501897,2.92212025174877,4.84157887525004,1.60627132885411,11.8583640918857
scan_x0,base,random,3,15,200,0,30,1.40886585412133,1.47425588844563,2.07680173165644,0.935970735694288,4.76190875914118,1.40992346197196,2.12286978380564,2.25343528755188,3.2926893566546,1.31553019434204,8.1834068053799
scan_x0.5,base,random,3,15,200,0,30,1.45220492358538,1.52741637340012,2.13068473756718,0.981002091096621,4.88680504845832,1.45328018473893,2.17108473757833,2.31216905535376,3.39325080039998,1.34143045609562,8.3945564000685
scan_x2,base,random,3,15,200,0,30,2.04004774379648,2.16650436163106,2.99135709609756,1.47086138038381,6.95016217242236,1.97451597201841,2.85953871265523,3.12039384822492,4.67847611077827,1.97353682644076,12.0382381294347
scan_x4,base,random,3,15,200,0,30,3.24635806068128,3.47764658239164,4.90778572482102,2.2871336519594,11.3951216442838,3.07968934432152,4.55189656348065,4.98075899004745,7.43599765381359,3.0710713972475,20.1082738882114
nominal,mandatory,random_f,3,15,200,0,83,1.73697824276231,1.73251530544973,2.15612535271172,1.20383778014804,2.46225335837204,1.73694867580164,2.58718264691925,2.5774213566381,3.2658044890601,1.68672251798322,3.70337322295906
noise_low,mandatory,random_f,3,15,200,0,83,1.64779111465831,1.6422197958678,2.04034780682265,1.15585743721794,2.27139099838047,1.64526450799367,2.48930127693849,2.47086512014344,3.15497904517206,1.64014837478253,3.46493248761069
noise_high,mandatory,random_f,3,15,200,0,83,2.0445786279912,2.04798070345062,2.59043147266447,1.37474356700151,3.07717679454349,2.05669574445003,3.00671785880988,2.98857693497492,3.88761499287027,1.87291874245963,4.55349366715609
scan_x0,mandatory,random_f,3,15,200,0,83,1.51757505096343,1.5236618485538,1.88478332775166,1.05879612872071,2.20910187270481,1.54866730983151,2.35016928548034,2.33197669099134,3.00969927488918,1.52295992313659,3.31960467048618
scan_x0.5,mandatory,random_f,3,15,200,0,83,1.57385667337859,1.57783459885583,1.9487715260028,1.09644192108637,2.27780089226262,1.5939544304474,2.40375235677064,2.3945881511495,3.05778270900398,1.57499059949289,3.40462380794197
scan_x2,mandatory,random_f,3,15,200,0,83,2.2315062126009,2.24061581013759,2.82420871582626,1.52905513720154,3.25015693017974,2.22686739898726,3.22588137432243,3.22394443850778,4.13411473870973,2.08795332094762,4.83423348601137
scan_x4,mandatory,random_f,3,15,200,0,83,3.57997236707314,3.60493055660935,4.67809195526048,2.26289405034863,5.57566083040621,3.57801111804403,5.02786645348016,5.09711755978274,6.74266853594377,3.04072909106617,8.2373843911973
nominal,base,random,3,16,200,0,84,1.58453548551108,1.6657752722758,2.31773045005651,1.06582975300676,3.98799375487034,1.5830525687411,2.30520456137455,2.49073012205774,3.67927537073869,1.46543702493583,7.51382446700038
noise_low,base,random,3,16,200,0,84,1.50348561480356,1.57991785978775,2.19963620253777,1.02445230502056,3.67974537101894,1.51928598918672,2.20844155773375,2.37784496501319,3.57860875669403,1.4271526568273,6.70178500686728
noise_high,base,random,3,16,200,0,84,1.85984278288513,1.96668577999583,2.88585963165927,1.21472051756883,5.32308972456071,1.8204818326023,2.65944581763127,2.90462926817331,4.49502055516027,1.61035972501078,9.67920624880046
scan_x0,base,random,3,16,200,0,84,1.38729041675715,1.46540677860618,2.07695972674861,0.954655335818213,3.75848987780448,1.33990869956973,2.09911795961175,2.25506295500002,3.44660536592981,1.34830836029284,7.09079072635428
scan_x0.5,base,random,3,16,200,0,84,1.43932689696708,1.51788579079204,2.1582604914079,0.983225916626611,3.80016468957093,1.40519025637918,2.14192992369556,2.3137280380407,3.49482393058069,1.37469974101235,7.11158033979997
scan_x2,base,random,3,16,200,0,84,2.06104399399735,2.14935757371112,3.13524514245879,1.34261321964564,5.44814248322747,2.14244770507247,2.90323915939382,3.11381780119464,4.92676642394795,1.75104310168976,9.1973964262413
scan_x4,base,random,3,16,200,0,84,3.25410158550893,3.44679048973178,5.09951518817057,2.10461872415542,9.54473462604166,3.58168409626738,4.55680114987764,4.94984922412512,7.81633790571603,2.76723501114445,14.8702714876153
nominal,mandatory,random_f,3,16,200,0,138,1.65336409748997,1.64877797402419,2.00957918471792,1.1255483832628,2.25577027360287,1.64977431470979,2.45139124799329,2.44677458160236,3.0906046668815,1.5013219869655,3.4245174395811
noise_low,mandatory,random_f,3,16,200,0,138,1.56493192578075,1.56889243196867,1.91921737992099,1.08625996066087,2.14675714105248,1.56181518744563,2.36198538998323,2.35291734258485,2.99674730970838,1.4619711676296,3.2998950036537
noise_high,mandatory,random_f,3,16,200,0,138,1.94602677229257,1.93019237747256,2.36141026082826,1.26788879622076,2.63550821200857,1.94856961739166,2.82634231341913,2.79973821385313,3.50402107512332,1.64668882497007,3.92651913840797
scan_x0,mandatory,random_f,3,16,200,0,138,1.47615801497748,1.45438841975516,1.76958948711454,0.985904007148979,1.88280287139974,1.48350977312201,2.26947316957587,2.22682773256908,2.77843888317895,1.36418245117715,2.97378663417674
scan_x0.5,mandatory,random_f,3,16,200,0,138,1.52014733352979,1.50474582142682,1.82197485623538,1.02326177856805,1.98285093434517,1.52933574698607,2.31105758611477,2.28150582580364,2.84560969521126,1.40436603782961,3.10774428661606
scan_x2,mandatory,random_f,3,16,200,0,138,2.09093875654333,2.1224842225643,2.68193414467175,1.45657765337518,3.10879618066183,2.04640979525772,2.99916669260546,3.03926094116881,3.92981421765615,1.9058563036451,4.51869500885681
scan_x4,mandatory,random_f,3,16,200,0,138,3.30169699420192,3.39797567016317,4.45508268264779,2.32823249622419,5.3965487927907,3.14145068026179,4.70066605621408,4.79371540309947,6.37078067708631,3.14825110929241,7.56439392667389
nominal,base,random,3,17,200,0,141,1.5087966188296,1.57354476082325,2.13658769643137,1.16708050048735,2.65279392984024,1.50814661415682,2.21359435204587,2.32621247915463,3.44813436741315,1.58554724598491,4.46823552567208
noise_low,base,random,3,17,200,0,141,1.44276825841852,1.4993894968795,2.03194054430761,1.12328653387753,2.45275138018757,1.44752565404568,2.11680778070981,2.23545221362178,3.30485365942426,1.55530874781858,4.20781690381823
noise_high,base,random,3,17,200,0,141,1.75379260473364,1.83606312837266,2.50653400701043,1.32214931141366,3.43323227522592,1.73048505892585,2.52357520393656,2.66880433612224,3.87741236380063,1.747291163502,5.75987201176144
scan_x0,base,random,3,17,200,0,141,1.3280828125779,1.38932871681655,1.88030006843448,1.00390754705568,2.52609876211657,1.3576588974558,2.01364252459751,2.11801055311072,3.05075725900743,1.4145600081796,4.34113199355325
scan_x0.5,base,random,3,17,200,0,141,1.38241889039283,1.43766302912686,1.94395040276372,1.05636739097056,2.55970461296551,1.39587958805507,2.06975417308727,2.17110896522419,3.14483165567432,1.46196220721995,4.37377143237826
scan_x2,base,random,3,17,200,0,141,1.92741672943392,2.01911511194441,2.75871008278603,1.46912453092113,3.26170544813428,1.88571860574929,2.73722594877699,2.89466767742403,4.25569220816935,1.97217484313737,5.32140904468093
scan_x4,base,random,3,17,200,0,141,3.07007704501053,3.21967753834221,4.49038116923127,2.22642971606875,5.14673763661549,2.92974809161064,4.2899100470622,4.58395722321068,6.65798598774684,2.92279102472867,8.26929269697926
nominal,mandatory,random_f,3,17,200,0,172,1.55242274011739,1.59042532019654,1.99169983707575,1.17518423923256,2.21006592176771,1.5524015432351,2.3060746212602,2.34975781260811,3.093972831424,1.61323807794341,3.420682536793
noise_low,mandatory,random_f,3,17,200,0,172,1.47800273816786,1.51680114920134,1.89628377958157,1.13190286761928,2.10569753427179,1.48288919391799,2.2018744501273,2.26520558804452,2.97877087530303,1.56990357184571,3.27353602995974
noise_high,mandatory,random_f,3,17,200,0,172,1.81264121690642,1.85120403396754,2.33827502925613,1.33257695603729,2.69015844031517,1.79755446933464,2.67725190594579,2.67752308932857,3.53636490667444,1.76272384636806,4.02529920566617
scan_x0,mandatory,random_f,3,17,200,0,172,1.38998717105502,1.4101059827874,1.76462796350632,1.03383878076468,1.94253439934486,1.39823977671095,2.14245556363326,2.15194818127463,2.82713218504922,1.47616107900787,3.0093838331389
scan_x0.5,mandatory,random_f,3,17,200,0,172,1.43072882327501,1.4568912760856,1.81510929240712,1.07059116178605,2.00176319952551,1.43602407070996,2.17432892658143,2.19881076661314,2.8775856257866,1.51458570465813,3.08445388404653
scan_x2,mandatory,random_f,3,17,200,0,172,1.96464904304235,2.03179834623261,2.63055533052314,1.45811883035043,2.99352525990003,1.94815109172585,2.80715062629575,2.89880037433327,3.91918128880265,1.95875771403339,4.37878079004157
scan_x4,mandatory,random_f,3,17,200,0,172,3.08267409906793,3.22886282280816,4.37842674465145,2.18146534460299,5.01009057985027,3.04814813888281,4.34507254956963,4.5512185269244,6.28369583567021,2.86463398279748,7.42919204928788
nominal,base,random,3,18,200,0,195,1.43202705998513,1.50007532166384,2.07314952952419,1.02006476729298,2.75034324815723,1.43089843393296,2.07466678749217,2.19320613712341,3.25924332095635,1.36832243066253,4.59778729577652
noise_low,base,random,3,18,200,0,195,1.37431513759851,1.43319418985752,1.95220081188839,0.985583569135062,2.55843053089982,1.35769514071947,2.0086825001408,2.11346424415272,3.12832218685701,1.33099343516257,4.30904059321036
noise_high,base,random,3,18,200,0,195,1.64713112707784,1.7387917568169,2.4766283191894,1.14505207915664,3.4309082207078,1.69045210826194,2.35997174004483,2.50689114396442,3.91674589879817,1.49792059215368,6.01836949861162
scan_x0,base,random,3,18,200,0,195,1.26713017516664,1.32341936833146,1.84424226929569,0.89901213426835,2.36561849838482,1.22808176733931,1.89858982806061,2.00195721254864,3.04417172601265,1.25475353883178,4.27688422730524
scan_x0.5,base,random,3,18,200,0,195,1.31281284157082,1.36974826080842,1.91561321264075,0.931096022814296,2.45380822530838,1.28139565522189,1.93852757808806,2.04886422552024,3.10382466580927,1.28144015091709,4.31434432378985
scan_x2,base,random,3,18,200,0,195,1.84162335326498,1.92726386906376,2.6778603999284,1.30936149067127,3.73885990840015,1.91074048348141,2.57165557095345,2.73723073962958,4.04246149482678,1.72589048106428,6.09117391357652
scan_x4,base,random,3,18,200,0,195,2.91081280445454,3.0779905148473,4.3422892248084,2.08507625607728,6.35160993310157,3.16555900161704,4.07328922229383,4.35074034423055,6.62958942648458,2.87419280143838,9.782651179314
nominal,mandatory,random_f,3,18,200,0,28,1.51076195671222,1.54570087874639,1.95640522936917,1.114455515889,2.30106092586826,1.51067491161563,2.2161621183644,2.28518668813802,3.03195822984332,1.51507621291938,3.39348672651509
noise_low,mandatory,random_f,3,18,200,0,28,1.44383127683513,1.47775905054747,1.86527710745884,1.07165420539216,2.16396834863634,1.44280306125171,2.13831655858943,2.20812750021489,2.93607390254143,1.48087448342856,3.20878936872852
noise_high,mandatory,random_f,3,18,200,0,28,1.75012527829074,1.78733384138616,2.28142388516782,1.26879953833465,2.76937634555761,1.74676934465312,2.50978614491115,2.58826660564376,3.45261541283521,1.64626851981465,4.10101261429554
scan_x0,mandatory,random_f,3,18,200,0,28,1.33684739420979,1.3703055467146,1.73337407969213,0.996975637857549,2.03479118493031,1.33507346418646,2.03909422931647,2.09262602390106,2.77002410657685,1.39804781619142,3.09104537897452
scan_x0.5,mandatory,random_f,3,18,200,0,28,1.38266011013068,1.41597340416205,1.79198062598549,1.02980011770928,2.08161447340326,1.38056283348238,2.08256391857485,2.142587209388,2.8464845064191,1.41836692400654,3.14726328052
scan_x2,mandatory,random_f,3,18,200,0,28,1.93115824232506,1.97376079032365,2.59399184107395,1.39580850752247,3.02870546525049,1.9405880644177,2.7362633989287,2.82125370009692,3.81918631392625,1.84202110692786,4.43902416641731
scan_x4,mandatory,random_f,3,18,200,0,28,3.04927702263095,3.13418907417706,4.2439671844899,2.04725194213579,4.93459418635466,3.10334532347052,4.28013693215631,4.43060856413152,6.0171111845739,2.75487831519621,7.36704227587241
nominal,base,random,3,19,200,0,76,1.41377654521039,1.45530988301771,2.02608965958347,1.05420752494513,2.30671267252874,1.41283331992105,2.02759486247012,2.12560569278841,3.19947625543737,1.41734329371576,3.88659922748177
noise_low,base,random,3,19,200,0,76,1.35171135238622,1.39456200354405,1.88665379113479,1.0149904217818,2.20101730965164,1.3547511065459,1.96019313337437,2.05336884645296,3.0815034075817,1.38582753113365,3.66679508065676
noise_high,base,random,3,19,200,0,76,1.61412722996136,1.6726350434108,2.37334079526885,1.18067871954678,2.69107030920877,1.62144321003798,2.28261530500352,2.40001455908315,3.6832175361806,1.52610542659591,4.48318136705381
scan_x0,base,random,3,19,200,0,76,1.24778523503525,1.28670081715008,1.82094871149363,0.934086075180379,2.11992871275265,1.26306983714798,1.83865286450156,1.93777060872595,2.95052117559805,1.3028480193667,3.69879174150314
scan_x0.5,base,random,3,19,200,0,76,1.28613526150659,1.33112921896377,1.8842018763416,0.966382468355933,2.15364306362003,1.3005988349978,1.89205671359402,1.98779708948571,3.03756126614975,1.33575141803935,3.7392161073522
scan_x2,base,random,3,19,200,0,76,1.79125480180106,1.86219551011044,2.48112240068363,1.33968650147659,2.96340363818757,1.78891323645125,2.52999505237292,2.63869304237234,3.66383969704253,1.77345919042204,4.77275549219161
scan_x4,base,random,3,19,200,0,76,2.8358246360056,2.95986992214474,4.00537415066155,2.04660935241339,4.84268999719247,2.81978435525311,3.94585112206086,4.17756497861814,5.77981447597292,2.7953088422113,7.55362119245412
nominal,mandatory,random_f,3,19,200,0,107,1.43453854478855,1.46008361009617,1.84961133684768,1.07284180351126,2.07009732500992,1.43375061394526,2.08775798431727,2.14365660610024,2.84862844261779,1.45856032729326,3.13123079420192
noise_low,mandatory,random_f,3,19,200,0,107,1.37978406732243,1.39979444471996,1.77002362454062,1.03185367585652,1.9964903812259,1.37734523104152,2.0214682364539,2.07579178508115,2.75641198256784,1.41768107254945,3.03852164940276
noise_high,mandatory,random_f,3,19,200,0,107,1.63815002281429,1.6757903058038,2.14117935405978,1.22145733963231,2.47705230167093,1.63587620054198,2.33964830660521,2.40586768256819,3.22442232381439,1.61863738757611,3.71306133777653
scan_x0,mandatory,random_f,3,19,200,0,107,1.27658879078172,1.29971171473704,1.66717035055349,0.948857437670174,1.86994209763366,1.29709280170535,1.92894862712151,1.96812520547285,2.59455230683182,1.33147405532631,2.94708255410482
scan_x0.5,mandatory,random_f,3,19,200,0,107,1.31798408091486,1.3413681240351,1.70753475983971,0.999681249716386,1.91337371186667,1.33163272485582,1.96942551920682,2.01302394750885,2.66116521713251,1.35979237631276,2.97723174454043
scan_x2,mandatory,random_f,3,19,200,0,107,1.81335707753544,1.85320847687277,2.34308843461345,1.30907080275139,2.92478023316258,1.78092778759163,2.53161015157656,2.6387258856515,3.52264231340352,1.69800442756813,4.28795460102322
scan_x4,mandatory,random_f,3,19,200,0,107,2.84640889214857,2.92387714235529,3.82210857427479,1.9744021970025,5.08077082464201,2.75291633512994,3.99063630722153,4.14241609565952,5.6255962119468,2.5875392477426,7.17857737001901
nominal,base,random,4,4,200,51,43,213.241249125265,4200.67989821241,17226.268037574,11.3228836038883,142826.72080788,209.537877804627,405.034283684236,7975.50214130766,32299.2199615195,18.7728012076191,263912.292755937
noise_low,base,random,4,4,200,51,43,120.59437237641,3237.39523484834,13476.0885018415,6.82066167450775,125403.281734694,115.614251076676,226.06344075298,6043.8332317365,24514.5054203863,10.7960600325206,229393.413280201
noise_high,base,random,4,4,200,51,43,415.765338302139,6674.52837515213,26438.9608746626,21.2428466538203,197760.761134871,406.594477588604,785.743026645361,12882.7898120915,50734.2369078937,35.7445127872785,382731.42035542
scan_x0,base,random,4,4,200,51,43,210.064805776398,2988.2249510459,11726.8603599967,11.2293930546043,79450.7994390997,206.967239194083,397.42640294768,5757.95976083467,23364.7393886193,18.4827417663417,150773.060125049
scan_x0.5,base,random,4,4,200,51,43,210.893429430146,3351.49193207911,13218.6875643513,11.2548716171792,98893.917763898,207.650859927985,397.016706263478,6466.25429629206,25359.5197451203,18.6747188472059,190440.566678702
scan_x2,base,random,4,4,200,51,43,235.699249332118,6433.08949743873,26951.219357035,11.5815741711974,250774.662993102,216.783558283173,444.339974693142,11998.3992409635,48995.703110059,18.9535704808361,457823.576782053
scan_x4,base,random,4,4,200,51,43,294.272497514764,11485.3653215423,46873.3753198766,12.5350039315432,481493.423510731,243.469115664143,541.493274619172,21225.4004425781,86202.2152296668,20.174663741448,887438.256160941
nominal,base,random,4,5,200,14,17,39.2935924320569,248.886085575993,650.75856839025,4.89123398264469,10662.7901393261,39.0073249784262,67.7917135587012,465.778843214491,1231.22891871771,7.54902455498006,19631.6993806048
noise_low,base,random,4,5,200,14,17,24.1139855064934,199.032820334507,497.435506451676,3.2749113829771,9857.36161323834,23.282778437994,43.5290065321615,364.881895758007,935.571124471391,5.12006413091146,17849.3081184218
noise_high,base,random,4,5,200,14,17,70.6895002438313,381.543984044204,1022.97174817938,8.75247753221308,13477.5150666795,73.6638358691564,121.884893249331,722.737360606394,1983.10001009836,13.9038044997574,25427.5531871367
scan_x0,base,random,4,5,200,14,17,36.7154451126395,169.826166378564,463.769393347462,4.71971989598107,4771.58904785072,37.7544279741249,62.7939095823433,324.958498334385,874.588645736933,7.57266637650812,9053.37717579608
scan_x0.5,base,random,4,5,200,14,17,37.0146237627804,194.655635237507,512.451317020039,4.76290594462545,6740.59341500055,38.0977601296451,64.1245888978373,369.069169835143,999.837554459163,7.55587660310129,12751.7151508405
scan_x2,base,random,4,5,200,14,17,42.8007697311381,386.632765986659,915.158477073483,5.36722220165479,19707.8985193361,42.3857687802545,76.8145863273281,708.220758226907,1703.41940819577,8.22807807589401,35713.7119947808
scan_x4,base,random,4,5,200,14,17,56.4225976287138,693.567629872849,1608.54124175069,6.90874094119468,38601.3033528837,53.7301151739765,97.0075258615891,1253.91913738497,3045.02365034013,10.5302116333881,70004.8045254346
nominal,base,random,4,6,200,4,43,14.1775121623383,70.7314537058491,179.417654629004,2.31228668810179,3246.32836170241,14.0181037101548,25.3752420727356,132.373198288404,338.992226019917,3.28462566557854,6078.51298006145
noise_low,base,random,4,6,200,4,43,9.462780013184,46.6028556463705,116.316651884893,1.84033111002235,1916.67254613922,8.85027386987995,17.1377629280684,87.0908115352111,218.216891584521,2.67854982691672,3564.17633231518
noise_high,base,random,4,6,200,4,43,25.9562875891666,126.321700263388,329.625954560924,3.6197569066315,6156.88927918425,25.8250478071667,46.5878266189021,238.415970257319,635.57450410853,5.14782155017387,11733.1508320636
scan_x0,base,random,4,6,200,4,43,13.6824832208968,62.6089143502156,169.685873029455,2.12594743150468,3041.73411070191,13.5744714328413,24.4408244453288,118.351003516042,322.374707199619,3.04262811598349,5770.86987752301
scan_x0.5,base,random,4,6,200,4,43,13.7671182212982,64.8100821207359,171.598830683746,2.17423456172308,3093.68001128683,13.6816291021197,24.6335215892244,122.125852233253,326.253281711033,3.10504054044469,5874.4344896454
scan_x2,base,random,4,6,200,4,43,16.2077717766136,88.5576106996349,213.533312229283,2.78560388222587,3795.14179374101,15.3004546775951,29.1915193551083,164.896057303016,410.559128388838,3.9850469647792,6965.28466592564
scan_x4,base,random,4,6,200,4,43,23.0055345011206,135.083222094128,309.007806160861,4.0642634091421,5451.4652398345,19.5577842802399,36.9060430009605,249.052664523576,574.029426285752,5.51764955693232,9531.15314988899
nominal,mandatory,random_f,4,6,200,55,156,5.0789289095046,6.10750051890823,12.3466144105382,4.63608665953927,12.367925941484,5.0789289095046,7.65678771160743,9.7529737382993,22.6886147739524,6.85597532089291,22.7987080879288
noise_low,mandatory,random_f,4,6,200,55,156,3.63032166372345,4.17298660383021,7.41243910239417,3.36950426300399,7.47163826867413,3.52910042748703,5.43733794085498,6.58803148341069,13.2642358476978,4.99931849723715,13.457864281274
noise_high,mandatory,random_f,4,6,200,55,156,8.71738566150806,10.745849124083,23.1653807506226,7.65942155643732,23.3228322582766,8.87083111788346,13.422260483787,17.3739054262933,43.2911381342838,11.8665554452709,43.7389473668122
scan_x0,mandatory,random_f,4,6,200,55,156,4.73264916712636,5.75582440213366,11.8724230328795,4.2724993371359,11.9992891349945,4.84740117474303,7.29133507902673,9.30542015058765,22.0073592661807,6.51128223235939,22.9923022401298
scan_x0.5,mandatory,random_f,4,6,200,55,156,4.84024033085779,5.84777979367664,11.9811984145586,4.36551207582816,12.0779016469362,4.90815023101145,7.37465159331495,9.39713234267317,22.0653472537525,6.68134010789256,22.7178502672889
scan_x2,mandatory,random_f,4,6,200,55,156,5.96919937696435,7.0382792564039,13.5130842615099,5.41443967890342,13.6230364734022,5.700327669187,8.82724472605774,11.0136734904467,24.3966403736774,7.74199719734915,24.597731852338
scan_x4,mandatory,random_f,4,6,200,55,156,8.59644561198672,9.88242515629333,17.3398105269032,7.66545634168776,17.5974632119863,7.66545634168776,12.6251689637659,14.9816654495278,30.1352450231589,10.4160531832441,30.9320023397632
nominal,base,random,4,7,200,0,96,8.25997175961535,45.3788536476351,54.6995901831365,1.8787946528655,3576.23164497785,8.20839353106038,13.8395917856157,85.2953295873891,102.022527835325,2.64432256220537,6938.14631791511
noise_low,base,random,4,7,200,0,96,5.78002404513659,36.4007150667652,36.7939357680809,1.53175716231778,3107.36401963539,5.79247588423678,10.0656185075617,67.3063529512657,70.883663202737,2.22265520128591,5811.57583358181
noise_high,base,random,4,7,200,0,96,14.4169503958908,69.9231954297589,98.3555517271105,2.87243062374794,5064.22966815482,14.1427732759264,23.4704560045367,132.199819454906,185.573107064687,4.03776449070855,9973.64373460932
scan_x0,base,random,4,7,200,0,96,7.8435701007743,33.1498845769698,51.7184351328455,1.74325429042006,2228.52846743658,7.91419563004256,13.1829269828241,62.2077956443739,101.331757233707,2.49501444763078,4327.78968956617
scan_x0.5,base,random,4,7,200,0,96,7.94136758358393,36.6207132122086,52.2446364452904,1.78248078864146,2605.36520577065,7.99197300411068,13.3121880234132,68.991063148395,101.051651918983,2.54135219115978,5123.07956270246
scan_x2,base,random,4,7,200,0,96,9.32596456774001,68.7897617952287,62.338468079365,2.21760612193869,6076.15553602359,9.0040903788544,15.784489910941,126.93114711767,116.970862412174,3.05268067437179,11330.1475373048
scan_x4,base,random,4,7,200,0,96,13.3498112919824,122.220781580012,80.6390407049661,3.21772429261822,11569.2821013126,11.603304817447,23.5348428793198,222.945776556495,151.977301368462,4.28851739143985,21465.1094480788
nominal,mandatory,random_f,4,7,200,9,78,4.62401197532821,5.05745659587947,11.5209348147635,3.04476984086185,12.7213703733593,4.6239813620168,6.85142016282752,7.88763717490316,21.6709329784288,4.46977241057973,23.1757336313464
noise_low,mandatory,random_f,4,7,200,9,78,3.39234974019122,3.62195552119707,7.29462569254025,2.3630197509163,8.7756088601363,3.33361643116068,5.10464261362635,5.65584082295711,13.066859374084,3.60876353206342,15.6990903606602
noise_high,mandatory,random_f,4,7,200,9,78,7.79599164953961,8.63611611572449,20.6097187261509,4.86974846595723,22.7762119428697,7.85557218906451,11.7337935041835,13.6510648515957,38.7106218502812,7.03834381657459,43.0549059214985
scan_x0,mandatory,random_f,4,7,200,9,78,4.3209262049313,4.73427425687766,10.8092600359125,2.90741261381329,11.7029278064282,4.32059842932036,6.49741709316242,7.4595615176836,20.6472003228883,4.35052383645614,22.2487246376276
scan_x0.5,mandatory,random_f,4,7,200,9,78,4.39747556302193,4.81826367438072,10.9835194118549,2.95355224145844,11.8312455136147,4.39765196198733,6.59333808637896,7.55972677065314,20.7614937595953,4.39068310195034,22.1425071141397
scan_x2,mandatory,random_f,4,7,200,9,78,5.4405211888176,5.90708870476239,13.0785990599388,3.37621423224338,16.4814489510208,5.4352513806473,8.03569899129341,9.09376060751853,23.6723672191129,4.77679278075537,29.7860712618147
scan_x4,mandatory,random_f,4,7,200,9,78,7.87055200265828,8.45824994419477,16.8521165715348,4.42061787158946,26.5461312300823,7.87773975225419,11.4266208276545,12.7916366784428,29.4516902930799,6.13133843650252,47.9123994866249
nominal,base,random,4,8,200,0,142,6.27899873435931,18.9311469705201,30.213666299864,1.86132316423232,1055.61085485014,6.27820169000674,10.6546437917253,35.1132042365646,56.1290229416972,2.68107213929357,2101.43524356298
noise_low,base,random,4,8,200,0,142,4.61882508144866,14.2561438996088,20.3855469518794,1.53155359156588,780.071342614098,4.76534906303181,7.988212984181,26.2771390580359,37.1594338494402,2.25450669560492,1505.5563569585
noise_high,base,random,4,8,200,0,142,10.6148031118025,31.074821836974,52.3851731378895,2.81777515263403,1774.26978906481,10.2794713480175,18.1129561772519,57.1208077686694,103.139033773879,4.02163804818676,3439.50168925418
scan_x0,base,random,4,8,200,0,142,5.87181879029256,16.0944176236224,28.8294159529693,1.69450791628103,835.907191197656,5.73408310642753,10.0765214133905,29.8850022339109,53.6995204986765,2.50543700241858,1648.81536960701
scan_x0.5,base,random,4,8,200,0,142,5.954665093433,16.8546264209204,29.165264398585,1.7434278266794,897.519820554465,5.8851907215866,10.3550712680629,31.1568310928577,53.6386995943601,2.52338514411924,1734.83392742796
scan_x2,base,random,4,8,200,0,142,7.39346814386135,25.3582346309216,33.9983306530589,2.27342370661419,1532.49550636942,7.62118904797932,12.262541666007,46.4766999296623,59.8888911252678,3.11700785723621,3001.90312223202
scan_x4,base,random,4,8,200,0,142,10.952534894355,41.6380428259635,45.4718228117817,3.38481556339661,2702.26364225668,11.5012505666009,18.2279113943574,75.4175208102894,81.0922516846932,4.65498255380803,5236.19208614593
nominal,mandatory,random_f,4,8,200,2,107,4.00043362262815,4.20879150359735,5.27246276004717,2.61755763371856,12.3156033035423,3.99767232055418,6.09651207928685,6.39184839690017,8.18193080430629,3.92364020093059,23.1371799166761
noise_low,mandatory,random_f,4,8,200,2,107,3.03976402470124,3.15159008699708,3.84643861196523,2.03590131063872,9.03619427935112,3.01102277677268,4.6080130688027,4.81894349440021,5.91796774650698,3.11385938104764,16.598473958023
noise_high,mandatory,random_f,4,8,200,2,107,6.66323694108136,6.94615464940528,9.00477810611376,4.13304490245019,21.8118331052058,6.58661172162552,10.1229086761721,10.6474689793629,13.8311851982664,5.88536054644438,41.0523352632561
scan_x0,mandatory,random_f,4,8,200,2,107,3.71920887097824,3.89711644660529,4.89464560540008,2.47585173126348,11.2941986554112,3.60369894783004,5.67126121294431,5.98589944223215,7.52188680584191,3.73997542157537,20.880585493317
scan_x0.5,mandatory,random_f,4,8,200,2,107,3.79736018881181,3.97838442211252,4.99242830964749,2.5186418473456,11.4093575277853,3.70930903735015,5.79624597841254,6.08573342762818,7.64663962159131,3.79389233617849,20.965033875829
scan_x2,mandatory,random_f,4,8,200,2,107,4.83572732878206,5.01452841563406,6.43417934404052,2.93602971517683,16.6610769619445,4.98086978358185,7.09173491666088,7.48058571499264,10.2843056574112,4.31196218489828,31.0065044839219
scan_x4,mandatory,random_f,4,8,200,2,107,7.11001909504764,7.37569871805828,10.2311969786764,3.92044035520914,27.955114085493,7.74849957284735,10.2082931215589,10.7900059394695,15.7312534483073,5.50541050199171,50.1809647081814
nominal,base,random,4,9,200,0,22,5.2123424861991,7.17733351475326,14.803776449191,1.79638160121789,104.944326554862,5.18995786820344,8.60291473294537,12.4088939302142,27.1489326284221,2.53379149875517,200.939862118376
noise_low,base,random,4,9,200,0,22,4.02484226295304,5.34604914462838,10.7870070619244,1.49114278965817,75.0096626653957,3.84483967304972,6.72657470292637,9.28617166349451,20.2334076456872,2.19850219359925,147.28617469758
noise_high,base,random,4,9,200,0,22,8.151045660057,11.8799736717597,25.8608462027004,2.599455222036,180.378877928013,8.66571136047826,13.8609278106092,20.5934004627337,48.6246421658341,3.74744040841991,339.592379314714
scan_x0,base,random,4,9,200,0,22,4.77883170391324,6.57704981727333,13.8073368303721,1.61154561851674,100.088386747272,4.87733050383239,8.08684488487032,11.4775304333739,25.9944355145171,2.38530199136512,194.405629833284
scan_x0.5,base,random,4,9,200,0,22,4.91870451555793,6.73308885683211,13.8927923839611,1.65969253495397,101.240390394629,4.96570118896105,8.20425566984226,11.7157196061884,26.2214571902558,2.41759272236887,195.889670091493
scan_x2,base,random,4,9,200,0,22,6.35719966031072,8.68286373905362,17.7754071568847,2.16658543516009,118.901691438175,5.96767055485993,10.5077569060583,14.7701592948568,32.3302843683784,2.97443887471508,227.633043511955
scan_x4,base,random,4,9,200,0,22,9.23284821245215,12.9428218030447,26.2688743763317,3.15860954485921,163.790174933499,8.31348120065929,15.216210524281,21.5974975339831,47.5350115475767,4.14584269176467,314.918743748154
nominal,mandatory,random_f,4,9,200,0,58,3.63290473322273,3.68505896671662,4.58613915674885,1.87059034679508,12.4209454694758,3.62902732114984,5.48988243643181,5.56044518600302,6.82532051954578,2.74412271849996,23.6134376214547
noise_low,mandatory,random_f,4,9,200,0,58,2.79132440370087,2.85847892160532,3.45663202528081,1.56856356440974,9.06677426406631,2.88255423431282,4.279305371181,4.36230804834554,5.24211812064087,2.37329661411955,16.8998267957879
noise_high,mandatory,random_f,4,9,200,0,58,5.79420723291113,5.9009375045716,7.60912744741957,2.75297977706411,20.9366703096684,5.67415454420613,8.67016812473485,8.96138994063764,11.3458498747861,3.97628466067457,39.0991953842756
scan_x0,mandatory,random_f,4,9,200,0,58,3.3299919771775,3.38078524744569,4.22238314184519,1.68312876511831,10.761380694419,3.32881213578181,5.11526776701533,5.1728715396576,6.30258914312812,2.59804447417756,20.1886684591954
scan_x0.5,mandatory,random_f,4,9,200,0,58,3.41052111934715,3.46091883584958,4.32347041593729,1.730579554037,11.2529208500145,3.40449565994059,5.19650498559739,5.26883403530684,6.40807546299279,2.59293605848562,20.8828999853297
scan_x2,mandatory,random_f,4,9,200,0,58,4.34789079142857,4.45582200347609,5.6572893982207,2.34951213639333,16.2092336814247,4.4095768779508,6.40528257063141,6.60672627072726,8.47965408311794,3.36613629594477,30.1399915773702
scan_x4,mandatory,random_f,4,9,200,0,58,6.475595048115,6.67005185402981,9.11876472436023,3.49091757866512,26.4439418895875,6.65511542825463,9.38750935327241,9.74021890579653,13.3057917173386,4.63772011381942,47.793530113813
nominal,base,random,4,10,200,0,136,4.1046841624526,5.25503122208923,12.0620909440302,1.23228267041131,39.2589751833692,4.0961658119715,6.84581010583183,8.96739775057793,21.8394202581316,1.64286233090546,72.5781657511185
noise_low,base,random,4,10,200,0,136,3.20602051050302,4.06886708835795,9.01852954069214,1.10478833594472,32.868248300838,3.13533996770144,5.35313024614712,6.92885384906854,15.8025483379591,1.50429967895162,59.9976599764641
noise_high,base,random,4,10,200,0,136,6.33142779654731,8.41630928600854,20.6179120748936,1.64215842510342,58.3455981232237,6.67795152977817,10.3234171717779,14.4279979649515,36.4851843908751,2.13078669014534,106.426437612843
scan_x0,base,random,4,10,200,0,136,3.61613447798375,4.76066266490115,11.1082237630766,1.04281042677077,32.9883006946505,3.92896879047399,5.91324925874854,8.20631003924096,20.6568246781442,1.43908906004188,61.0749478219465
scan_x0.5,base,random,4,10,200,0,136,3.79094253011777,4.88997502374142,11.4653800725371,1.09353839782685,34.6550186089165,3.9743204982043,6.29382060121674,8.40811177814571,21.3448786864186,1.49057796928172,64.2167832051181
scan_x2,base,random,4,10,200,0,136,4.89859612610096,6.481766071863,15.7857375216068,1.6691363355416,53.9112143929882,4.5356399842786,7.83885998122462,10.7960104335125,27.2190356639372,2.21875883584782,95.1396938224147
scan_x4,base,random,4,10,200,0,136,7.40758569898103,9.89646706594006,22.9966068254045,2.79383886518351,91.6243371332856,5.93088666133446,11.2885409371519,16.068394109623,38.6074812993145,3.78187089060221,157.920197294177
nominal,mandatory,random_f,4,10,200,0,169,3.26938842995435,3.30496696159093,4.37907161585547,1.48316525021306,5.56477638612615,3.26762998857879,4.90157890722597,4.94543773289338,6.47293198264462,2.13734099212622,8.93702079615118
noise_low,mandatory,random_f,4,10,200,0,169,2.651737281924,2.64339589456643,3.43401378176232,1.26665785488223,4.34155706786669,2.62609598974341,4.05678503308692,4.01855519143796,5.11540622725786,1.83601372669597,6.7959983155357
noise_high,mandatory,random_f,4,10,200,0,169,4.97143898183154,5.13352651465296,7.06089587836823,2.12555700488513,8.92104348026441,5.0474508604157,7.45439986675289,7.69030492972868,10.6106283636116,3.09868240278272,14.417480508959
scan_x0,mandatory,random_f,4,10,200,0,169,2.98822587737477,3.0159087800935,3.97058583376621,1.3353940415818,4.73563622594194,3.06293989353694,4.57039708121973,4.60333390647803,5.90633851698754,2.02158063011319,7.53109130158059
scan_x0.5,mandatory,random_f,4,10,200,0,169,3.06138480118883,3.09118292175932,4.06599123395639,1.37425108293365,4.95348734129359,3.11368377328436,4.65304974132621,4.68450462999562,6.05519320588875,2.0449465178933,7.91820868581825
scan_x2,mandatory,random_f,4,10,200,0,169,4.00658070755927,4.03641000305368,5.52119534429493,1.84689624015245,7.54496114965674,3.81937591166209,5.90863653644626,5.913736985466,8.06540721327435,2.513425801819,12.1399757974499
scan_x4,mandatory,random_f,4,10,200,0,169,6.04268525349894,6.11416523377904,8.63835849288859,2.8544220703015,12.7343409285028,5.48117794183664,8.729676682925,8.83358113840774,12.5631423005292,3.81058699195002,20.5003782467257
nominal,base,random,4,11,200,0,179,3.16701781844731,3.93041303029299,8.49389445348617,1.46282980879761,19.2460561075446,3.1614468695051,4.94163481422818,6.47378000028587,15.6330066305846,2.06297492385725,36.2271069370369
noise_low,base,random,4,11,200,0,179,2.62900500571012,3.1637419841784,6.43298383068669,1.30399106868408,12.9923744048418,2.63962728777787,4.12414269293124,5.24931249286737,11.5625381712974,1.86080391758801,23.9075245297659
noise_high,base,random,4,11,200,0,179,4.80671000081242,6.05509178455407,13.9069173412901,1.96670380907523,34.3358894944095,4.69746837833477,7.40113154871612,9.98685694108562,25.3682684221211,2.6741658041558,65.2588755635231
scan_x0,base,random,4,11,200,0,179,2.93111687432425,3.55387971267482,7.82291361723496,1.2173400256863,18.3616988073424,2.91072081023707,4.62208750851711,5.94043411971792,13.5360298876852,1.74964964518673,34.1635650935847
scan_x0.5,base,random,4,11,200,0,179,2.97756014477384,3.65202283302913,8.09823667868526,1.28402768779164,18.5279995843624,2.97757770320768,4.69918154387888,6.07937914138519,14.2979833745488,1.85189268031064,35.0232042362375
scan_x2,base,random,4,11,200,0,179,3.82340333474761,4.86772925874572,9.78919560060426,2.01792594395271,22.0731707508885,3.79998156055232,5.85208761389346,7.83504090002921,17.903923621598,2.74285435047097,40.1127365116215
scan_x4,base,random,4,11,200,0,179,5.83672620358082,7.47886309327378,15.5646879324666,3.27993088288765,34.8962644227275,5.65384122796454,9.03594991012159,11.8064665761973,27.3478114393403,4.37637226461848,61.3463507089381
nominal,mandatory,random_f,4,11,200,0,195,3.06705438571444,3.09296347540889,4.27935158854673,1.46421727112915,5.10321241373017,3.06293828450927,4.65989651248108,4.64885699513736,6.37039013572951,2.09831002304379,7.64670037290913
noise_low,mandatory,random_f,4,11,200,0,195,2.53081769053685,2.5144420380484,3.31432598356151,1.24471306569092,3.8742640019713,2.54543138935642,3.89583593466107,3.83713210731137,5.03341345824998,1.81579845574949,5.75080497120489
noise_high,mandatory,random_f,4,11,200,0,195,4.65187725051624,4.71650618321928,6.87323549442849,2.11821928508552,8.46401087736139,4.5557754110957,6.8967005530068,7.07416052450346,10.2087675934965,3.05967392328586,12.6253737628587
scan_x0,mandatory,random_f,4,11,200,0,195,2.80983804736605,2.80172056493675,3.8438541337475,1.32216616496543,4.66352527816547,2.78328325074484,4.33354295950448,4.29801777902767,5.7674797497014,1.97815698341966,6.99620943976119
scan_x0.5,mandatory,random_f,4,11,200,0,195,2.88088656499927,2.87863805628939,3.95266166955023,1.35915506561686,4.77830791959972,2.85783845086929,4.44483806138457,4.38926716130281,5.95326012079591,2.01560109511534,7.06834581193801
scan_x2,mandatory,random_f,4,11,200,0,195,3.73880356928457,3.8159030319648,5.27222424456366,1.81787427746965,6.51765725486124,3.75590029206872,5.47040772500849,5.59474147737427,7.77672132871496,2.49019375561818,9.4161289107651
scan_x4,mandatory,random_f,4,11,200,0,195,5.63936602070178,5.84114158709675,8.22366167363045,2.80194552337741,10.7144595880656,5.71094720694975,8.34676966839165,8.49526181806021,12.0011781690462,3.75459450397142,15.0350435205371
nominal,base,random,4,12,200,0,176,2.73620968321101,3.46799031502099,8.07641762676784,1.19055132696763,15.425747185149,2.7333243238613,4.26265266072511,5.68201830440261,14.4915352122068,1.60510315262826,27.103572812346
noise_low,base,random,4,12,200,0,176,2.34445079685538,2.85629516958843,5.83624818911258,1.07937464186908,12.3742882069401,2.22631914177528,3.74519351369961,4.7144075471511,10.5489483774428,1.48088933354147,21.0080881681134
noise_high,base,random,4,12,200,0,176,4.00648989146816,5.20800796793188,12.6391867101336,1.55023783569662,23.9618914074252,4.16742619717781,6.09097487738945,8.56238979949685,23.9855098564777,2.03614752742741,43.6924628945737
scan_x0,base,random,4,12,200,0,176,2.4520772371741,3.09361442130142,7.48182855622893,1.0025507028733,12.2144962463666,2.49678575673715,3.88859577157018,5.1586242279504,13.5169107644419,1.45389543497741,22.1526420735915
scan_x0.5,base,random,4,12,200,0,176,2.56125771096146,3.19212263693733,7.58740849264805,1.05383166633975,13.0553407464691,2.55970486902674,3.99444635712352,5.28620219533346,13.8377032113005,1.48291611413077,23.1501001339455
scan_x2,base,random,4,12,200,0,176,3.53330209661404,4.37884290656677,8.89919748930171,1.6161549188393,22.6988994094362,3.32109677034459,5.3730895257277,6.99426991001172,15.9448457183383,2.10596453880271,37.9232621299112
scan_x4,base,random,4,12,200,0,176,5.36086252683307,6.85893552305459,13.7420193969401,2.70378497940305,40.5887350369981,4.98510813498659,8.12482441689475,10.7246786507758,22.7335659635118,3.60734852164548,67.4563502167401
nominal,mandatory,random_f,4,12,200,0,174,2.78412279382542,2.76916423719359,3.7002079147434,1.49174314081177,4.16612740950437,2.78383949597371,4.27192387162815,4.18071260372161,5.59704898619087,2.06580415598757,6.01259590289883
noise_low,mandatory,random_f,4,12,200,0,174,2.36334025267755,2.31205441186732,2.99286360908008,1.28056597488272,3.21914414619152,2.43598176819356,3.66255849320016,3.53999058412263,4.5195251900437,1.84239840389443,4.89924392865264
noise_high,mandatory,random_f,4,12,200,0,174,4.10079795913027,4.09310041701456,5.80041604613253,1.99134197735338,6.71545121015449,3.85772799380543,6.2472161824316,6.16328697467309,8.72516160517166,2.78134708320333,9.87877291302423
scan_x0,mandatory,random_f,4,12,200,0,174,2.491922069338,2.47869200837076,3.28435717878879,1.24494942934667,3.82618075510609,2.40118709157197,3.91141788977955,3.83120519535361,4.92157393597748,1.82965057927186,5.67572786177507
scan_x0.5,mandatory,random_f,4,12,200,0,174,2.56805979009041,2.55546222373108,3.41260628990306,1.31535770692608,3.91102662511938,2.49894374737019,3.999902456186,3.91896393186995,5.10484758852432,1.89079424925846,5.70877993816721
scan_x2,mandatory,random_f,4,12,200,0,174,3.50850569054381,3.47995704265806,4.755079600401,1.88831173063015,5.35007652661188,3.71385630400592,5.21256088467797,5.11340804219678,6.88407495992984,2.59993964475361,8.09728742417542
scan_x4,mandatory,random_f,4,12,200,0,174,5.37035115259362,5.43388715266286,7.48606791507661,2.96825822659895,9.10187501004792,6.16970532401051,7.9086898023206,7.89790662302861,10.9058083494844,3.95929214102946,14.3015685664032
nominal,base,random,4,13,200,0,12,2.50324207776779,3.24872200132964,7.76646084222675,1.20328359367782,19.9426360802737,2.50061398024971,3.87198691680404,5.2932641891537,13.8628713613275,1.60933878833408,37.2038629609705
noise_low,base,random,4,13,200,0,12,2.14768893374643,2.7318226569986,6.51307576327941,1.09372352252343,16.4692769236982,2.12469749353692,3.34444219813467,4.46133711060003,11.6377821566126,1.50391051436739,31.038694771226
noise_high,base,random,4,13,200,0,12,3.61299259873883,4.75804663813445,12.2321947676806,1.56171656729267,29.9918780814661,3.60864816825481,5.69395340716057,7.75656717680188,21.519566731428,2.05869007313423,52.8397347408395
scan_x0,base,random,4,13,200,0,12,2.26422109466524,2.84480194270517,6.80074332952595,0.995355074807587,19.0962214656928,2.17953339180951,3.56331988091295,4.74054832796471,12.3825042797954,1.39941013117044,36.3977238380021
scan_x0.5,base,random,4,13,200,0,12,2.3206630118729,2.95120302355941,7.13679791700224,1.0506674310634,19.3038731382129,2.26977860779217,3.63214029374607,4.8791688959818,13.2315010911642,1.44763280473084,36.7265799556679
scan_x2,base,random,4,13,200,0,12,3.1736361764075,4.20949007802879,10.3506510559326,1.64902066993583,27.9600970014675,3.23987427312459,4.82718183261495,6.65216412503859,17.7858111592688,2.17627358327253,46.7406907162344
scan_x4,base,random,4,13,200,0,12,5.08185543384714,6.76036912265255,17.1577811144113,2.74458952206523,51.3808621492195,5.20942604907592,7.7071143520671,10.454832671546,28.0806123043128,3.66136114815835,80.1627062303206
nominal,mandatory,random_f,4,13,200,0,180,2.61632872471212,2.56965435375443,3.48433385047692,1.44488916101826,4.63226971467904,2.6137803059067,3.99857537740015,3.87396605820548,5.16780685625952,1.97935058002679,7.39932027874906
noise_low,mandatory,random_f,4,13,200,0,180,2.24626313787289,2.18899244833954,2.87840666870088,1.29720052809287,3.56918211643497,2.25740736507481,3.4193567915347,3.34746590160189,4.41377961470611,1.81530790088696,5.5485261840675
noise_high,mandatory,random_f,4,13,200,0,180,3.69270128141532,3.69937632027959,5.17787416278581,1.91263341272481,7.48481672068695,3.68257626991347,5.56461928794116,5.55758229727939,7.72317044514338,2.55041022384518,12.5786916283988
scan_x0,mandatory,random_f,4,13,200,0,180,2.29149309391541,2.26743848533441,3.08801597655762,1.201035668052,4.20373779822197,2.34447442775881,3.58588744054036,3.51258156352348,4.68728729777705,1.73779378770125,6.79282019005296
scan_x0.5,mandatory,random_f,4,13,200,0,180,2.39230409222973,2.3477603309831,3.19218493817633,1.26590969261318,4.30744217419469,2.41836195147889,3.66844281031351,3.6053758814487,4.8235988923082,1.79785956912401,6.92583441630693
scan_x2,mandatory,random_f,4,13,200,0,180,3.34574332094836,3.29543622927338,4.44404308078897,2.00251415738955,5.77433220135166,3.26364497218426,4.83870507705642,4.84340595405592,6.49521411626505,2.67285966965644,9.05373761063313
scan_x4,mandatory,random_f,4,13,200,0,180,5.15225115727634,5.25022679809821,7.22814960733843,3.18975318153311,9.01882168538638,5.06437509217792,7.51430286686262,7.65731001852032,10.5953690589002,4.27372864930796,14.0646947727528
nominal,base,random,4,14,200,0,138,2.29383782705199,2.78194922894957,5.59136414958946,1.19682041734568,13.0168146765168,2.29349593522805,3.49846930603596,4.45978737061707,9.66158594423145,1.64588254309082,22.8001051308147
noise_low,base,random,4,14,200,0,138,1.97951378680515,2.37954532557236,4.73232401069923,1.09259839222671,10.5587756143345,1.97825608728253,3.04886330925206,3.84359922773401,7.94454212416368,1.5104866372985,18.4320872556082
noise_high,base,random,4,14,200,0,138,3.22230620204459,3.98624086109716,8.64766735974595,1.54058031435054,20.1029384061994,3.25366448117975,4.81643535128468,6.38368448371911,14.6328565948396,2.05332747808437,35.6457087166889
scan_x0,base,random,4,14,200,0,138,2.01162808723835,2.43899882496662,4.93075364999771,0.98562398948877,11.2068002538797,2.03726406517569,3.14157135142499,4.00088630770004,8.55014973522071,1.37592907294741,19.5167814013308
scan_x0.5,base,random,4,14,200,0,138,2.09270281534145,2.52940139487423,5.09855364384873,1.04291252526618,11.6721484570682,2.11245095693098,3.23514125321464,4.1203516806798,9.04031996357443,1.46001726772009,20.5163354479598
scan_x2,base,random,4,14,200,0,138,2.94207324033127,3.60352879644836,7.61627017621213,1.62479648175644,17.4330285301567,2.88054355419391,4.39663257242895,5.62936051883976,12.5162440819665,2.10472573992091,30.3582685804912
scan_x4,base,random,4,14,200,0,138,4.60521511027181,5.79541788993127,12.1596837193035,2.67642130535699,28.9944933142565,4.47710932234913,6.70486502977528,8.91284995524148,21.267579807341,3.54380831877843,51.105358748313
nominal,mandatory,random_f,4,14,200,0,186,2.36949385474054,2.43653430198564,3.38940924146187,1.37121228695004,3.81652923762201,2.36660153347857,3.60724759059314,3.67328587382314,5.06729505503176,1.94023028546928,5.78765994379815
noise_low,mandatory,random_f,4,14,200,0,186,2.06177954776548,2.09296311387297,2.81651835785147,1.24717080267621,3.13216930637213,2.04772599280842,3.18398973549396,3.19933986264075,4.2838235157908,1.76768172493224,4.69218385686581
noise_high,mandatory,random_f,4,14,200,0,186,3.32582790745378,3.46628330446693,5.03975051994311,1.77258781447118,5.82297376009786,3.33901343295739,5.03153733672432,5.20724020888459,7.55568816849139,2.47094030003727,8.94887356279943
scan_x0,mandatory,random_f,4,14,200,0,186,2.07920848967079,2.14301254934972,3.04324727736269,1.09455746633839,3.38874865698507,2.11470908694411,3.26036808605867,3.32927715009155,4.69044035090886,1.612795153074,5.22282067215618
scan_x0.5,mandatory,random_f,4,14,200,0,186,2.14513372060316,2.22102270788373,3.12970373151498,1.17402701431017,3.48001987729496,2.18129448711277,3.35147828318311,3.41301257248559,4.75144047879944,1.67349325584557,5.28486209698589
scan_x2,mandatory,random_f,4,14,200,0,186,3.04554011120891,3.139657577358,4.24266065361736,1.90408932021586,5.01204101362909,2.99089062342234,4.55766322556526,4.59931392636002,6.27615768527154,2.64360904503184,7.47536029949239
scan_x4,mandatory,random_f,4,14,200,0,186,5.00478717286395,5.02720102637463,6.92492314288235,3.0926402772016,8.38027870771147,4.71609370576438,7.31026931694167,7.29133657040737,10.2987443087066,4.12637234671631,12.0476488710636
nominal,base,random,4,15,200,0,15,2.10015317700942,2.46054804220522,4.54390055485515,1.08091433696133,9.47562555259392,2.09995423931951,3.14870431881886,3.86799472860505,8.07309396544627,1.45232118154569,17.7059320096279
noise_low,base,random,4,15,200,0,15,1.87157643367348,2.13425185033447,3.77390553146991,0.98692560021768,8.15810088445695,1.8718988850098,2.8232594328602,3.39123182140727,6.75789534929864,1.36227734336053,15.1185334669454
noise_high,base,random,4,15,200,0,15,2.90029721428845,3.45368763128446,6.54135424467643,1.39187950017396,14.2017669713049,2.84103421095188,4.31363693901995,5.40603083466641,11.6343356917822,1.81289549898608,25.3416815119666
scan_x0,base,random,4,15,200,0,15,1.81799405084429,2.15864589498101,4.083632556091,0.905969312782621,8.08827842790443,1.78422200422167,2.81724064440263,3.48902870603878,7.28494448911135,1.276171049731,13.7267863249906
scan_x0.5,base,random,4,15,200,0,15,1.89568021238094,2.23823351394919,4.16522343249002,0.952412732555914,8.39259270657513,1.87147178487666,2.91865686009192,3.58193878838943,7.5045206546902,1.31281884682751,14.8551393176903
scan_x2,base,random,4,15,200,0,15,2.75351263295192,3.18395862561969,5.6578960386383,1.48326982666936,14.3487678872766,2.81922860672862,3.98880292883594,4.85854745921047,9.96353417131543,1.93132635722149,26.4613679248336
scan_x4,base,random,4,15,200,0,15,4.44237441251695,5.11593631127265,8.75835100558971,2.50917869930609,26.024539445115,4.67928831227921,6.27176582138141,7.67421996438273,15.1618884897759,3.31349340985936,47.2957574211286
nominal,mandatory,random_f,4,15,200,0,183,2.17916694228837,2.21957604167113,3.11672682693254,1.24386510457912,4.02190648135887,2.17738015229597,3.29802041195808,3.34171656728526,4.79212513303079,1.67734503458307,6.00920858077966
noise_low,mandatory,random_f,4,15,200,0,183,1.912632166361,1.94033812927329,2.6938178480302,1.14432291814996,3.2744506632297,1.92081477708367,2.95281224464324,2.9623023569882,4.19157702860615,1.5795896880329,4.98963292390224
noise_high,mandatory,random_f,4,15,200,0,183,2.96813564865676,3.07812541128712,4.42922361084105,1.57980608755884,6.14802461105938,2.98295731533751,4.48720024859493,4.61342065592307,6.87184246832051,2.07968471237213,9.2520332082282
scan_x0,mandatory,random_f,4,15,200,0,183,1.8906952003718,1.93489527212801,2.7896886649377,1.00006455754229,3.66096720454689,1.79886304182126,2.91735160938275,3.01069742884082,4.3933720881097,1.42984961199457,5.45536907903924
scan_x0.5,mandatory,random_f,4,15,200,0,183,1.95905609375737,2.01053429325369,2.88097536748635,1.07163233873232,3.75683698831327,1.90585043551708,3.04135239186347,3.09520081387784,4.49652587214315,1.4930775709181,5.5408590935942
scan_x2,mandatory,random_f,4,15,200,0,183,2.83769689260749,2.89532467286034,4.13626528962751,1.74345680270549,5.33095209738859,3.01170613090493,4.15479186507811,4.22598914366376,6.18672480927766,2.3831858847305,7.85586641884539
scan_x4,mandatory,random_f,4,15,200,0,183,4.59104676110141,4.68821337094345,6.78018741740811,2.70298631746677,9.41256485410694,5.11471876382825,6.57755797202967,6.76533943324705,10.0241919712594,3.60614508014569,13.6090382357246
nominal,base,random,4,16,200,0,166,1.94473512760725,2.3058683247109,4.13471176709767,1.15106647332054,14.8184345343054,1.94072537768933,2.9121535683526,3.61359976583808,6.98998467899713,1.56288771530979,28.4599605734762
noise_low,base,random,4,16,200,0,166,1.73030616126813,2.0130946177645,3.57634374970487,1.06739980112942,10.0212126108139,1.71720434609359,2.64717401400023,3.17435677107117,6.24983384216712,1.46920374389076,18.689730867804
noise_high,base,random,4,16,200,0,166,2.63902518901785,3.19521168499967,6.18011505340245,1.43361288678514,26.2738780826617,2.65285879654011,3.91752592260564,4.996472678594,10.2667410865725,1.89164384236038,50.5755563836512
scan_x0,base,random,4,16,200,0,166,1.69112278352166,1.99074317921646,3.55290612323776,0.941578960897938,14.1616867096379,1.73579369572314,2.56801325560663,3.19881324319442,6.35216546474802,1.37252833711226,26.6562981882799
scan_x0.5,base,random,4,16,200,0,166,1.76129347569565,2.07487224545809,3.70503752099632,0.999049365497949,14.3323475661111,1.7899955483034,2.66927901602774,3.30790920011325,6.53521483233697,1.40498968403467,27.7318784745507
scan_x2,base,random,4,16,200,0,166,2.56390360567803,3.04090986688037,5.58214194113986,1.59111284081922,16.5656215912618,2.4413042998458,3.76757172798121,4.62829693770114,9.35808481927603,2.11282416413131,30.4632464119576
scan_x4,base,random,4,16,200,0,166,4.19243684040973,4.96248328830038,8.99206352375669,2.64085017544961,29.6325492546778,3.81516770972074,5.98434479095079,7.44809806938405,14.9885883896679,3.41882935836634,52.7586616066959
nominal,mandatory,random_f,4,16,200,0,33,2.16761163209641,2.18262316543061,3.12578484679271,1.10333959103939,3.91258526090201,2.16730695105259,3.33126364157018,3.30419932922354,4.67415705201665,1.44457104973022,5.87594058849251
noise_low,mandatory,random_f,4,16,200,0,33,1.91668904572497,1.92989084339266,2.70126641814853,1.02203423057258,3.39286759407546,1.92965912304063,2.97867938901221,2.95943272167539,4.17288289161044,1.35340917688449,5.05287135898366
noise_high,mandatory,random_f,4,16,200,0,33,2.92699815367835,2.97189497643613,4.28592778051186,1.37385108763081,5.51969650659868,2.90439375516196,4.47617728981025,4.4641698178671,6.50391359330389,1.77908355212954,8.4561282902998
scan_x0,mandatory,random_f,4,16,200,0,33,1.88119270598665,1.88745615235347,2.63867890851955,0.860689972426005,3.23649883186939,1.85813006161418,2.95336129604788,2.96032160214131,4.12804087811867,1.21427595880261,4.89082472486265
scan_x0.5,mandatory,random_f,4,16,200,0,33,1.96920221642335,1.96624848558373,2.7610196178962,0.929322655752231,3.42116264164599,1.94555380810665,3.05831456830811,3.04907675284587,4.26700219939677,1.26923354972363,5.22483375479014
scan_x2,mandatory,random_f,4,16,200,0,33,2.81763355179836,2.87545303208996,3.99976061635853,1.52917988220523,5.4460057566808,2.86459750732685,4.20166862896454,4.20995824225615,5.98044566846592,2.02952086986209,8.00524078747393
scan_x4,mandatory,random_f,4,16,200,0,33,4.56566250049397,4.69613516098394,6.57965599197487,2.55429797724826,9.33605528493648,4.67947025496014,6.75476379971249,6.80744404754497,10.0317653596422,3.53014138447822,13.3893386730725
nominal,base,random,4,17,200,0,27,1.83657327028275,2.00423563516387,3.42166309764341,1.12361561207096,4.48899180248012,1.83306081573194,2.69431186989302,3.06651820191884,5.89203022288498,1.53370048548411,7.81043153637154
noise_low,base,random,4,17,200,0,27,1.6431780853542,1.78579623367682,2.8855499929704,1.03353122987098,4.0224650529531,1.66429845680595,2.4465058944704,2.76045404865462,4.92332836550177,1.43400530348612,7.10693231313504
noise_high,base,random,4,17,200,0,27,2.41782040452486,2.69495423555232,4.76697853629256,1.41891552873573,6.32731950684192,2.38977464824548,3.57866875878717,4.08998253364659,8.11068810633713,1.87311634455435,11.34530276684
scan_x0,base,random,4,17,200,0,27,1.55799751183345,1.73052984382632,2.84190338549107,0.929971032422253,4.01179751263842,1.520988792657,2.43944251983266,2.73871544696328,5.12873481532618,1.29726996360505,7.27279074968839
scan_x0.5,base,random,4,17,200,0,27,1.62415674940795,1.80346250955527,3.08159512388748,0.983215713207375,4.1015405020426,1.60558151701963,2.51223481928734,2.82236948612361,5.3283550153426,1.36735935770439,7.23726728840465
scan_x2,base,random,4,17,200,0,27,2.40788432909879,2.64605194896003,4.35722618405421,1.55409450111517,6.58289313569672,2.54226148741491,3.4763720994009,3.91849459792681,7.60530827675141,2.04872312220848,10.9367535333813
scan_x4,base,random,4,17,200,0,27,3.89241929139463,4.32813918555698,6.98931216615191,2.53204184259054,11.8619561139173,4.33874604362873,5.53689394146195,6.31403874946945,11.0777895031548,3.40992424782762,18.9460673572144
nominal,mandatory,random_f,4,17,200,0,107,1.92105398873979,2.022630197648,2.90114676304777,1.17663187556743,3.67589758352941,1.91678119582489,2.91421029048389,3.04965182476613,4.50310609722221,1.61169271101335,5.5252212594634
noise_low,mandatory,random_f,4,17,200,0,107,1.73116221115216,1.80676354560456,2.55787527741522,1.07154371708535,3.23102887388687,1.77979829472088,2.65049088525955,2.76307662833913,4.04601525587789,1.49974021067505,4.84177950351362
noise_high,mandatory,random_f,4,17,200,0,107,2.54782325266198,2.70721470731832,3.95978824182393,1.51868257190675,5.05733223450454,2.40353704186496,3.76166083294604,4.0374587628464,6.14211042286646,1.99720374152398,7.47602176601307
scan_x0,mandatory,random_f,4,17,200,0,107,1.64116070804827,1.74215297263752,2.53262934310508,0.992173817431512,3.12905730522905,1.47588199461003,2.54084141828328,2.72283111680695,4.1316998972262,1.422579513028,4.85026973413805
scan_x0.5,mandatory,random_f,4,17,200,0,107,1.71990736855087,1.81706936168838,2.63826840748343,1.04067706093306,3.28363822371083,1.58973380470712,2.61008114596812,2.80548162390782,4.18811191135949,1.48270972993588,5.08869141489201
scan_x2,mandatory,random_f,4,17,200,0,107,2.5348932843541,2.67813379234724,3.90208566944295,1.6046921045081,4.91766846169351,2.88656282542884,3.71565593882255,3.91359696861799,5.77346365098898,2.19267237368235,7.22521777575038
scan_x4,mandatory,random_f,4,17,200,0,107,4.19852139008677,4.39290922788041,6.31407700595669,2.61297912087518,8.14561434230421,5.2076982942671,5.90757304875813,6.35162075645393,9.52147783538067,3.40097485942643,12.6927744285161
nominal,base,random,4,18,200,0,181,1.74445105394628,1.90647313468675,3.10265077426065,1.09661501843011,5.80723669138272,1.73985774649967,2.57582043300682,2.90856831262532,4.9603604718691,1.4781880773574,10.4668607339467
noise_low,base,random,4,18,200,0,181,1.58611634379029,1.70866155949991,2.67091952712355,1.02026937285687,5.12463617756355,1.58895755570148,2.36597252646345,2.63966999771741,4.41127372843479,1.42430481960018,9.41337177005566
noise_high,base,random,4,18,200,0,181,2.30856685189081,2.53843728752942,4.26145179472285,1.36202199327214,7.90073078556929,2.22331471804965,3.36826531547548,3.83023026207372,6.92098408732713,1.80761031867449,13.8520605103176
scan_x0,base,random,4,18,200,0,181,1.51706541449593,1.65110881564988,2.64802409359166,0.89825084827181,5.36599873691275,1.47165447680368,2.3315432683802,2.60886797514733,4.57362421509079,1.24661799186087,9.7423619456238
scan_x0.5,base,random,4,18,200,0,181,1.57447468794685,1.7186959589462,2.7514798937925,0.948709224002995,5.4843254030133,1.54367126198774,2.38477272560252,2.6873395549727,4.65983749303498,1.31678212865899,10.2031724421341
scan_x2,base,random,4,18,200,0,181,2.33527357316954,2.50965358607425,4.00055750595767,1.5285657842997,6.92805338153108,2.36471737062997,3.33829099196169,3.70019462693156,6.59768295955844,2.10386953022656,11.6598064957577
scan_x4,base,random,4,18,200,0,181,3.80301434343517,4.09659222630436,6.38488083544655,2.52330375423395,10.1939274131736,3.97714736155124,5.39486647565474,5.94785313681727,10.4979137900739,3.42352267607227,17.2112726760235
nominal,mandatory,random_f,4,18,200,0,31,1.81376507403207,1.87901880590886,2.65172712733989,1.02037940028662,3.07470921766015,1.81261344894719,2.68041634415056,2.81497070660851,4.06376897410872,1.41016293668931,4.70595041870709
noise_low,mandatory,random_f,4,18,200,0,31,1.64989009053013,1.68906114145396,2.35681558364126,0.950722001493819,2.68070969083268,1.64106131482834,2.46807578897059,2.56387158121975,3.69678855781966,1.31887211192005,4.16979114653011
noise_high,mandatory,random_f,4,18,200,0,31,2.37161560340889,2.48758694241656,3.63348105759516,1.25763554600061,4.33068534588167,2.3719179325205,3.49794521056652,3.68752506889108,5.50353289735985,1.66721100345807,6.68494997558583
scan_x0,mandatory,random_f,4,18,200,0,31,1.53742716600628,1.61931276052926,2.37834243948134,0.84232363930631,2.79366701633024,1.49767636145194,2.41523378331739,2.52357825638656,3.72208761621697,1.26034299826347,4.46399665801744
scan_x0.5,mandatory,random_f,4,18,200,0,31,1.61707521610115,1.68830592931862,2.45025153199698,0.891090466118696,2.86116523997429,1.58162202254521,2.48072909274405,2.59889718966674,3.81189703062605,1.28948679391235,4.53668065180846
scan_x2,mandatory,random_f,4,18,200,0,31,2.42425793522543,2.48882540156454,3.53460864197543,1.41582306980717,3.93471549843049,2.52924104031692,3.50084967031603,3.59265673052017,5.32983098101348,1.87808969418008,5.81999411977548
scan_x4,mandatory,random_f,4,18,200,0,31,3.93582986078502,4.08586408081591,5.80871385835028,2.40986939664457,6.62698466967525,4.33533816377912,5.65554722934826,5.82508048642652,8.54521785998157,3.23298864922772,9.35298470358281
nominal,base,random,4,19,200,0,110,1.61106056662815,1.75705140245745,2.63522796132193,0.978187551253595,4.17159022813622,1.60317805104549,2.34067187886113,2.63391954751217,4.37125074706108,1.30994109363929,6.91817936662673
noise_low,base,random,4,19,200,0,110,1.47683335919565,1.59070542885895,2.36456440197834,0.910720002457449,3.6185209858422,1.46011321557242,2.14917696208042,2.416750691015,3.87918592531218,1.24912742916177,5.88656227670352
noise_high,base,random,4,19,200,0,110,2.09140843796975,2.29714448763601,3.55470271710378,1.20839416244548,5.88524588812335,2.07365202565359,2.99253343206058,3.40434153952255,5.81950070505735,1.56726818845736,9.82961449259837
scan_x0,base,random,4,19,200,0,110,1.3867819219109,1.50374685246919,2.35854723321032,0.820006245716404,3.34251784070821,1.38507508882962,2.11739154742207,2.34587673272825,3.84834432887938,1.15001642767477,5.90884177588845
scan_x0.5,base,random,4,19,200,0,110,1.44162113925528,1.57118308535262,2.41833435965146,0.86223055152451,3.52838091223797,1.44194254315879,2.15243855639077,2.41790747498749,3.96454255167702,1.19912561835994,5.92854181504642
scan_x2,base,random,4,19,200,0,110,2.16357897446,2.34658205634061,3.46646668660937,1.33956399373339,6.11499255207989,2.12426944234303,3.06006027776601,3.41165628576011,5.5064367069505,1.79720417985549,9.97368624922836
scan_x4,base,random,4,19,200,0,110,3.57529579192768,3.8777688405909,5.81706899908839,2.25955967393614,10.8669180588835,3.49362280747005,5.06409053815876,5.58949897849466,8.77184623168414,3.07923320047548,17.4483852160177
nominal,mandatory,random_f,4,19,200,0,94,1.80733185910226,1.85246403153871,2.64912435559043,1.11269961074444,3.00346104555114,1.80370199895844,2.68872699663951,2.78814841207513,4.14399194702378,1.52717424405034,4.62423024498569
noise_low,mandatory,random_f,4,19,200,0,94,1.63071740597281,1.67260149369426,2.33627526639115,1.01917398892103,2.74610844087978,1.62375111594526,2.43761600317032,2.54994453987444,3.68120519724848,1.42473251576612,4.22220656245107
noise_high,mandatory,random_f,4,19,200,0,94,2.36531710869123,2.43302516225401,3.62413701037078,1.42343655212743,4.43924859291965,2.38444572190759,3.47082481207331,3.61305838692914,5.4870761642986,1.86429438590664,6.99336440961268
scan_x0,mandatory,random_f,4,19,200,0,94,1.53225518741297,1.59288861514141,2.32909839037067,0.950415802409958,2.67041496597929,1.56418244666206,2.38071235566967,2.49109026000454,3.73476672276706,1.36977269244452,4.15340833337469
scan_x0.5,mandatory,random_f,4,19,200,0,94,1.6079531842811,1.66213046858376,2.44072961493298,0.994110930299961,2.75562502682496,1.62971168013864,2.4712327895397,2.56913962764829,3.85878660153742,1.3960932422731,4.26393947976609
scan_x2,mandatory,random_f,4,19,200,0,94,2.36667965818827,2.45892213985753,3.48219384365466,1.48768324680903,4.32083164343683,2.36030337174613,3.4045434958975,3.56314721296666,5.32230205382721,1.92275437511703,6.22454184071322
scan_x4,mandatory,random_f,4,19,200,0,94,3.90969303173226,4.04258017170274,5.95723132631668,2.4601517305604,7.64002818195571,3.82927745633337,5.5170489782215,5.78166565252973,8.72266236982308,3.23813061616078,10.6918238002315
nominal,base,random,5,6,200,6,124,542.497271909901,14785.2407325283,43448.9655167971,7.60893106978258,1054887.19329987,539.27678763784,1026.43393889085,28679.6348248412,80954.8208447225,13.5338291437472,2095452.87006661
noise_low,base,random,5,6,200,6,124,334.813972378026,10064.9605517652,26468.4757700768,4.36889326483676,608370.670758425,309.140402286545,629.352462220162,19228.8357076704,51893.6792555368,7.6128672845612,1226914.37863747
noise_high,base,random,5,6,200,6,124,1045.07857088396,25923.4571896295,84003.5690611499,14.6183321786102,2024231.83257913,1038.66636804346,1976.53234114637,50758.4456280673,157534.841512235,26.7402339434659,4040459.79634661
scan_x0,base,random,5,6,200,6,124,499.61433307854,12399.5445958279,40924.3218219145,7.5355735695559,1024631.88429179,529.5510250606,931.524683861737,23987.4170671134,77556.9752013067,13.4273877440374,1998556.19409009
scan_x0.5,base,random,5,6,200,6,124,529.620833544653,13055.2720130479,42002.1708846067,7.55707361178588,1028637.4486193,530.830076594383,995.86519317652,25453.2135278148,78688.6512576939,13.5021724620458,2029547.65030611
scan_x2,base,random,5,6,200,6,124,653.502800571536,19819.9833078174,52330.2297401061,7.80040955804454,1160995.9059853,576.937390829073,1219.80049148927,37771.8031237002,102592.746947251,13.7909352997926,2329228.87533938
scan_x4,base,random,5,6,200,6,124,947.266918888884,32222.4870347917,87974.0364477042,8.49025740372648,1523785.69354386,719.049575342889,1771.11061746792,59589.7884238943,169940.695517008,14.478341483981,3019255.60138885
nominal,mandatory,random_f,5,6,200,44,63,210.37491511649,402.853580441921,2009.6834372052,19.1818562943267,2019.91352836213,210.37491511649,402.658799885179,720.331511407308,3328.81464663207,30.3294499782898,3426.73658982619
noise_low,mandatory,random_f,5,6,200,44,63,143.261507525459,293.702168916696,1293.99212899484,12.4383185773355,1295.80454368936,142.750046816236,276.97289320119,526.766230863426,2184.73925074186,20.296500275374,2259.50755766097
noise_high,mandatory,random_f,5,6,200,44,63,373.819569408419,675.394230668517,3697.82091972086,34.6935168785246,3711.30056079729,373.819569408419,716.679607493527,1199.81180088789,6131.49033657738,54.227545097552,6178.58650026737
scan_x0,mandatory,random_f,5,6,200,44,63,176.452096752443,312.657001884082,1801.00202889382,18.1493083485218,1814.13212021259,179.008313318949,336.477361310112,553.28418988355,2979.03382024044,29.1190151706278,3017.81850645133
scan_x0.5,mandatory,random_f,5,6,200,44,63,186.976556747741,338.470820238103,1852.00513306389,18.4206781045631,1858.84343458258,186.976556747741,358.298694481223,601.521207772811,3060.1942592015,29.6078195037205,3102.7325168238
scan_x2,mandatory,random_f,5,6,200,44,63,286.385465454951,585.259463875774,2575.08488566649,21.9087873406443,2580.50267903815,285.353050875809,553.824952928925,1046.15729843821,4316.1195320605,34.1449737688524,4496.01284458676
scan_x4,mandatory,random_f,5,6,200,44,63,485.685055942979,1022.00995146798,4122.15961733167,26.8766381491558,4141.11159710146,478.743114708127,942.079921548489,1836.02597470277,7185.75905338046,43.3116912049913,7227.39041924483
nominal,base,random,5,7,200,3,137,67.1889747777777,681.736496161763,3662.07881212412,4.64559571312844,22417.2637448369,66.8658479191162,124.380797160101,1272.12922506493,6943.22093632707,7.44423874052288,41632.4438160865
noise_low,base,random,5,7,200,3,137,42.6922745601051,534.424898457381,2925.37346258121,3.03761013388669,20937.5069071199,41.228981102474,77.4254433414422,982.142627272881,5430.98627071503,4.677187241329,38824.7773679612
noise_high,base,random,5,7,200,3,137,122.206051257534,1064.44676149484,5964.95878312945,8.41523288120731,27456.4143049247,124.354769087513,225.335110857902,2013.76704844515,10982.3109651674,13.5243039282318,52332.8110575891
scan_x0,base,random,5,7,200,3,137,61.850230598452,474.266661546056,2737.94642729425,4.36209355883553,9295.71386970494,65.9479229822488,113.446914183427,902.355292393473,5167.84104496155,7.04670834805109,18330.2650673617
scan_x0.5,base,random,5,7,200,3,137,63.1236202212178,537.962952007327,3008.23739139985,4.44363675525416,13746.0160849512,66.1725817771411,115.269015802129,1019.18668360896,5525.67351573207,7.05781965849871,26261.8020911541
scan_x2,base,random,5,7,200,3,137,81.3782635748694,1054.05637004012,5846.8770953001,5.34047675838911,41863.6073781425,69.6157535190737,144.790914267636,1933.79112956997,10847.4791557867,8.55197420761831,77716.9975821829
scan_x4,base,random,5,7,200,3,137,114.363035474144,1900.04982398923,10314.2722549527,7.42375335739327,82074.1947782711,79.5429329118622,204.955617090091,3439.79482529777,19273.0180496742,11.9070148618206,152557.866174963
nominal,mandatory,random_f,5,7,200,12,190,22.7281897086602,190.012757694307,617.04688997904,9.14618633026248,2174.00957781464,22.4657121735159,38.3709599681598,344.424148520676,1188.51187359622,15.0342754289164,3732.90872034567
noise_low,mandatory,random_f,5,7,200,12,190,13.8449080312567,146.738791104996,518.784948478084,6.05610575629678,1663.9059899666,12.8999166985865,23.9203340774227,263.511497521609,974.092441341844,9.60750493110446,2773.07741481493
noise_high,mandatory,random_f,5,7,200,12,190,41.1861791065451,304.520740085106,905.032810286451,15.5377437870494,3560.80066622805,43.0361762703092,69.376712397627,553.469540578635,1765.00538430427,25.6982456679632,6043.9563678567
scan_x0,mandatory,random_f,5,7,200,12,190,20.7905862016413,137.593366640016,392.51571203568,8.14306996179364,1696.38099373681,21.3694120472558,35.2818088039259,248.113923623242,755.244799475401,13.4258647231362,2852.64628132226
scan_x0.5,mandatory,random_f,5,7,200,12,190,21.079073147485,152.823539627948,452.976143141192,8.37201149651006,1787.8482583604,21.6840708069888,35.587100344253,277.460074715037,883.457639069453,13.8498017191228,3032.22755717806
scan_x2,mandatory,random_f,5,7,200,12,190,26.2257755368334,291.932146943964,1037.63230485887,10.5882985139742,3320.50070738345,25.2104719254876,45.5751808697538,524.937276778638,1949.0418510555,16.1371463668139,5585.22873753382
scan_x4,mandatory,random_f,5,7,200,12,190,36.9778919020923,527.672616969641,1984.82694896319,13.6204654235712,6021.79146338566,33.7957650020929,64.2458565221052,937.714908639444,3687.76906407148,20.0485716246968,9833.59061446895
nominal,base,random,5,8,200,0,106,29.001626139525,280.487634060961,918.65828117373,3.43665869710725,13233.1976497383,28.5291013477874,50.4604593861659,520.207784494569,1686.49151691951,5.3941756344251,25687.7023488791
noise_low,base,random,5,8,200,0,106,17.5761027625003,206.259797256881,829.386395621695,2.38843726441273,9228.8588148018,16.2855907964719,31.0586822212961,371.136277997295,1375.56981660544,3.75766176711471,17372.691787713
noise_high,base,random,5,8,200,0,106,53.5623625410613,465.905491426327,1549.84527370752,6.00669768535552,23151.7450656633,54.8212416709893,94.5522612652513,880.111172257954,2758.90403634226,9.39762694013166,45233.6533925001
scan_x0,base,random,5,8,200,0,106,27.2697539198199,217.718007144144,830.04768218059,3.21472125626663,11044.9194031398,27.5052965439505,48.4110278334155,413.871217167595,1424.10112025304,5.01828680764818,21930.6080776822
scan_x0.5,base,random,5,8,200,0,106,27.5544787486987,236.206570547338,840.723298126927,3.2702969040506,11638.5018285261,27.7702006817792,49.0570116959596,446.27436773965,1455.57701080118,5.12613408491011,22765.8796150819
scan_x2,base,random,5,8,200,0,106,33.3138841502504,404.145819303757,1656.18240869791,4.03102954132588,18236.780252148,31.3588468412413,56.1849323937732,724.392378846135,2742.06379957713,6.33482338453057,34352.0057760682
scan_x4,base,random,5,8,200,0,106,46.9268005340756,699.473919768502,3122.4079979633,5.80311330655018,30870.3592666876,40.736916167489,82.2464738105216,1223.94733246459,5019.85306026631,9.10825608435514,56860.6720953145
nominal,mandatory,random_f,5,8,200,0,74,13.5100602249673,70.0743819041455,357.309802983809,4.66207871345535,2062.33948954648,13.4845592138217,22.5635882298421,129.151210263169,682.088391154077,7.67660309692852,3523.66268894876
noise_low,mandatory,random_f,5,8,200,0,74,8.6152235716665,53.3676840920683,287.273496220148,3.40697233987222,1461.98347739171,8.61847253194756,14.2498439382195,97.2795021659933,536.582796111156,5.56119681481516,2587.07102323263
noise_high,mandatory,random_f,5,8,200,0,74,24.9120978250943,113.107845261131,474.314946828285,7.65197319379311,3581.47816352103,24.6403245367839,40.6838315122707,208.676008633027,929.821365681162,12.7565481607697,5952.20236794133
scan_x0,mandatory,random_f,5,8,200,0,74,12.8182131189073,51.5214402822705,197.199508582473,4.21656301562968,1702.84384886171,12.8644924916071,20.8599957016999,94.7254806849837,398.477461675008,6.72830861541097,2819.90332523261
scan_x0.5,mandatory,random_f,5,8,200,0,74,13.0426417109317,57.0116135891356,237.188714307691,4.32746901874726,1797.31406106877,13.0242657215671,21.3994330238573,105.359725888368,466.292897584643,6.99975515026057,3017.27281645294
scan_x2,mandatory,random_f,5,8,200,0,74,15.6307810487936,105.452734689984,574.401655099073,5.82462903294587,2908.50306738204,15.1809853244898,25.320127444985,192.149542887717,1072.05201326807,9.40067658905708,5129.53708272203
scan_x4,mandatory,random_f,5,8,200,0,74,22.8590291529639,187.557631346043,1113.36497780655,9.11819858614535,5054.08632073572,20.6060445437191,36.6145978634598,336.886694733787,1941.29100557472,13.9971148157275,8641.42767978167
nominal,base,random,5,9,200,0,113,18.8337505423095,52.1530238194399,135.809278599625,2.30901997636685,1960.14381275854,18.8332754743769,32.1578217559926,95.5013412597971,253.395357103931,3.39774502922325,3568.20077911633
noise_low,base,random,5,9,200,0,113,11.5702624373385,37.6935123594639,90.0635476583271,1.66862758143823,1779.34524455528,12.4691473787049,20.816380640507,67.2242904403228,169.446474275384,2.41973024173519,2877.14120443905
noise_high,base,random,5,9,200,0,113,33.6246219014898,87.9717392783121,246.841291944717,3.9224022969212,2636.19911221662,34.0109968288722,58.2982109199532,163.893281222822,478.216163532813,5.97973037972669,5209.39476368286
scan_x0,base,random,5,9,200,0,113,17.4494288908384,42.107135399847,122.21567160148,2.13354430247665,1045.54694131155,17.4801194653371,30.3063282062229,78.5735977181798,226.663056268668,3.28978343596131,2070.90008995951
scan_x0.5,base,random,5,9,200,0,113,17.7573082716485,44.960901829303,125.313719226467,2.17908025824632,1322.3640133338,17.7973942618803,30.908237313703,83.7784534584075,236.203238712146,3.29425125696066,2634.24998864856
scan_x2,base,random,5,9,200,0,113,21.838512582101,72.6939201566149,171.448336788899,2.7566228719316,3551.86441701455,22.5964291324306,38.1807857861394,129.064030843641,323.577294853636,3.87054857947426,5713.26951074488
scan_x4,base,random,5,9,200,0,113,31.2389342439492,122.225530521925,272.713563101856,4.04888338883256,6928.87708503556,34.1051741420566,53.1511391396973,211.22061706614,473.206455254767,5.60202048072276,10566.1442276231
nominal,mandatory,random_f,5,9,200,1,188,9.93975645468297,22.2167146054986,41.670465599712,2.37686389558999,626.21736290084,9.89343594429128,16.2262515758312,39.8187941274956,78.6096393413489,3.76152281658404,1207.80952549991
noise_low,mandatory,random_f,5,9,200,1,188,6.43660193315086,16.6721753430822,24.5434797655502,1.81051040443896,549.308253988609,7.21376155099226,10.4302553814207,29.6188872748686,47.4824746828742,2.88258698918786,1016.40336918007
noise_high,mandatory,random_f,5,9,200,1,188,18.0271773724638,36.2077029752866,78.2636583936539,3.8759815782426,884.045871322843,16.8175069415561,29.4864753150017,65.3604729555401,152.460474754765,6.16985570489456,1750.90800547139
scan_x0,mandatory,random_f,5,9,200,1,188,9.22416424003487,17.0575373206022,38.7605367476281,2.14930247477085,368.436467423019,8.53102792223795,14.8667974550532,30.4041445823511,73.140600017686,3.45230934308113,714.641444417323
scan_x0.5,mandatory,random_f,5,9,200,1,188,9.39441455957608,18.5731381900559,39.6166762230358,2.21092008100849,442.254119692168,8.896283369366,15.21651094505,33.4384043936057,77.1225068732098,3.57308796631391,877.181161244659
scan_x2,mandatory,random_f,5,9,200,1,188,11.6804232285863,32.0401650435785,47.0275135227994,2.94115956369931,1098.41890165958,13.1923195789996,19.0265745621509,56.8638649491778,90.981057968514,4.51116149105632,2034.05850251863
scan_x4,mandatory,random_f,5,9,200,1,188,17.472380902027,55.0088434547302,61.5599287894461,4.54542510650471,2123.9164257472,21.9738322966262,27.8318472577735,96.5922534550535,116.351817613367,6.60862590620153,3769.03363724126
nominal,base,random,5,10,200,0,82,10.8497941060791,32.468209414592,86.1946595644881,2.24867621094904,1737.47861349753,10.748724258101,17.7517796226267,59.2586558491341,151.78331622661,3.20170461624327,3324.99084458435
noise_low,base,random,5,10,200,0,82,7.55701734588779,23.9784313868957,49.6436682316841,1.74671723552883,1500.80194627381,7.54603585485484,12.4485865118919,43.7001180069253,96.2156257789126,2.54622786956335,2849.86340899156
noise_high,base,random,5,10,200,0,82,19.2548101983985,53.7578684502544,160.862332085225,3.55777567841553,2474.47724702746,18.6884706296189,31.2228649657031,98.822483097013,276.412845533164,5.14885701757902,4841.36942185491
scan_x0,base,random,5,10,200,0,82,9.79336561157954,25.9837029504899,82.6597393354775,2.0026533840712,1035.49909669715,9.97021868579513,16.605501864357,47.8845309356441,141.090941500471,2.9672771876298,2089.48787285408
scan_x0.5,base,random,5,10,200,0,82,10.0757631739688,27.8169914055022,83.6805247101831,2.06642521789836,1238.2722185337,10.1671665427074,16.9323369142682,51.1161860214392,144.635637787272,3.04673497757487,2421.95371949841
scan_x2,base,random,5,10,200,0,82,13.7616434041979,45.3608573071818,95.3491329623111,2.7016936431412,3001.48027973364,12.8108617888634,23.1924389888949,81.9854182192249,184.332825625472,3.7695455879558,5681.41088988607
scan_x4,base,random,5,10,200,0,82,19.4553055412729,76.2711804126346,149.353807330836,3.91808937869815,5755.02271491704,18.8723190079867,33.4284765628271,135.854550571338,259.94804828983,5.33785570542805,10685.9917617174
nominal,mandatory,random_f,5,10,200,0,90,8.43523335432526,23.6259534816044,21.0333651638403,2.79429243265354,2015.89329762235,8.4120089903752,13.700267718638,40.5266381258983,40.3494504102705,4.25806291713397,3439.35642134637
noise_low,mandatory,random_f,5,10,200,0,90,5.55049718104706,17.6765176918208,13.6301528730644,2.10991361170206,1570.65306291131,5.42337674350261,8.7756598973049,30.4319149790117,23.427621407044,3.19995264640945,2713.20336084531
noise_high,mandatory,random_f,5,10,200,0,90,15.0720509857218,38.7896211622784,39.9443545965241,4.60658467380274,3212.96949797318,15.3386151040673,24.798206934522,65.8534791842265,73.8992809547449,7.16231135982359,5349.95057013065
scan_x0,mandatory,random_f,5,10,200,0,90,7.70856316373716,18.3583593506088,20.3636892823551,2.48456673335152,1457.4124547146,7.81847471143467,12.6793074388719,31.2100999409827,35.4317638372967,3.79008148660083,2447.01835412524
scan_x0.5,mandatory,random_f,5,10,200,0,90,7.92921641278614,19.8952505219825,20.5716088499803,2.56730618630002,1622.8548452444,7.97824839663777,12.9746813858248,33.7717914724913,37.6107975626944,3.96465256562316,2711.78779201773
scan_x2,mandatory,random_f,5,10,200,0,90,10.0036732757611,34.0385284165308,25.8077917646584,3.54864178896128,3107.63362654262,9.93718837178573,16.0349323722605,58.5477893461651,44.7024007547271,5.24523990969345,5367.52357027452
scan_x4,mandatory,random_f,5,10,200,0,90,14.597612865571,58.7692277888688,34.1214010064282,4.99223113260197,5634.00672854045,14.4584531615936,22.8564915274017,100.896272566323,61.1627122983539,7.14847909155776,9748.24421877476
nominal,base,random,5,11,200,0,74,8.25108639326726,20.161021543227,48.0965422960621,1.89178610234106,538.345917221692,8.23264170565527,13.5492833589623,36.0516159843624,87.1323186450127,2.58471970670675,870.707472280437
noise_low,base,random,5,11,200,0,74,5.51810015599906,14.91110283159,32.3717886943409,1.49643227371427,520.26595577433,5.85309907734945,9.09491703936978,26.2181944147883,62.2967164349032,2.09924320415224,795.617481493776
noise_high,base,random,5,11,200,0,74,14.4837667678019,33.2626764838899,85.3446518722507,2.97895920292134,613.256140961445,14.134597228728,24.0728151543423,60.3259126026306,156.160911911364,4.05750028007936,1098.60149666158
scan_x0,base,random,5,11,200,0,74,7.57749044608983,15.9971485805431,41.3819485724642,1.68337071001805,248.91196400679,7.83930359995022,12.5203011067826,29.0725874371581,78.6887416823432,2.34256762340993,490.495136098966
scan_x0.5,base,random,5,11,200,0,74,7.79669814269218,17.2748647834735,43.3018498195717,1.73833788884457,307.732719054623,7.94539066574468,12.8748178736156,31.2269992428939,79.495588546505,2.42450153829499,548.288589674912
scan_x2,base,random,5,11,200,0,74,9.68987089217642,28.067126330239,59.4890400428953,2.40135005465082,1039.57462357084,9.27132129603629,15.990679177632,49.2468390672579,104.106780752124,3.26002961304463,1596.42886968188
scan_x4,base,random,5,11,200,0,74,14.0700167803659,47.2043739312199,99.2935606029181,3.79312029447728,2061.84477296627,12.5252848690933,23.5035592620953,80.5849826004693,165.844728973692,5.3228626767487,3045.22115066085
nominal,mandatory,random_f,5,11,200,0,183,6.57128962060616,7.51334153441951,12.6836193110201,1.83918619590989,96.802290810959,6.56862191454682,10.1432112742901,12.2098530033929,20.1248843785041,2.75937437663051,187.478157308093
noise_low,mandatory,random_f,5,11,200,0,183,4.58007298135696,5.19684282202059,8.09879525790192,1.47029435523532,60.3110732106513,4.50458391111393,7.21174136500668,8.41515954702639,13.080968053902,2.16343685022937,115.721812645863
noise_high,mandatory,random_f,5,11,200,0,183,11.4440968560244,13.1455610937974,23.3311782980823,2.86175691969723,180.181785628328,11.6079437898844,17.716801328983,21.4704860324187,37.0786840524457,4.22060537131287,348.176493963822
scan_x0,mandatory,random_f,5,11,200,0,183,6.04553331834715,6.80183659442178,11.638325678022,1.63799745039174,87.9501583431229,6.1637411259604,9.32471578429217,11.0562924309454,19.0004378220215,2.50884086311458,166.487967664955
scan_x0.5,mandatory,random_f,5,11,200,0,183,6.18947000447473,6.98680549512877,12.0196347196174,1.69129596372376,90.1940274128665,6.26197323052485,9.51192607071551,11.3818922966149,19.2551923962522,2.6134146217817,174.538044369575
scan_x2,mandatory,random_f,5,11,200,0,183,8.02055029050954,9.29840950727267,15.0241217523083,2.33389912095333,120.301457188732,7.68886146389024,12.3862077577277,14.9385802509534,25.0283071392091,3.29309427919097,231.785861018608
scan_x4,mandatory,random_f,5,11,200,0,183,12.2858094355252,14.2838787416145,23.9391132959563,3.69624665293807,187.072745772152,11.1094503460356,18.8108643948156,22.5893107432287,39.6591200840222,4.95628476844344,358.927353167605
nominal,base,random,5,12,200,0,88,5.59441824845084,10.628233091579,31.6558872750277,1.50635542149542,347.691829651992,5.55965426973265,9.05031295950283,18.6065592970613,58.4199168889456,2.05656306410889,652.740904977075
noise_low,base,random,5,12,200,0,88,4.10824592676554,7.76497073829768,20.3863284139014,1.1974468228554,311.399641658962,3.77445362083922,6.58915845491141,13.498168928846,36.0810420821454,1.69758410864043,563.41604000486
noise_high,base,random,5,12,200,0,88,9.51892921854687,17.7950390854803,55.2747660786754,2.35664179808032,469.54828880781,9.85872811697536,15.4553664704189,31.296612721215,103.075831028889,3.17734073443725,910.662892440215
scan_x0,base,random,5,12,200,0,88,5.11191220988958,9.15915597558938,28.0435233216838,1.36267449476026,224.25968103788,5.11615746928278,8.19587870907118,16.2484579477714,52.3408644686352,1.90725969942865,455.889902622638
scan_x0.5,base,random,5,12,200,0,88,5.24139634034765,9.55027345373528,29.3746743189437,1.39917219136196,258.042756804875,5.22790569945395,8.36020629002599,16.8699712970817,54.5598491523075,1.9428182948686,508.196534003103
scan_x2,base,random,5,12,200,0,88,7.0849958323245,13.9391494834864,36.3268670692521,1.87143989345615,587.782355425042,6.73488069651391,10.9717659179902,23.9150723253789,65.1526320910502,2.43128549821061,1038.55618748633
scan_x4,base,random,5,12,200,0,88,10.9095425644151,22.468323612588,55.1180918543537,2.89421898622219,1123.29974324668,10.1733140756102,16.9070411576924,37.6348745466299,95.1558145609532,3.75596520747976,1883.47535133456
nominal,mandatory,random_f,5,12,200,0,168,5.58807631388507,6.19679277499217,11.3701547238888,1.93221999348156,23.7745090799293,5.58766791449584,8.86738100488418,9.91253843531462,17.8289832706941,2.73373722197033,41.5385623202393
noise_low,mandatory,random_f,5,12,200,0,168,4.07489236406373,4.40764817391011,7.6357983918026,1.54761051489644,15.7216898767227,4.11158043374494,6.48653066007359,7.03912642829748,12.0076635002416,2.21409066587271,27.1234396334335
noise_high,mandatory,random_f,5,12,200,0,168,9.6444120335953,10.6428583589381,18.5465179303663,3.00274120816784,43.0833125224718,9.38286733718761,15.4763311341687,17.136798512959,30.954254847719,4.2327073125108,77.2304710175423
scan_x0,mandatory,random_f,5,12,200,0,168,5.09757251309998,5.58486875239814,9.42810395037964,1.71468714304635,21.497494771104,4.9943682002804,8.1661969972144,8.98612536263968,15.8292197304626,2.48421531490656,39.8743486272032
scan_x0.5,mandatory,random_f,5,12,200,0,168,5.22996486834078,5.7432565462356,9.69918294278969,1.77191262746363,22.0358723618959,5.15769792506789,8.40216205694734,9.22478690934768,15.9634459888383,2.53681229422203,39.323535352208
scan_x2,mandatory,random_f,5,12,200,0,168,7.07125788499305,7.72629598224189,13.5334561746745,2.46652533163628,30.0580862584002,7.04287061054217,10.8957593598133,12.207812158574,21.2304711830944,3.34210339208753,52.1942089595213
scan_x4,mandatory,random_f,5,12,200,0,168,10.5324437630791,11.9791833996692,21.7092131714877,3.92628735444981,48.1979409421846,11.1103499730656,16.0073831308476,18.5792001539152,33.3787317704511,5.19222530581403,78.4558902540737
nominal,base,random,5,13,200,0,141,5.00070540149473,11.7815792130658,29.8754974787874,1.61929402740365,297.534749971369,4.95532541574864,8.3529595895727,20.9915751770285,54.9421796930869,2.24459082601055,537.65201152703
noise_low,base,random,5,13,200,0,141,3.65412031871688,8.81115371071761,20.3398331825801,1.31034167972462,261.74447174999,3.62299452564745,6.20390376662895,15.6323999725062,34.5711916320074,1.90573207523526,464.670936880866
noise_high,base,random,5,13,200,0,141,8.62446043112867,19.4404616140814,55.1802300516207,2.4892010104425,413.752715622447,8.34555249593142,14.1613617668377,34.7618034108856,100.255982864,3.35137475883809,765.900234404539
scan_x0,base,random,5,13,200,0,141,4.5697134111661,9.64131154590359,27.2433305816096,1.44804280425921,175.479444206416,4.52527819829642,7.67126532139783,17.2479569729561,49.3451239916428,2.03881670774989,340.578024360756
scan_x0.5,base,random,5,13,200,0,141,4.69476715345801,10.2542780790986,27.8295639385494,1.49059428717155,209.224963979606,4.625496846187,7.81242833438363,18.3591696246671,51.0546233687196,2.08620186270641,386.526515594098
scan_x2,base,random,5,13,200,0,141,6.21684234960015,16.2215991485103,37.2589535705024,2.05502989617427,519.677816000901,6.13143449446856,10.065076178108,28.5375506565173,67.7762377699248,2.76797915904613,903.618901160774
scan_x4,base,random,5,13,200,0,141,9.46937890408001,27.1738995030542,58.3617814380773,3.25270825003608,996.848990111412,9.5345480357374,15.4369504268166,47.3790789028241,103.950441420689,4.37057432883289,1741.68346116527
nominal,mandatory,random_f,5,13,200,0,54,4.89398234267052,5.10001605842504,8.66165065989392,1.57836668695932,11.4776754090269,4.89295025866818,7.72750980862837,8.06841243416561,14.0465667599542,2.30230009842064,19.4326228947394
noise_low,mandatory,random_f,5,13,200,0,54,3.64151901210156,3.73821144413279,5.847988706758,1.29673229805264,8.37644924045861,3.51322160621963,5.6877741676492,5.92809370961009,9.34849277733415,1.92809516232844,13.7080472899017
noise_high,mandatory,random_f,5,13,200,0,54,8.14307147107739,8.56575298984269,15.3822752051886,2.38682697541381,20.0979030061948,8.371320649356,12.6823592190337,13.6159825118494,24.2797981594129,3.40506848470265,35.3531287040737
scan_x0,mandatory,random_f,5,13,200,0,54,4.39165323227447,4.56429640504786,7.80967429283048,1.39515962457865,10.9034050305458,4.397908560736,6.88140272610124,7.28307640144851,12.2599507433396,2.10980915643469,18.4891942536386
scan_x0.5,mandatory,random_f,5,13,200,0,54,4.51524693595136,4.70451268089316,8.01538302668118,1.44256273701673,11.0089792241443,4.52588644056976,7.04553433094349,7.48633522358454,12.5652574262925,2.15794643770795,18.6117163538361
scan_x2,mandatory,random_f,5,13,200,0,54,6.10588036509604,6.42313751333157,10.8512320532305,2.02798987958709,15.697123496755,6.16034086758876,9.39822084638008,9.99508544671126,17.7596815931194,2.76937006246674,25.7232662329589
scan_x4,mandatory,random_f,5,13,200,0,54,9.43846289676828,10.0642168905266,16.9259121652751,3.24516822372087,26.4273294027549,9.72975782194909,14.1144236700571,15.372630708972,26.7002083282011,4.26270657758079,43.5356914817526
nominal,base,random,5,14,200,0,47,4.61523093787337,7.15306444743541,16.2066957210745,1.34394414043014,206.952587009248,4.59692405966855,7.59726832845118,12.3282648366777,29.0848701680448,1.82511996298432,401.834385859408
noise_low,base,random,5,14,200,0,47,3.54588063262556,5.20862296684772,12.0209133944811,1.1444066344188,151.082828854515,3.60092426347008,5.65861207119171,8.97219563609834,21.6733279599984,1.5996401327247,294.736488897078
noise_high,base,random,5,14,200,0,47,7.42166989574671,12.0769272592889,29.0617670317427,1.93921663099227,351.455789615425,7.32948464029301,12.4302050565554,20.8726225568904,53.8502294469291,2.54531661280392,671.467779302876
scan_x0,base,random,5,14,200,0,47,4.10477486288103,6.30036267649816,14.6611179410015,1.11600741393714,170.050535320828,4.03626137828056,6.78146478010413,10.9694422753663,26.9146500536749,1.56676193920547,331.601266576049
scan_x0.5,base,random,5,14,200,0,47,4.18318575529701,6.52932425416917,15.0598168816457,1.17834853845308,180.239923383708,4.18151948501838,7.02540353564375,11.3080234399601,27.7308688150961,1.65580408101332,347.215397433893
scan_x2,base,random,5,14,200,0,47,5.95252404318135,9.18279511612092,20.2501697331705,1.84809840523693,290.534619312741,5.96630292696291,9.25571574394233,15.5875719090406,34.0891702616997,2.43646607778045,556.576178544651
scan_x4,base,random,5,14,200,0,47,8.92614620779672,14.6132298634571,31.4376317251869,3.03562449310806,500.159298217962,9.62092228423024,14.372232443629,24.6086906512226,53.6397237193673,4.06419483403892,980.515634774014
nominal,mandatory,random_f,5,14,200,0,159,4.31692612012775,4.42095488282686,7.28623084819776,1.54319308649686,8.84228770437626,4.30368745503037,6.86788256554163,6.95173005026859,11.8112595262988,2.08101975220087,15.5610735280958
noise_low,mandatory,random_f,5,14,200,0,159,3.24895098006601,3.32478165694055,5.08031231333529,1.2942050907219,6.73309609105138,3.08148008913608,5.27467883289376,5.25809737520264,7.96764978474821,1.78482948263293,12.2279470548054
noise_high,mandatory,random_f,5,14,200,0,159,7.12598004848573,7.27391045208606,11.837729864069,2.27799890401732,15.3604982080746,7.36686209045248,11.1505752250922,11.4719665147711,18.9987619140683,3.04383780248818,25.4822225753047
scan_x0,mandatory,random_f,5,14,200,0,159,3.86824369242981,3.92944808713425,6.06757315692203,1.3212425650623,8.08077982821161,3.97006487144651,6.27088595768381,6.24946555153914,9.69741253798964,1.8788734477863,14.5634792363094
scan_x0.5,mandatory,random_f,5,14,200,0,159,3.98612459572901,4.05814647789872,6.34281043693699,1.37999854881552,8.28631235727542,4.04853231410053,6.45155498843804,6.43020288795513,10.2073131975612,1.9108097988001,14.5396953900025
scan_x2,mandatory,random_f,5,14,200,0,159,5.44126061476278,5.62452822919003,9.21441937296162,2.06391657976243,12.2165937731026,5.20781866281289,8.39229490577044,8.67657505688009,14.528446215559,2.78896361089534,18.6809422897361
scan_x4,mandatory,random_f,5,14,200,0,159,8.63985533351399,8.90244929226572,14.792643159562,3.41831021523212,21.935466591434,7.831942585736,13.0613986001214,13.5108781171034,23.7853554727291,4.63882815948364,30.8635848382019
nominal,base,random,5,15,200,0,59,3.70595994908364,6.37288653809395,10.6184498291463,1.37814293802049,358.007665532956,3.68623753170145,5.82935905554316,10.884855455707,19.4385218797589,1.88489347245241,647.95461377649
noise_low,base,random,5,15,200,0,59,2.86343925773361,5.05709241348489,7.185679899873,1.12867049682646,327.66557816033,2.78541815988008,4.50981026907401,8.4755731604668,13.3911205224195,1.58182719834222,556.36987049607
noise_high,base,random,5,15,200,0,59,6.0361131264821,9.9491381919458,16.8255884219373,2.08515037194439,471.205809525772,6.05635545264685,9.650902644744,17.3421428613282,28.7844596434866,2.83847390390337,915.111229982265
scan_x0,base,random,5,15,200,0,59,3.32137799108254,4.99789053784775,8.75304861390837,1.2096182828005,186.27994807811,3.32350207362826,5.33826739723914,8.71794357754808,14.8856980018198,1.69924093297416,372.55389173295
scan_x0.5,base,random,5,15,200,0,59,3.3978626052405,5.39302701514073,9.21357069343599,1.25474716084673,238.090851666881,3.41134556986056,5.44946110608719,9.40740313624284,15.6707846613542,1.74621003261674,467.651236218237
scan_x2,base,random,5,15,200,0,59,4.67311668923662,9.09834610315466,13.0365505722472,1.7792769211958,651.51793248966,4.64098510909101,7.17004727676858,15.064965521059,24.3175049796472,2.34706930854634,1097.88299853999
scan_x4,base,random,5,15,200,0,59,7.44206552974513,15.6237410196747,21.8124473065179,2.85283600891338,1272.87637944051,7.31762595832729,11.1665445445321,25.0465078984404,40.7718541410611,3.71899877005615,2034.8337871862
nominal,mandatory,random_f,5,15,200,0,148,4.1102951938134,4.13621954033459,6.56950269673084,1.61241853465659,10.1638459079278,4.11014571176412,6.51543526641333,6.47587974686289,10.287067361937,2.29292503952529,16.730116278943
noise_low,mandatory,random_f,5,15,200,0,148,3.12462927267124,3.16808734157211,4.75660144517219,1.3941592092171,7.14371251606639,3.16571889817209,5.04950735750396,4.99379810751675,7.57406477534754,2.041375865649,11.6657582302614
noise_high,mandatory,random_f,5,15,200,0,148,6.5243000412586,6.70374807037686,11.1716516034928,2.28203921977369,17.6699104699956,6.65132926755607,10.2059363341377,10.5193234267505,17.4589014048311,3.16286214135331,29.011565695397
scan_x0,mandatory,random_f,5,15,200,0,148,3.5862532745994,3.63917254390674,5.66354364025973,1.36882314645854,8.82875126360814,3.66259640731612,5.71365150737113,5.75858651973906,8.99924076409233,2.05402100582469,14.0727682536805
scan_x0.5,mandatory,random_f,5,15,200,0,148,3.69922401708804,3.76947843769193,5.94097765893952,1.43115667478327,9.177054747771,3.7755662806564,5.97346070608038,5.94627604355682,9.26002169851255,2.13084105178343,15.0280126765544
scan_x2,mandatory,random_f,5,15,200,0,148,5.08393797685328,5.34313675480806,8.54716159401562,2.19113825316546,13.4448971236768,5.23862021590767,8.00274869959318,8.22575011084393,13.4641292329207,3.02264145021488,22.7677081695247
scan_x4,mandatory,random_f,5,15,200,0,148,8.0911632305405,8.58948005735418,13.9441711668281,3.68430753495285,22.2105654290299,8.34020975810041,12.1641045780658,13.038951757001,22.1394574532224,5.00731200271745,37.9867044446441
nominal,base,random,5,16,200,0,98,3.21206529497857,4.12965253494328,9.41727983597949,1.20858783048,26.2186576878349,3.20508715484999,4.88528034964251,6.79009828506669,17.1293635938915,1.68730307837046,50.2518648361396
noise_low,base,random,5,16,200,0,98,2.51266359718637,3.16270473279399,6.74414398031091,1.03518258738389,18.3194623333599,2.51667222648042,3.90192741338128,5.21863679831028,12.1399191192194,1.48064304487211,35.9826708843433
noise_high,base,random,5,16,200,0,98,5.07536418814865,6.69211769632424,16.3513113859992,1.72688881503139,45.7348016070152,5.06741347873305,7.81104642821607,11.0599143814198,30.5498393896197,2.35130662071601,88.7968140186469
scan_x0,base,random,5,16,200,0,98,2.78670613387952,3.62026989172988,8.36391506187511,1.01507720612519,22.5436564232813,2.79529826220749,4.34394065040384,6.01595425780843,15.2462680862919,1.48249887180209,42.6148902443729
scan_x0.5,base,random,5,16,200,0,98,2.89987257446422,3.75471365258211,8.48423757126522,1.06894585770178,23.5526128577504,2.90738655347286,4.44055430996211,6.21713323719989,15.7247757105099,1.54612902233252,45.2916820966278
scan_x2,base,random,5,16,200,0,98,4.21962343745528,5.35704081772192,12.7146797636606,1.6405299248797,34.7836553343628,4.17103619721347,6.33540711143612,8.66561264899206,22.0790588705061,2.17641764464535,67.313867658259
scan_x4,base,random,5,16,200,0,98,6.68846303469849,8.64367217273797,20.9738751690736,2.74322419600707,57.632763664013,6.74710318500425,10.1636866178213,13.7480462884663,34.2641308932522,3.62167146523724,111.563669325972
nominal,mandatory,random_f,5,16,200,0,193,3.45540250764347,3.49799294066886,5.75769978858109,1.16514012916354,7.28158524610154,3.45074417976418,5.48953144849664,5.49892581702004,9.06621593863464,1.57209643950211,12.8700845184188
noise_low,mandatory,random_f,5,16,200,0,193,2.71029725053518,2.71723703792995,4.31929347802083,1.00041144964157,5.21009220416585,2.81672749010437,4.26960243314385,4.31573748650009,6.91110704713297,1.38880661719769,8.37517309300529
noise_high,mandatory,random_f,5,16,200,0,193,5.48585381254405,5.58871112069168,9.82772735597312,1.65988508250704,13.3224584771955,5.23433784632731,8.5887180767872,8.79565203523978,15.11667012649,2.17438615125305,24.0525571570522
scan_x0,mandatory,random_f,5,16,200,0,193,3.0807933600373,3.10636298858012,5.29329894268691,0.983249655969329,6.95164758291674,3.09023139789646,4.93975489609463,4.96803300438992,8.29190343320473,1.43179068584727,12.2013894809478
scan_x0.5,mandatory,random_f,5,16,200,0,193,3.17989403412252,3.20843394061634,5.40710284983324,1.03138728932786,7.0190606096387,3.18732137466738,5.14820614223515,5.10463358740763,8.396947503053,1.45163237464768,12.3410703221186
scan_x2,mandatory,random_f,5,16,200,0,193,4.21414137736459,4.45747453711251,7.45563260143698,1.58576034408954,8.90550762083433,4.33318876318423,6.66092300143622,6.83511679458635,11.0031948781858,2.07545369291733,14.0435182932859
scan_x4,mandatory,random_f,5,16,200,0,193,6.63021586567508,7.0664678120875,11.4518957781724,2.66446163729195,14.9649679508501,6.77463790294457,10.004433021737,10.6168062126899,17.5152375215745,3.52792789943916,25.7251751259154
nominal,base,random,5,17,200,0,175,2.73940575030875,3.63548196604356,7.86609257627454,1.29164989799716,24.984391019626,2.73621903341627,4.2866368501567,5.92090174256332,13.423074038379,1.72727106104365,46.7738119237888
noise_low,base,random,5,17,200,0,175,2.21405184947217,2.80497003840983,5.65027795628023,1.0683880013437,22.2098300360616,2.11769349590146,3.50211013286979,4.57176262396852,9.42631711629911,1.46311257690552,40.7905060589548
noise_high,base,random,5,17,200,0,175,4.27405398050716,5.8413781498941,13.7926150242504,1.93281440458855,36.2427685184052,4.41005284477806,6.67607528852511,9.58618450508186,23.3095445669784,2.57631064477634,66.2425458975878
scan_x0,base,random,5,17,200,0,175,2.43890837762762,3.19619120049508,7.23015901023862,1.09862421312603,18.6476105247839,2.48509373515126,3.88869301149273,5.27603079738121,12.6227308775932,1.58515304489619,34.7336889506147
scan_x0.5,base,random,5,17,200,0,175,2.52016310827001,3.31187919825407,7.36440770489051,1.16410182640491,20.1179103607896,2.55020644496746,3.96461783994966,5.44718240443739,12.8000761200247,1.61012720785745,37.8278705181506
scan_x2,base,random,5,17,200,0,175,3.54026338775246,4.68998332389322,9.65389036075239,1.67106196867792,38.9504862119708,3.37368057904237,5.419911587868,7.50444801088533,16.511500031463,2.16944058956962,70.294674610602
scan_x4,base,random,5,17,200,0,175,5.63198658515253,7.51360757646507,14.8627214122118,2.69423259181174,71.6821908219939,5.17460353038675,8.40491773457016,11.8735626946199,25.0774968976243,3.47988887943468,128.965373623623
nominal,mandatory,random_f,5,17,200,0,114,3.15129448775064,3.24810455827154,5.08882526403088,1.23008673201664,6.03205614132356,3.1456774363578,5.00751751930344,5.09094519234132,8.05911254805035,1.66084033868844,9.31800512969125
noise_low,mandatory,random_f,5,17,200,0,114,2.54475806780531,2.58442211846468,4.07772087099505,1.07337556903605,4.61155769276846,2.6774109479473,4.00809587688937,4.07995198322274,6.24178348282181,1.5003940021146,6.93034377827303
noise_high,mandatory,random_f,5,17,200,0,114,4.85008287786045,5.07473445379007,8.16504483733939,1.71228080505175,9.85132689129003,4.54506764591219,7.49119907574817,7.97342328027616,13.0449652628086,2.28961590602447,15.4708841611527
scan_x0,mandatory,random_f,5,17,200,0,114,2.73426151991566,2.83333339348486,4.44774932658605,1.00793591163512,5.09642303856552,2.65381233903726,4.36324606567951,4.53001240169078,6.95942531704435,1.41438413340212,8.13781091153368
scan_x0.5,mandatory,random_f,5,17,200,0,114,2.82325041520938,2.94297009347165,4.59734175770797,1.06811950690825,5.31704009081743,2.78564645999693,4.44780110150412,4.67069465314038,7.247976187577,1.50995722590156,8.33981507522993
scan_x2,mandatory,random_f,5,17,200,0,114,4.03209177289841,4.24004312772189,6.8093886578233,1.72527315350903,8.30157566614718,4.28931724796786,6.31162605990933,6.47498173379094,10.4227984020193,2.33172735162384,12.216501945471
scan_x4,mandatory,random_f,5,17,200,0,114,6.59656652655167,6.87676386240371,11.5715265608762,2.9641126629562,14.1086722798204,7.24081738108642,9.82321610589696,10.2803535287922,17.7243917832085,4.09402387455863,19.6769071512423
nominal,base,random,5,18,200,0,13,2.62930947660819,3.08276891065862,5.81567565577231,1.1476309283422,18.2219086848006,2.62277187276046,4.06960913451185,4.96465289670081,9.89536902456075,1.5786865168475,34.587370072996
noise_low,base,random,5,18,200,0,13,2.10612333986395,2.46222663996865,4.70046246197897,1.01573016681111,14.1302909541987,2.17894078470724,3.26906284543033,3.99656558571218,7.69882117186942,1.42088104893346,27.0576009653213
noise_high,base,random,5,18,200,0,13,4.02811264187184,4.79620615260462,9.83082724373242,1.56221543130214,29.430996769518,3.92146180933373,6.27813791787156,7.73499008705053,16.0017574072271,2.05847824743842,54.903202439023
scan_x0,base,random,5,18,200,0,13,2.30731168780472,2.6851038077288,4.93990467520294,0.901717842396942,15.5418991221788,2.14883903129416,3.61234157776003,4.40104269172357,8.44394853961369,1.26624102387103,28.3092732422453
scan_x0.5,base,random,5,18,200,0,13,2.4112171595489,2.78966169486423,5.29578508871863,0.967878652022605,16.2846237029958,2.27809720507636,3.74259619414293,4.55164648912037,8.96087897122398,1.35286969889348,30.112876353373
scan_x2,base,random,5,18,200,0,13,3.418699745089,4.03247425886263,8.5154557067604,1.61434942458953,24.2647495345907,3.69237273135187,5.08549402979024,6.34864982165417,13.8033617820689,2.14801217182541,45.6446749592006
scan_x4,base,random,5,18,200,0,13,5.46091460138835,6.54705379213666,14.5197389983146,2.70137071796086,39.7629041776956,6.39263322954639,8.06020692792899,10.1330023365277,24.0186412927449,3.5706507634177,75.4907257212168
nominal,mandatory,random_f,5,18,200,0,125,2.9102415644381,3.04411142949158,4.56936623504145,1.49952878614671,5.76600857848922,2.90848516486161,4.49356178144083,4.77906699816184,7.61067073216069,2.03177343888681,10.6274295896016
noise_low,mandatory,random_f,5,18,200,0,125,2.36155295445407,2.45887543570754,3.67974601100613,1.27427776383454,4.79526164981424,2.52890820684743,3.69426992298539,3.91883416741318,5.93942209446897,1.79425970389442,8.91325557434885
noise_high,mandatory,random_f,5,18,200,0,125,4.41315733561138,4.67874971619365,7.53769615800798,2.15809079273416,9.11197613019149,4.09206263217561,6.76424723355192,7.33602094421571,12.0075335533859,2.9367461250976,15.5675656157477
scan_x0,mandatory,random_f,5,18,200,0,125,2.51495138115614,2.65356577248627,4.08225437219632,1.27669557414466,5.11358160096493,2.52305455748043,3.92402487279987,4.26715439176625,6.87158269622835,1.82632813380811,8.44392629530639
scan_x0.5,mandatory,random_f,5,18,200,0,125,2.60508866744114,2.75655371126013,4.26043883523561,1.33850948128794,5.26250418596207,2.62026199745306,4.05949326804816,4.3959098970473,6.99856153604419,1.87347223879818,8.45689433590533
scan_x2,mandatory,random_f,5,18,200,0,125,3.83015432893203,3.97646141338819,6.27090149545371,2.00745832935498,8.95887655953127,3.87747379248209,5.88315193669115,6.08135372072976,9.8761691396155,2.69235203729118,16.6819326103176
scan_x4,mandatory,random_f,5,18,200,0,125,6.23845942730995,6.45084504993295,10.2243208320917,3.20266990457313,16.2353871033884,6.48414986476002,9.18731081301561,9.6961694675819,15.9832759871052,4.38582979402568,30.5577894061627
nominal,base,random,5,19,200,0,145,2.44400175989182,2.95703376497704,5.63285176584684,1.09427184049046,14.4546037960885,2.427472940182,3.73007063061277,4.72022751566114,9.91946004802401,1.50508316648318,23.2288837123975
noise_low,base,random,5,19,200,0,145,2.00370366425325,2.36919585380422,4.37074720270074,0.950421106644117,10.9044361038389,1.95349705989953,3.08952247710649,3.81143644931169,7.78504029011798,1.32398173682809,18.801729432839
noise_high,base,random,5,19,200,0,145,3.75376736424861,4.58182572882045,9.59095284174622,1.53393647039059,25.3539995207892,3.76841324890956,5.86349258406907,7.33838866938035,17.4084485177758,2.08959224267387,41.583374525271
scan_x0,base,random,5,19,200,0,145,2.13172400662595,2.58250520930625,5.20825331269682,0.890035228560635,13.6703003147768,2.18131561096213,3.35841828342231,4.22194208679286,8.89204001169642,1.32877044994143,22.4161927216307
scan_x0.5,base,random,5,19,200,0,145,2.21428131502093,2.68161714736941,5.31278208398648,0.946514323202077,13.869992269469,2.24774935311638,3.51161742407664,4.35497538481543,9.1488312407158,1.37501576677329,22.636323122707
scan_x2,base,random,5,19,200,0,145,3.18492016082485,3.84924325735326,7.30718076726199,1.54035038297169,20.2013770417701,3.02953965560213,4.6844777382114,5.98322636005434,12.674900444301,2.04521288546489,33.8355219007623
scan_x4,base,random,5,19,200,0,145,5.13761222402935,6.21916929332632,11.9434599716626,2.64759543824263,36.6402380377915,4.69879753720353,7.61473001886934,9.52031963047513,20.9558601088535,3.53787841807513,59.4227179938225
nominal,mandatory,random_f,5,19,200,0,30,2.5770878190195,2.78268505949143,4.50653563228527,1.18122550126606,6.09122072154547,2.5452471127833,3.94169030439458,4.32910702991362,7.03152622565787,1.61883997819544,9.98195601572262
noise_low,mandatory,random_f,5,19,200,0,30,2.13126877330579,2.26488371136192,3.54840751498473,1.02797792790345,4.85987197897813,2.0863734734516,3.34272915537747,3.56255684204089,5.79458788618752,1.43995241386988,7.68744431856563
noise_high,mandatory,random_f,5,19,200,0,30,3.88665724067487,4.24423739555992,7.33322893701118,1.65101300919565,9.82358348929416,3.85724995747749,6.05868335259631,6.59633719197125,11.287922953048,2.18390147799533,15.7485189363805
scan_x0,mandatory,random_f,5,19,200,0,30,2.26484911547383,2.41194305268478,3.90992469293387,0.984948902498782,5.17163642055832,2.22738911990149,3.50364755903283,3.84593063744259,6.19571767311583,1.40256617593652,8.02653493549939
scan_x0.5,mandatory,random_f,5,19,200,0,30,2.33638888726724,2.50958575793846,4.12059107369598,1.03828831289909,5.41566756812485,2.31240683332926,3.6426879282243,3.97374602724491,6.44462824893228,1.47583053770189,8.44348014588441
scan_x2,mandatory,random_f,5,19,200,0,30,3.40445259662343,3.66367015692887,5.87902442983013,1.62549334479634,8.98381712299551,3.30266699834945,5.13104492273139,5.54633537047868,9.1902783933131,2.12949639971748,14.0831669634452
scan_x4,mandatory,random_f,5,19,200,0,30,5.55604138312504,5.98635054325075,9.57596879425732,2.75294135331739,16.1043348592988,5.33309611798697,8.16520671120242,8.92571247652816,14.7667946367154,3.55757181402423,24.3150546748794
