design_id,scenario,method,howa_order,n_shots,random_draw_index,shot_id,cand_index,x_mm,y_mm,quadrant,radial_region,scan_direction,is_mandatory
1,base,poisson,3,3,NaN,20,5,52,99,1,Outer,Up,0
1,base,poisson,3,3,NaN,50,25,-104,0,3,Middle,Up,0
1,base,poisson,3,3,NaN,92,57,52,-99,4,Outer,Up,0
2,base,human,3,3,NaN,32,13,78,66,1,Middle,Down,0
2,base,human,3,3,NaN,54,29,0,0,1,Inner,Up,0
2,base,human,3,3,NaN,76,45,-78,-66,3,Middle,Down,0
3,base,dopt,3,3,NaN,16,1,-52,99,2,Outer,Up,0
3,base,dopt,3,3,NaN,59,34,130,0,1,Outer,Down,0
3,base,dopt,3,3,NaN,88,53,-52,-99,3,Outer,Up,0
4,base,iopt,3,3,NaN,16,1,-52,99,2,Outer,Up,0
4,base,iopt,3,3,NaN,59,34,130,0,1,Outer,Down,0
4,base,iopt,3,3,NaN,88,53,-52,-99,3,Outer,Up,0
5,base,cdopt,3,3,NaN,25,6,-104,66,2,Outer,Up,0
5,base,cdopt,3,3,NaN,33,14,104,66,1,Outer,Up,0
5,base,cdopt,3,3,NaN,91,56,26,-99,4,Middle,Down,0
6,base,ciopt,3,3,NaN,27,8,-52,66,2,Middle,Up,0
6,base,ciopt,3,3,NaN,59,34,130,0,1,Outer,Down,0
6,base,ciopt,3,3,NaN,88,53,-52,-99,3,Outer,Up,0
7,base,poisson,3,4,NaN,18,3,0,99,2,Middle,Up,0
7,base,poisson,3,4,NaN,49,24,-130,0,3,Outer,Down,0
7,base,poisson,3,4,NaN,59,34,130,0,1,Outer,Down,0
7,base,poisson,3,4,NaN,90,55,0,-99,4,Middle,Up,0
8,base,human,3,4,NaN,32,13,78,66,1,Middle,Down,0
8,base,human,3,4,NaN,54,29,0,0,1,Inner,Up,0
8,base,human,3,4,NaN,65,37,-52,-33,3,Inner,Up,0
8,base,human,3,4,NaN,76,45,-78,-66,3,Middle,Down,0
9,base,dopt,3,4,NaN,25,6,-104,66,2,Outer,Up,0
9,base,dopt,3,4,NaN,33,14,104,66,1,Outer,Up,0
9,base,dopt,3,4,NaN,83,52,104,-66,4,Outer,Up,0
9,base,dopt,3,4,NaN,88,53,-52,-99,3,Outer,Up,0
10,base,iopt,3,4,NaN,20,5,52,99,1,Outer,Up,0
10,base,iopt,3,4,NaN,25,6,-104,66,2,Outer,Up,0
10,base,iopt,3,4,NaN,83,52,104,-66,4,Outer,Up,0
10,base,iopt,3,4,NaN,88,53,-52,-99,3,Outer,Up,0
11,base,cdopt,3,4,NaN,17,2,-26,99,2,Middle,Down,0
11,base,cdopt,3,4,NaN,33,14,104,66,1,Outer,Up,0
11,base,cdopt,3,4,NaN,49,24,-130,0,3,Outer,Down,0
11,base,cdopt,3,4,NaN,92,57,52,-99,4,Outer,Up,0
12,base,ciopt,3,4,NaN,18,3,0,99,2,Middle,Up,0
12,base,ciopt,3,4,NaN,49,24,-130,0,3,Outer,Down,0
12,base,ciopt,3,4,NaN,59,34,130,0,1,Outer,Down,0
12,base,ciopt,3,4,NaN,90,55,0,-99,4,Middle,Up,0
13,base,poisson,3,5,NaN,17,2,-26,99,2,Middle,Down,0
13,base,poisson,3,5,NaN,33,14,104,66,1,Outer,Up,0
13,base,poisson,3,5,NaN,50,25,-104,0,3,Middle,Up,0
13,base,poisson,3,5,NaN,69,41,52,-33,4,Inner,Up,0
13,base,poisson,3,5,NaN,88,53,-52,-99,3,Outer,Up,0
14,base,human,3,5,NaN,32,13,78,66,1,Middle,Down,0
14,base,human,3,5,NaN,37,15,-104,33,2,Outer,Up,0
14,base,human,3,5,NaN,54,29,0,0,1,Inner,Up,0
14,base,human,3,5,NaN,65,37,-52,-33,3,Inner,Up,0
14,base,human,3,5,NaN,91,56,26,-99,4,Middle,Down,0
15,base,dopt,3,5,NaN,16,1,-52,99,2,Outer,Up,0
15,base,dopt,3,5,NaN,33,14,104,66,1,Outer,Up,0
15,base,dopt,3,5,NaN,49,24,-130,0,3,Outer,Down,0
15,base,dopt,3,5,NaN,83,52,104,-66,4,Outer,Up,0
15,base,dopt,3,5,NaN,88,53,-52,-99,3,Outer,Up,0
16,base,iopt,3,5,NaN,17,2,-26,99,2,Middle,Down,0
16,base,iopt,3,5,NaN,33,14,104,66,1,Outer,Up,0
16,base,iopt,3,5,NaN,49,24,-130,0,3,Outer,Down,0
16,base,iopt,3,5,NaN,83,52,104,-66,4,Outer,Up,0
16,base,iopt,3,5,NaN,89,54,-26,-99,3,Middle,Down,0
17,base,cdopt,3,5,NaN,17,2,-26,99,2,Middle,Down,0
17,base,cdopt,3,5,NaN,33,14,104,66,1,Outer,Up,0
17,base,cdopt,3,5,NaN,49,24,-130,0,3,Outer,Down,0
17,base,cdopt,3,5,NaN,83,52,104,-66,4,Outer,Up,0
17,base,cdopt,3,5,NaN,89,54,-26,-99,3,Middle,Down,0
18,base,ciopt,3,5,NaN,17,2,-26,99,2,Middle,Down,0
18,base,ciopt,3,5,NaN,33,14,104,66,1,Outer,Up,0
18,base,ciopt,3,5,NaN,49,24,-130,0,3,Outer,Down,0
18,base,ciopt,3,5,NaN,83,52,104,-66,4,Outer,Up,0
18,base,ciopt,3,5,NaN,89,54,-26,-99,3,Middle,Down,0
19,base,poisson,3,6,NaN,20,5,52,99,1,Outer,Up,0
19,base,poisson,3,6,NaN,25,6,-104,66,2,Outer,Up,0
19,base,poisson,3,6,NaN,55,30,26,0,1,Inner,Down,0
19,base,poisson,3,6,NaN,59,34,130,0,1,Outer,Down,0
19,base,poisson,3,6,NaN,64,36,-78,-33,3,Middle,Down,0
19,base,poisson,3,6,NaN,92,57,52,-99,4,Outer,Up,0
20,base,human,3,6,NaN,26,7,-78,66,2,Middle,Down,0
20,base,human,3,6,NaN,32,13,78,66,1,Middle,Down,0
20,base,human,3,6,NaN,54,29,0,0,1,Inner,Up,0
20,base,human,3,6,NaN,65,37,-52,-33,3,Inner,Up,0
20,base,human,3,6,NaN,76,45,-78,-66,3,Middle,Down,0
20,base,human,3,6,NaN,82,51,78,-66,4,Middle,Down,0
21,base,dopt,3,6,NaN,16,1,-52,99,2,Outer,Up,0
21,base,dopt,3,6,NaN,20,5,52,99,1,Outer,Up,0
21,base,dopt,3,6,NaN,49,24,-130,0,3,Outer,Down,0
21,base,dopt,3,6,NaN,59,34,130,0,1,Outer,Down,0
21,base,dopt,3,6,NaN,88,53,-52,-99,3,Outer,Up,0
21,base,dopt,3,6,NaN,92,57,52,-99,4,Outer,Up,0
22,base,iopt,3,6,NaN,16,1,-52,99,2,Outer,Up,0
22,base,iopt,3,6,NaN,20,5,52,99,1,Outer,Up,0
22,base,iopt,3,6,NaN,49,24,-130,0,3,Outer,Down,0
22,base,iopt,3,6,NaN,59,34,130,0,1,Outer,Down,0
22,base,iopt,3,6,NaN,88,53,-52,-99,3,Outer,Up,0
22,base,iopt,3,6,NaN,92,57,52,-99,4,Outer,Up,0
23,base,cdopt,3,6,NaN,19,4,26,99,1,Middle,Down,0
23,base,cdopt,3,6,NaN,25,6,-104,66,2,Outer,Up,0
23,base,cdopt,3,6,NaN,56,31,52,0,1,Inner,Up,0
23,base,cdopt,3,6,NaN,59,34,130,0,1,Outer,Down,0
23,base,cdopt,3,6,NaN,75,44,-104,-66,3,Outer,Up,0
23,base,cdopt,3,6,NaN,91,56,26,-99,4,Middle,Down,0
24,base,ciopt,3,6,NaN,19,4,26,99,1,Middle,Down,0
24,base,ciopt,3,6,NaN,25,6,-104,66,2,Outer,Up,0
24,base,ciopt,3,6,NaN,54,29,0,0,1,Inner,Up,0
24,base,ciopt,3,6,NaN,59,34,130,0,1,Outer,Down,0
24,base,ciopt,3,6,NaN,75,44,-104,-66,3,Outer,Up,0
24,base,ciopt,3,6,NaN,91,56,26,-99,4,Middle,Down,0
25,mandatory,poisson_f,3,6,NaN,18,3,0,99,2,Middle,Up,1
25,mandatory,poisson_f,3,6,NaN,51,26,-78,0,3,Middle,Down,1
25,mandatory,poisson_f,3,6,NaN,54,29,0,0,1,Inner,Up,1
25,mandatory,poisson_f,3,6,NaN,57,32,78,0,1,Middle,Down,1
25,mandatory,poisson_f,3,6,NaN,83,52,104,-66,4,Outer,Up,0
25,mandatory,poisson_f,3,6,NaN,90,55,0,-99,4,Middle,Up,1
26,mandatory,human_f,3,6,NaN,18,3,0,99,2,Middle,Up,1
26,mandatory,human_f,3,6,NaN,32,13,78,66,1,Middle,Down,0
26,mandatory,human_f,3,6,NaN,51,26,-78,0,3,Middle,Down,1
26,mandatory,human_f,3,6,NaN,54,29,0,0,1,Inner,Up,1
26,mandatory,human_f,3,6,NaN,57,32,78,0,1,Middle,Down,1
26,mandatory,human_f,3,6,NaN,90,55,0,-99,4,Middle,Up,1
27,mandatory,dopt_aug,3,6,NaN,18,3,0,99,2,Middle,Up,1
27,mandatory,dopt_aug,3,6,NaN,49,24,-130,0,3,Outer,Down,0
27,mandatory,dopt_aug,3,6,NaN,51,26,-78,0,3,Middle,Down,1
27,mandatory,dopt_aug,3,6,NaN,54,29,0,0,1,Inner,Up,1
27,mandatory,dopt_aug,3,6,NaN,57,32,78,0,1,Middle,Down,1
27,mandatory,dopt_aug,3,6,NaN,90,55,0,-99,4,Middle,Up,1
28,mandatory,iopt_aug,3,6,NaN,18,3,0,99,2,Middle,Up,1
28,mandatory,iopt_aug,3,6,NaN,49,24,-130,0,3,Outer,Down,0
28,mandatory,iopt_aug,3,6,NaN,51,26,-78,0,3,Middle,Down,1
28,mandatory,iopt_aug,3,6,NaN,54,29,0,0,1,Inner,Up,1
28,mandatory,iopt_aug,3,6,NaN,57,32,78,0,1,Middle,Down,1
28,mandatory,iopt_aug,3,6,NaN,90,55,0,-99,4,Middle,Up,1
33,base,poisson,3,7,NaN,18,3,0,99,2,Middle,Up,0
33,base,poisson,3,7,NaN,25,6,-104,66,2,Outer,Up,0
33,base,poisson,3,7,NaN,44,22,78,33,1,Middle,Down,0
33,base,poisson,3,7,NaN,53,28,-26,0,3,Inner,Down,0
33,base,poisson,3,7,NaN,75,44,-104,-66,3,Outer,Up,0
33,base,poisson,3,7,NaN,83,52,104,-66,4,Outer,Up,0
33,base,poisson,3,7,NaN,90,55,0,-99,4,Middle,Up,0
34,base,human,3,7,NaN,26,7,-78,66,2,Middle,Down,0
34,base,human,3,7,NaN,32,13,78,66,1,Middle,Down,0
34,base,human,3,7,NaN,39,17,-52,33,2,Inner,Up,0
34,base,human,3,7,NaN,54,29,0,0,1,Inner,Up,0
34,base,human,3,7,NaN,69,41,52,-33,4,Inner,Up,0
34,base,human,3,7,NaN,76,45,-78,-66,3,Middle,Down,0
34,base,human,3,7,NaN,82,51,78,-66,4,Middle,Down,0
35,base,dopt,3,7,NaN,16,1,-52,99,2,Outer,Up,0
35,base,dopt,3,7,NaN,20,5,52,99,1,Outer,Up,0
35,base,dopt,3,7,NaN,49,24,-130,0,3,Outer,Down,0
35,base,dopt,3,7,NaN,59,34,130,0,1,Outer,Down,0
35,base,dopt,3,7,NaN,75,44,-104,-66,3,Outer,Up,0
35,base,dopt,3,7,NaN,83,52,104,-66,4,Outer,Up,0
35,base,dopt,3,7,NaN,90,55,0,-99,4,Middle,Up,0
36,base,iopt,3,7,NaN,16,1,-52,99,2,Outer,Up,0
36,base,iopt,3,7,NaN,20,5,52,99,1,Outer,Up,0
36,base,iopt,3,7,NaN,49,24,-130,0,3,Outer,Down,0
36,base,iopt,3,7,NaN,54,29,0,0,1,Inner,Up,0
36,base,iopt,3,7,NaN,59,34,130,0,1,Outer,Down,0
36,base,iopt,3,7,NaN,88,53,-52,-99,3,Outer,Up,0
36,base,iopt,3,7,NaN,92,57,52,-99,4,Outer,Up,0
37,base,cdopt,3,7,NaN,19,4,26,99,1,Middle,Down,0
37,base,cdopt,3,7,NaN,25,6,-104,66,2,Outer,Up,0
37,base,cdopt,3,7,NaN,33,14,104,66,1,Outer,Up,0
37,base,cdopt,3,7,NaN,53,28,-26,0,3,Inner,Down,0
37,base,cdopt,3,7,NaN,75,44,-104,-66,3,Outer,Up,0
37,base,cdopt,3,7,NaN,83,52,104,-66,4,Outer,Up,0
37,base,cdopt,3,7,NaN,91,56,26,-99,4,Middle,Down,0
38,base,ciopt,3,7,NaN,19,4,26,99,1,Middle,Down,0
38,base,ciopt,3,7,NaN,25,6,-104,66,2,Outer,Up,0
38,base,ciopt,3,7,NaN,33,14,104,66,1,Outer,Up,0
38,base,ciopt,3,7,NaN,53,28,-26,0,3,Inner,Down,0
38,base,ciopt,3,7,NaN,75,44,-104,-66,3,Outer,Up,0
38,base,ciopt,3,7,NaN,83,52,104,-66,4,Outer,Up,0
38,base,ciopt,3,7,NaN,91,56,26,-99,4,Middle,Down,0
39,mandatory,poisson_f,3,7,NaN,18,3,0,99,2,Middle,Up,1
39,mandatory,poisson_f,3,7,NaN,33,14,104,66,1,Outer,Up,0
39,mandatory,poisson_f,3,7,NaN,51,26,-78,0,3,Middle,Down,1
39,mandatory,poisson_f,3,7,NaN,54,29,0,0,1,Inner,Up,1
39,mandatory,poisson_f,3,7,NaN,57,32,78,0,1,Middle,Down,1
39,mandatory,poisson_f,3,7,NaN,75,44,-104,-66,3,Outer,Up,0
39,mandatory,poisson_f,3,7,NaN,90,55,0,-99,4,Middle,Up,1
40,mandatory,human_f,3,7,NaN,18,3,0,99,2,Middle,Up,1
40,mandatory,human_f,3,7,NaN,32,13,78,66,1,Middle,Down,0
40,mandatory,human_f,3,7,NaN,51,26,-78,0,3,Middle,Down,1
40,mandatory,human_f,3,7,NaN,54,29,0,0,1,Inner,Up,1
40,mandatory,human_f,3,7,NaN,57,32,78,0,1,Middle,Down,1
40,mandatory,human_f,3,7,NaN,76,45,-78,-66,3,Middle,Down,0
40,mandatory,human_f,3,7,NaN,90,55,0,-99,4,Middle,Up,1
41,mandatory,dopt_aug,3,7,NaN,18,3,0,99,2,Middle,Up,1
41,mandatory,dopt_aug,3,7,NaN,25,6,-104,66,2,Outer,Up,0
41,mandatory,dopt_aug,3,7,NaN,51,26,-78,0,3,Middle,Down,1
41,mandatory,dopt_aug,3,7,NaN,54,29,0,0,1,Inner,Up,1
41,mandatory,dopt_aug,3,7,NaN,57,32,78,0,1,Middle,Down,1
41,mandatory,dopt_aug,3,7,NaN,59,34,130,0,1,Outer,Down,0
41,mandatory,dopt_aug,3,7,NaN,90,55,0,-99,4,Middle,Up,1
42,mandatory,iopt_aug,3,7,NaN,18,3,0,99,2,Middle,Up,1
42,mandatory,iopt_aug,3,7,NaN,25,6,-104,66,2,Outer,Up,0
42,mandatory,iopt_aug,3,7,NaN,33,14,104,66,1,Outer,Up,0
42,mandatory,iopt_aug,3,7,NaN,51,26,-78,0,3,Middle,Down,1
42,mandatory,iopt_aug,3,7,NaN,54,29,0,0,1,Inner,Up,1
42,mandatory,iopt_aug,3,7,NaN,57,32,78,0,1,Middle,Down,1
42,mandatory,iopt_aug,3,7,NaN,90,55,0,-99,4,Middle,Up,1
43,mandatory,cdopt_naive,3,7,NaN,18,3,0,99,2,Middle,Up,1
43,mandatory,cdopt_naive,3,7,NaN,51,26,-78,0,3,Middle,Down,1
43,mandatory,cdopt_naive,3,7,NaN,54,29,0,0,1,Inner,Up,1
43,mandatory,cdopt_naive,3,7,NaN,57,32,78,0,1,Middle,Down,1
43,mandatory,cdopt_naive,3,7,NaN,59,34,130,0,1,Outer,Down,0
43,mandatory,cdopt_naive,3,7,NaN,75,44,-104,-66,3,Outer,Up,0
43,mandatory,cdopt_naive,3,7,NaN,90,55,0,-99,4,Middle,Up,1
44,mandatory,ciopt_naive,3,7,NaN,18,3,0,99,2,Middle,Up,1
44,mandatory,ciopt_naive,3,7,NaN,25,6,-104,66,2,Outer,Up,0
44,mandatory,ciopt_naive,3,7,NaN,51,26,-78,0,3,Middle,Down,1
44,mandatory,ciopt_naive,3,7,NaN,54,29,0,0,1,Inner,Up,1
44,mandatory,ciopt_naive,3,7,NaN,57,32,78,0,1,Middle,Down,1
44,mandatory,ciopt_naive,3,7,NaN,78,47,-26,-66,3,Inner,Down,0
44,mandatory,ciopt_naive,3,7,NaN,90,55,0,-99,4,Middle,Up,1
45,mandatory,cdopt_aug,3,7,NaN,18,3,0,99,2,Middle,Up,1
45,mandatory,cdopt_aug,3,7,NaN,25,6,-104,66,2,Outer,Up,0
45,mandatory,cdopt_aug,3,7,NaN,51,26,-78,0,3,Middle,Down,1
45,mandatory,cdopt_aug,3,7,NaN,54,29,0,0,1,Inner,Up,1
45,mandatory,cdopt_aug,3,7,NaN,57,32,78,0,1,Middle,Down,1
45,mandatory,cdopt_aug,3,7,NaN,59,34,130,0,1,Outer,Down,0
45,mandatory,cdopt_aug,3,7,NaN,90,55,0,-99,4,Middle,Up,1
46,mandatory,ciopt_aug,3,7,NaN,18,3,0,99,2,Middle,Up,1
46,mandatory,ciopt_aug,3,7,NaN,25,6,-104,66,2,Outer,Up,0
46,mandatory,ciopt_aug,3,7,NaN,51,26,-78,0,3,Middle,Down,1
46,mandatory,ciopt_aug,3,7,NaN,54,29,0,0,1,Inner,Up,1
46,mandatory,ciopt_aug,3,7,NaN,57,32,78,0,1,Middle,Down,1
46,mandatory,ciopt_aug,3,7,NaN,59,34,130,0,1,Outer,Down,0
46,mandatory,ciopt_aug,3,7,NaN,90,55,0,-99,4,Middle,Up,1
47,base,poisson,3,8,NaN,16,1,-52,99,2,Outer,Up,0
47,base,poisson,3,8,NaN,20,5,52,99,1,Outer,Up,0
47,base,poisson,3,8,NaN,45,23,104,33,1,Outer,Up,0
47,base,poisson,3,8,NaN,50,25,-104,0,3,Middle,Up,0
47,base,poisson,3,8,NaN,55,30,26,0,1,Inner,Down,0
47,base,poisson,3,8,NaN,77,46,-52,-66,3,Middle,Up,0
47,base,poisson,3,8,NaN,83,52,104,-66,4,Outer,Up,0
47,base,poisson,3,8,NaN,91,56,26,-99,4,Middle,Down,0
48,base,human,3,8,NaN,16,1,-52,99,2,Outer,Up,0
48,base,human,3,8,NaN,32,13,78,66,1,Middle,Down,0
48,base,human,3,8,NaN,39,17,-52,33,2,Inner,Up,0
48,base,human,3,8,NaN,54,29,0,0,1,Inner,Up,0
48,base,human,3,8,NaN,63,35,-104,-33,3,Outer,Up,0
48,base,human,3,8,NaN,69,41,52,-33,4,Inner,Up,0
48,base,human,3,8,NaN,83,52,104,-66,4,Outer,Up,0
48,base,human,3,8,NaN,89,54,-26,-99,3,Middle,Down,0
49,base,dopt,3,8,NaN,16,1,-52,99,2,Outer,Up,0
49,base,dopt,3,8,NaN,20,5,52,99,1,Outer,Up,0
49,base,dopt,3,8,NaN,25,6,-104,66,2,Outer,Up,0
49,base,dopt,3,8,NaN,33,14,104,66,1,Outer,Up,0
49,base,dopt,3,8,NaN,49,24,-130,0,3,Outer,Down,0
49,base,dopt,3,8,NaN,59,34,130,0,1,Outer,Down,0
49,base,dopt,3,8,NaN,88,53,-52,-99,3,Outer,Up,0
49,base,dopt,3,8,NaN,92,57,52,-99,4,Outer,Up,0
50,base,iopt,3,8,NaN,16,1,-52,99,2,Outer,Up,0
50,base,iopt,3,8,NaN,20,5,52,99,1,Outer,Up,0
50,base,iopt,3,8,NaN,25,6,-104,66,2,Outer,Up,0
50,base,iopt,3,8,NaN,55,30,26,0,1,Inner,Down,0
50,base,iopt,3,8,NaN,59,34,130,0,1,Outer,Down,0
50,base,iopt,3,8,NaN,75,44,-104,-66,3,Outer,Up,0
50,base,iopt,3,8,NaN,88,53,-52,-99,3,Outer,Up,0
50,base,iopt,3,8,NaN,92,57,52,-99,4,Outer,Up,0
51,base,cdopt,3,8,NaN,16,1,-52,99,2,Outer,Up,0
51,base,cdopt,3,8,NaN,19,4,26,99,1,Middle,Down,0
51,base,cdopt,3,8,NaN,33,14,104,66,1,Outer,Up,0
51,base,cdopt,3,8,NaN,49,24,-130,0,3,Outer,Down,0
51,base,cdopt,3,8,NaN,56,31,52,0,1,Inner,Up,0
51,base,cdopt,3,8,NaN,76,45,-78,-66,3,Middle,Down,0
51,base,cdopt,3,8,NaN,83,52,104,-66,4,Outer,Up,0
51,base,cdopt,3,8,NaN,91,56,26,-99,4,Middle,Down,0
52,base,ciopt,3,8,NaN,19,4,26,99,1,Middle,Down,0
52,base,ciopt,3,8,NaN,26,7,-78,66,2,Middle,Down,0
52,base,ciopt,3,8,NaN,33,14,104,66,1,Outer,Up,0
52,base,ciopt,3,8,NaN,49,24,-130,0,3,Outer,Down,0
52,base,ciopt,3,8,NaN,54,29,0,0,1,Inner,Up,0
52,base,ciopt,3,8,NaN,83,52,104,-66,4,Outer,Up,0
52,base,ciopt,3,8,NaN,88,53,-52,-99,3,Outer,Up,0
52,base,ciopt,3,8,NaN,91,56,26,-99,4,Middle,Down,0
53,mandatory,poisson_f,3,8,NaN,18,3,0,99,2,Middle,Up,1
53,mandatory,poisson_f,3,8,NaN,25,6,-104,66,2,Outer,Up,0
53,mandatory,poisson_f,3,8,NaN,51,26,-78,0,3,Middle,Down,1
53,mandatory,poisson_f,3,8,NaN,54,29,0,0,1,Inner,Up,1
53,mandatory,poisson_f,3,8,NaN,57,32,78,0,1,Middle,Down,1
53,mandatory,poisson_f,3,8,NaN,75,44,-104,-66,3,Outer,Up,0
53,mandatory,poisson_f,3,8,NaN,83,52,104,-66,4,Outer,Up,0
53,mandatory,poisson_f,3,8,NaN,90,55,0,-99,4,Middle,Up,1
54,mandatory,human_f,3,8,NaN,18,3,0,99,2,Middle,Up,1
54,mandatory,human_f,3,8,NaN,32,13,78,66,1,Middle,Down,0
54,mandatory,human_f,3,8,NaN,51,26,-78,0,3,Middle,Down,1
54,mandatory,human_f,3,8,NaN,54,29,0,0,1,Inner,Up,1
54,mandatory,human_f,3,8,NaN,57,32,78,0,1,Middle,Down,1
54,mandatory,human_f,3,8,NaN,65,37,-52,-33,3,Inner,Up,0
54,mandatory,human_f,3,8,NaN,76,45,-78,-66,3,Middle,Down,0
54,mandatory,human_f,3,8,NaN,90,55,0,-99,4,Middle,Up,1
55,mandatory,dopt_aug,3,8,NaN,18,3,0,99,2,Middle,Up,1
55,mandatory,dopt_aug,3,8,NaN,25,6,-104,66,2,Outer,Up,0
55,mandatory,dopt_aug,3,8,NaN,51,26,-78,0,3,Middle,Down,1
55,mandatory,dopt_aug,3,8,NaN,54,29,0,0,1,Inner,Up,1
55,mandatory,dopt_aug,3,8,NaN,57,32,78,0,1,Middle,Down,1
55,mandatory,dopt_aug,3,8,NaN,59,34,130,0,1,Outer,Down,0
55,mandatory,dopt_aug,3,8,NaN,75,44,-104,-66,3,Outer,Up,0
55,mandatory,dopt_aug,3,8,NaN,90,55,0,-99,4,Middle,Up,1
56,mandatory,iopt_aug,3,8,NaN,18,3,0,99,2,Middle,Up,1
56,mandatory,iopt_aug,3,8,NaN,25,6,-104,66,2,Outer,Up,0
56,mandatory,iopt_aug,3,8,NaN,51,26,-78,0,3,Middle,Down,1
56,mandatory,iopt_aug,3,8,NaN,54,29,0,0,1,Inner,Up,1
56,mandatory,iopt_aug,3,8,NaN,57,32,78,0,1,Middle,Down,1
56,mandatory,iopt_aug,3,8,NaN,59,34,130,0,1,Outer,Down,0
56,mandatory,iopt_aug,3,8,NaN,75,44,-104,-66,3,Outer,Up,0
56,mandatory,iopt_aug,3,8,NaN,90,55,0,-99,4,Middle,Up,1
57,mandatory,cdopt_naive,3,8,NaN,18,3,0,99,2,Middle,Up,1
57,mandatory,cdopt_naive,3,8,NaN,28,9,-26,66,2,Inner,Down,0
57,mandatory,cdopt_naive,3,8,NaN,51,26,-78,0,3,Middle,Down,1
57,mandatory,cdopt_naive,3,8,NaN,54,29,0,0,1,Inner,Up,1
57,mandatory,cdopt_naive,3,8,NaN,57,32,78,0,1,Middle,Down,1
57,mandatory,cdopt_naive,3,8,NaN,59,34,130,0,1,Outer,Down,0
57,mandatory,cdopt_naive,3,8,NaN,88,53,-52,-99,3,Outer,Up,0
57,mandatory,cdopt_naive,3,8,NaN,90,55,0,-99,4,Middle,Up,1
58,mandatory,ciopt_naive,3,8,NaN,18,3,0,99,2,Middle,Up,1
58,mandatory,ciopt_naive,3,8,NaN,20,5,52,99,1,Outer,Up,0
58,mandatory,ciopt_naive,3,8,NaN,49,24,-130,0,3,Outer,Down,0
58,mandatory,ciopt_naive,3,8,NaN,51,26,-78,0,3,Middle,Down,1
58,mandatory,ciopt_naive,3,8,NaN,54,29,0,0,1,Inner,Up,1
58,mandatory,ciopt_naive,3,8,NaN,57,32,78,0,1,Middle,Down,1
58,mandatory,ciopt_naive,3,8,NaN,80,49,26,-66,4,Inner,Down,0
58,mandatory,ciopt_naive,3,8,NaN,90,55,0,-99,4,Middle,Up,1
59,mandatory,cdopt_aug,3,8,NaN,18,3,0,99,2,Middle,Up,1
59,mandatory,cdopt_aug,3,8,NaN,25,6,-104,66,2,Outer,Up,0
59,mandatory,cdopt_aug,3,8,NaN,49,24,-130,0,3,Outer,Down,0
59,mandatory,cdopt_aug,3,8,NaN,51,26,-78,0,3,Middle,Down,1
59,mandatory,cdopt_aug,3,8,NaN,54,29,0,0,1,Inner,Up,1
59,mandatory,cdopt_aug,3,8,NaN,57,32,78,0,1,Middle,Down,1
59,mandatory,cdopt_aug,3,8,NaN,59,34,130,0,1,Outer,Down,0
59,mandatory,cdopt_aug,3,8,NaN,90,55,0,-99,4,Middle,Up,1
60,mandatory,ciopt_aug,3,8,NaN,18,3,0,99,2,Middle,Up,1
60,mandatory,ciopt_aug,3,8,NaN,49,24,-130,0,3,Outer,Down,0
60,mandatory,ciopt_aug,3,8,NaN,51,26,-78,0,3,Middle,Down,1
60,mandatory,ciopt_aug,3,8,NaN,54,29,0,0,1,Inner,Up,1
60,mandatory,ciopt_aug,3,8,NaN,57,32,78,0,1,Middle,Down,1
60,mandatory,ciopt_aug,3,8,NaN,59,34,130,0,1,Outer,Down,0
60,mandatory,ciopt_aug,3,8,NaN,90,55,0,-99,4,Middle,Up,1
60,mandatory,ciopt_aug,3,8,NaN,92,57,52,-99,4,Outer,Up,0
61,base,poisson,3,9,NaN,25,6,-104,66,2,Outer,Up,0
61,base,poisson,3,9,NaN,29,10,0,66,2,Inner,Up,0
61,base,poisson,3,9,NaN,32,13,78,66,1,Middle,Down,0
61,base,poisson,3,9,NaN,49,24,-130,0,3,Outer,Down,0
61,base,poisson,3,9,NaN,52,27,-52,0,3,Inner,Up,0
61,base,poisson,3,9,NaN,58,33,104,0,1,Middle,Up,0
61,base,poisson,3,9,NaN,68,40,26,-33,4,Inner,Down,0
61,base,poisson,3,9,NaN,75,44,-104,-66,3,Outer,Up,0
61,base,poisson,3,9,NaN,90,55,0,-99,4,Middle,Up,0
62,base,human,3,9,NaN,17,2,-26,99,2,Middle,Down,0
62,base,human,3,9,NaN,32,13,78,66,1,Middle,Down,0
62,base,human,3,9,NaN,37,15,-104,33,2,Outer,Up,0
62,base,human,3,9,NaN,39,17,-52,33,2,Inner,Up,0
62,base,human,3,9,NaN,54,29,0,0,1,Inner,Up,0
62,base,human,3,9,NaN,69,41,52,-33,4,Inner,Up,0
62,base,human,3,9,NaN,71,43,104,-33,4,Outer,Up,0
62,base,human,3,9,NaN,76,45,-78,-66,3,Middle,Down,0
62,base,human,3,9,NaN,91,56,26,-99,4,Middle,Down,0
63,base,dopt,3,9,NaN,16,1,-52,99,2,Outer,Up,0
63,base,dopt,3,9,NaN,20,5,52,99,1,Outer,Up,0
63,base,dopt,3,9,NaN,41,19,0,33,2,Inner,Up,0
63,base,dopt,3,9,NaN,49,24,-130,0,3,Outer,Down,0
63,base,dopt,3,9,NaN,59,34,130,0,1,Outer,Down,0
63,base,dopt,3,9,NaN,75,44,-104,-66,3,Outer,Up,0
63,base,dopt,3,9,NaN,83,52,104,-66,4,Outer,Up,0
63,base,dopt,3,9,NaN,88,53,-52,-99,3,Outer,Up,0
63,base,dopt,3,9,NaN,92,57,52,-99,4,Outer,Up,0
64,base,iopt,3,9,NaN,16,1,-52,99,2,Outer,Up,0
64,base,iopt,3,9,NaN,20,5,52,99,1,Outer,Up,0
64,base,iopt,3,9,NaN,25,6,-104,66,2,Outer,Up,0
64,base,iopt,3,9,NaN,52,27,-52,0,3,Inner,Up,0
64,base,iopt,3,9,NaN,56,31,52,0,1,Inner,Up,0
64,base,iopt,3,9,NaN,59,34,130,0,1,Outer,Down,0
64,base,iopt,3,9,NaN,75,44,-104,-66,3,Outer,Up,0
64,base,iopt,3,9,NaN,88,53,-52,-99,3,Outer,Up,0
64,base,iopt,3,9,NaN,92,57,52,-99,4,Outer,Up,0
65,base,cdopt,3,9,NaN,17,2,-26,99,2,Middle,Down,0
65,base,cdopt,3,9,NaN,25,6,-104,66,2,Outer,Up,0
65,base,cdopt,3,9,NaN,32,13,78,66,1,Middle,Down,0
65,base,cdopt,3,9,NaN,52,27,-52,0,3,Inner,Up,0
65,base,cdopt,3,9,NaN,56,31,52,0,1,Inner,Up,0
65,base,cdopt,3,9,NaN,59,34,130,0,1,Outer,Down,0
65,base,cdopt,3,9,NaN,75,44,-104,-66,3,Outer,Up,0
65,base,cdopt,3,9,NaN,89,54,-26,-99,3,Middle,Down,0
65,base,cdopt,3,9,NaN,92,57,52,-99,4,Outer,Up,0
66,base,ciopt,3,9,NaN,19,4,26,99,1,Middle,Down,0
66,base,ciopt,3,9,NaN,26,7,-78,66,2,Middle,Down,0
66,base,ciopt,3,9,NaN,33,14,104,66,1,Outer,Up,0
66,base,ciopt,3,9,NaN,49,24,-130,0,3,Outer,Down,0
66,base,ciopt,3,9,NaN,52,27,-52,0,3,Inner,Up,0
66,base,ciopt,3,9,NaN,56,31,52,0,1,Inner,Up,0
66,base,ciopt,3,9,NaN,83,52,104,-66,4,Outer,Up,0
66,base,ciopt,3,9,NaN,88,53,-52,-99,3,Outer,Up,0
66,base,ciopt,3,9,NaN,91,56,26,-99,4,Middle,Down,0
67,mandatory,poisson_f,3,9,NaN,18,3,0,99,2,Middle,Up,1
67,mandatory,poisson_f,3,9,NaN,25,6,-104,66,2,Outer,Up,0
67,mandatory,poisson_f,3,9,NaN,33,14,104,66,1,Outer,Up,0
67,mandatory,poisson_f,3,9,NaN,51,26,-78,0,3,Middle,Down,1
67,mandatory,poisson_f,3,9,NaN,54,29,0,0,1,Inner,Up,1
67,mandatory,poisson_f,3,9,NaN,57,32,78,0,1,Middle,Down,1
67,mandatory,poisson_f,3,9,NaN,75,44,-104,-66,3,Outer,Up,0
67,mandatory,poisson_f,3,9,NaN,83,52,104,-66,4,Outer,Up,0
67,mandatory,poisson_f,3,9,NaN,90,55,0,-99,4,Middle,Up,1
68,mandatory,human_f,3,9,NaN,18,3,0,99,2,Middle,Up,1
68,mandatory,human_f,3,9,NaN,32,13,78,66,1,Middle,Down,0
68,mandatory,human_f,3,9,NaN,37,15,-104,33,2,Outer,Up,0
68,mandatory,human_f,3,9,NaN,51,26,-78,0,3,Middle,Down,1
68,mandatory,human_f,3,9,NaN,54,29,0,0,1,Inner,Up,1
68,mandatory,human_f,3,9,NaN,57,32,78,0,1,Middle,Down,1
68,mandatory,human_f,3,9,NaN,65,37,-52,-33,3,Inner,Up,0
68,mandatory,human_f,3,9,NaN,90,55,0,-99,4,Middle,Up,1
68,mandatory,human_f,3,9,NaN,91,56,26,-99,4,Middle,Down,0
69,mandatory,dopt_aug,3,9,NaN,18,3,0,99,2,Middle,Up,1
69,mandatory,dopt_aug,3,9,NaN,25,6,-104,66,2,Outer,Up,0
69,mandatory,dopt_aug,3,9,NaN,33,14,104,66,1,Outer,Up,0
69,mandatory,dopt_aug,3,9,NaN,51,26,-78,0,3,Middle,Down,1
69,mandatory,dopt_aug,3,9,NaN,54,29,0,0,1,Inner,Up,1
69,mandatory,dopt_aug,3,9,NaN,57,32,78,0,1,Middle,Down,1
69,mandatory,dopt_aug,3,9,NaN,75,44,-104,-66,3,Outer,Up,0
69,mandatory,dopt_aug,3,9,NaN,83,52,104,-66,4,Outer,Up,0
69,mandatory,dopt_aug,3,9,NaN,90,55,0,-99,4,Middle,Up,1
70,mandatory,iopt_aug,3,9,NaN,18,3,0,99,2,Middle,Up,1
70,mandatory,iopt_aug,3,9,NaN,25,6,-104,66,2,Outer,Up,0
70,mandatory,iopt_aug,3,9,NaN,33,14,104,66,1,Outer,Up,0
70,mandatory,iopt_aug,3,9,NaN,51,26,-78,0,3,Middle,Down,1
70,mandatory,iopt_aug,3,9,NaN,54,29,0,0,1,Inner,Up,1
70,mandatory,iopt_aug,3,9,NaN,57,32,78,0,1,Middle,Down,1
70,mandatory,iopt_aug,3,9,NaN,75,44,-104,-66,3,Outer,Up,0
70,mandatory,iopt_aug,3,9,NaN,83,52,104,-66,4,Outer,Up,0
70,mandatory,iopt_aug,3,9,NaN,90,55,0,-99,4,Middle,Up,1
71,mandatory,cdopt_naive,3,9,NaN,18,3,0,99,2,Middle,Up,1
71,mandatory,cdopt_naive,3,9,NaN,25,6,-104,66,2,Outer,Up,0
71,mandatory,cdopt_naive,3,9,NaN,30,11,26,66,1,Inner,Down,0
71,mandatory,cdopt_naive,3,9,NaN,51,26,-78,0,3,Middle,Down,1
71,mandatory,cdopt_naive,3,9,NaN,54,29,0,0,1,Inner,Up,1
71,mandatory,cdopt_naive,3,9,NaN,57,32,78,0,1,Middle,Down,1
71,mandatory,cdopt_naive,3,9,NaN,59,34,130,0,1,Outer,Down,0
71,mandatory,cdopt_naive,3,9,NaN,88,53,-52,-99,3,Outer,Up,0
71,mandatory,cdopt_naive,3,9,NaN,90,55,0,-99,4,Middle,Up,1
72,mandatory,ciopt_naive,3,9,NaN,18,3,0,99,2,Middle,Up,1
72,mandatory,ciopt_naive,3,9,NaN,28,9,-26,66,2,Inner,Down,0
72,mandatory,ciopt_naive,3,9,NaN,33,14,104,66,1,Outer,Up,0
72,mandatory,ciopt_naive,3,9,NaN,49,24,-130,0,3,Outer,Down,0
72,mandatory,ciopt_naive,3,9,NaN,51,26,-78,0,3,Middle,Down,1
72,mandatory,ciopt_naive,3,9,NaN,54,29,0,0,1,Inner,Up,1
72,mandatory,ciopt_naive,3,9,NaN,57,32,78,0,1,Middle,Down,1
72,mandatory,ciopt_naive,3,9,NaN,90,55,0,-99,4,Middle,Up,1
72,mandatory,ciopt_naive,3,9,NaN,92,57,52,-99,4,Outer,Up,0
73,mandatory,cdopt_aug,3,9,NaN,18,3,0,99,2,Middle,Up,1
73,mandatory,cdopt_aug,3,9,NaN,28,9,-26,66,2,Inner,Down,0
73,mandatory,cdopt_aug,3,9,NaN,33,14,104,66,1,Outer,Up,0
73,mandatory,cdopt_aug,3,9,NaN,49,24,-130,0,3,Outer,Down,0
73,mandatory,cdopt_aug,3,9,NaN,51,26,-78,0,3,Middle,Down,1
73,mandatory,cdopt_aug,3,9,NaN,54,29,0,0,1,Inner,Up,1
73,mandatory,cdopt_aug,3,9,NaN,57,32,78,0,1,Middle,Down,1
73,mandatory,cdopt_aug,3,9,NaN,83,52,104,-66,4,Outer,Up,0
73,mandatory,cdopt_aug,3,9,NaN,90,55,0,-99,4,Middle,Up,1
74,mandatory,ciopt_aug,3,9,NaN,18,3,0,99,2,Middle,Up,1
74,mandatory,ciopt_aug,3,9,NaN,25,6,-104,66,2,Outer,Up,0
74,mandatory,ciopt_aug,3,9,NaN,30,11,26,66,1,Inner,Down,0
74,mandatory,ciopt_aug,3,9,NaN,51,26,-78,0,3,Middle,Down,1
74,mandatory,ciopt_aug,3,9,NaN,54,29,0,0,1,Inner,Up,1
74,mandatory,ciopt_aug,3,9,NaN,57,32,78,0,1,Middle,Down,1
74,mandatory,ciopt_aug,3,9,NaN,59,34,130,0,1,Outer,Down,0
74,mandatory,ciopt_aug,3,9,NaN,75,44,-104,-66,3,Outer,Up,0
74,mandatory,ciopt_aug,3,9,NaN,90,55,0,-99,4,Middle,Up,1
75,base,poisson,3,10,NaN,18,3,0,99,2,Middle,Up,0
75,base,poisson,3,10,NaN,26,7,-78,66,2,Middle,Down,0
75,base,poisson,3,10,NaN,32,13,78,66,1,Middle,Down,0
75,base,poisson,3,10,NaN,49,24,-130,0,3,Outer,Down,0
75,base,poisson,3,10,NaN,52,27,-52,0,3,Inner,Up,0
75,base,poisson,3,10,NaN,68,40,26,-33,4,Inner,Down,0
75,base,poisson,3,10,NaN,71,43,104,-33,4,Outer,Up,0
75,base,poisson,3,10,NaN,75,44,-104,-66,3,Outer,Up,0
75,base,poisson,3,10,NaN,89,54,-26,-99,3,Middle,Down,0
75,base,poisson,3,10,NaN,92,57,52,-99,4,Outer,Up,0
76,base,human,3,10,NaN,17,2,-26,99,2,Middle,Down,0
76,base,human,3,10,NaN,28,9,-26,66,2,Inner,Down,0
76,base,human,3,10,NaN,32,13,78,66,1,Middle,Down,0
76,base,human,3,10,NaN,37,15,-104,33,2,Outer,Up,0
76,base,human,3,10,NaN,54,29,0,0,1,Inner,Up,0
76,base,human,3,10,NaN,65,37,-52,-33,3,Inner,Up,0
76,base,human,3,10,NaN,70,42,78,-33,4,Middle,Down,0
76,base,human,3,10,NaN,71,43,104,-33,4,Outer,Up,0
76,base,human,3,10,NaN,76,45,-78,-66,3,Middle,Down,0
76,base,human,3,10,NaN,91,56,26,-99,4,Middle,Down,0
77,base,dopt,3,10,NaN,16,1,-52,99,2,Outer,Up,0
77,base,dopt,3,10,NaN,20,5,52,99,1,Outer,Up,0
77,base,dopt,3,10,NaN,25,6,-104,66,2,Outer,Up,0
77,base,dopt,3,10,NaN,33,14,104,66,1,Outer,Up,0
77,base,dopt,3,10,NaN,49,24,-130,0,3,Outer,Down,0
77,base,dopt,3,10,NaN,59,34,130,0,1,Outer,Down,0
77,base,dopt,3,10,NaN,75,44,-104,-66,3,Outer,Up,0
77,base,dopt,3,10,NaN,83,52,104,-66,4,Outer,Up,0
77,base,dopt,3,10,NaN,88,53,-52,-99,3,Outer,Up,0
77,base,dopt,3,10,NaN,92,57,52,-99,4,Outer,Up,0
78,base,iopt,3,10,NaN,16,1,-52,99,2,Outer,Up,0
78,base,iopt,3,10,NaN,20,5,52,99,1,Outer,Up,0
78,base,iopt,3,10,NaN,49,24,-130,0,3,Outer,Down,0
78,base,iopt,3,10,NaN,52,27,-52,0,3,Inner,Up,0
78,base,iopt,3,10,NaN,56,31,52,0,1,Inner,Up,0
78,base,iopt,3,10,NaN,59,34,130,0,1,Outer,Down,0
78,base,iopt,3,10,NaN,75,44,-104,-66,3,Outer,Up,0
78,base,iopt,3,10,NaN,83,52,104,-66,4,Outer,Up,0
78,base,iopt,3,10,NaN,88,53,-52,-99,3,Outer,Up,0
78,base,iopt,3,10,NaN,92,57,52,-99,4,Outer,Up,0
79,base,cdopt,3,10,NaN,16,1,-52,99,2,Outer,Up,0
79,base,cdopt,3,10,NaN,19,4,26,99,1,Middle,Down,0
79,base,cdopt,3,10,NaN,33,14,104,66,1,Outer,Up,0
79,base,cdopt,3,10,NaN,40,18,-26,33,2,Inner,Down,0
79,base,cdopt,3,10,NaN,49,24,-130,0,3,Outer,Down,0
79,base,cdopt,3,10,NaN,56,31,52,0,1,Inner,Up,0
79,base,cdopt,3,10,NaN,75,44,-104,-66,3,Outer,Up,0
79,base,cdopt,3,10,NaN,83,52,104,-66,4,Outer,Up,0
79,base,cdopt,3,10,NaN,89,54,-26,-99,3,Middle,Down,0
79,base,cdopt,3,10,NaN,91,56,26,-99,4,Middle,Down,0
80,base,ciopt,3,10,NaN,17,2,-26,99,2,Middle,Down,0
80,base,ciopt,3,10,NaN,20,5,52,99,1,Outer,Up,0
80,base,ciopt,3,10,NaN,25,6,-104,66,2,Outer,Up,0
80,base,ciopt,3,10,NaN,32,13,78,66,1,Middle,Down,0
80,base,ciopt,3,10,NaN,52,27,-52,0,3,Inner,Up,0
80,base,ciopt,3,10,NaN,59,34,130,0,1,Outer,Down,0
80,base,ciopt,3,10,NaN,68,40,26,-33,4,Inner,Down,0
80,base,ciopt,3,10,NaN,75,44,-104,-66,3,Outer,Up,0
80,base,ciopt,3,10,NaN,89,54,-26,-99,3,Middle,Down,0
80,base,ciopt,3,10,NaN,92,57,52,-99,4,Outer,Up,0
81,mandatory,poisson_f,3,10,NaN,18,3,0,99,2,Middle,Up,1
81,mandatory,poisson_f,3,10,NaN,25,6,-104,66,2,Outer,Up,0
81,mandatory,poisson_f,3,10,NaN,33,14,104,66,1,Outer,Up,0
81,mandatory,poisson_f,3,10,NaN,49,24,-130,0,3,Outer,Down,0
81,mandatory,poisson_f,3,10,NaN,51,26,-78,0,3,Middle,Down,1
81,mandatory,poisson_f,3,10,NaN,54,29,0,0,1,Inner,Up,1
81,mandatory,poisson_f,3,10,NaN,57,32,78,0,1,Middle,Down,1
81,mandatory,poisson_f,3,10,NaN,76,45,-78,-66,3,Middle,Down,0
81,mandatory,poisson_f,3,10,NaN,83,52,104,-66,4,Outer,Up,0
81,mandatory,poisson_f,3,10,NaN,90,55,0,-99,4,Middle,Up,1
82,mandatory,human_f,3,10,NaN,18,3,0,99,2,Middle,Up,1
82,mandatory,human_f,3,10,NaN,26,7,-78,66,2,Middle,Down,0
82,mandatory,human_f,3,10,NaN,32,13,78,66,1,Middle,Down,0
82,mandatory,human_f,3,10,NaN,51,26,-78,0,3,Middle,Down,1
82,mandatory,human_f,3,10,NaN,54,29,0,0,1,Inner,Up,1
82,mandatory,human_f,3,10,NaN,57,32,78,0,1,Middle,Down,1
82,mandatory,human_f,3,10,NaN,65,37,-52,-33,3,Inner,Up,0
82,mandatory,human_f,3,10,NaN,76,45,-78,-66,3,Middle,Down,0
82,mandatory,human_f,3,10,NaN,82,51,78,-66,4,Middle,Down,0
82,mandatory,human_f,3,10,NaN,90,55,0,-99,4,Middle,Up,1
83,mandatory,dopt_aug,3,10,NaN,18,3,0,99,2,Middle,Up,1
83,mandatory,dopt_aug,3,10,NaN,25,6,-104,66,2,Outer,Up,0
83,mandatory,dopt_aug,3,10,NaN,33,14,104,66,1,Outer,Up,0
83,mandatory,dopt_aug,3,10,NaN,49,24,-130,0,3,Outer,Down,0
83,mandatory,dopt_aug,3,10,NaN,51,26,-78,0,3,Middle,Down,1
83,mandatory,dopt_aug,3,10,NaN,54,29,0,0,1,Inner,Up,1
83,mandatory,dopt_aug,3,10,NaN,57,32,78,0,1,Middle,Down,1
83,mandatory,dopt_aug,3,10,NaN,75,44,-104,-66,3,Outer,Up,0
83,mandatory,dopt_aug,3,10,NaN,83,52,104,-66,4,Outer,Up,0
83,mandatory,dopt_aug,3,10,NaN,90,55,0,-99,4,Middle,Up,1
84,mandatory,iopt_aug,3,10,NaN,18,3,0,99,2,Middle,Up,1
84,mandatory,iopt_aug,3,10,NaN,20,5,52,99,1,Outer,Up,0
84,mandatory,iopt_aug,3,10,NaN,25,6,-104,66,2,Outer,Up,0
84,mandatory,iopt_aug,3,10,NaN,51,26,-78,0,3,Middle,Down,1
84,mandatory,iopt_aug,3,10,NaN,54,29,0,0,1,Inner,Up,1
84,mandatory,iopt_aug,3,10,NaN,57,32,78,0,1,Middle,Down,1
84,mandatory,iopt_aug,3,10,NaN,59,34,130,0,1,Outer,Down,0
84,mandatory,iopt_aug,3,10,NaN,75,44,-104,-66,3,Outer,Up,0
84,mandatory,iopt_aug,3,10,NaN,90,55,0,-99,4,Middle,Up,1
84,mandatory,iopt_aug,3,10,NaN,92,57,52,-99,4,Outer,Up,0
85,mandatory,cdopt_naive,3,10,NaN,17,2,-26,99,2,Middle,Down,0
85,mandatory,cdopt_naive,3,10,NaN,18,3,0,99,2,Middle,Up,1
85,mandatory,cdopt_naive,3,10,NaN,33,14,104,66,1,Outer,Up,0
85,mandatory,cdopt_naive,3,10,NaN,49,24,-130,0,3,Outer,Down,0
85,mandatory,cdopt_naive,3,10,NaN,51,26,-78,0,3,Middle,Down,1
85,mandatory,cdopt_naive,3,10,NaN,54,29,0,0,1,Inner,Up,1
85,mandatory,cdopt_naive,3,10,NaN,57,32,78,0,1,Middle,Down,1
85,mandatory,cdopt_naive,3,10,NaN,78,47,-26,-66,3,Inner,Down,0
85,mandatory,cdopt_naive,3,10,NaN,83,52,104,-66,4,Outer,Up,0
85,mandatory,cdopt_naive,3,10,NaN,90,55,0,-99,4,Middle,Up,1
86,mandatory,ciopt_naive,3,10,NaN,17,2,-26,99,2,Middle,Down,0
86,mandatory,ciopt_naive,3,10,NaN,18,3,0,99,2,Middle,Up,1
86,mandatory,ciopt_naive,3,10,NaN,33,14,104,66,1,Outer,Up,0
86,mandatory,ciopt_naive,3,10,NaN,49,24,-130,0,3,Outer,Down,0
86,mandatory,ciopt_naive,3,10,NaN,51,26,-78,0,3,Middle,Down,1
86,mandatory,ciopt_naive,3,10,NaN,54,29,0,0,1,Inner,Up,1
86,mandatory,ciopt_naive,3,10,NaN,57,32,78,0,1,Middle,Down,1
86,mandatory,ciopt_naive,3,10,NaN,78,47,-26,-66,3,Inner,Down,0
86,mandatory,ciopt_naive,3,10,NaN,90,55,0,-99,4,Middle,Up,1
86,mandatory,ciopt_naive,3,10,NaN,92,57,52,-99,4,Outer,Up,0
87,mandatory,cdopt_aug,3,10,NaN,18,3,0,99,2,Middle,Up,1
87,mandatory,cdopt_aug,3,10,NaN,28,9,-26,66,2,Inner,Down,0
87,mandatory,cdopt_aug,3,10,NaN,33,14,104,66,1,Outer,Up,0
87,mandatory,cdopt_aug,3,10,NaN,49,24,-130,0,3,Outer,Down,0
87,mandatory,cdopt_aug,3,10,NaN,51,26,-78,0,3,Middle,Down,1
87,mandatory,cdopt_aug,3,10,NaN,54,29,0,0,1,Inner,Up,1
87,mandatory,cdopt_aug,3,10,NaN,57,32,78,0,1,Middle,Down,1
87,mandatory,cdopt_aug,3,10,NaN,76,45,-78,-66,3,Middle,Down,0
87,mandatory,cdopt_aug,3,10,NaN,83,52,104,-66,4,Outer,Up,0
87,mandatory,cdopt_aug,3,10,NaN,90,55,0,-99,4,Middle,Up,1
88,mandatory,ciopt_aug,3,10,NaN,18,3,0,99,2,Middle,Up,1
88,mandatory,ciopt_aug,3,10,NaN,26,7,-78,66,2,Middle,Down,0
88,mandatory,ciopt_aug,3,10,NaN,33,14,104,66,1,Outer,Up,0
88,mandatory,ciopt_aug,3,10,NaN,49,24,-130,0,3,Outer,Down,0
88,mandatory,ciopt_aug,3,10,NaN,51,26,-78,0,3,Middle,Down,1
88,mandatory,ciopt_aug,3,10,NaN,54,29,0,0,1,Inner,Up,1
88,mandatory,ciopt_aug,3,10,NaN,57,32,78,0,1,Middle,Down,1
88,mandatory,ciopt_aug,3,10,NaN,78,47,-26,-66,3,Inner,Down,0
88,mandatory,ciopt_aug,3,10,NaN,83,52,104,-66,4,Outer,Up,0
88,mandatory,ciopt_aug,3,10,NaN,90,55,0,-99,4,Middle,Up,1
89,base,poisson,3,11,NaN,20,5,52,99,1,Outer,Up,0
89,base,poisson,3,11,NaN,26,7,-78,66,2,Middle,Down,0
89,base,poisson,3,11,NaN,29,10,0,66,2,Inner,Up,0
89,base,poisson,3,11,NaN,33,14,104,66,1,Outer,Up,0
89,base,poisson,3,11,NaN,43,21,52,33,1,Inner,Up,0
89,base,poisson,3,11,NaN,51,26,-78,0,3,Middle,Down,0
89,base,poisson,3,11,NaN,54,29,0,0,1,Inner,Up,0
89,base,poisson,3,11,NaN,59,34,130,0,1,Outer,Down,0
89,base,poisson,3,11,NaN,70,42,78,-33,4,Middle,Down,0
89,base,poisson,3,11,NaN,75,44,-104,-66,3,Outer,Up,0
89,base,poisson,3,11,NaN,88,53,-52,-99,3,Outer,Up,0
90,base,human,3,11,NaN,17,2,-26,99,2,Middle,Down,0
90,base,human,3,11,NaN,25,6,-104,66,2,Outer,Up,0
90,base,human,3,11,NaN,28,9,-26,66,2,Inner,Down,0
90,base,human,3,11,NaN,32,13,78,66,1,Middle,Down,0
90,base,human,3,11,NaN,54,29,0,0,1,Inner,Up,0
90,base,human,3,11,NaN,58,33,104,0,1,Middle,Up,0
90,base,human,3,11,NaN,63,35,-104,-33,3,Outer,Up,0
90,base,human,3,11,NaN,65,37,-52,-33,3,Inner,Up,0
90,base,human,3,11,NaN,70,42,78,-33,4,Middle,Down,0
90,base,human,3,11,NaN,89,54,-26,-99,3,Middle,Down,0
90,base,human,3,11,NaN,92,57,52,-99,4,Outer,Up,0
91,base,dopt,3,11,NaN,16,1,-52,99,2,Outer,Up,0
91,base,dopt,3,11,NaN,20,5,52,99,1,Outer,Up,0
91,base,dopt,3,11,NaN,25,6,-104,66,2,Outer,Up,0
91,base,dopt,3,11,NaN,33,14,104,66,1,Outer,Up,0
91,base,dopt,3,11,NaN,49,24,-130,0,3,Outer,Down,0
91,base,dopt,3,11,NaN,54,29,0,0,1,Inner,Up,0
91,base,dopt,3,11,NaN,59,34,130,0,1,Outer,Down,0
91,base,dopt,3,11,NaN,75,44,-104,-66,3,Outer,Up,0
91,base,dopt,3,11,NaN,83,52,104,-66,4,Outer,Up,0
91,base,dopt,3,11,NaN,88,53,-52,-99,3,Outer,Up,0
91,base,dopt,3,11,NaN,92,57,52,-99,4,Outer,Up,0
92,base,iopt,3,11,NaN,16,1,-52,99,2,Outer,Up,0
92,base,iopt,3,11,NaN,20,5,52,99,1,Outer,Up,0
92,base,iopt,3,11,NaN,25,6,-104,66,2,Outer,Up,0
92,base,iopt,3,11,NaN,42,20,26,33,1,Inner,Down,0
92,base,iopt,3,11,NaN,49,24,-130,0,3,Outer,Down,0
92,base,iopt,3,11,NaN,59,34,130,0,1,Outer,Down,0
92,base,iopt,3,11,NaN,66,38,-26,-33,3,Inner,Down,0
92,base,iopt,3,11,NaN,75,44,-104,-66,3,Outer,Up,0
92,base,iopt,3,11,NaN,83,52,104,-66,4,Outer,Up,0
92,base,iopt,3,11,NaN,88,53,-52,-99,3,Outer,Up,0
92,base,iopt,3,11,NaN,92,57,52,-99,4,Outer,Up,0
93,base,cdopt,3,11,NaN,17,2,-26,99,2,Middle,Down,0
93,base,cdopt,3,11,NaN,19,4,26,99,1,Middle,Down,0
93,base,cdopt,3,11,NaN,25,6,-104,66,2,Outer,Up,0
93,base,cdopt,3,11,NaN,33,14,104,66,1,Outer,Up,0
93,base,cdopt,3,11,NaN,52,27,-52,0,3,Inner,Up,0
93,base,cdopt,3,11,NaN,56,31,52,0,1,Inner,Up,0
93,base,cdopt,3,11,NaN,59,34,130,0,1,Outer,Down,0
93,base,cdopt,3,11,NaN,75,44,-104,-66,3,Outer,Up,0
93,base,cdopt,3,11,NaN,83,52,104,-66,4,Outer,Up,0
93,base,cdopt,3,11,NaN,89,54,-26,-99,3,Middle,Down,0
93,base,cdopt,3,11,NaN,91,56,26,-99,4,Middle,Down,0
94,base,ciopt,3,11,NaN,16,1,-52,99,2,Outer,Up,0
94,base,ciopt,3,11,NaN,19,4,26,99,1,Middle,Down,0
94,base,ciopt,3,11,NaN,33,14,104,66,1,Outer,Up,0
94,base,ciopt,3,11,NaN,39,17,-52,33,2,Inner,Up,0
94,base,ciopt,3,11,NaN,49,24,-130,0,3,Outer,Down,0
94,base,ciopt,3,11,NaN,58,33,104,0,1,Middle,Up,0
94,base,ciopt,3,11,NaN,68,40,26,-33,4,Inner,Down,0
94,base,ciopt,3,11,NaN,76,45,-78,-66,3,Middle,Down,0
94,base,ciopt,3,11,NaN,83,52,104,-66,4,Outer,Up,0
94,base,ciopt,3,11,NaN,88,53,-52,-99,3,Outer,Up,0
94,base,ciopt,3,11,NaN,91,56,26,-99,4,Middle,Down,0
95,mandatory,poisson_f,3,11,NaN,18,3,0,99,2,Middle,Up,1
95,mandatory,poisson_f,3,11,NaN,25,6,-104,66,2,Outer,Up,0
95,mandatory,poisson_f,3,11,NaN,33,14,104,66,1,Outer,Up,0
95,mandatory,poisson_f,3,11,NaN,51,26,-78,0,3,Middle,Down,1
95,mandatory,poisson_f,3,11,NaN,54,29,0,0,1,Inner,Up,1
95,mandatory,poisson_f,3,11,NaN,57,32,78,0,1,Middle,Down,1
95,mandatory,poisson_f,3,11,NaN,59,34,130,0,1,Outer,Down,0
95,mandatory,poisson_f,3,11,NaN,75,44,-104,-66,3,Outer,Up,0
95,mandatory,poisson_f,3,11,NaN,77,46,-52,-66,3,Middle,Up,0
95,mandatory,poisson_f,3,11,NaN,82,51,78,-66,4,Middle,Down,0
95,mandatory,poisson_f,3,11,NaN,90,55,0,-99,4,Middle,Up,1
96,mandatory,human_f,3,11,NaN,18,3,0,99,2,Middle,Up,1
96,mandatory,human_f,3,11,NaN,26,7,-78,66,2,Middle,Down,0
96,mandatory,human_f,3,11,NaN,32,13,78,66,1,Middle,Down,0
96,mandatory,human_f,3,11,NaN,39,17,-52,33,2,Inner,Up,0
96,mandatory,human_f,3,11,NaN,51,26,-78,0,3,Middle,Down,1
96,mandatory,human_f,3,11,NaN,54,29,0,0,1,Inner,Up,1
96,mandatory,human_f,3,11,NaN,57,32,78,0,1,Middle,Down,1
96,mandatory,human_f,3,11,NaN,69,41,52,-33,4,Inner,Up,0
96,mandatory,human_f,3,11,NaN,76,45,-78,-66,3,Middle,Down,0
96,mandatory,human_f,3,11,NaN,82,51,78,-66,4,Middle,Down,0
96,mandatory,human_f,3,11,NaN,90,55,0,-99,4,Middle,Up,1
97,mandatory,dopt_aug,3,11,NaN,18,3,0,99,2,Middle,Up,1
97,mandatory,dopt_aug,3,11,NaN,25,6,-104,66,2,Outer,Up,0
97,mandatory,dopt_aug,3,11,NaN,33,14,104,66,1,Outer,Up,0
97,mandatory,dopt_aug,3,11,NaN,49,24,-130,0,3,Outer,Down,0
97,mandatory,dopt_aug,3,11,NaN,51,26,-78,0,3,Middle,Down,1
97,mandatory,dopt_aug,3,11,NaN,54,29,0,0,1,Inner,Up,1
97,mandatory,dopt_aug,3,11,NaN,57,32,78,0,1,Middle,Down,1
97,mandatory,dopt_aug,3,11,NaN,59,34,130,0,1,Outer,Down,0
97,mandatory,dopt_aug,3,11,NaN,75,44,-104,-66,3,Outer,Up,0
97,mandatory,dopt_aug,3,11,NaN,83,52,104,-66,4,Outer,Up,0
97,mandatory,dopt_aug,3,11,NaN,90,55,0,-99,4,Middle,Up,1
98,mandatory,iopt_aug,3,11,NaN,18,3,0,99,2,Middle,Up,1
98,mandatory,iopt_aug,3,11,NaN,25,6,-104,66,2,Outer,Up,0
98,mandatory,iopt_aug,3,11,NaN,33,14,104,66,1,Outer,Up,0
98,mandatory,iopt_aug,3,11,NaN,49,24,-130,0,3,Outer,Down,0
98,mandatory,iopt_aug,3,11,NaN,51,26,-78,0,3,Middle,Down,1
98,mandatory,iopt_aug,3,11,NaN,54,29,0,0,1,Inner,Up,1
98,mandatory,iopt_aug,3,11,NaN,57,32,78,0,1,Middle,Down,1
98,mandatory,iopt_aug,3,11,NaN,59,34,130,0,1,Outer,Down,0
98,mandatory,iopt_aug,3,11,NaN,88,53,-52,-99,3,Outer,Up,0
98,mandatory,iopt_aug,3,11,NaN,90,55,0,-99,4,Middle,Up,1
98,mandatory,iopt_aug,3,11,NaN,92,57,52,-99,4,Outer,Up,0
99,mandatory,cdopt_naive,3,11,NaN,16,1,-52,99,2,Outer,Up,0
99,mandatory,cdopt_naive,3,11,NaN,18,3,0,99,2,Middle,Up,1
99,mandatory,cdopt_naive,3,11,NaN,20,5,52,99,1,Outer,Up,0
99,mandatory,cdopt_naive,3,11,NaN,49,24,-130,0,3,Outer,Down,0
99,mandatory,cdopt_naive,3,11,NaN,51,26,-78,0,3,Middle,Down,1
99,mandatory,cdopt_naive,3,11,NaN,54,29,0,0,1,Inner,Up,1
99,mandatory,cdopt_naive,3,11,NaN,57,32,78,0,1,Middle,Down,1
99,mandatory,cdopt_naive,3,11,NaN,59,34,130,0,1,Outer,Down,0
99,mandatory,cdopt_naive,3,11,NaN,78,47,-26,-66,3,Inner,Down,0
99,mandatory,cdopt_naive,3,11,NaN,90,55,0,-99,4,Middle,Up,1
99,mandatory,cdopt_naive,3,11,NaN,92,57,52,-99,4,Outer,Up,0
100,mandatory,ciopt_naive,3,11,NaN,17,2,-26,99,2,Middle,Down,0
100,mandatory,ciopt_naive,3,11,NaN,18,3,0,99,2,Middle,Up,1
100,mandatory,ciopt_naive,3,11,NaN,33,14,104,66,1,Outer,Up,0
100,mandatory,ciopt_naive,3,11,NaN,49,24,-130,0,3,Outer,Down,0
100,mandatory,ciopt_naive,3,11,NaN,51,26,-78,0,3,Middle,Down,1
100,mandatory,ciopt_naive,3,11,NaN,54,29,0,0,1,Inner,Up,1
100,mandatory,ciopt_naive,3,11,NaN,57,32,78,0,1,Middle,Down,1
100,mandatory,ciopt_naive,3,11,NaN,80,49,26,-66,4,Inner,Down,0
100,mandatory,ciopt_naive,3,11,NaN,83,52,104,-66,4,Outer,Up,0
100,mandatory,ciopt_naive,3,11,NaN,88,53,-52,-99,3,Outer,Up,0
100,mandatory,ciopt_naive,3,11,NaN,90,55,0,-99,4,Middle,Up,1
101,mandatory,cdopt_aug,3,11,NaN,18,3,0,99,2,Middle,Up,1
101,mandatory,cdopt_aug,3,11,NaN,25,6,-104,66,2,Outer,Up,0
101,mandatory,cdopt_aug,3,11,NaN,33,14,104,66,1,Outer,Up,0
101,mandatory,cdopt_aug,3,11,NaN,49,24,-130,0,3,Outer,Down,0
101,mandatory,cdopt_aug,3,11,NaN,51,26,-78,0,3,Middle,Down,1
101,mandatory,cdopt_aug,3,11,NaN,54,29,0,0,1,Inner,Up,1
101,mandatory,cdopt_aug,3,11,NaN,57,32,78,0,1,Middle,Down,1
101,mandatory,cdopt_aug,3,11,NaN,59,34,130,0,1,Outer,Down,0
101,mandatory,cdopt_aug,3,11,NaN,75,44,-104,-66,3,Outer,Up,0
101,mandatory,cdopt_aug,3,11,NaN,80,49,26,-66,4,Inner,Down,0
101,mandatory,cdopt_aug,3,11,NaN,90,55,0,-99,4,Middle,Up,1
102,mandatory,ciopt_aug,3,11,NaN,18,3,0,99,2,Middle,Up,1
102,mandatory,ciopt_aug,3,11,NaN,26,7,-78,66,2,Middle,Down,0
102,mandatory,ciopt_aug,3,11,NaN,30,11,26,66,1,Inner,Down,0
102,mandatory,ciopt_aug,3,11,NaN,33,14,104,66,1,Outer,Up,0
102,mandatory,ciopt_aug,3,11,NaN,49,24,-130,0,3,Outer,Down,0
102,mandatory,ciopt_aug,3,11,NaN,51,26,-78,0,3,Middle,Down,1
102,mandatory,ciopt_aug,3,11,NaN,54,29,0,0,1,Inner,Up,1
102,mandatory,ciopt_aug,3,11,NaN,57,32,78,0,1,Middle,Down,1
102,mandatory,ciopt_aug,3,11,NaN,83,52,104,-66,4,Outer,Up,0
102,mandatory,ciopt_aug,3,11,NaN,88,53,-52,-99,3,Outer,Up,0
102,mandatory,ciopt_aug,3,11,NaN,90,55,0,-99,4,Middle,Up,1
103,base,poisson,3,12,NaN,16,1,-52,99,2,Outer,Up,0
103,base,poisson,3,12,NaN,20,5,52,99,1,Outer,Up,0
103,base,poisson,3,12,NaN,29,10,0,66,2,Inner,Up,0
103,base,poisson,3,12,NaN,33,14,104,66,1,Outer,Up,0
103,base,poisson,3,12,NaN,37,15,-104,33,2,Outer,Up,0
103,base,poisson,3,12,NaN,43,21,52,33,1,Inner,Up,0
103,base,poisson,3,12,NaN,54,29,0,0,1,Inner,Up,0
103,base,poisson,3,12,NaN,59,34,130,0,1,Outer,Down,0
103,base,poisson,3,12,NaN,69,41,52,-33,4,Inner,Up,0
103,base,poisson,3,12,NaN,75,44,-104,-66,3,Outer,Up,0
103,base,poisson,3,12,NaN,83,52,104,-66,4,Outer,Up,0
103,base,poisson,3,12,NaN,91,56,26,-99,4,Middle,Down,0
104,base,human,3,12,NaN,17,2,-26,99,2,Middle,Down,0
104,base,human,3,12,NaN,25,6,-104,66,2,Outer,Up,0
104,base,human,3,12,NaN,29,10,0,66,2,Inner,Up,0
104,base,human,3,12,NaN,32,13,78,66,1,Middle,Down,0
104,base,human,3,12,NaN,51,26,-78,0,3,Middle,Down,0
104,base,human,3,12,NaN,54,29,0,0,1,Inner,Up,0
104,base,human,3,12,NaN,57,32,78,0,1,Middle,Down,0
104,base,human,3,12,NaN,58,33,104,0,1,Middle,Up,0
104,base,human,3,12,NaN,63,35,-104,-33,3,Outer,Up,0
104,base,human,3,12,NaN,79,48,0,-66,4,Inner,Up,0
104,base,human,3,12,NaN,89,54,-26,-99,3,Middle,Down,0
104,base,human,3,12,NaN,92,57,52,-99,4,Outer,Up,0
105,base,dopt,3,12,NaN,16,1,-52,99,2,Outer,Up,0
105,base,dopt,3,12,NaN,20,5,52,99,1,Outer,Up,0
105,base,dopt,3,12,NaN,25,6,-104,66,2,Outer,Up,0
105,base,dopt,3,12,NaN,33,14,104,66,1,Outer,Up,0
105,base,dopt,3,12,NaN,49,24,-130,0,3,Outer,Down,0
105,base,dopt,3,12,NaN,52,27,-52,0,3,Inner,Up,0
105,base,dopt,3,12,NaN,56,31,52,0,1,Inner,Up,0
105,base,dopt,3,12,NaN,59,34,130,0,1,Outer,Down,0
105,base,dopt,3,12,NaN,75,44,-104,-66,3,Outer,Up,0
105,base,dopt,3,12,NaN,83,52,104,-66,4,Outer,Up,0
105,base,dopt,3,12,NaN,88,53,-52,-99,3,Outer,Up,0
105,base,dopt,3,12,NaN,92,57,52,-99,4,Outer,Up,0
106,base,iopt,3,12,NaN,16,1,-52,99,2,Outer,Up,0
106,base,iopt,3,12,NaN,20,5,52,99,1,Outer,Up,0
106,base,iopt,3,12,NaN,25,6,-104,66,2,Outer,Up,0
106,base,iopt,3,12,NaN,33,14,104,66,1,Outer,Up,0
106,base,iopt,3,12,NaN,42,20,26,33,1,Inner,Down,0
106,base,iopt,3,12,NaN,49,24,-130,0,3,Outer,Down,0
106,base,iopt,3,12,NaN,59,34,130,0,1,Outer,Down,0
106,base,iopt,3,12,NaN,66,38,-26,-33,3,Inner,Down,0
106,base,iopt,3,12,NaN,75,44,-104,-66,3,Outer,Up,0
106,base,iopt,3,12,NaN,83,52,104,-66,4,Outer,Up,0
106,base,iopt,3,12,NaN,88,53,-52,-99,3,Outer,Up,0
106,base,iopt,3,12,NaN,92,57,52,-99,4,Outer,Up,0
107,base,cdopt,3,12,NaN,17,2,-26,99,2,Middle,Down,0
107,base,cdopt,3,12,NaN,19,4,26,99,1,Middle,Down,0
107,base,cdopt,3,12,NaN,25,6,-104,66,2,Outer,Up,0
107,base,cdopt,3,12,NaN,33,14,104,66,1,Outer,Up,0
107,base,cdopt,3,12,NaN,49,24,-130,0,3,Outer,Down,0
107,base,cdopt,3,12,NaN,52,27,-52,0,3,Inner,Up,0
107,base,cdopt,3,12,NaN,56,31,52,0,1,Inner,Up,0
107,base,cdopt,3,12,NaN,59,34,130,0,1,Outer,Down,0
107,base,cdopt,3,12,NaN,75,44,-104,-66,3,Outer,Up,0
107,base,cdopt,3,12,NaN,83,52,104,-66,4,Outer,Up,0
107,base,cdopt,3,12,NaN,89,54,-26,-99,3,Middle,Down,0
107,base,cdopt,3,12,NaN,91,56,26,-99,4,Middle,Down,0
108,base,ciopt,3,12,NaN,17,2,-26,99,2,Middle,Down,0
108,base,ciopt,3,12,NaN,19,4,26,99,1,Middle,Down,0
108,base,ciopt,3,12,NaN,25,6,-104,66,2,Outer,Up,0
108,base,ciopt,3,12,NaN,33,14,104,66,1,Outer,Up,0
108,base,ciopt,3,12,NaN,42,20,26,33,1,Inner,Down,0
108,base,ciopt,3,12,NaN,49,24,-130,0,3,Outer,Down,0
108,base,ciopt,3,12,NaN,52,27,-52,0,3,Inner,Up,0
108,base,ciopt,3,12,NaN,59,34,130,0,1,Outer,Down,0
108,base,ciopt,3,12,NaN,69,41,52,-33,4,Inner,Up,0
108,base,ciopt,3,12,NaN,75,44,-104,-66,3,Outer,Up,0
108,base,ciopt,3,12,NaN,89,54,-26,-99,3,Middle,Down,0
108,base,ciopt,3,12,NaN,92,57,52,-99,4,Outer,Up,0
109,mandatory,poisson_f,3,12,NaN,16,1,-52,99,2,Outer,Up,0
109,mandatory,poisson_f,3,12,NaN,18,3,0,99,2,Middle,Up,1
109,mandatory,poisson_f,3,12,NaN,25,6,-104,66,2,Outer,Up,0
109,mandatory,poisson_f,3,12,NaN,31,12,52,66,1,Middle,Up,0
109,mandatory,poisson_f,3,12,NaN,49,24,-130,0,3,Outer,Down,0
109,mandatory,poisson_f,3,12,NaN,51,26,-78,0,3,Middle,Down,1
109,mandatory,poisson_f,3,12,NaN,54,29,0,0,1,Inner,Up,1
109,mandatory,poisson_f,3,12,NaN,57,32,78,0,1,Middle,Down,1
109,mandatory,poisson_f,3,12,NaN,59,34,130,0,1,Outer,Down,0
109,mandatory,poisson_f,3,12,NaN,75,44,-104,-66,3,Outer,Up,0
109,mandatory,poisson_f,3,12,NaN,83,52,104,-66,4,Outer,Up,0
109,mandatory,poisson_f,3,12,NaN,90,55,0,-99,4,Middle,Up,1
110,mandatory,human_f,3,12,NaN,16,1,-52,99,2,Outer,Up,0
110,mandatory,human_f,3,12,NaN,18,3,0,99,2,Middle,Up,1
110,mandatory,human_f,3,12,NaN,32,13,78,66,1,Middle,Down,0
110,mandatory,human_f,3,12,NaN,39,17,-52,33,2,Inner,Up,0
110,mandatory,human_f,3,12,NaN,51,26,-78,0,3,Middle,Down,1
110,mandatory,human_f,3,12,NaN,54,29,0,0,1,Inner,Up,1
110,mandatory,human_f,3,12,NaN,57,32,78,0,1,Middle,Down,1
110,mandatory,human_f,3,12,NaN,63,35,-104,-33,3,Outer,Up,0
110,mandatory,human_f,3,12,NaN,69,41,52,-33,4,Inner,Up,0
110,mandatory,human_f,3,12,NaN,83,52,104,-66,4,Outer,Up,0
110,mandatory,human_f,3,12,NaN,89,54,-26,-99,3,Middle,Down,0
110,mandatory,human_f,3,12,NaN,90,55,0,-99,4,Middle,Up,1
111,mandatory,dopt_aug,3,12,NaN,16,1,-52,99,2,Outer,Up,0
111,mandatory,dopt_aug,3,12,NaN,18,3,0,99,2,Middle,Up,1
111,mandatory,dopt_aug,3,12,NaN,25,6,-104,66,2,Outer,Up,0
111,mandatory,dopt_aug,3,12,NaN,33,14,104,66,1,Outer,Up,0
111,mandatory,dopt_aug,3,12,NaN,49,24,-130,0,3,Outer,Down,0
111,mandatory,dopt_aug,3,12,NaN,51,26,-78,0,3,Middle,Down,1
111,mandatory,dopt_aug,3,12,NaN,54,29,0,0,1,Inner,Up,1
111,mandatory,dopt_aug,3,12,NaN,57,32,78,0,1,Middle,Down,1
111,mandatory,dopt_aug,3,12,NaN,59,34,130,0,1,Outer,Down,0
111,mandatory,dopt_aug,3,12,NaN,75,44,-104,-66,3,Outer,Up,0
111,mandatory,dopt_aug,3,12,NaN,83,52,104,-66,4,Outer,Up,0
111,mandatory,dopt_aug,3,12,NaN,90,55,0,-99,4,Middle,Up,1
112,mandatory,iopt_aug,3,12,NaN,18,3,0,99,2,Middle,Up,1
112,mandatory,iopt_aug,3,12,NaN,20,5,52,99,1,Outer,Up,0
112,mandatory,iopt_aug,3,12,NaN,25,6,-104,66,2,Outer,Up,0
112,mandatory,iopt_aug,3,12,NaN,33,14,104,66,1,Outer,Up,0
112,mandatory,iopt_aug,3,12,NaN,49,24,-130,0,3,Outer,Down,0
112,mandatory,iopt_aug,3,12,NaN,51,26,-78,0,3,Middle,Down,1
112,mandatory,iopt_aug,3,12,NaN,54,29,0,0,1,Inner,Up,1
112,mandatory,iopt_aug,3,12,NaN,57,32,78,0,1,Middle,Down,1
112,mandatory,iopt_aug,3,12,NaN,59,34,130,0,1,Outer,Down,0
112,mandatory,iopt_aug,3,12,NaN,88,53,-52,-99,3,Outer,Up,0
112,mandatory,iopt_aug,3,12,NaN,90,55,0,-99,4,Middle,Up,1
112,mandatory,iopt_aug,3,12,NaN,92,57,52,-99,4,Outer,Up,0
113,mandatory,cdopt_naive,3,12,NaN,16,1,-52,99,2,Outer,Up,0
113,mandatory,cdopt_naive,3,12,NaN,18,3,0,99,2,Middle,Up,1
113,mandatory,cdopt_naive,3,12,NaN,20,5,52,99,1,Outer,Up,0
113,mandatory,cdopt_naive,3,12,NaN,49,24,-130,0,3,Outer,Down,0
113,mandatory,cdopt_naive,3,12,NaN,51,26,-78,0,3,Middle,Down,1
113,mandatory,cdopt_naive,3,12,NaN,53,28,-26,0,3,Inner,Down,0
113,mandatory,cdopt_naive,3,12,NaN,54,29,0,0,1,Inner,Up,1
113,mandatory,cdopt_naive,3,12,NaN,57,32,78,0,1,Middle,Down,1
113,mandatory,cdopt_naive,3,12,NaN,59,34,130,0,1,Outer,Down,0
113,mandatory,cdopt_naive,3,12,NaN,89,54,-26,-99,3,Middle,Down,0
113,mandatory,cdopt_naive,3,12,NaN,90,55,0,-99,4,Middle,Up,1
113,mandatory,cdopt_naive,3,12,NaN,92,57,52,-99,4,Outer,Up,0
114,mandatory,ciopt_naive,3,12,NaN,17,2,-26,99,2,Middle,Down,0
114,mandatory,ciopt_naive,3,12,NaN,18,3,0,99,2,Middle,Up,1
114,mandatory,ciopt_naive,3,12,NaN,20,5,52,99,1,Outer,Up,0
114,mandatory,ciopt_naive,3,12,NaN,49,24,-130,0,3,Outer,Down,0
114,mandatory,ciopt_naive,3,12,NaN,51,26,-78,0,3,Middle,Down,1
114,mandatory,ciopt_naive,3,12,NaN,53,28,-26,0,3,Inner,Down,0
114,mandatory,ciopt_naive,3,12,NaN,54,29,0,0,1,Inner,Up,1
114,mandatory,ciopt_naive,3,12,NaN,57,32,78,0,1,Middle,Down,1
114,mandatory,ciopt_naive,3,12,NaN,59,34,130,0,1,Outer,Down,0
114,mandatory,ciopt_naive,3,12,NaN,88,53,-52,-99,3,Outer,Up,0
114,mandatory,ciopt_naive,3,12,NaN,90,55,0,-99,4,Middle,Up,1
114,mandatory,ciopt_naive,3,12,NaN,92,57,52,-99,4,Outer,Up,0
115,mandatory,cdopt_aug,3,12,NaN,18,3,0,99,2,Middle,Up,1
115,mandatory,cdopt_aug,3,12,NaN,25,6,-104,66,2,Outer,Up,0
115,mandatory,cdopt_aug,3,12,NaN,28,9,-26,66,2,Inner,Down,0
115,mandatory,cdopt_aug,3,12,NaN,32,13,78,66,1,Middle,Down,0
115,mandatory,cdopt_aug,3,12,NaN,49,24,-130,0,3,Outer,Down,0
115,mandatory,cdopt_aug,3,12,NaN,51,26,-78,0,3,Middle,Down,1
115,mandatory,cdopt_aug,3,12,NaN,54,29,0,0,1,Inner,Up,1
115,mandatory,cdopt_aug,3,12,NaN,57,32,78,0,1,Middle,Down,1
115,mandatory,cdopt_aug,3,12,NaN,59,34,130,0,1,Outer,Down,0
115,mandatory,cdopt_aug,3,12,NaN,75,44,-104,-66,3,Outer,Up,0
115,mandatory,cdopt_aug,3,12,NaN,83,52,104,-66,4,Outer,Up,0
115,mandatory,cdopt_aug,3,12,NaN,90,55,0,-99,4,Middle,Up,1
116,mandatory,ciopt_aug,3,12,NaN,16,1,-52,99,2,Outer,Up,0
116,mandatory,ciopt_aug,3,12,NaN,18,3,0,99,2,Middle,Up,1
116,mandatory,ciopt_aug,3,12,NaN,20,5,52,99,1,Outer,Up,0
116,mandatory,ciopt_aug,3,12,NaN,49,24,-130,0,3,Outer,Down,0
116,mandatory,ciopt_aug,3,12,NaN,51,26,-78,0,3,Middle,Down,1
116,mandatory,ciopt_aug,3,12,NaN,54,29,0,0,1,Inner,Up,1
116,mandatory,ciopt_aug,3,12,NaN,57,32,78,0,1,Middle,Down,1
116,mandatory,ciopt_aug,3,12,NaN,59,34,130,0,1,Outer,Down,0
116,mandatory,ciopt_aug,3,12,NaN,75,44,-104,-66,3,Outer,Up,0
116,mandatory,ciopt_aug,3,12,NaN,78,47,-26,-66,3,Inner,Down,0
116,mandatory,ciopt_aug,3,12,NaN,82,51,78,-66,4,Middle,Down,0
116,mandatory,ciopt_aug,3,12,NaN,90,55,0,-99,4,Middle,Up,1
117,base,poisson,3,13,NaN,16,1,-52,99,2,Outer,Up,0
117,base,poisson,3,13,NaN,20,5,52,99,1,Outer,Up,0
117,base,poisson,3,13,NaN,25,6,-104,66,2,Outer,Up,0
117,base,poisson,3,13,NaN,29,10,0,66,2,Inner,Up,0
117,base,poisson,3,13,NaN,33,14,104,66,1,Outer,Up,0
117,base,poisson,3,13,NaN,39,17,-52,33,2,Inner,Up,0
117,base,poisson,3,13,NaN,50,25,-104,0,3,Middle,Up,0
117,base,poisson,3,13,NaN,55,30,26,0,1,Inner,Down,0
117,base,poisson,3,13,NaN,58,33,104,0,1,Middle,Up,0
117,base,poisson,3,13,NaN,66,38,-26,-33,3,Inner,Down,0
117,base,poisson,3,13,NaN,75,44,-104,-66,3,Outer,Up,0
117,base,poisson,3,13,NaN,81,50,52,-66,4,Middle,Up,0
117,base,poisson,3,13,NaN,88,53,-52,-99,3,Outer,Up,0
118,base,human,3,13,NaN,18,3,0,99,2,Middle,Up,0
118,base,human,3,13,NaN,26,7,-78,66,2,Middle,Down,0
118,base,human,3,13,NaN,29,10,0,66,2,Inner,Up,0
118,base,human,3,13,NaN,32,13,78,66,1,Middle,Down,0
118,base,human,3,13,NaN,49,24,-130,0,3,Outer,Down,0
118,base,human,3,13,NaN,51,26,-78,0,3,Middle,Down,0
118,base,human,3,13,NaN,54,29,0,0,1,Inner,Up,0
118,base,human,3,13,NaN,57,32,78,0,1,Middle,Down,0
118,base,human,3,13,NaN,58,33,104,0,1,Middle,Up,0
118,base,human,3,13,NaN,76,45,-78,-66,3,Middle,Down,0
118,base,human,3,13,NaN,79,48,0,-66,4,Inner,Up,0
118,base,human,3,13,NaN,82,51,78,-66,4,Middle,Down,0
118,base,human,3,13,NaN,90,55,0,-99,4,Middle,Up,0
119,base,dopt,3,13,NaN,16,1,-52,99,2,Outer,Up,0
119,base,dopt,3,13,NaN,18,3,0,99,2,Middle,Up,0
119,base,dopt,3,13,NaN,20,5,52,99,1,Outer,Up,0
119,base,dopt,3,13,NaN,25,6,-104,66,2,Outer,Up,0
119,base,dopt,3,13,NaN,33,14,104,66,1,Outer,Up,0
119,base,dopt,3,13,NaN,49,24,-130,0,3,Outer,Down,0
119,base,dopt,3,13,NaN,52,27,-52,0,3,Inner,Up,0
119,base,dopt,3,13,NaN,56,31,52,0,1,Inner,Up,0
119,base,dopt,3,13,NaN,59,34,130,0,1,Outer,Down,0
119,base,dopt,3,13,NaN,75,44,-104,-66,3,Outer,Up,0
119,base,dopt,3,13,NaN,83,52,104,-66,4,Outer,Up,0
119,base,dopt,3,13,NaN,88,53,-52,-99,3,Outer,Up,0
119,base,dopt,3,13,NaN,92,57,52,-99,4,Outer,Up,0
120,base,iopt,3,13,NaN,16,1,-52,99,2,Outer,Up,0
120,base,iopt,3,13,NaN,20,5,52,99,1,Outer,Up,0
120,base,iopt,3,13,NaN,25,6,-104,66,2,Outer,Up,0
120,base,iopt,3,13,NaN,33,14,104,66,1,Outer,Up,0
120,base,iopt,3,13,NaN,41,19,0,33,2,Inner,Up,0
120,base,iopt,3,13,NaN,49,24,-130,0,3,Outer,Down,0
120,base,iopt,3,13,NaN,59,34,130,0,1,Outer,Down,0
120,base,iopt,3,13,NaN,65,37,-52,-33,3,Inner,Up,0
120,base,iopt,3,13,NaN,69,41,52,-33,4,Inner,Up,0
120,base,iopt,3,13,NaN,75,44,-104,-66,3,Outer,Up,0
120,base,iopt,3,13,NaN,83,52,104,-66,4,Outer,Up,0
120,base,iopt,3,13,NaN,88,53,-52,-99,3,Outer,Up,0
120,base,iopt,3,13,NaN,92,57,52,-99,4,Outer,Up,0
121,base,cdopt,3,13,NaN,17,2,-26,99,2,Middle,Down,0
121,base,cdopt,3,13,NaN,19,4,26,99,1,Middle,Down,0
121,base,cdopt,3,13,NaN,25,6,-104,66,2,Outer,Up,0
121,base,cdopt,3,13,NaN,33,14,104,66,1,Outer,Up,0
121,base,cdopt,3,13,NaN,39,17,-52,33,2,Inner,Up,0
121,base,cdopt,3,13,NaN,49,24,-130,0,3,Outer,Down,0
121,base,cdopt,3,13,NaN,56,31,52,0,1,Inner,Up,0
121,base,cdopt,3,13,NaN,59,34,130,0,1,Outer,Down,0
121,base,cdopt,3,13,NaN,65,37,-52,-33,3,Inner,Up,0
121,base,cdopt,3,13,NaN,75,44,-104,-66,3,Outer,Up,0
121,base,cdopt,3,13,NaN,83,52,104,-66,4,Outer,Up,0
121,base,cdopt,3,13,NaN,89,54,-26,-99,3,Middle,Down,0
121,base,cdopt,3,13,NaN,91,56,26,-99,4,Middle,Down,0
122,base,ciopt,3,13,NaN,17,2,-26,99,2,Middle,Down,0
122,base,ciopt,3,13,NaN,19,4,26,99,1,Middle,Down,0
122,base,ciopt,3,13,NaN,25,6,-104,66,2,Outer,Up,0
122,base,ciopt,3,13,NaN,33,14,104,66,1,Outer,Up,0
122,base,ciopt,3,13,NaN,42,20,26,33,1,Inner,Down,0
122,base,ciopt,3,13,NaN,49,24,-130,0,3,Outer,Down,0
122,base,ciopt,3,13,NaN,52,27,-52,0,3,Inner,Up,0
122,base,ciopt,3,13,NaN,59,34,130,0,1,Outer,Down,0
122,base,ciopt,3,13,NaN,69,41,52,-33,4,Inner,Up,0
122,base,ciopt,3,13,NaN,75,44,-104,-66,3,Outer,Up,0
122,base,ciopt,3,13,NaN,83,52,104,-66,4,Outer,Up,0
122,base,ciopt,3,13,NaN,89,54,-26,-99,3,Middle,Down,0
122,base,ciopt,3,13,NaN,91,56,26,-99,4,Middle,Down,0
123,mandatory,poisson_f,3,13,NaN,16,1,-52,99,2,Outer,Up,0
123,mandatory,poisson_f,3,13,NaN,18,3,0,99,2,Middle,Up,1
123,mandatory,poisson_f,3,13,NaN,20,5,52,99,1,Outer,Up,0
123,mandatory,poisson_f,3,13,NaN,25,6,-104,66,2,Outer,Up,0
123,mandatory,poisson_f,3,13,NaN,33,14,104,66,1,Outer,Up,0
123,mandatory,poisson_f,3,13,NaN,49,24,-130,0,3,Outer,Down,0
123,mandatory,poisson_f,3,13,NaN,51,26,-78,0,3,Middle,Down,1
123,mandatory,poisson_f,3,13,NaN,54,29,0,0,1,Inner,Up,1
123,mandatory,poisson_f,3,13,NaN,57,32,78,0,1,Middle,Down,1
123,mandatory,poisson_f,3,13,NaN,59,34,130,0,1,Outer,Down,0
123,mandatory,poisson_f,3,13,NaN,75,44,-104,-66,3,Outer,Up,0
123,mandatory,poisson_f,3,13,NaN,82,51,78,-66,4,Middle,Down,0
123,mandatory,poisson_f,3,13,NaN,90,55,0,-99,4,Middle,Up,1
124,mandatory,human_f,3,13,NaN,17,2,-26,99,2,Middle,Down,0
124,mandatory,human_f,3,13,NaN,18,3,0,99,2,Middle,Up,1
124,mandatory,human_f,3,13,NaN,32,13,78,66,1,Middle,Down,0
124,mandatory,human_f,3,13,NaN,37,15,-104,33,2,Outer,Up,0
124,mandatory,human_f,3,13,NaN,39,17,-52,33,2,Inner,Up,0
124,mandatory,human_f,3,13,NaN,51,26,-78,0,3,Middle,Down,1
124,mandatory,human_f,3,13,NaN,54,29,0,0,1,Inner,Up,1
124,mandatory,human_f,3,13,NaN,57,32,78,0,1,Middle,Down,1
124,mandatory,human_f,3,13,NaN,69,41,52,-33,4,Inner,Up,0
124,mandatory,human_f,3,13,NaN,71,43,104,-33,4,Outer,Up,0
124,mandatory,human_f,3,13,NaN,76,45,-78,-66,3,Middle,Down,0
124,mandatory,human_f,3,13,NaN,90,55,0,-99,4,Middle,Up,1
124,mandatory,human_f,3,13,NaN,91,56,26,-99,4,Middle,Down,0
125,mandatory,dopt_aug,3,13,NaN,18,3,0,99,2,Middle,Up,1
125,mandatory,dopt_aug,3,13,NaN,20,5,52,99,1,Outer,Up,0
125,mandatory,dopt_aug,3,13,NaN,25,6,-104,66,2,Outer,Up,0
125,mandatory,dopt_aug,3,13,NaN,33,14,104,66,1,Outer,Up,0
125,mandatory,dopt_aug,3,13,NaN,49,24,-130,0,3,Outer,Down,0
125,mandatory,dopt_aug,3,13,NaN,51,26,-78,0,3,Middle,Down,1
125,mandatory,dopt_aug,3,13,NaN,54,29,0,0,1,Inner,Up,1
125,mandatory,dopt_aug,3,13,NaN,57,32,78,0,1,Middle,Down,1
125,mandatory,dopt_aug,3,13,NaN,59,34,130,0,1,Outer,Down,0
125,mandatory,dopt_aug,3,13,NaN,75,44,-104,-66,3,Outer,Up,0
125,mandatory,dopt_aug,3,13,NaN,83,52,104,-66,4,Outer,Up,0
125,mandatory,dopt_aug,3,13,NaN,90,55,0,-99,4,Middle,Up,1
125,mandatory,dopt_aug,3,13,NaN,92,57,52,-99,4,Outer,Up,0
126,mandatory,iopt_aug,3,13,NaN,16,1,-52,99,2,Outer,Up,0
126,mandatory,iopt_aug,3,13,NaN,18,3,0,99,2,Middle,Up,1
126,mandatory,iopt_aug,3,13,NaN,20,5,52,99,1,Outer,Up,0
126,mandatory,iopt_aug,3,13,NaN,33,14,104,66,1,Outer,Up,0
126,mandatory,iopt_aug,3,13,NaN,49,24,-130,0,3,Outer,Down,0
126,mandatory,iopt_aug,3,13,NaN,51,26,-78,0,3,Middle,Down,1
126,mandatory,iopt_aug,3,13,NaN,54,29,0,0,1,Inner,Up,1
126,mandatory,iopt_aug,3,13,NaN,57,32,78,0,1,Middle,Down,1
126,mandatory,iopt_aug,3,13,NaN,75,44,-104,-66,3,Outer,Up,0
126,mandatory,iopt_aug,3,13,NaN,83,52,104,-66,4,Outer,Up,0
126,mandatory,iopt_aug,3,13,NaN,88,53,-52,-99,3,Outer,Up,0
126,mandatory,iopt_aug,3,13,NaN,90,55,0,-99,4,Middle,Up,1
126,mandatory,iopt_aug,3,13,NaN,92,57,52,-99,4,Outer,Up,0
127,mandatory,cdopt_naive,3,13,NaN,16,1,-52,99,2,Outer,Up,0
127,mandatory,cdopt_naive,3,13,NaN,18,3,0,99,2,Middle,Up,1
127,mandatory,cdopt_naive,3,13,NaN,20,5,52,99,1,Outer,Up,0
127,mandatory,cdopt_naive,3,13,NaN,40,18,-26,33,2,Inner,Down,0
127,mandatory,cdopt_naive,3,13,NaN,49,24,-130,0,3,Outer,Down,0
127,mandatory,cdopt_naive,3,13,NaN,51,26,-78,0,3,Middle,Down,1
127,mandatory,cdopt_naive,3,13,NaN,54,29,0,0,1,Inner,Up,1
127,mandatory,cdopt_naive,3,13,NaN,57,32,78,0,1,Middle,Down,1
127,mandatory,cdopt_naive,3,13,NaN,59,34,130,0,1,Outer,Down,0
127,mandatory,cdopt_naive,3,13,NaN,68,40,26,-33,4,Inner,Down,0
127,mandatory,cdopt_naive,3,13,NaN,88,53,-52,-99,3,Outer,Up,0
127,mandatory,cdopt_naive,3,13,NaN,90,55,0,-99,4,Middle,Up,1
127,mandatory,cdopt_naive,3,13,NaN,92,57,52,-99,4,Outer,Up,0
128,mandatory,ciopt_naive,3,13,NaN,16,1,-52,99,2,Outer,Up,0
128,mandatory,ciopt_naive,3,13,NaN,18,3,0,99,2,Middle,Up,1
128,mandatory,ciopt_naive,3,13,NaN,20,5,52,99,1,Outer,Up,0
128,mandatory,ciopt_naive,3,13,NaN,49,24,-130,0,3,Outer,Down,0
128,mandatory,ciopt_naive,3,13,NaN,51,26,-78,0,3,Middle,Down,1
128,mandatory,ciopt_naive,3,13,NaN,53,28,-26,0,3,Inner,Down,0
128,mandatory,ciopt_naive,3,13,NaN,54,29,0,0,1,Inner,Up,1
128,mandatory,ciopt_naive,3,13,NaN,55,30,26,0,1,Inner,Down,0
128,mandatory,ciopt_naive,3,13,NaN,57,32,78,0,1,Middle,Down,1
128,mandatory,ciopt_naive,3,13,NaN,59,34,130,0,1,Outer,Down,0
128,mandatory,ciopt_naive,3,13,NaN,88,53,-52,-99,3,Outer,Up,0
128,mandatory,ciopt_naive,3,13,NaN,90,55,0,-99,4,Middle,Up,1
128,mandatory,ciopt_naive,3,13,NaN,92,57,52,-99,4,Outer,Up,0
129,mandatory,cdopt_aug,3,13,NaN,18,3,0,99,2,Middle,Up,1
129,mandatory,cdopt_aug,3,13,NaN,25,6,-104,66,2,Outer,Up,0
129,mandatory,cdopt_aug,3,13,NaN,30,11,26,66,1,Inner,Down,0
129,mandatory,cdopt_aug,3,13,NaN,33,14,104,66,1,Outer,Up,0
129,mandatory,cdopt_aug,3,13,NaN,49,24,-130,0,3,Outer,Down,0
129,mandatory,cdopt_aug,3,13,NaN,51,26,-78,0,3,Middle,Down,1
129,mandatory,cdopt_aug,3,13,NaN,54,29,0,0,1,Inner,Up,1
129,mandatory,cdopt_aug,3,13,NaN,57,32,78,0,1,Middle,Down,1
129,mandatory,cdopt_aug,3,13,NaN,59,34,130,0,1,Outer,Down,0
129,mandatory,cdopt_aug,3,13,NaN,75,44,-104,-66,3,Outer,Up,0
129,mandatory,cdopt_aug,3,13,NaN,80,49,26,-66,4,Inner,Down,0
129,mandatory,cdopt_aug,3,13,NaN,83,52,104,-66,4,Outer,Up,0
129,mandatory,cdopt_aug,3,13,NaN,90,55,0,-99,4,Middle,Up,1
130,mandatory,ciopt_aug,3,13,NaN,16,1,-52,99,2,Outer,Up,0
130,mandatory,ciopt_aug,3,13,NaN,18,3,0,99,2,Middle,Up,1
130,mandatory,ciopt_aug,3,13,NaN,20,5,52,99,1,Outer,Up,0
130,mandatory,ciopt_aug,3,13,NaN,30,11,26,66,1,Inner,Down,0
130,mandatory,ciopt_aug,3,13,NaN,49,24,-130,0,3,Outer,Down,0
130,mandatory,ciopt_aug,3,13,NaN,51,26,-78,0,3,Middle,Down,1
130,mandatory,ciopt_aug,3,13,NaN,54,29,0,0,1,Inner,Up,1
130,mandatory,ciopt_aug,3,13,NaN,57,32,78,0,1,Middle,Down,1
130,mandatory,ciopt_aug,3,13,NaN,59,34,130,0,1,Outer,Down,0
130,mandatory,ciopt_aug,3,13,NaN,75,44,-104,-66,3,Outer,Up,0
130,mandatory,ciopt_aug,3,13,NaN,80,49,26,-66,4,Inner,Down,0
130,mandatory,ciopt_aug,3,13,NaN,83,52,104,-66,4,Outer,Up,0
130,mandatory,ciopt_aug,3,13,NaN,90,55,0,-99,4,Middle,Up,1
131,base,poisson,3,14,NaN,16,1,-52,99,2,Outer,Up,0
131,base,poisson,3,14,NaN,20,5,52,99,1,Outer,Up,0
131,base,poisson,3,14,NaN,29,10,0,66,2,Inner,Up,0
131,base,poisson,3,14,NaN,33,14,104,66,1,Outer,Up,0
131,base,poisson,3,14,NaN,38,16,-78,33,2,Middle,Down,0
131,base,poisson,3,14,NaN,43,21,52,33,1,Inner,Up,0
131,base,poisson,3,14,NaN,49,24,-130,0,3,Outer,Down,0
131,base,poisson,3,14,NaN,59,34,130,0,1,Outer,Down,0
131,base,poisson,3,14,NaN,65,37,-52,-33,3,Inner,Up,0
131,base,poisson,3,14,NaN,68,40,26,-33,4,Inner,Down,0
131,base,poisson,3,14,NaN,75,44,-104,-66,3,Outer,Up,0
131,base,poisson,3,14,NaN,82,51,78,-66,4,Middle,Down,0
131,base,poisson,3,14,NaN,88,53,-52,-99,3,Outer,Up,0
131,base,poisson,3,14,NaN,91,56,26,-99,4,Middle,Down,0
132,base,human,3,14,NaN,16,1,-52,99,2,Outer,Up,0
132,base,human,3,14,NaN,18,3,0,99,2,Middle,Up,0
132,base,human,3,14,NaN,29,10,0,66,2,Inner,Up,0
132,base,human,3,14,NaN,32,13,78,66,1,Middle,Down,0
132,base,human,3,14,NaN,37,15,-104,33,2,Outer,Up,0
132,base,human,3,14,NaN,51,26,-78,0,3,Middle,Down,0
132,base,human,3,14,NaN,54,29,0,0,1,Inner,Up,0
132,base,human,3,14,NaN,57,32,78,0,1,Middle,Down,0
132,base,human,3,14,NaN,58,33,104,0,1,Middle,Up,0
132,base,human,3,14,NaN,63,35,-104,-33,3,Outer,Up,0
132,base,human,3,14,NaN,79,48,0,-66,4,Inner,Up,0
132,base,human,3,14,NaN,83,52,104,-66,4,Outer,Up,0
132,base,human,3,14,NaN,88,53,-52,-99,3,Outer,Up,0
132,base,human,3,14,NaN,91,56,26,-99,4,Middle,Down,0
133,base,dopt,3,14,NaN,16,1,-52,99,2,Outer,Up,0
133,base,dopt,3,14,NaN,18,3,0,99,2,Middle,Up,0
133,base,dopt,3,14,NaN,20,5,52,99,1,Outer,Up,0
133,base,dopt,3,14,NaN,25,6,-104,66,2,Outer,Up,0
133,base,dopt,3,14,NaN,33,14,104,66,1,Outer,Up,0
133,base,dopt,3,14,NaN,49,24,-130,0,3,Outer,Down,0
133,base,dopt,3,14,NaN,52,27,-52,0,3,Inner,Up,0
133,base,dopt,3,14,NaN,56,31,52,0,1,Inner,Up,0
133,base,dopt,3,14,NaN,59,34,130,0,1,Outer,Down,0
133,base,dopt,3,14,NaN,75,44,-104,-66,3,Outer,Up,0
133,base,dopt,3,14,NaN,83,52,104,-66,4,Outer,Up,0
133,base,dopt,3,14,NaN,88,53,-52,-99,3,Outer,Up,0
133,base,dopt,3,14,NaN,90,55,0,-99,4,Middle,Up,0
133,base,dopt,3,14,NaN,92,57,52,-99,4,Outer,Up,0
134,base,iopt,3,14,NaN,16,1,-52,99,2,Outer,Up,0
134,base,iopt,3,14,NaN,18,3,0,99,2,Middle,Up,0
134,base,iopt,3,14,NaN,20,5,52,99,1,Outer,Up,0
134,base,iopt,3,14,NaN,25,6,-104,66,2,Outer,Up,0
134,base,iopt,3,14,NaN,33,14,104,66,1,Outer,Up,0
134,base,iopt,3,14,NaN,49,24,-130,0,3,Outer,Down,0
134,base,iopt,3,14,NaN,52,27,-52,0,3,Inner,Up,0
134,base,iopt,3,14,NaN,56,31,52,0,1,Inner,Up,0
134,base,iopt,3,14,NaN,59,34,130,0,1,Outer,Down,0
134,base,iopt,3,14,NaN,75,44,-104,-66,3,Outer,Up,0
134,base,iopt,3,14,NaN,83,52,104,-66,4,Outer,Up,0
134,base,iopt,3,14,NaN,88,53,-52,-99,3,Outer,Up,0
134,base,iopt,3,14,NaN,90,55,0,-99,4,Middle,Up,0
134,base,iopt,3,14,NaN,92,57,52,-99,4,Outer,Up,0
135,base,cdopt,3,14,NaN,17,2,-26,99,2,Middle,Down,0
135,base,cdopt,3,14,NaN,19,4,26,99,1,Middle,Down,0
135,base,cdopt,3,14,NaN,20,5,52,99,1,Outer,Up,0
135,base,cdopt,3,14,NaN,25,6,-104,66,2,Outer,Up,0
135,base,cdopt,3,14,NaN,33,14,104,66,1,Outer,Up,0
135,base,cdopt,3,14,NaN,39,17,-52,33,2,Inner,Up,0
135,base,cdopt,3,14,NaN,49,24,-130,0,3,Outer,Down,0
135,base,cdopt,3,14,NaN,56,31,52,0,1,Inner,Up,0
135,base,cdopt,3,14,NaN,59,34,130,0,1,Outer,Down,0
135,base,cdopt,3,14,NaN,66,38,-26,-33,3,Inner,Down,0
135,base,cdopt,3,14,NaN,75,44,-104,-66,3,Outer,Up,0
135,base,cdopt,3,14,NaN,83,52,104,-66,4,Outer,Up,0
135,base,cdopt,3,14,NaN,89,54,-26,-99,3,Middle,Down,0
135,base,cdopt,3,14,NaN,91,56,26,-99,4,Middle,Down,0
136,base,ciopt,3,14,NaN,17,2,-26,99,2,Middle,Down,0
136,base,ciopt,3,14,NaN,19,4,26,99,1,Middle,Down,0
136,base,ciopt,3,14,NaN,25,6,-104,66,2,Outer,Up,0
136,base,ciopt,3,14,NaN,33,14,104,66,1,Outer,Up,0
136,base,ciopt,3,14,NaN,40,18,-26,33,2,Inner,Down,0
136,base,ciopt,3,14,NaN,49,24,-130,0,3,Outer,Down,0
136,base,ciopt,3,14,NaN,56,31,52,0,1,Inner,Up,0
136,base,ciopt,3,14,NaN,59,34,130,0,1,Outer,Down,0
136,base,ciopt,3,14,NaN,66,38,-26,-33,3,Inner,Down,0
136,base,ciopt,3,14,NaN,75,44,-104,-66,3,Outer,Up,0
136,base,ciopt,3,14,NaN,83,52,104,-66,4,Outer,Up,0
136,base,ciopt,3,14,NaN,88,53,-52,-99,3,Outer,Up,0
136,base,ciopt,3,14,NaN,90,55,0,-99,4,Middle,Up,0
136,base,ciopt,3,14,NaN,91,56,26,-99,4,Middle,Down,0
137,mandatory,poisson_f,3,14,NaN,18,3,0,99,2,Middle,Up,1
137,mandatory,poisson_f,3,14,NaN,25,6,-104,66,2,Outer,Up,0
137,mandatory,poisson_f,3,14,NaN,27,8,-52,66,2,Middle,Up,0
137,mandatory,poisson_f,3,14,NaN,33,14,104,66,1,Outer,Up,0
137,mandatory,poisson_f,3,14,NaN,49,24,-130,0,3,Outer,Down,0
137,mandatory,poisson_f,3,14,NaN,51,26,-78,0,3,Middle,Down,1
137,mandatory,poisson_f,3,14,NaN,54,29,0,0,1,Inner,Up,1
137,mandatory,poisson_f,3,14,NaN,57,32,78,0,1,Middle,Down,1
137,mandatory,poisson_f,3,14,NaN,59,34,130,0,1,Outer,Down,0
137,mandatory,poisson_f,3,14,NaN,75,44,-104,-66,3,Outer,Up,0
137,mandatory,poisson_f,3,14,NaN,81,50,52,-66,4,Middle,Up,0
137,mandatory,poisson_f,3,14,NaN,83,52,104,-66,4,Outer,Up,0
137,mandatory,poisson_f,3,14,NaN,88,53,-52,-99,3,Outer,Up,0
137,mandatory,poisson_f,3,14,NaN,90,55,0,-99,4,Middle,Up,1
138,mandatory,human_f,3,14,NaN,17,2,-26,99,2,Middle,Down,0
138,mandatory,human_f,3,14,NaN,18,3,0,99,2,Middle,Up,1
138,mandatory,human_f,3,14,NaN,28,9,-26,66,2,Inner,Down,0
138,mandatory,human_f,3,14,NaN,32,13,78,66,1,Middle,Down,0
138,mandatory,human_f,3,14,NaN,37,15,-104,33,2,Outer,Up,0
138,mandatory,human_f,3,14,NaN,51,26,-78,0,3,Middle,Down,1
138,mandatory,human_f,3,14,NaN,54,29,0,0,1,Inner,Up,1
138,mandatory,human_f,3,14,NaN,57,32,78,0,1,Middle,Down,1
138,mandatory,human_f,3,14,NaN,65,37,-52,-33,3,Inner,Up,0
138,mandatory,human_f,3,14,NaN,70,42,78,-33,4,Middle,Down,0
138,mandatory,human_f,3,14,NaN,71,43,104,-33,4,Outer,Up,0
138,mandatory,human_f,3,14,NaN,76,45,-78,-66,3,Middle,Down,0
138,mandatory,human_f,3,14,NaN,90,55,0,-99,4,Middle,Up,1
138,mandatory,human_f,3,14,NaN,91,56,26,-99,4,Middle,Down,0
139,mandatory,dopt_aug,3,14,NaN,16,1,-52,99,2,Outer,Up,0
139,mandatory,dopt_aug,3,14,NaN,18,3,0,99,2,Middle,Up,1
139,mandatory,dopt_aug,3,14,NaN,25,6,-104,66,2,Outer,Up,0
139,mandatory,dopt_aug,3,14,NaN,33,14,104,66,1,Outer,Up,0
139,mandatory,dopt_aug,3,14,NaN,49,24,-130,0,3,Outer,Down,0
139,mandatory,dopt_aug,3,14,NaN,51,26,-78,0,3,Middle,Down,1
139,mandatory,dopt_aug,3,14,NaN,54,29,0,0,1,Inner,Up,1
139,mandatory,dopt_aug,3,14,NaN,57,32,78,0,1,Middle,Down,1
139,mandatory,dopt_aug,3,14,NaN,59,34,130,0,1,Outer,Down,0
139,mandatory,dopt_aug,3,14,NaN,75,44,-104,-66,3,Outer,Up,0
139,mandatory,dopt_aug,3,14,NaN,83,52,104,-66,4,Outer,Up,0
139,mandatory,dopt_aug,3,14,NaN,88,53,-52,-99,3,Outer,Up,0
139,mandatory,dopt_aug,3,14,NaN,90,55,0,-99,4,Middle,Up,1
139,mandatory,dopt_aug,3,14,NaN,92,57,52,-99,4,Outer,Up,0
140,mandatory,iopt_aug,3,14,NaN,16,1,-52,99,2,Outer,Up,0
140,mandatory,iopt_aug,3,14,NaN,18,3,0,99,2,Middle,Up,1
140,mandatory,iopt_aug,3,14,NaN,20,5,52,99,1,Outer,Up,0
140,mandatory,iopt_aug,3,14,NaN,25,6,-104,66,2,Outer,Up,0
140,mandatory,iopt_aug,3,14,NaN,33,14,104,66,1,Outer,Up,0
140,mandatory,iopt_aug,3,14,NaN,49,24,-130,0,3,Outer,Down,0
140,mandatory,iopt_aug,3,14,NaN,51,26,-78,0,3,Middle,Down,1
140,mandatory,iopt_aug,3,14,NaN,54,29,0,0,1,Inner,Up,1
140,mandatory,iopt_aug,3,14,NaN,57,32,78,0,1,Middle,Down,1
140,mandatory,iopt_aug,3,14,NaN,75,44,-104,-66,3,Outer,Up,0
140,mandatory,iopt_aug,3,14,NaN,83,52,104,-66,4,Outer,Up,0
140,mandatory,iopt_aug,3,14,NaN,88,53,-52,-99,3,Outer,Up,0
140,mandatory,iopt_aug,3,14,NaN,90,55,0,-99,4,Middle,Up,1
140,mandatory,iopt_aug,3,14,NaN,92,57,52,-99,4,Outer,Up,0
141,mandatory,cdopt_naive,3,14,NaN,16,1,-52,99,2,Outer,Up,0
141,mandatory,cdopt_naive,3,14,NaN,18,3,0,99,2,Middle,Up,1
141,mandatory,cdopt_naive,3,14,NaN,20,5,52,99,1,Outer,Up,0
141,mandatory,cdopt_naive,3,14,NaN,40,18,-26,33,2,Inner,Down,0
141,mandatory,cdopt_naive,3,14,NaN,49,24,-130,0,3,Outer,Down,0
141,mandatory,cdopt_naive,3,14,NaN,51,26,-78,0,3,Middle,Down,1
141,mandatory,cdopt_naive,3,14,NaN,54,29,0,0,1,Inner,Up,1
141,mandatory,cdopt_naive,3,14,NaN,57,32,78,0,1,Middle,Down,1
141,mandatory,cdopt_naive,3,14,NaN,59,34,130,0,1,Outer,Down,0
141,mandatory,cdopt_naive,3,14,NaN,68,40,26,-33,4,Inner,Down,0
141,mandatory,cdopt_naive,3,14,NaN,75,44,-104,-66,3,Outer,Up,0
141,mandatory,cdopt_naive,3,14,NaN,83,52,104,-66,4,Outer,Up,0
141,mandatory,cdopt_naive,3,14,NaN,89,54,-26,-99,3,Middle,Down,0
141,mandatory,cdopt_naive,3,14,NaN,90,55,0,-99,4,Middle,Up,1
142,mandatory,ciopt_naive,3,14,NaN,16,1,-52,99,2,Outer,Up,0
142,mandatory,ciopt_naive,3,14,NaN,18,3,0,99,2,Middle,Up,1
142,mandatory,ciopt_naive,3,14,NaN,19,4,26,99,1,Middle,Down,0
142,mandatory,ciopt_naive,3,14,NaN,33,14,104,66,1,Outer,Up,0
142,mandatory,ciopt_naive,3,14,NaN,40,18,-26,33,2,Inner,Down,0
142,mandatory,ciopt_naive,3,14,NaN,49,24,-130,0,3,Outer,Down,0
142,mandatory,ciopt_naive,3,14,NaN,51,26,-78,0,3,Middle,Down,1
142,mandatory,ciopt_naive,3,14,NaN,54,29,0,0,1,Inner,Up,1
142,mandatory,ciopt_naive,3,14,NaN,57,32,78,0,1,Middle,Down,1
142,mandatory,ciopt_naive,3,14,NaN,59,34,130,0,1,Outer,Down,0
142,mandatory,ciopt_naive,3,14,NaN,68,40,26,-33,4,Inner,Down,0
142,mandatory,ciopt_naive,3,14,NaN,88,53,-52,-99,3,Outer,Up,0
142,mandatory,ciopt_naive,3,14,NaN,90,55,0,-99,4,Middle,Up,1
142,mandatory,ciopt_naive,3,14,NaN,92,57,52,-99,4,Outer,Up,0
143,mandatory,cdopt_aug,3,14,NaN,18,3,0,99,2,Middle,Up,1
143,mandatory,cdopt_aug,3,14,NaN,25,6,-104,66,2,Outer,Up,0
143,mandatory,cdopt_aug,3,14,NaN,28,9,-26,66,2,Inner,Down,0
143,mandatory,cdopt_aug,3,14,NaN,33,14,104,66,1,Outer,Up,0
143,mandatory,cdopt_aug,3,14,NaN,49,24,-130,0,3,Outer,Down,0
143,mandatory,cdopt_aug,3,14,NaN,51,26,-78,0,3,Middle,Down,1
143,mandatory,cdopt_aug,3,14,NaN,54,29,0,0,1,Inner,Up,1
143,mandatory,cdopt_aug,3,14,NaN,57,32,78,0,1,Middle,Down,1
143,mandatory,cdopt_aug,3,14,NaN,59,34,130,0,1,Outer,Down,0
143,mandatory,cdopt_aug,3,14,NaN,75,44,-104,-66,3,Outer,Up,0
143,mandatory,cdopt_aug,3,14,NaN,78,47,-26,-66,3,Inner,Down,0
143,mandatory,cdopt_aug,3,14,NaN,83,52,104,-66,4,Outer,Up,0
143,mandatory,cdopt_aug,3,14,NaN,90,55,0,-99,4,Middle,Up,1
143,mandatory,cdopt_aug,3,14,NaN,91,56,26,-99,4,Middle,Down,0
144,mandatory,ciopt_aug,3,14,NaN,18,3,0,99,2,Middle,Up,1
144,mandatory,ciopt_aug,3,14,NaN,19,4,26,99,1,Middle,Down,0
144,mandatory,ciopt_aug,3,14,NaN,25,6,-104,66,2,Outer,Up,0
144,mandatory,ciopt_aug,3,14,NaN,28,9,-26,66,2,Inner,Down,0
144,mandatory,ciopt_aug,3,14,NaN,33,14,104,66,1,Outer,Up,0
144,mandatory,ciopt_aug,3,14,NaN,49,24,-130,0,3,Outer,Down,0
144,mandatory,ciopt_aug,3,14,NaN,51,26,-78,0,3,Middle,Down,1
144,mandatory,ciopt_aug,3,14,NaN,54,29,0,0,1,Inner,Up,1
144,mandatory,ciopt_aug,3,14,NaN,57,32,78,0,1,Middle,Down,1
144,mandatory,ciopt_aug,3,14,NaN,59,34,130,0,1,Outer,Down,0
144,mandatory,ciopt_aug,3,14,NaN,78,47,-26,-66,3,Inner,Down,0
144,mandatory,ciopt_aug,3,14,NaN,88,53,-52,-99,3,Outer,Up,0
144,mandatory,ciopt_aug,3,14,NaN,90,55,0,-99,4,Middle,Up,1
144,mandatory,ciopt_aug,3,14,NaN,92,57,52,-99,4,Outer,Up,0
145,base,poisson,3,15,NaN,16,1,-52,99,2,Outer,Up,0
145,base,poisson,3,15,NaN,20,5,52,99,1,Outer,Up,0
145,base,poisson,3,15,NaN,25,6,-104,66,2,Outer,Up,0
145,base,poisson,3,15,NaN,29,10,0,66,2,Inner,Up,0
145,base,poisson,3,15,NaN,33,14,104,66,1,Outer,Up,0
145,base,poisson,3,15,NaN,39,17,-52,33,2,Inner,Up,0
145,base,poisson,3,15,NaN,49,24,-130,0,3,Outer,Down,0
145,base,poisson,3,15,NaN,56,31,52,0,1,Inner,Up,0
145,base,poisson,3,15,NaN,59,34,130,0,1,Outer,Down,0
145,base,poisson,3,15,NaN,65,37,-52,-33,3,Inner,Up,0
145,base,poisson,3,15,NaN,75,44,-104,-66,3,Outer,Up,0
145,base,poisson,3,15,NaN,79,48,0,-66,4,Inner,Up,0
145,base,poisson,3,15,NaN,83,52,104,-66,4,Outer,Up,0
145,base,poisson,3,15,NaN,88,53,-52,-99,3,Outer,Up,0
145,base,poisson,3,15,NaN,92,57,52,-99,4,Outer,Up,0
146,base,human,3,15,NaN,16,1,-52,99,2,Outer,Up,0
146,base,human,3,15,NaN,18,3,0,99,2,Middle,Up,0
146,base,human,3,15,NaN,29,10,0,66,2,Inner,Up,0
146,base,human,3,15,NaN,32,13,78,66,1,Middle,Down,0
146,base,human,3,15,NaN,37,15,-104,33,2,Outer,Up,0
146,base,human,3,15,NaN,39,17,-52,33,2,Inner,Up,0
146,base,human,3,15,NaN,54,29,0,0,1,Inner,Up,0
146,base,human,3,15,NaN,57,32,78,0,1,Middle,Down,0
146,base,human,3,15,NaN,58,33,104,0,1,Middle,Up,0
146,base,human,3,15,NaN,63,35,-104,-33,3,Outer,Up,0
146,base,human,3,15,NaN,65,37,-52,-33,3,Inner,Up,0
146,base,human,3,15,NaN,80,49,26,-66,4,Inner,Down,0
146,base,human,3,15,NaN,83,52,104,-66,4,Outer,Up,0
146,base,human,3,15,NaN,88,53,-52,-99,3,Outer,Up,0
146,base,human,3,15,NaN,91,56,26,-99,4,Middle,Down,0
147,base,dopt,3,15,NaN,16,1,-52,99,2,Outer,Up,0
147,base,dopt,3,15,NaN,17,2,-26,99,2,Middle,Down,0
147,base,dopt,3,15,NaN,20,5,52,99,1,Outer,Up,0
147,base,dopt,3,15,NaN,25,6,-104,66,2,Outer,Up,0
147,base,dopt,3,15,NaN,33,14,104,66,1,Outer,Up,0
147,base,dopt,3,15,NaN,43,21,52,33,1,Inner,Up,0
147,base,dopt,3,15,NaN,49,24,-130,0,3,Outer,Down,0
147,base,dopt,3,15,NaN,52,27,-52,0,3,Inner,Up,0
147,base,dopt,3,15,NaN,59,34,130,0,1,Outer,Down,0
147,base,dopt,3,15,NaN,69,41,52,-33,4,Inner,Up,0
147,base,dopt,3,15,NaN,75,44,-104,-66,3,Outer,Up,0
147,base,dopt,3,15,NaN,83,52,104,-66,4,Outer,Up,0
147,base,dopt,3,15,NaN,88,53,-52,-99,3,Outer,Up,0
147,base,dopt,3,15,NaN,89,54,-26,-99,3,Middle,Down,0
147,base,dopt,3,15,NaN,92,57,52,-99,4,Outer,Up,0
148,base,iopt,3,15,NaN,16,1,-52,99,2,Outer,Up,0
148,base,iopt,3,15,NaN,18,3,0,99,2,Middle,Up,0
148,base,iopt,3,15,NaN,20,5,52,99,1,Outer,Up,0
148,base,iopt,3,15,NaN,25,6,-104,66,2,Outer,Up,0
148,base,iopt,3,15,NaN,33,14,104,66,1,Outer,Up,0
148,base,iopt,3,15,NaN,40,18,-26,33,2,Inner,Down,0
148,base,iopt,3,15,NaN,49,24,-130,0,3,Outer,Down,0
148,base,iopt,3,15,NaN,56,31,52,0,1,Inner,Up,0
148,base,iopt,3,15,NaN,59,34,130,0,1,Outer,Down,0
148,base,iopt,3,15,NaN,65,37,-52,-33,3,Inner,Up,0
148,base,iopt,3,15,NaN,75,44,-104,-66,3,Outer,Up,0
148,base,iopt,3,15,NaN,83,52,104,-66,4,Outer,Up,0
148,base,iopt,3,15,NaN,88,53,-52,-99,3,Outer,Up,0
148,base,iopt,3,15,NaN,91,56,26,-99,4,Middle,Down,0
148,base,iopt,3,15,NaN,92,57,52,-99,4,Outer,Up,0
149,base,cdopt,3,15,NaN,17,2,-26,99,2,Middle,Down,0
149,base,cdopt,3,15,NaN,18,3,0,99,2,Middle,Up,0
149,base,cdopt,3,15,NaN,19,4,26,99,1,Middle,Down,0
149,base,cdopt,3,15,NaN,25,6,-104,66,2,Outer,Up,0
149,base,cdopt,3,15,NaN,33,14,104,66,1,Outer,Up,0
149,base,cdopt,3,15,NaN,40,18,-26,33,2,Inner,Down,0
149,base,cdopt,3,15,NaN,49,24,-130,0,3,Outer,Down,0
149,base,cdopt,3,15,NaN,56,31,52,0,1,Inner,Up,0
149,base,cdopt,3,15,NaN,59,34,130,0,1,Outer,Down,0
149,base,cdopt,3,15,NaN,65,37,-52,-33,3,Inner,Up,0
149,base,cdopt,3,15,NaN,75,44,-104,-66,3,Outer,Up,0
149,base,cdopt,3,15,NaN,83,52,104,-66,4,Outer,Up,0
149,base,cdopt,3,15,NaN,89,54,-26,-99,3,Middle,Down,0
149,base,cdopt,3,15,NaN,91,56,26,-99,4,Middle,Down,0
149,base,cdopt,3,15,NaN,92,57,52,-99,4,Outer,Up,0
150,base,ciopt,3,15,NaN,16,1,-52,99,2,Outer,Up,0
150,base,ciopt,3,15,NaN,18,3,0,99,2,Middle,Up,0
150,base,ciopt,3,15,NaN,19,4,26,99,1,Middle,Down,0
150,base,ciopt,3,15,NaN,25,6,-104,66,2,Outer,Up,0
150,base,ciopt,3,15,NaN,33,14,104,66,1,Outer,Up,0
150,base,ciopt,3,15,NaN,40,18,-26,33,2,Inner,Down,0
150,base,ciopt,3,15,NaN,49,24,-130,0,3,Outer,Down,0
150,base,ciopt,3,15,NaN,56,31,52,0,1,Inner,Up,0
150,base,ciopt,3,15,NaN,59,34,130,0,1,Outer,Down,0
150,base,ciopt,3,15,NaN,66,38,-26,-33,3,Inner,Down,0
150,base,ciopt,3,15,NaN,75,44,-104,-66,3,Outer,Up,0
150,base,ciopt,3,15,NaN,83,52,104,-66,4,Outer,Up,0
150,base,ciopt,3,15,NaN,89,54,-26,-99,3,Middle,Down,0
150,base,ciopt,3,15,NaN,90,55,0,-99,4,Middle,Up,0
150,base,ciopt,3,15,NaN,91,56,26,-99,4,Middle,Down,0
151,mandatory,poisson_f,3,15,NaN,16,1,-52,99,2,Outer,Up,0
151,mandatory,poisson_f,3,15,NaN,18,3,0,99,2,Middle,Up,1
151,mandatory,poisson_f,3,15,NaN,25,6,-104,66,2,Outer,Up,0
151,mandatory,poisson_f,3,15,NaN,31,12,52,66,1,Middle,Up,0
151,mandatory,poisson_f,3,15,NaN,33,14,104,66,1,Outer,Up,0
151,mandatory,poisson_f,3,15,NaN,49,24,-130,0,3,Outer,Down,0
151,mandatory,poisson_f,3,15,NaN,51,26,-78,0,3,Middle,Down,1
151,mandatory,poisson_f,3,15,NaN,54,29,0,0,1,Inner,Up,1
151,mandatory,poisson_f,3,15,NaN,57,32,78,0,1,Middle,Down,1
151,mandatory,poisson_f,3,15,NaN,59,34,130,0,1,Outer,Down,0
151,mandatory,poisson_f,3,15,NaN,75,44,-104,-66,3,Outer,Up,0
151,mandatory,poisson_f,3,15,NaN,83,52,104,-66,4,Outer,Up,0
151,mandatory,poisson_f,3,15,NaN,88,53,-52,-99,3,Outer,Up,0
151,mandatory,poisson_f,3,15,NaN,90,55,0,-99,4,Middle,Up,1
151,mandatory,poisson_f,3,15,NaN,92,57,52,-99,4,Outer,Up,0
152,mandatory,human_f,3,15,NaN,17,2,-26,99,2,Middle,Down,0
152,mandatory,human_f,3,15,NaN,18,3,0,99,2,Middle,Up,1
152,mandatory,human_f,3,15,NaN,25,6,-104,66,2,Outer,Up,0
152,mandatory,human_f,3,15,NaN,28,9,-26,66,2,Inner,Down,0
152,mandatory,human_f,3,15,NaN,32,13,78,66,1,Middle,Down,0
152,mandatory,human_f,3,15,NaN,51,26,-78,0,3,Middle,Down,1
152,mandatory,human_f,3,15,NaN,54,29,0,0,1,Inner,Up,1
152,mandatory,human_f,3,15,NaN,57,32,78,0,1,Middle,Down,1
152,mandatory,human_f,3,15,NaN,58,33,104,0,1,Middle,Up,0
152,mandatory,human_f,3,15,NaN,63,35,-104,-33,3,Outer,Up,0
152,mandatory,human_f,3,15,NaN,65,37,-52,-33,3,Inner,Up,0
152,mandatory,human_f,3,15,NaN,70,42,78,-33,4,Middle,Down,0
152,mandatory,human_f,3,15,NaN,89,54,-26,-99,3,Middle,Down,0
152,mandatory,human_f,3,15,NaN,90,55,0,-99,4,Middle,Up,1
152,mandatory,human_f,3,15,NaN,92,57,52,-99,4,Outer,Up,0
153,mandatory,dopt_aug,3,15,NaN,16,1,-52,99,2,Outer,Up,0
153,mandatory,dopt_aug,3,15,NaN,18,3,0,99,2,Middle,Up,1
153,mandatory,dopt_aug,3,15,NaN,20,5,52,99,1,Outer,Up,0
153,mandatory,dopt_aug,3,15,NaN,25,6,-104,66,2,Outer,Up,0
153,mandatory,dopt_aug,3,15,NaN,33,14,104,66,1,Outer,Up,0
153,mandatory,dopt_aug,3,15,NaN,49,24,-130,0,3,Outer,Down,0
153,mandatory,dopt_aug,3,15,NaN,51,26,-78,0,3,Middle,Down,1
153,mandatory,dopt_aug,3,15,NaN,54,29,0,0,1,Inner,Up,1
153,mandatory,dopt_aug,3,15,NaN,57,32,78,0,1,Middle,Down,1
153,mandatory,dopt_aug,3,15,NaN,59,34,130,0,1,Outer,Down,0
153,mandatory,dopt_aug,3,15,NaN,75,44,-104,-66,3,Outer,Up,0
153,mandatory,dopt_aug,3,15,NaN,83,52,104,-66,4,Outer,Up,0
153,mandatory,dopt_aug,3,15,NaN,88,53,-52,-99,3,Outer,Up,0
153,mandatory,dopt_aug,3,15,NaN,90,55,0,-99,4,Middle,Up,1
153,mandatory,dopt_aug,3,15,NaN,92,57,52,-99,4,Outer,Up,0
154,mandatory,iopt_aug,3,15,NaN,16,1,-52,99,2,Outer,Up,0
154,mandatory,iopt_aug,3,15,NaN,18,3,0,99,2,Middle,Up,1
154,mandatory,iopt_aug,3,15,NaN,20,5,52,99,1,Outer,Up,0
154,mandatory,iopt_aug,3,15,NaN,25,6,-104,66,2,Outer,Up,0
154,mandatory,iopt_aug,3,15,NaN,33,14,104,66,1,Outer,Up,0
154,mandatory,iopt_aug,3,15,NaN,49,24,-130,0,3,Outer,Down,0
154,mandatory,iopt_aug,3,15,NaN,51,26,-78,0,3,Middle,Down,1
154,mandatory,iopt_aug,3,15,NaN,54,29,0,0,1,Inner,Up,1
154,mandatory,iopt_aug,3,15,NaN,57,32,78,0,1,Middle,Down,1
154,mandatory,iopt_aug,3,15,NaN,59,34,130,0,1,Outer,Down,0
154,mandatory,iopt_aug,3,15,NaN,75,44,-104,-66,3,Outer,Up,0
154,mandatory,iopt_aug,3,15,NaN,83,52,104,-66,4,Outer,Up,0
154,mandatory,iopt_aug,3,15,NaN,88,53,-52,-99,3,Outer,Up,0
154,mandatory,iopt_aug,3,15,NaN,90,55,0,-99,4,Middle,Up,1
154,mandatory,iopt_aug,3,15,NaN,92,57,52,-99,4,Outer,Up,0
155,mandatory,cdopt_naive,3,15,NaN,17,2,-26,99,2,Middle,Down,0
155,mandatory,cdopt_naive,3,15,NaN,18,3,0,99,2,Middle,Up,1
155,mandatory,cdopt_naive,3,15,NaN,25,6,-104,66,2,Outer,Up,0
155,mandatory,cdopt_naive,3,15,NaN,33,14,104,66,1,Outer,Up,0
155,mandatory,cdopt_naive,3,15,NaN,42,20,26,33,1,Inner,Down,0
155,mandatory,cdopt_naive,3,15,NaN,49,24,-130,0,3,Outer,Down,0
155,mandatory,cdopt_naive,3,15,NaN,51,26,-78,0,3,Middle,Down,1
155,mandatory,cdopt_naive,3,15,NaN,54,29,0,0,1,Inner,Up,1
155,mandatory,cdopt_naive,3,15,NaN,57,32,78,0,1,Middle,Down,1
155,mandatory,cdopt_naive,3,15,NaN,59,34,130,0,1,Outer,Down,0
155,mandatory,cdopt_naive,3,15,NaN,66,38,-26,-33,3,Inner,Down,0
155,mandatory,cdopt_naive,3,15,NaN,83,52,104,-66,4,Outer,Up,0
155,mandatory,cdopt_naive,3,15,NaN,88,53,-52,-99,3,Outer,Up,0
155,mandatory,cdopt_naive,3,15,NaN,90,55,0,-99,4,Middle,Up,1
155,mandatory,cdopt_naive,3,15,NaN,92,57,52,-99,4,Outer,Up,0
156,mandatory,ciopt_naive,3,15,NaN,16,1,-52,99,2,Outer,Up,0
156,mandatory,ciopt_naive,3,15,NaN,18,3,0,99,2,Middle,Up,1
156,mandatory,ciopt_naive,3,15,NaN,20,5,52,99,1,Outer,Up,0
156,mandatory,ciopt_naive,3,15,NaN,40,18,-26,33,2,Inner,Down,0
156,mandatory,ciopt_naive,3,15,NaN,49,24,-130,0,3,Outer,Down,0
156,mandatory,ciopt_naive,3,15,NaN,51,26,-78,0,3,Middle,Down,1
156,mandatory,ciopt_naive,3,15,NaN,54,29,0,0,1,Inner,Up,1
156,mandatory,ciopt_naive,3,15,NaN,57,32,78,0,1,Middle,Down,1
156,mandatory,ciopt_naive,3,15,NaN,59,34,130,0,1,Outer,Down,0
156,mandatory,ciopt_naive,3,15,NaN,68,40,26,-33,4,Inner,Down,0
156,mandatory,ciopt_naive,3,15,NaN,75,44,-104,-66,3,Outer,Up,0
156,mandatory,ciopt_naive,3,15,NaN,83,52,104,-66,4,Outer,Up,0
156,mandatory,ciopt_naive,3,15,NaN,88,53,-52,-99,3,Outer,Up,0
156,mandatory,ciopt_naive,3,15,NaN,90,55,0,-99,4,Middle,Up,1
156,mandatory,ciopt_naive,3,15,NaN,91,56,26,-99,4,Middle,Down,0
157,mandatory,cdopt_aug,3,15,NaN,17,2,-26,99,2,Middle,Down,0
157,mandatory,cdopt_aug,3,15,NaN,18,3,0,99,2,Middle,Up,1
157,mandatory,cdopt_aug,3,15,NaN,25,6,-104,66,2,Outer,Up,0
157,mandatory,cdopt_aug,3,15,NaN,30,11,26,66,1,Inner,Down,0
157,mandatory,cdopt_aug,3,15,NaN,33,14,104,66,1,Outer,Up,0
157,mandatory,cdopt_aug,3,15,NaN,49,24,-130,0,3,Outer,Down,0
157,mandatory,cdopt_aug,3,15,NaN,51,26,-78,0,3,Middle,Down,1
157,mandatory,cdopt_aug,3,15,NaN,54,29,0,0,1,Inner,Up,1
157,mandatory,cdopt_aug,3,15,NaN,57,32,78,0,1,Middle,Down,1
157,mandatory,cdopt_aug,3,15,NaN,59,34,130,0,1,Outer,Down,0
157,mandatory,cdopt_aug,3,15,NaN,75,44,-104,-66,3,Outer,Up,0
157,mandatory,cdopt_aug,3,15,NaN,80,49,26,-66,4,Inner,Down,0
157,mandatory,cdopt_aug,3,15,NaN,83,52,104,-66,4,Outer,Up,0
157,mandatory,cdopt_aug,3,15,NaN,88,53,-52,-99,3,Outer,Up,0
157,mandatory,cdopt_aug,3,15,NaN,90,55,0,-99,4,Middle,Up,1
158,mandatory,ciopt_aug,3,15,NaN,16,1,-52,99,2,Outer,Up,0
158,mandatory,ciopt_aug,3,15,NaN,18,3,0,99,2,Middle,Up,1
158,mandatory,ciopt_aug,3,15,NaN,20,5,52,99,1,Outer,Up,0
158,mandatory,ciopt_aug,3,15,NaN,25,6,-104,66,2,Outer,Up,0
158,mandatory,ciopt_aug,3,15,NaN,30,11,26,66,1,Inner,Down,0
158,mandatory,ciopt_aug,3,15,NaN,49,24,-130,0,3,Outer,Down,0
158,mandatory,ciopt_aug,3,15,NaN,51,26,-78,0,3,Middle,Down,1
158,mandatory,ciopt_aug,3,15,NaN,54,29,0,0,1,Inner,Up,1
158,mandatory,ciopt_aug,3,15,NaN,57,32,78,0,1,Middle,Down,1
158,mandatory,ciopt_aug,3,15,NaN,59,34,130,0,1,Outer,Down,0
158,mandatory,ciopt_aug,3,15,NaN,75,44,-104,-66,3,Outer,Up,0
158,mandatory,ciopt_aug,3,15,NaN,80,49,26,-66,4,Inner,Down,0
158,mandatory,ciopt_aug,3,15,NaN,83,52,104,-66,4,Outer,Up,0
158,mandatory,ciopt_aug,3,15,NaN,89,54,-26,-99,3,Middle,Down,0
158,mandatory,ciopt_aug,3,15,NaN,90,55,0,-99,4,Middle,Up,1
159,base,poisson,3,16,NaN,17,2,-26,99,2,Middle,Down,0
159,base,poisson,3,16,NaN,19,4,26,99,1,Middle,Down,0
159,base,poisson,3,16,NaN,27,8,-52,66,2,Middle,Up,0
159,base,poisson,3,16,NaN,29,10,0,66,2,Inner,Up,0
159,base,poisson,3,16,NaN,31,12,52,66,1,Middle,Up,0
159,base,poisson,3,16,NaN,37,15,-104,33,2,Outer,Up,0
159,base,poisson,3,16,NaN,40,18,-26,33,2,Inner,Down,0
159,base,poisson,3,16,NaN,45,23,104,33,1,Outer,Up,0
159,base,poisson,3,16,NaN,51,26,-78,0,3,Middle,Down,0
159,base,poisson,3,16,NaN,56,31,52,0,1,Inner,Up,0
159,base,poisson,3,16,NaN,63,35,-104,-33,3,Outer,Up,0
159,base,poisson,3,16,NaN,76,45,-78,-66,3,Middle,Down,0
159,base,poisson,3,16,NaN,81,50,52,-66,4,Middle,Up,0
159,base,poisson,3,16,NaN,83,52,104,-66,4,Outer,Up,0
159,base,poisson,3,16,NaN,89,54,-26,-99,3,Middle,Down,0
159,base,poisson,3,16,NaN,91,56,26,-99,4,Middle,Down,0
160,base,human,3,16,NaN,16,1,-52,99,2,Outer,Up,0
160,base,human,3,16,NaN,19,4,26,99,1,Middle,Down,0
160,base,human,3,16,NaN,25,6,-104,66,2,Outer,Up,0
160,base,human,3,16,NaN,29,10,0,66,2,Inner,Up,0
160,base,human,3,16,NaN,32,13,78,66,1,Middle,Down,0
160,base,human,3,16,NaN,39,17,-52,33,2,Inner,Up,0
160,base,human,3,16,NaN,45,23,104,33,1,Outer,Up,0
160,base,human,3,16,NaN,54,29,0,0,1,Inner,Up,0
160,base,human,3,16,NaN,57,32,78,0,1,Middle,Down,0
160,base,human,3,16,NaN,63,35,-104,-33,3,Outer,Up,0
160,base,human,3,16,NaN,65,37,-52,-33,3,Inner,Up,0
160,base,human,3,16,NaN,76,45,-78,-66,3,Middle,Down,0
160,base,human,3,16,NaN,80,49,26,-66,4,Inner,Down,0
160,base,human,3,16,NaN,83,52,104,-66,4,Outer,Up,0
160,base,human,3,16,NaN,89,54,-26,-99,3,Middle,Down,0
160,base,human,3,16,NaN,92,57,52,-99,4,Outer,Up,0
161,base,dopt,3,16,NaN,16,1,-52,99,2,Outer,Up,0
161,base,dopt,3,16,NaN,17,2,-26,99,2,Middle,Down,0
161,base,dopt,3,16,NaN,19,4,26,99,1,Middle,Down,0
161,base,dopt,3,16,NaN,20,5,52,99,1,Outer,Up,0
161,base,dopt,3,16,NaN,25,6,-104,66,2,Outer,Up,0
161,base,dopt,3,16,NaN,33,14,104,66,1,Outer,Up,0
161,base,dopt,3,16,NaN,49,24,-130,0,3,Outer,Down,0
161,base,dopt,3,16,NaN,52,27,-52,0,3,Inner,Up,0
161,base,dopt,3,16,NaN,56,31,52,0,1,Inner,Up,0
161,base,dopt,3,16,NaN,59,34,130,0,1,Outer,Down,0
161,base,dopt,3,16,NaN,75,44,-104,-66,3,Outer,Up,0
161,base,dopt,3,16,NaN,83,52,104,-66,4,Outer,Up,0
161,base,dopt,3,16,NaN,88,53,-52,-99,3,Outer,Up,0
161,base,dopt,3,16,NaN,89,54,-26,-99,3,Middle,Down,0
161,base,dopt,3,16,NaN,91,56,26,-99,4,Middle,Down,0
161,base,dopt,3,16,NaN,92,57,52,-99,4,Outer,Up,0
162,base,iopt,3,16,NaN,16,1,-52,99,2,Outer,Up,0
162,base,iopt,3,16,NaN,18,3,0,99,2,Middle,Up,0
162,base,iopt,3,16,NaN,20,5,52,99,1,Outer,Up,0
162,base,iopt,3,16,NaN,25,6,-104,66,2,Outer,Up,0
162,base,iopt,3,16,NaN,33,14,104,66,1,Outer,Up,0
162,base,iopt,3,16,NaN,39,17,-52,33,2,Inner,Up,0
162,base,iopt,3,16,NaN,43,21,52,33,1,Inner,Up,0
162,base,iopt,3,16,NaN,49,24,-130,0,3,Outer,Down,0
162,base,iopt,3,16,NaN,59,34,130,0,1,Outer,Down,0
162,base,iopt,3,16,NaN,65,37,-52,-33,3,Inner,Up,0
162,base,iopt,3,16,NaN,69,41,52,-33,4,Inner,Up,0
162,base,iopt,3,16,NaN,75,44,-104,-66,3,Outer,Up,0
162,base,iopt,3,16,NaN,83,52,104,-66,4,Outer,Up,0
162,base,iopt,3,16,NaN,88,53,-52,-99,3,Outer,Up,0
162,base,iopt,3,16,NaN,90,55,0,-99,4,Middle,Up,0
162,base,iopt,3,16,NaN,92,57,52,-99,4,Outer,Up,0
163,base,cdopt,3,16,NaN,17,2,-26,99,2,Middle,Down,0
163,base,cdopt,3,16,NaN,18,3,0,99,2,Middle,Up,0
163,base,cdopt,3,16,NaN,19,4,26,99,1,Middle,Down,0
163,base,cdopt,3,16,NaN,25,6,-104,66,2,Outer,Up,0
163,base,cdopt,3,16,NaN,33,14,104,66,1,Outer,Up,0
163,base,cdopt,3,16,NaN,39,17,-52,33,2,Inner,Up,0
163,base,cdopt,3,16,NaN,43,21,52,33,1,Inner,Up,0
163,base,cdopt,3,16,NaN,49,24,-130,0,3,Outer,Down,0
163,base,cdopt,3,16,NaN,59,34,130,0,1,Outer,Down,0
163,base,cdopt,3,16,NaN,64,36,-78,-33,3,Middle,Down,0
163,base,cdopt,3,16,NaN,68,40,26,-33,4,Inner,Down,0
163,base,cdopt,3,16,NaN,75,44,-104,-66,3,Outer,Up,0
163,base,cdopt,3,16,NaN,83,52,104,-66,4,Outer,Up,0
163,base,cdopt,3,16,NaN,89,54,-26,-99,3,Middle,Down,0
163,base,cdopt,3,16,NaN,91,56,26,-99,4,Middle,Down,0
163,base,cdopt,3,16,NaN,92,57,52,-99,4,Outer,Up,0
164,base,ciopt,3,16,NaN,17,2,-26,99,2,Middle,Down,0
164,base,ciopt,3,16,NaN,18,3,0,99,2,Middle,Up,0
164,base,ciopt,3,16,NaN,19,4,26,99,1,Middle,Down,0
164,base,ciopt,3,16,NaN,25,6,-104,66,2,Outer,Up,0
164,base,ciopt,3,16,NaN,33,14,104,66,1,Outer,Up,0
164,base,ciopt,3,16,NaN,40,18,-26,33,2,Inner,Down,0
164,base,ciopt,3,16,NaN,43,21,52,33,1,Inner,Up,0
164,base,ciopt,3,16,NaN,49,24,-130,0,3,Outer,Down,0
164,base,ciopt,3,16,NaN,51,26,-78,0,3,Middle,Down,0
164,base,ciopt,3,16,NaN,59,34,130,0,1,Outer,Down,0
164,base,ciopt,3,16,NaN,68,40,26,-33,4,Inner,Down,0
164,base,ciopt,3,16,NaN,75,44,-104,-66,3,Outer,Up,0
164,base,ciopt,3,16,NaN,83,52,104,-66,4,Outer,Up,0
164,base,ciopt,3,16,NaN,89,54,-26,-99,3,Middle,Down,0
164,base,ciopt,3,16,NaN,90,55,0,-99,4,Middle,Up,0
164,base,ciopt,3,16,NaN,92,57,52,-99,4,Outer,Up,0
165,mandatory,poisson_f,3,16,NaN,16,1,-52,99,2,Outer,Up,0
165,mandatory,poisson_f,3,16,NaN,18,3,0,99,2,Middle,Up,1
165,mandatory,poisson_f,3,16,NaN,20,5,52,99,1,Outer,Up,0
165,mandatory,poisson_f,3,16,NaN,26,7,-78,66,2,Middle,Down,0
165,mandatory,poisson_f,3,16,NaN,32,13,78,66,1,Middle,Down,0
165,mandatory,poisson_f,3,16,NaN,37,15,-104,33,2,Outer,Up,0
165,mandatory,poisson_f,3,16,NaN,39,17,-52,33,2,Inner,Up,0
165,mandatory,poisson_f,3,16,NaN,49,24,-130,0,3,Outer,Down,0
165,mandatory,poisson_f,3,16,NaN,51,26,-78,0,3,Middle,Down,1
165,mandatory,poisson_f,3,16,NaN,54,29,0,0,1,Inner,Up,1
165,mandatory,poisson_f,3,16,NaN,57,32,78,0,1,Middle,Down,1
165,mandatory,poisson_f,3,16,NaN,59,34,130,0,1,Outer,Down,0
165,mandatory,poisson_f,3,16,NaN,63,35,-104,-33,3,Outer,Up,0
165,mandatory,poisson_f,3,16,NaN,66,38,-26,-33,3,Inner,Down,0
165,mandatory,poisson_f,3,16,NaN,68,40,26,-33,4,Inner,Down,0
165,mandatory,poisson_f,3,16,NaN,90,55,0,-99,4,Middle,Up,1
166,mandatory,human_f,3,16,NaN,17,2,-26,99,2,Middle,Down,0
166,mandatory,human_f,3,16,NaN,18,3,0,99,2,Middle,Up,1
166,mandatory,human_f,3,16,NaN,25,6,-104,66,2,Outer,Up,0
166,mandatory,human_f,3,16,NaN,29,10,0,66,2,Inner,Up,0
166,mandatory,human_f,3,16,NaN,32,13,78,66,1,Middle,Down,0
166,mandatory,human_f,3,16,NaN,51,26,-78,0,3,Middle,Down,1
166,mandatory,human_f,3,16,NaN,52,27,-52,0,3,Inner,Up,0
166,mandatory,human_f,3,16,NaN,54,29,0,0,1,Inner,Up,1
166,mandatory,human_f,3,16,NaN,56,31,52,0,1,Inner,Up,0
166,mandatory,human_f,3,16,NaN,57,32,78,0,1,Middle,Down,1
166,mandatory,human_f,3,16,NaN,58,33,104,0,1,Middle,Up,0
166,mandatory,human_f,3,16,NaN,63,35,-104,-33,3,Outer,Up,0
166,mandatory,human_f,3,16,NaN,79,48,0,-66,4,Inner,Up,0
166,mandatory,human_f,3,16,NaN,89,54,-26,-99,3,Middle,Down,0
166,mandatory,human_f,3,16,NaN,90,55,0,-99,4,Middle,Up,1
166,mandatory,human_f,3,16,NaN,92,57,52,-99,4,Outer,Up,0
167,mandatory,dopt_aug,3,16,NaN,16,1,-52,99,2,Outer,Up,0
167,mandatory,dopt_aug,3,16,NaN,17,2,-26,99,2,Middle,Down,0
167,mandatory,dopt_aug,3,16,NaN,18,3,0,99,2,Middle,Up,1
167,mandatory,dopt_aug,3,16,NaN,20,5,52,99,1,Outer,Up,0
167,mandatory,dopt_aug,3,16,NaN,25,6,-104,66,2,Outer,Up,0
167,mandatory,dopt_aug,3,16,NaN,33,14,104,66,1,Outer,Up,0
167,mandatory,dopt_aug,3,16,NaN,49,24,-130,0,3,Outer,Down,0
167,mandatory,dopt_aug,3,16,NaN,51,26,-78,0,3,Middle,Down,1
167,mandatory,dopt_aug,3,16,NaN,54,29,0,0,1,Inner,Up,1
167,mandatory,dopt_aug,3,16,NaN,57,32,78,0,1,Middle,Down,1
167,mandatory,dopt_aug,3,16,NaN,59,34,130,0,1,Outer,Down,0
167,mandatory,dopt_aug,3,16,NaN,75,44,-104,-66,3,Outer,Up,0
167,mandatory,dopt_aug,3,16,NaN,83,52,104,-66,4,Outer,Up,0
167,mandatory,dopt_aug,3,16,NaN,88,53,-52,-99,3,Outer,Up,0
167,mandatory,dopt_aug,3,16,NaN,90,55,0,-99,4,Middle,Up,1
167,mandatory,dopt_aug,3,16,NaN,92,57,52,-99,4,Outer,Up,0
168,mandatory,iopt_aug,3,16,NaN,16,1,-52,99,2,Outer,Up,0
168,mandatory,iopt_aug,3,16,NaN,18,3,0,99,2,Middle,Up,1
168,mandatory,iopt_aug,3,16,NaN,20,5,52,99,1,Outer,Up,0
168,mandatory,iopt_aug,3,16,NaN,25,6,-104,66,2,Outer,Up,0
168,mandatory,iopt_aug,3,16,NaN,29,10,0,66,2,Inner,Up,0
168,mandatory,iopt_aug,3,16,NaN,33,14,104,66,1,Outer,Up,0
168,mandatory,iopt_aug,3,16,NaN,49,24,-130,0,3,Outer,Down,0
168,mandatory,iopt_aug,3,16,NaN,51,26,-78,0,3,Middle,Down,1
168,mandatory,iopt_aug,3,16,NaN,54,29,0,0,1,Inner,Up,1
168,mandatory,iopt_aug,3,16,NaN,57,32,78,0,1,Middle,Down,1
168,mandatory,iopt_aug,3,16,NaN,59,34,130,0,1,Outer,Down,0
168,mandatory,iopt_aug,3,16,NaN,75,44,-104,-66,3,Outer,Up,0
168,mandatory,iopt_aug,3,16,NaN,83,52,104,-66,4,Outer,Up,0
168,mandatory,iopt_aug,3,16,NaN,88,53,-52,-99,3,Outer,Up,0
168,mandatory,iopt_aug,3,16,NaN,90,55,0,-99,4,Middle,Up,1
168,mandatory,iopt_aug,3,16,NaN,92,57,52,-99,4,Outer,Up,0
169,mandatory,cdopt_naive,3,16,NaN,16,1,-52,99,2,Outer,Up,0
169,mandatory,cdopt_naive,3,16,NaN,18,3,0,99,2,Middle,Up,1
169,mandatory,cdopt_naive,3,16,NaN,19,4,26,99,1,Middle,Down,0
169,mandatory,cdopt_naive,3,16,NaN,33,14,104,66,1,Outer,Up,0
169,mandatory,cdopt_naive,3,16,NaN,40,18,-26,33,2,Inner,Down,0
169,mandatory,cdopt_naive,3,16,NaN,49,24,-130,0,3,Outer,Down,0
169,mandatory,cdopt_naive,3,16,NaN,51,26,-78,0,3,Middle,Down,1
169,mandatory,cdopt_naive,3,16,NaN,54,29,0,0,1,Inner,Up,1
169,mandatory,cdopt_naive,3,16,NaN,57,32,78,0,1,Middle,Down,1
169,mandatory,cdopt_naive,3,16,NaN,59,34,130,0,1,Outer,Down,0
169,mandatory,cdopt_naive,3,16,NaN,68,40,26,-33,4,Inner,Down,0
169,mandatory,cdopt_naive,3,16,NaN,75,44,-104,-66,3,Outer,Up,0
169,mandatory,cdopt_naive,3,16,NaN,83,52,104,-66,4,Outer,Up,0
169,mandatory,cdopt_naive,3,16,NaN,88,53,-52,-99,3,Outer,Up,0
169,mandatory,cdopt_naive,3,16,NaN,90,55,0,-99,4,Middle,Up,1
169,mandatory,cdopt_naive,3,16,NaN,91,56,26,-99,4,Middle,Down,0
170,mandatory,ciopt_naive,3,16,NaN,16,1,-52,99,2,Outer,Up,0
170,mandatory,ciopt_naive,3,16,NaN,18,3,0,99,2,Middle,Up,1
170,mandatory,ciopt_naive,3,16,NaN,20,5,52,99,1,Outer,Up,0
170,mandatory,ciopt_naive,3,16,NaN,40,18,-26,33,2,Inner,Down,0
170,mandatory,ciopt_naive,3,16,NaN,44,22,78,33,1,Middle,Down,0
170,mandatory,ciopt_naive,3,16,NaN,49,24,-130,0,3,Outer,Down,0
170,mandatory,ciopt_naive,3,16,NaN,51,26,-78,0,3,Middle,Down,1
170,mandatory,ciopt_naive,3,16,NaN,54,29,0,0,1,Inner,Up,1
170,mandatory,ciopt_naive,3,16,NaN,57,32,78,0,1,Middle,Down,1
170,mandatory,ciopt_naive,3,16,NaN,59,34,130,0,1,Outer,Down,0
170,mandatory,ciopt_naive,3,16,NaN,66,38,-26,-33,3,Inner,Down,0
170,mandatory,ciopt_naive,3,16,NaN,75,44,-104,-66,3,Outer,Up,0
170,mandatory,ciopt_naive,3,16,NaN,83,52,104,-66,4,Outer,Up,0
170,mandatory,ciopt_naive,3,16,NaN,89,54,-26,-99,3,Middle,Down,0
170,mandatory,ciopt_naive,3,16,NaN,90,55,0,-99,4,Middle,Up,1
170,mandatory,ciopt_naive,3,16,NaN,92,57,52,-99,4,Outer,Up,0
171,mandatory,cdopt_aug,3,16,NaN,17,2,-26,99,2,Middle,Down,0
171,mandatory,cdopt_aug,3,16,NaN,18,3,0,99,2,Middle,Up,1
171,mandatory,cdopt_aug,3,16,NaN,25,6,-104,66,2,Outer,Up,0
171,mandatory,cdopt_aug,3,16,NaN,30,11,26,66,1,Inner,Down,0
171,mandatory,cdopt_aug,3,16,NaN,33,14,104,66,1,Outer,Up,0
171,mandatory,cdopt_aug,3,16,NaN,49,24,-130,0,3,Outer,Down,0
171,mandatory,cdopt_aug,3,16,NaN,51,26,-78,0,3,Middle,Down,1
171,mandatory,cdopt_aug,3,16,NaN,54,29,0,0,1,Inner,Up,1
171,mandatory,cdopt_aug,3,16,NaN,57,32,78,0,1,Middle,Down,1
171,mandatory,cdopt_aug,3,16,NaN,59,34,130,0,1,Outer,Down,0
171,mandatory,cdopt_aug,3,16,NaN,75,44,-104,-66,3,Outer,Up,0
171,mandatory,cdopt_aug,3,16,NaN,80,49,26,-66,4,Inner,Down,0
171,mandatory,cdopt_aug,3,16,NaN,83,52,104,-66,4,Outer,Up,0
171,mandatory,cdopt_aug,3,16,NaN,88,53,-52,-99,3,Outer,Up,0
171,mandatory,cdopt_aug,3,16,NaN,90,55,0,-99,4,Middle,Up,1
171,mandatory,cdopt_aug,3,16,NaN,91,56,26,-99,4,Middle,Down,0
172,mandatory,ciopt_aug,3,16,NaN,16,1,-52,99,2,Outer,Up,0
172,mandatory,ciopt_aug,3,16,NaN,18,3,0,99,2,Middle,Up,1
172,mandatory,ciopt_aug,3,16,NaN,20,5,52,99,1,Outer,Up,0
172,mandatory,ciopt_aug,3,16,NaN,28,9,-26,66,2,Inner,Down,0
172,mandatory,ciopt_aug,3,16,NaN,33,14,104,66,1,Outer,Up,0
172,mandatory,ciopt_aug,3,16,NaN,49,24,-130,0,3,Outer,Down,0
172,mandatory,ciopt_aug,3,16,NaN,51,26,-78,0,3,Middle,Down,1
172,mandatory,ciopt_aug,3,16,NaN,54,29,0,0,1,Inner,Up,1
172,mandatory,ciopt_aug,3,16,NaN,57,32,78,0,1,Middle,Down,1
172,mandatory,ciopt_aug,3,16,NaN,59,34,130,0,1,Outer,Down,0
172,mandatory,ciopt_aug,3,16,NaN,66,38,-26,-33,3,Inner,Down,0
172,mandatory,ciopt_aug,3,16,NaN,75,44,-104,-66,3,Outer,Up,0
172,mandatory,ciopt_aug,3,16,NaN,83,52,104,-66,4,Outer,Up,0
172,mandatory,ciopt_aug,3,16,NaN,89,54,-26,-99,3,Middle,Down,0
172,mandatory,ciopt_aug,3,16,NaN,90,55,0,-99,4,Middle,Up,1
172,mandatory,ciopt_aug,3,16,NaN,91,56,26,-99,4,Middle,Down,0
173,base,poisson,3,17,NaN,16,1,-52,99,2,Outer,Up,0
173,base,poisson,3,17,NaN,20,5,52,99,1,Outer,Up,0
173,base,poisson,3,17,NaN,26,7,-78,66,2,Middle,Down,0
173,base,poisson,3,17,NaN,33,14,104,66,1,Outer,Up,0
173,base,poisson,3,17,NaN,37,15,-104,33,2,Outer,Up,0
173,base,poisson,3,17,NaN,40,18,-26,33,2,Inner,Down,0
173,base,poisson,3,17,NaN,42,20,26,33,1,Inner,Down,0
173,base,poisson,3,17,NaN,49,24,-130,0,3,Outer,Down,0
173,base,poisson,3,17,NaN,52,27,-52,0,3,Inner,Up,0
173,base,poisson,3,17,NaN,64,36,-78,-33,3,Middle,Down,0
173,base,poisson,3,17,NaN,70,42,78,-33,4,Middle,Down,0
173,base,poisson,3,17,NaN,75,44,-104,-66,3,Outer,Up,0
173,base,poisson,3,17,NaN,78,47,-26,-66,3,Inner,Down,0
173,base,poisson,3,17,NaN,80,49,26,-66,4,Inner,Down,0
173,base,poisson,3,17,NaN,83,52,104,-66,4,Outer,Up,0
173,base,poisson,3,17,NaN,88,53,-52,-99,3,Outer,Up,0
173,base,poisson,3,17,NaN,92,57,52,-99,4,Outer,Up,0
174,base,human,3,17,NaN,16,1,-52,99,2,Outer,Up,0
174,base,human,3,17,NaN,19,4,26,99,1,Middle,Down,0
174,base,human,3,17,NaN,25,6,-104,66,2,Outer,Up,0
174,base,human,3,17,NaN,29,10,0,66,2,Inner,Up,0
174,base,human,3,17,NaN,32,13,78,66,1,Middle,Down,0
174,base,human,3,17,NaN,39,17,-52,33,2,Inner,Up,0
174,base,human,3,17,NaN,45,23,104,33,1,Outer,Up,0
174,base,human,3,17,NaN,50,25,-104,0,3,Middle,Up,0
174,base,human,3,17,NaN,54,29,0,0,1,Inner,Up,0
174,base,human,3,17,NaN,57,32,78,0,1,Middle,Down,0
174,base,human,3,17,NaN,65,37,-52,-33,3,Inner,Up,0
174,base,human,3,17,NaN,71,43,104,-33,4,Outer,Up,0
174,base,human,3,17,NaN,75,44,-104,-66,3,Outer,Up,0
174,base,human,3,17,NaN,80,49,26,-66,4,Inner,Down,0
174,base,human,3,17,NaN,88,53,-52,-99,3,Outer,Up,0
174,base,human,3,17,NaN,90,55,0,-99,4,Middle,Up,0
174,base,human,3,17,NaN,92,57,52,-99,4,Outer,Up,0
175,base,dopt,3,17,NaN,16,1,-52,99,2,Outer,Up,0
175,base,dopt,3,17,NaN,17,2,-26,99,2,Middle,Down,0
175,base,dopt,3,17,NaN,19,4,26,99,1,Middle,Down,0
175,base,dopt,3,17,NaN,20,5,52,99,1,Outer,Up,0
175,base,dopt,3,17,NaN,25,6,-104,66,2,Outer,Up,0
175,base,dopt,3,17,NaN,33,14,104,66,1,Outer,Up,0
175,base,dopt,3,17,NaN,43,21,52,33,1,Inner,Up,0
175,base,dopt,3,17,NaN,49,24,-130,0,3,Outer,Down,0
175,base,dopt,3,17,NaN,52,27,-52,0,3,Inner,Up,0
175,base,dopt,3,17,NaN,59,34,130,0,1,Outer,Down,0
175,base,dopt,3,17,NaN,69,41,52,-33,4,Inner,Up,0
175,base,dopt,3,17,NaN,75,44,-104,-66,3,Outer,Up,0
175,base,dopt,3,17,NaN,83,52,104,-66,4,Outer,Up,0
175,base,dopt,3,17,NaN,88,53,-52,-99,3,Outer,Up,0
175,base,dopt,3,17,NaN,89,54,-26,-99,3,Middle,Down,0
175,base,dopt,3,17,NaN,91,56,26,-99,4,Middle,Down,0
175,base,dopt,3,17,NaN,92,57,52,-99,4,Outer,Up,0
176,base,iopt,3,17,NaN,16,1,-52,99,2,Outer,Up,0
176,base,iopt,3,17,NaN,18,3,0,99,2,Middle,Up,0
176,base,iopt,3,17,NaN,20,5,52,99,1,Outer,Up,0
176,base,iopt,3,17,NaN,25,6,-104,66,2,Outer,Up,0
176,base,iopt,3,17,NaN,33,14,104,66,1,Outer,Up,0
176,base,iopt,3,17,NaN,39,17,-52,33,2,Inner,Up,0
176,base,iopt,3,17,NaN,43,21,52,33,1,Inner,Up,0
176,base,iopt,3,17,NaN,49,24,-130,0,3,Outer,Down,0
176,base,iopt,3,17,NaN,59,34,130,0,1,Outer,Down,0
176,base,iopt,3,17,NaN,65,37,-52,-33,3,Inner,Up,0
176,base,iopt,3,17,NaN,69,41,52,-33,4,Inner,Up,0
176,base,iopt,3,17,NaN,75,44,-104,-66,3,Outer,Up,0
176,base,iopt,3,17,NaN,83,52,104,-66,4,Outer,Up,0
176,base,iopt,3,17,NaN,88,53,-52,-99,3,Outer,Up,0
176,base,iopt,3,17,NaN,89,54,-26,-99,3,Middle,Down,0
176,base,iopt,3,17,NaN,91,56,26,-99,4,Middle,Down,0
176,base,iopt,3,17,NaN,92,57,52,-99,4,Outer,Up,0
177,base,cdopt,3,17,NaN,17,2,-26,99,2,Middle,Down,0
177,base,cdopt,3,17,NaN,18,3,0,99,2,Middle,Up,0
177,base,cdopt,3,17,NaN,19,4,26,99,1,Middle,Down,0
177,base,cdopt,3,17,NaN,25,6,-104,66,2,Outer,Up,0
177,base,cdopt,3,17,NaN,26,7,-78,66,2,Middle,Down,0
177,base,cdopt,3,17,NaN,33,14,104,66,1,Outer,Up,0
177,base,cdopt,3,17,NaN,43,21,52,33,1,Inner,Up,0
177,base,cdopt,3,17,NaN,49,24,-130,0,3,Outer,Down,0
177,base,cdopt,3,17,NaN,52,27,-52,0,3,Inner,Up,0
177,base,cdopt,3,17,NaN,59,34,130,0,1,Outer,Down,0
177,base,cdopt,3,17,NaN,68,40,26,-33,4,Inner,Down,0
177,base,cdopt,3,17,NaN,75,44,-104,-66,3,Outer,Up,0
177,base,cdopt,3,17,NaN,83,52,104,-66,4,Outer,Up,0
177,base,cdopt,3,17,NaN,88,53,-52,-99,3,Outer,Up,0
177,base,cdopt,3,17,NaN,89,54,-26,-99,3,Middle,Down,0
177,base,cdopt,3,17,NaN,91,56,26,-99,4,Middle,Down,0
177,base,cdopt,3,17,NaN,92,57,52,-99,4,Outer,Up,0
178,base,ciopt,3,17,NaN,16,1,-52,99,2,Outer,Up,0
178,base,ciopt,3,17,NaN,17,2,-26,99,2,Middle,Down,0
178,base,ciopt,3,17,NaN,19,4,26,99,1,Middle,Down,0
178,base,ciopt,3,17,NaN,20,5,52,99,1,Outer,Up,0
178,base,ciopt,3,17,NaN,25,6,-104,66,2,Outer,Up,0
178,base,ciopt,3,17,NaN,33,14,104,66,1,Outer,Up,0
178,base,ciopt,3,17,NaN,42,20,26,33,1,Inner,Down,0
178,base,ciopt,3,17,NaN,49,24,-130,0,3,Outer,Down,0
178,base,ciopt,3,17,NaN,51,26,-78,0,3,Middle,Down,0
178,base,ciopt,3,17,NaN,59,34,130,0,1,Outer,Down,0
178,base,ciopt,3,17,NaN,66,38,-26,-33,3,Inner,Down,0
178,base,ciopt,3,17,NaN,69,41,52,-33,4,Inner,Up,0
178,base,ciopt,3,17,NaN,75,44,-104,-66,3,Outer,Up,0
178,base,ciopt,3,17,NaN,83,52,104,-66,4,Outer,Up,0
178,base,ciopt,3,17,NaN,89,54,-26,-99,3,Middle,Down,0
178,base,ciopt,3,17,NaN,90,55,0,-99,4,Middle,Up,0
178,base,ciopt,3,17,NaN,91,56,26,-99,4,Middle,Down,0
179,mandatory,poisson_f,3,17,NaN,16,1,-52,99,2,Outer,Up,0
179,mandatory,poisson_f,3,17,NaN,18,3,0,99,2,Middle,Up,1
179,mandatory,poisson_f,3,17,NaN,26,7,-78,66,2,Middle,Down,0
179,mandatory,poisson_f,3,17,NaN,32,13,78,66,1,Middle,Down,0
179,mandatory,poisson_f,3,17,NaN,39,17,-52,33,2,Inner,Up,0
179,mandatory,poisson_f,3,17,NaN,42,20,26,33,1,Inner,Down,0
179,mandatory,poisson_f,3,17,NaN,49,24,-130,0,3,Outer,Down,0
179,mandatory,poisson_f,3,17,NaN,51,26,-78,0,3,Middle,Down,1
179,mandatory,poisson_f,3,17,NaN,54,29,0,0,1,Inner,Up,1
179,mandatory,poisson_f,3,17,NaN,57,32,78,0,1,Middle,Down,1
179,mandatory,poisson_f,3,17,NaN,65,37,-52,-33,3,Inner,Up,0
179,mandatory,poisson_f,3,17,NaN,75,44,-104,-66,3,Outer,Up,0
179,mandatory,poisson_f,3,17,NaN,80,49,26,-66,4,Inner,Down,0
179,mandatory,poisson_f,3,17,NaN,82,51,78,-66,4,Middle,Down,0
179,mandatory,poisson_f,3,17,NaN,88,53,-52,-99,3,Outer,Up,0
179,mandatory,poisson_f,3,17,NaN,90,55,0,-99,4,Middle,Up,1
179,mandatory,poisson_f,3,17,NaN,92,57,52,-99,4,Outer,Up,0
180,mandatory,human_f,3,17,NaN,18,3,0,99,2,Middle,Up,1
180,mandatory,human_f,3,17,NaN,19,4,26,99,1,Middle,Down,0
180,mandatory,human_f,3,17,NaN,26,7,-78,66,2,Middle,Down,0
180,mandatory,human_f,3,17,NaN,29,10,0,66,2,Inner,Up,0
180,mandatory,human_f,3,17,NaN,32,13,78,66,1,Middle,Down,0
180,mandatory,human_f,3,17,NaN,49,24,-130,0,3,Outer,Down,0
180,mandatory,human_f,3,17,NaN,51,26,-78,0,3,Middle,Down,1
180,mandatory,human_f,3,17,NaN,52,27,-52,0,3,Inner,Up,0
180,mandatory,human_f,3,17,NaN,54,29,0,0,1,Inner,Up,1
180,mandatory,human_f,3,17,NaN,56,31,52,0,1,Inner,Up,0
180,mandatory,human_f,3,17,NaN,57,32,78,0,1,Middle,Down,1
180,mandatory,human_f,3,17,NaN,58,33,104,0,1,Middle,Up,0
180,mandatory,human_f,3,17,NaN,76,45,-78,-66,3,Middle,Down,0
180,mandatory,human_f,3,17,NaN,79,48,0,-66,4,Inner,Up,0
180,mandatory,human_f,3,17,NaN,82,51,78,-66,4,Middle,Down,0
180,mandatory,human_f,3,17,NaN,89,54,-26,-99,3,Middle,Down,0
180,mandatory,human_f,3,17,NaN,90,55,0,-99,4,Middle,Up,1
181,mandatory,dopt_aug,3,17,NaN,16,1,-52,99,2,Outer,Up,0
181,mandatory,dopt_aug,3,17,NaN,18,3,0,99,2,Middle,Up,1
181,mandatory,dopt_aug,3,17,NaN,19,4,26,99,1,Middle,Down,0
181,mandatory,dopt_aug,3,17,NaN,20,5,52,99,1,Outer,Up,0
181,mandatory,dopt_aug,3,17,NaN,25,6,-104,66,2,Outer,Up,0
181,mandatory,dopt_aug,3,17,NaN,33,14,104,66,1,Outer,Up,0
181,mandatory,dopt_aug,3,17,NaN,49,24,-130,0,3,Outer,Down,0
181,mandatory,dopt_aug,3,17,NaN,51,26,-78,0,3,Middle,Down,1
181,mandatory,dopt_aug,3,17,NaN,54,29,0,0,1,Inner,Up,1
181,mandatory,dopt_aug,3,17,NaN,57,32,78,0,1,Middle,Down,1
181,mandatory,dopt_aug,3,17,NaN,59,34,130,0,1,Outer,Down,0
181,mandatory,dopt_aug,3,17,NaN,75,44,-104,-66,3,Outer,Up,0
181,mandatory,dopt_aug,3,17,NaN,83,52,104,-66,4,Outer,Up,0
181,mandatory,dopt_aug,3,17,NaN,88,53,-52,-99,3,Outer,Up,0
181,mandatory,dopt_aug,3,17,NaN,90,55,0,-99,4,Middle,Up,1
181,mandatory,dopt_aug,3,17,NaN,91,56,26,-99,4,Middle,Down,0
181,mandatory,dopt_aug,3,17,NaN,92,57,52,-99,4,Outer,Up,0
182,mandatory,iopt_aug,3,17,NaN,16,1,-52,99,2,Outer,Up,0
182,mandatory,iopt_aug,3,17,NaN,18,3,0,99,2,Middle,Up,1
182,mandatory,iopt_aug,3,17,NaN,20,5,52,99,1,Outer,Up,0
182,mandatory,iopt_aug,3,17,NaN,25,6,-104,66,2,Outer,Up,0
182,mandatory,iopt_aug,3,17,NaN,33,14,104,66,1,Outer,Up,0
182,mandatory,iopt_aug,3,17,NaN,41,19,0,33,2,Inner,Up,0
182,mandatory,iopt_aug,3,17,NaN,49,24,-130,0,3,Outer,Down,0
182,mandatory,iopt_aug,3,17,NaN,51,26,-78,0,3,Middle,Down,1
182,mandatory,iopt_aug,3,17,NaN,54,29,0,0,1,Inner,Up,1
182,mandatory,iopt_aug,3,17,NaN,57,32,78,0,1,Middle,Down,1
182,mandatory,iopt_aug,3,17,NaN,59,34,130,0,1,Outer,Down,0
182,mandatory,iopt_aug,3,17,NaN,75,44,-104,-66,3,Outer,Up,0
182,mandatory,iopt_aug,3,17,NaN,83,52,104,-66,4,Outer,Up,0
182,mandatory,iopt_aug,3,17,NaN,88,53,-52,-99,3,Outer,Up,0
182,mandatory,iopt_aug,3,17,NaN,90,55,0,-99,4,Middle,Up,1
182,mandatory,iopt_aug,3,17,NaN,91,56,26,-99,4,Middle,Down,0
182,mandatory,iopt_aug,3,17,NaN,92,57,52,-99,4,Outer,Up,0
183,mandatory,cdopt_naive,3,17,NaN,16,1,-52,99,2,Outer,Up,0
183,mandatory,cdopt_naive,3,17,NaN,18,3,0,99,2,Middle,Up,1
183,mandatory,cdopt_naive,3,17,NaN,19,4,26,99,1,Middle,Down,0
183,mandatory,cdopt_naive,3,17,NaN,25,6,-104,66,2,Outer,Up,0
183,mandatory,cdopt_naive,3,17,NaN,33,14,104,66,1,Outer,Up,0
183,mandatory,cdopt_naive,3,17,NaN,42,20,26,33,1,Inner,Down,0
183,mandatory,cdopt_naive,3,17,NaN,49,24,-130,0,3,Outer,Down,0
183,mandatory,cdopt_naive,3,17,NaN,51,26,-78,0,3,Middle,Down,1
183,mandatory,cdopt_naive,3,17,NaN,54,29,0,0,1,Inner,Up,1
183,mandatory,cdopt_naive,3,17,NaN,57,32,78,0,1,Middle,Down,1
183,mandatory,cdopt_naive,3,17,NaN,59,34,130,0,1,Outer,Down,0
183,mandatory,cdopt_naive,3,17,NaN,66,38,-26,-33,3,Inner,Down,0
183,mandatory,cdopt_naive,3,17,NaN,75,44,-104,-66,3,Outer,Up,0
183,mandatory,cdopt_naive,3,17,NaN,83,52,104,-66,4,Outer,Up,0
183,mandatory,cdopt_naive,3,17,NaN,89,54,-26,-99,3,Middle,Down,0
183,mandatory,cdopt_naive,3,17,NaN,90,55,0,-99,4,Middle,Up,1
183,mandatory,cdopt_naive,3,17,NaN,92,57,52,-99,4,Outer,Up,0
184,mandatory,ciopt_naive,3,17,NaN,16,1,-52,99,2,Outer,Up,0
184,mandatory,ciopt_naive,3,17,NaN,18,3,0,99,2,Middle,Up,1
184,mandatory,ciopt_naive,3,17,NaN,20,5,52,99,1,Outer,Up,0
184,mandatory,ciopt_naive,3,17,NaN,25,6,-104,66,2,Outer,Up,0
184,mandatory,ciopt_naive,3,17,NaN,40,18,-26,33,2,Inner,Down,0
184,mandatory,ciopt_naive,3,17,NaN,44,22,78,33,1,Middle,Down,0
184,mandatory,ciopt_naive,3,17,NaN,49,24,-130,0,3,Outer,Down,0
184,mandatory,ciopt_naive,3,17,NaN,51,26,-78,0,3,Middle,Down,1
184,mandatory,ciopt_naive,3,17,NaN,54,29,0,0,1,Inner,Up,1
184,mandatory,ciopt_naive,3,17,NaN,57,32,78,0,1,Middle,Down,1
184,mandatory,ciopt_naive,3,17,NaN,59,34,130,0,1,Outer,Down,0
184,mandatory,ciopt_naive,3,17,NaN,66,38,-26,-33,3,Inner,Down,0
184,mandatory,ciopt_naive,3,17,NaN,75,44,-104,-66,3,Outer,Up,0
184,mandatory,ciopt_naive,3,17,NaN,83,52,104,-66,4,Outer,Up,0
184,mandatory,ciopt_naive,3,17,NaN,89,54,-26,-99,3,Middle,Down,0
184,mandatory,ciopt_naive,3,17,NaN,90,55,0,-99,4,Middle,Up,1
184,mandatory,ciopt_naive,3,17,NaN,92,57,52,-99,4,Outer,Up,0
185,mandatory,cdopt_aug,3,17,NaN,16,1,-52,99,2,Outer,Up,0
185,mandatory,cdopt_aug,3,17,NaN,18,3,0,99,2,Middle,Up,1
185,mandatory,cdopt_aug,3,17,NaN,19,4,26,99,1,Middle,Down,0
185,mandatory,cdopt_aug,3,17,NaN,25,6,-104,66,2,Outer,Up,0
185,mandatory,cdopt_aug,3,17,NaN,30,11,26,66,1,Inner,Down,0
185,mandatory,cdopt_aug,3,17,NaN,33,14,104,66,1,Outer,Up,0
185,mandatory,cdopt_aug,3,17,NaN,49,24,-130,0,3,Outer,Down,0
185,mandatory,cdopt_aug,3,17,NaN,51,26,-78,0,3,Middle,Down,1
185,mandatory,cdopt_aug,3,17,NaN,54,29,0,0,1,Inner,Up,1
185,mandatory,cdopt_aug,3,17,NaN,57,32,78,0,1,Middle,Down,1
185,mandatory,cdopt_aug,3,17,NaN,59,34,130,0,1,Outer,Down,0
185,mandatory,cdopt_aug,3,17,NaN,75,44,-104,-66,3,Outer,Up,0
185,mandatory,cdopt_aug,3,17,NaN,80,49,26,-66,4,Inner,Down,0
185,mandatory,cdopt_aug,3,17,NaN,83,52,104,-66,4,Outer,Up,0
185,mandatory,cdopt_aug,3,17,NaN,88,53,-52,-99,3,Outer,Up,0
185,mandatory,cdopt_aug,3,17,NaN,90,55,0,-99,4,Middle,Up,1
185,mandatory,cdopt_aug,3,17,NaN,91,56,26,-99,4,Middle,Down,0
186,mandatory,ciopt_aug,3,17,NaN,16,1,-52,99,2,Outer,Up,0
186,mandatory,ciopt_aug,3,17,NaN,18,3,0,99,2,Middle,Up,1
186,mandatory,ciopt_aug,3,17,NaN,20,5,52,99,1,Outer,Up,0
186,mandatory,ciopt_aug,3,17,NaN,25,6,-104,66,2,Outer,Up,0
186,mandatory,ciopt_aug,3,17,NaN,30,11,26,66,1,Inner,Down,0
186,mandatory,ciopt_aug,3,17,NaN,33,14,104,66,1,Outer,Up,0
186,mandatory,ciopt_aug,3,17,NaN,49,24,-130,0,3,Outer,Down,0
186,mandatory,ciopt_aug,3,17,NaN,51,26,-78,0,3,Middle,Down,1
186,mandatory,ciopt_aug,3,17,NaN,54,29,0,0,1,Inner,Up,1
186,mandatory,ciopt_aug,3,17,NaN,57,32,78,0,1,Middle,Down,1
186,mandatory,ciopt_aug,3,17,NaN,59,34,130,0,1,Outer,Down,0
186,mandatory,ciopt_aug,3,17,NaN,68,40,26,-33,4,Inner,Down,0
186,mandatory,ciopt_aug,3,17,NaN,75,44,-104,-66,3,Outer,Up,0
186,mandatory,ciopt_aug,3,17,NaN,83,52,104,-66,4,Outer,Up,0
186,mandatory,ciopt_aug,3,17,NaN,89,54,-26,-99,3,Middle,Down,0
186,mandatory,ciopt_aug,3,17,NaN,90,55,0,-99,4,Middle,Up,1
186,mandatory,ciopt_aug,3,17,NaN,91,56,26,-99,4,Middle,Down,0
187,base,poisson,3,18,NaN,18,3,0,99,2,Middle,Up,0
187,base,poisson,3,18,NaN,25,6,-104,66,2,Outer,Up,0
187,base,poisson,3,18,NaN,32,13,78,66,1,Middle,Down,0
187,base,poisson,3,18,NaN,38,16,-78,33,2,Middle,Down,0
187,base,poisson,3,18,NaN,42,20,26,33,1,Inner,Down,0
187,base,poisson,3,18,NaN,50,25,-104,0,3,Middle,Up,0
187,base,poisson,3,18,NaN,53,28,-26,0,3,Inner,Down,0
187,base,poisson,3,18,NaN,58,33,104,0,1,Middle,Up,0
187,base,poisson,3,18,NaN,65,37,-52,-33,3,Inner,Up,0
187,base,poisson,3,18,NaN,67,39,0,-33,4,Inner,Up,0
187,base,poisson,3,18,NaN,69,41,52,-33,4,Inner,Up,0
187,base,poisson,3,18,NaN,76,45,-78,-66,3,Middle,Down,0
187,base,poisson,3,18,NaN,78,47,-26,-66,3,Inner,Down,0
187,base,poisson,3,18,NaN,80,49,26,-66,4,Inner,Down,0
187,base,poisson,3,18,NaN,83,52,104,-66,4,Outer,Up,0
187,base,poisson,3,18,NaN,88,53,-52,-99,3,Outer,Up,0
187,base,poisson,3,18,NaN,90,55,0,-99,4,Middle,Up,0
187,base,poisson,3,18,NaN,92,57,52,-99,4,Outer,Up,0
188,base,human,3,18,NaN,16,1,-52,99,2,Outer,Up,0
188,base,human,3,18,NaN,19,4,26,99,1,Middle,Down,0
188,base,human,3,18,NaN,25,6,-104,66,2,Outer,Up,0
188,base,human,3,18,NaN,30,11,26,66,1,Inner,Down,0
188,base,human,3,18,NaN,32,13,78,66,1,Middle,Down,0
188,base,human,3,18,NaN,39,17,-52,33,2,Inner,Up,0
188,base,human,3,18,NaN,44,22,78,33,1,Middle,Down,0
188,base,human,3,18,NaN,45,23,104,33,1,Outer,Up,0
188,base,human,3,18,NaN,50,25,-104,0,3,Middle,Up,0
188,base,human,3,18,NaN,54,29,0,0,1,Inner,Up,0
188,base,human,3,18,NaN,64,36,-78,-33,3,Middle,Down,0
188,base,human,3,18,NaN,69,41,52,-33,4,Inner,Up,0
188,base,human,3,18,NaN,71,43,104,-33,4,Outer,Up,0
188,base,human,3,18,NaN,75,44,-104,-66,3,Outer,Up,0
188,base,human,3,18,NaN,78,47,-26,-66,3,Inner,Down,0
188,base,human,3,18,NaN,88,53,-52,-99,3,Outer,Up,0
188,base,human,3,18,NaN,90,55,0,-99,4,Middle,Up,0
188,base,human,3,18,NaN,92,57,52,-99,4,Outer,Up,0
189,base,dopt,3,18,NaN,16,1,-52,99,2,Outer,Up,0
189,base,dopt,3,18,NaN,17,2,-26,99,2,Middle,Down,0
189,base,dopt,3,18,NaN,19,4,26,99,1,Middle,Down,0
189,base,dopt,3,18,NaN,20,5,52,99,1,Outer,Up,0
189,base,dopt,3,18,NaN,25,6,-104,66,2,Outer,Up,0
189,base,dopt,3,18,NaN,33,14,104,66,1,Outer,Up,0
189,base,dopt,3,18,NaN,39,17,-52,33,2,Inner,Up,0
189,base,dopt,3,18,NaN,43,21,52,33,1,Inner,Up,0
189,base,dopt,3,18,NaN,49,24,-130,0,3,Outer,Down,0
189,base,dopt,3,18,NaN,59,34,130,0,1,Outer,Down,0
189,base,dopt,3,18,NaN,65,37,-52,-33,3,Inner,Up,0
189,base,dopt,3,18,NaN,69,41,52,-33,4,Inner,Up,0
189,base,dopt,3,18,NaN,75,44,-104,-66,3,Outer,Up,0
189,base,dopt,3,18,NaN,83,52,104,-66,4,Outer,Up,0
189,base,dopt,3,18,NaN,88,53,-52,-99,3,Outer,Up,0
189,base,dopt,3,18,NaN,89,54,-26,-99,3,Middle,Down,0
189,base,dopt,3,18,NaN,91,56,26,-99,4,Middle,Down,0
189,base,dopt,3,18,NaN,92,57,52,-99,4,Outer,Up,0
190,base,iopt,3,18,NaN,16,1,-52,99,2,Outer,Up,0
190,base,iopt,3,18,NaN,17,2,-26,99,2,Middle,Down,0
190,base,iopt,3,18,NaN,19,4,26,99,1,Middle,Down,0
190,base,iopt,3,18,NaN,20,5,52,99,1,Outer,Up,0
190,base,iopt,3,18,NaN,25,6,-104,66,2,Outer,Up,0
190,base,iopt,3,18,NaN,33,14,104,66,1,Outer,Up,0
190,base,iopt,3,18,NaN,39,17,-52,33,2,Inner,Up,0
190,base,iopt,3,18,NaN,43,21,52,33,1,Inner,Up,0
190,base,iopt,3,18,NaN,49,24,-130,0,3,Outer,Down,0
190,base,iopt,3,18,NaN,59,34,130,0,1,Outer,Down,0
190,base,iopt,3,18,NaN,65,37,-52,-33,3,Inner,Up,0
190,base,iopt,3,18,NaN,69,41,52,-33,4,Inner,Up,0
190,base,iopt,3,18,NaN,75,44,-104,-66,3,Outer,Up,0
190,base,iopt,3,18,NaN,83,52,104,-66,4,Outer,Up,0
190,base,iopt,3,18,NaN,88,53,-52,-99,3,Outer,Up,0
190,base,iopt,3,18,NaN,89,54,-26,-99,3,Middle,Down,0
190,base,iopt,3,18,NaN,91,56,26,-99,4,Middle,Down,0
190,base,iopt,3,18,NaN,92,57,52,-99,4,Outer,Up,0
191,base,cdopt,3,18,NaN,17,2,-26,99,2,Middle,Down,0
191,base,cdopt,3,18,NaN,18,3,0,99,2,Middle,Up,0
191,base,cdopt,3,18,NaN,19,4,26,99,1,Middle,Down,0
191,base,cdopt,3,18,NaN,25,6,-104,66,2,Outer,Up,0
191,base,cdopt,3,18,NaN,26,7,-78,66,2,Middle,Down,0
191,base,cdopt,3,18,NaN,33,14,104,66,1,Outer,Up,0
191,base,cdopt,3,18,NaN,40,18,-26,33,2,Inner,Down,0
191,base,cdopt,3,18,NaN,43,21,52,33,1,Inner,Up,0
191,base,cdopt,3,18,NaN,49,24,-130,0,3,Outer,Down,0
191,base,cdopt,3,18,NaN,59,34,130,0,1,Outer,Down,0
191,base,cdopt,3,18,NaN,65,37,-52,-33,3,Inner,Up,0
191,base,cdopt,3,18,NaN,68,40,26,-33,4,Inner,Down,0
191,base,cdopt,3,18,NaN,75,44,-104,-66,3,Outer,Up,0
191,base,cdopt,3,18,NaN,83,52,104,-66,4,Outer,Up,0
191,base,cdopt,3,18,NaN,88,53,-52,-99,3,Outer,Up,0
191,base,cdopt,3,18,NaN,89,54,-26,-99,3,Middle,Down,0
191,base,cdopt,3,18,NaN,91,56,26,-99,4,Middle,Down,0
191,base,cdopt,3,18,NaN,92,57,52,-99,4,Outer,Up,0
192,base,ciopt,3,18,NaN,16,1,-52,99,2,Outer,Up,0
192,base,ciopt,3,18,NaN,17,2,-26,99,2,Middle,Down,0
192,base,ciopt,3,18,NaN,19,4,26,99,1,Middle,Down,0
192,base,ciopt,3,18,NaN,20,5,52,99,1,Outer,Up,0
192,base,ciopt,3,18,NaN,25,6,-104,66,2,Outer,Up,0
192,base,ciopt,3,18,NaN,33,14,104,66,1,Outer,Up,0
192,base,ciopt,3,18,NaN,39,17,-52,33,2,Inner,Up,0
192,base,ciopt,3,18,NaN,42,20,26,33,1,Inner,Down,0
192,base,ciopt,3,18,NaN,49,24,-130,0,3,Outer,Down,0
192,base,ciopt,3,18,NaN,57,32,78,0,1,Middle,Down,0
192,base,ciopt,3,18,NaN,59,34,130,0,1,Outer,Down,0
192,base,ciopt,3,18,NaN,65,37,-52,-33,3,Inner,Up,0
192,base,ciopt,3,18,NaN,68,40,26,-33,4,Inner,Down,0
192,base,ciopt,3,18,NaN,75,44,-104,-66,3,Outer,Up,0
192,base,ciopt,3,18,NaN,83,52,104,-66,4,Outer,Up,0
192,base,ciopt,3,18,NaN,89,54,-26,-99,3,Middle,Down,0
192,base,ciopt,3,18,NaN,90,55,0,-99,4,Middle,Up,0
192,base,ciopt,3,18,NaN,91,56,26,-99,4,Middle,Down,0
193,mandatory,poisson_f,3,18,NaN,16,1,-52,99,2,Outer,Up,0
193,mandatory,poisson_f,3,18,NaN,18,3,0,99,2,Middle,Up,1
193,mandatory,poisson_f,3,18,NaN,20,5,52,99,1,Outer,Up,0
193,mandatory,poisson_f,3,18,NaN,26,7,-78,66,2,Middle,Down,0
193,mandatory,poisson_f,3,18,NaN,33,14,104,66,1,Outer,Up,0
193,mandatory,poisson_f,3,18,NaN,37,15,-104,33,2,Outer,Up,0
193,mandatory,poisson_f,3,18,NaN,40,18,-26,33,2,Inner,Down,0
193,mandatory,poisson_f,3,18,NaN,49,24,-130,0,3,Outer,Down,0
193,mandatory,poisson_f,3,18,NaN,51,26,-78,0,3,Middle,Down,1
193,mandatory,poisson_f,3,18,NaN,54,29,0,0,1,Inner,Up,1
193,mandatory,poisson_f,3,18,NaN,57,32,78,0,1,Middle,Down,1
193,mandatory,poisson_f,3,18,NaN,59,34,130,0,1,Outer,Down,0
193,mandatory,poisson_f,3,18,NaN,66,38,-26,-33,3,Inner,Down,0
193,mandatory,poisson_f,3,18,NaN,68,40,26,-33,4,Inner,Down,0
193,mandatory,poisson_f,3,18,NaN,71,43,104,-33,4,Outer,Up,0
193,mandatory,poisson_f,3,18,NaN,75,44,-104,-66,3,Outer,Up,0
193,mandatory,poisson_f,3,18,NaN,81,50,52,-66,4,Middle,Up,0
193,mandatory,poisson_f,3,18,NaN,90,55,0,-99,4,Middle,Up,1
194,mandatory,human_f,3,18,NaN,16,1,-52,99,2,Outer,Up,0
194,mandatory,human_f,3,18,NaN,18,3,0,99,2,Middle,Up,1
194,mandatory,human_f,3,18,NaN,19,4,26,99,1,Middle,Down,0
194,mandatory,human_f,3,18,NaN,29,10,0,66,2,Inner,Up,0
194,mandatory,human_f,3,18,NaN,32,13,78,66,1,Middle,Down,0
194,mandatory,human_f,3,18,NaN,37,15,-104,33,2,Outer,Up,0
194,mandatory,human_f,3,18,NaN,51,26,-78,0,3,Middle,Down,1
194,mandatory,human_f,3,18,NaN,52,27,-52,0,3,Inner,Up,0
194,mandatory,human_f,3,18,NaN,54,29,0,0,1,Inner,Up,1
194,mandatory,human_f,3,18,NaN,56,31,52,0,1,Inner,Up,0
194,mandatory,human_f,3,18,NaN,57,32,78,0,1,Middle,Down,1
194,mandatory,human_f,3,18,NaN,58,33,104,0,1,Middle,Up,0
194,mandatory,human_f,3,18,NaN,63,35,-104,-33,3,Outer,Up,0
194,mandatory,human_f,3,18,NaN,79,48,0,-66,4,Inner,Up,0
194,mandatory,human_f,3,18,NaN,83,52,104,-66,4,Outer,Up,0
194,mandatory,human_f,3,18,NaN,88,53,-52,-99,3,Outer,Up,0
194,mandatory,human_f,3,18,NaN,90,55,0,-99,4,Middle,Up,1
194,mandatory,human_f,3,18,NaN,91,56,26,-99,4,Middle,Down,0
195,mandatory,dopt_aug,3,18,NaN,16,1,-52,99,2,Outer,Up,0
195,mandatory,dopt_aug,3,18,NaN,17,2,-26,99,2,Middle,Down,0
195,mandatory,dopt_aug,3,18,NaN,18,3,0,99,2,Middle,Up,1
195,mandatory,dopt_aug,3,18,NaN,19,4,26,99,1,Middle,Down,0
195,mandatory,dopt_aug,3,18,NaN,20,5,52,99,1,Outer,Up,0
195,mandatory,dopt_aug,3,18,NaN,25,6,-104,66,2,Outer,Up,0
195,mandatory,dopt_aug,3,18,NaN,33,14,104,66,1,Outer,Up,0
195,mandatory,dopt_aug,3,18,NaN,49,24,-130,0,3,Outer,Down,0
195,mandatory,dopt_aug,3,18,NaN,51,26,-78,0,3,Middle,Down,1
195,mandatory,dopt_aug,3,18,NaN,54,29,0,0,1,Inner,Up,1
195,mandatory,dopt_aug,3,18,NaN,57,32,78,0,1,Middle,Down,1
195,mandatory,dopt_aug,3,18,NaN,59,34,130,0,1,Outer,Down,0
195,mandatory,dopt_aug,3,18,NaN,75,44,-104,-66,3,Outer,Up,0
195,mandatory,dopt_aug,3,18,NaN,83,52,104,-66,4,Outer,Up,0
195,mandatory,dopt_aug,3,18,NaN,88,53,-52,-99,3,Outer,Up,0
195,mandatory,dopt_aug,3,18,NaN,90,55,0,-99,4,Middle,Up,1
195,mandatory,dopt_aug,3,18,NaN,91,56,26,-99,4,Middle,Down,0
195,mandatory,dopt_aug,3,18,NaN,92,57,52,-99,4,Outer,Up,0
196,mandatory,iopt_aug,3,18,NaN,16,1,-52,99,2,Outer,Up,0
196,mandatory,iopt_aug,3,18,NaN,18,3,0,99,2,Middle,Up,1
196,mandatory,iopt_aug,3,18,NaN,19,4,26,99,1,Middle,Down,0
196,mandatory,iopt_aug,3,18,NaN,20,5,52,99,1,Outer,Up,0
196,mandatory,iopt_aug,3,18,NaN,25,6,-104,66,2,Outer,Up,0
196,mandatory,iopt_aug,3,18,NaN,33,14,104,66,1,Outer,Up,0
196,mandatory,iopt_aug,3,18,NaN,40,18,-26,33,2,Inner,Down,0
196,mandatory,iopt_aug,3,18,NaN,49,24,-130,0,3,Outer,Down,0
196,mandatory,iopt_aug,3,18,NaN,51,26,-78,0,3,Middle,Down,1
196,mandatory,iopt_aug,3,18,NaN,54,29,0,0,1,Inner,Up,1
196,mandatory,iopt_aug,3,18,NaN,57,32,78,0,1,Middle,Down,1
196,mandatory,iopt_aug,3,18,NaN,59,34,130,0,1,Outer,Down,0
196,mandatory,iopt_aug,3,18,NaN,75,44,-104,-66,3,Outer,Up,0
196,mandatory,iopt_aug,3,18,NaN,83,52,104,-66,4,Outer,Up,0
196,mandatory,iopt_aug,3,18,NaN,88,53,-52,-99,3,Outer,Up,0
196,mandatory,iopt_aug,3,18,NaN,90,55,0,-99,4,Middle,Up,1
196,mandatory,iopt_aug,3,18,NaN,91,56,26,-99,4,Middle,Down,0
196,mandatory,iopt_aug,3,18,NaN,92,57,52,-99,4,Outer,Up,0
197,mandatory,cdopt_naive,3,18,NaN,16,1,-52,99,2,Outer,Up,0
197,mandatory,cdopt_naive,3,18,NaN,18,3,0,99,2,Middle,Up,1
197,mandatory,cdopt_naive,3,18,NaN,20,5,52,99,1,Outer,Up,0
197,mandatory,cdopt_naive,3,18,NaN,25,6,-104,66,2,Outer,Up,0
197,mandatory,cdopt_naive,3,18,NaN,28,9,-26,66,2,Inner,Down,0
197,mandatory,cdopt_naive,3,18,NaN,33,14,104,66,1,Outer,Up,0
197,mandatory,cdopt_naive,3,18,NaN,49,24,-130,0,3,Outer,Down,0
197,mandatory,cdopt_naive,3,18,NaN,51,26,-78,0,3,Middle,Down,1
197,mandatory,cdopt_naive,3,18,NaN,54,29,0,0,1,Inner,Up,1
197,mandatory,cdopt_naive,3,18,NaN,55,30,26,0,1,Inner,Down,0
197,mandatory,cdopt_naive,3,18,NaN,57,32,78,0,1,Middle,Down,1
197,mandatory,cdopt_naive,3,18,NaN,59,34,130,0,1,Outer,Down,0
197,mandatory,cdopt_naive,3,18,NaN,66,38,-26,-33,3,Inner,Down,0
197,mandatory,cdopt_naive,3,18,NaN,75,44,-104,-66,3,Outer,Up,0
197,mandatory,cdopt_naive,3,18,NaN,83,52,104,-66,4,Outer,Up,0
197,mandatory,cdopt_naive,3,18,NaN,89,54,-26,-99,3,Middle,Down,0
197,mandatory,cdopt_naive,3,18,NaN,90,55,0,-99,4,Middle,Up,1
197,mandatory,cdopt_naive,3,18,NaN,91,56,26,-99,4,Middle,Down,0
198,mandatory,ciopt_naive,3,18,NaN,16,1,-52,99,2,Outer,Up,0
198,mandatory,ciopt_naive,3,18,NaN,18,3,0,99,2,Middle,Up,1
198,mandatory,ciopt_naive,3,18,NaN,19,4,26,99,1,Middle,Down,0
198,mandatory,ciopt_naive,3,18,NaN,25,6,-104,66,2,Outer,Up,0
198,mandatory,ciopt_naive,3,18,NaN,33,14,104,66,1,Outer,Up,0
198,mandatory,ciopt_naive,3,18,NaN,40,18,-26,33,2,Inner,Down,0
198,mandatory,ciopt_naive,3,18,NaN,49,24,-130,0,3,Outer,Down,0
198,mandatory,ciopt_naive,3,18,NaN,51,26,-78,0,3,Middle,Down,1
198,mandatory,ciopt_naive,3,18,NaN,54,29,0,0,1,Inner,Up,1
198,mandatory,ciopt_naive,3,18,NaN,55,30,26,0,1,Inner,Down,0
198,mandatory,ciopt_naive,3,18,NaN,57,32,78,0,1,Middle,Down,1
198,mandatory,ciopt_naive,3,18,NaN,59,34,130,0,1,Outer,Down,0
198,mandatory,ciopt_naive,3,18,NaN,66,38,-26,-33,3,Inner,Down,0
198,mandatory,ciopt_naive,3,18,NaN,75,44,-104,-66,3,Outer,Up,0
198,mandatory,ciopt_naive,3,18,NaN,83,52,104,-66,4,Outer,Up,0
198,mandatory,ciopt_naive,3,18,NaN,88,53,-52,-99,3,Outer,Up,0
198,mandatory,ciopt_naive,3,18,NaN,90,55,0,-99,4,Middle,Up,1
198,mandatory,ciopt_naive,3,18,NaN,91,56,26,-99,4,Middle,Down,0
199,mandatory,cdopt_aug,3,18,NaN,16,1,-52,99,2,Outer,Up,0
199,mandatory,cdopt_aug,3,18,NaN,18,3,0,99,2,Middle,Up,1
199,mandatory,cdopt_aug,3,18,NaN,19,4,26,99,1,Middle,Down,0
199,mandatory,cdopt_aug,3,18,NaN,25,6,-104,66,2,Outer,Up,0
199,mandatory,cdopt_aug,3,18,NaN,30,11,26,66,1,Inner,Down,0
199,mandatory,cdopt_aug,3,18,NaN,33,14,104,66,1,Outer,Up,0
199,mandatory,cdopt_aug,3,18,NaN,49,24,-130,0,3,Outer,Down,0
199,mandatory,cdopt_aug,3,18,NaN,51,26,-78,0,3,Middle,Down,1
199,mandatory,cdopt_aug,3,18,NaN,54,29,0,0,1,Inner,Up,1
199,mandatory,cdopt_aug,3,18,NaN,57,32,78,0,1,Middle,Down,1
199,mandatory,cdopt_aug,3,18,NaN,59,34,130,0,1,Outer,Down,0
199,mandatory,cdopt_aug,3,18,NaN,66,38,-26,-33,3,Inner,Down,0
199,mandatory,cdopt_aug,3,18,NaN,75,44,-104,-66,3,Outer,Up,0
199,mandatory,cdopt_aug,3,18,NaN,80,49,26,-66,4,Inner,Down,0
199,mandatory,cdopt_aug,3,18,NaN,83,52,104,-66,4,Outer,Up,0
199,mandatory,cdopt_aug,3,18,NaN,88,53,-52,-99,3,Outer,Up,0
199,mandatory,cdopt_aug,3,18,NaN,90,55,0,-99,4,Middle,Up,1
199,mandatory,cdopt_aug,3,18,NaN,91,56,26,-99,4,Middle,Down,0
200,mandatory,ciopt_aug,3,18,NaN,16,1,-52,99,2,Outer,Up,0
200,mandatory,ciopt_aug,3,18,NaN,18,3,0,99,2,Middle,Up,1
200,mandatory,ciopt_aug,3,18,NaN,20,5,52,99,1,Outer,Up,0
200,mandatory,ciopt_aug,3,18,NaN,25,6,-104,66,2,Outer,Up,0
200,mandatory,ciopt_aug,3,18,NaN,28,9,-26,66,2,Inner,Down,0
200,mandatory,ciopt_aug,3,18,NaN,33,14,104,66,1,Outer,Up,0
200,mandatory,ciopt_aug,3,18,NaN,42,20,26,33,1,Inner,Down,0
200,mandatory,ciopt_aug,3,18,NaN,49,24,-130,0,3,Outer,Down,0
200,mandatory,ciopt_aug,3,18,NaN,51,26,-78,0,3,Middle,Down,1
200,mandatory,ciopt_aug,3,18,NaN,54,29,0,0,1,Inner,Up,1
200,mandatory,ciopt_aug,3,18,NaN,57,32,78,0,1,Middle,Down,1
200,mandatory,ciopt_aug,3,18,NaN,59,34,130,0,1,Outer,Down,0
200,mandatory,ciopt_aug,3,18,NaN,66,38,-26,-33,3,Inner,Down,0
200,mandatory,ciopt_aug,3,18,NaN,75,44,-104,-66,3,Outer,Up,0
200,mandatory,ciopt_aug,3,18,NaN,83,52,104,-66,4,Outer,Up,0
200,mandatory,ciopt_aug,3,18,NaN,89,54,-26,-99,3,Middle,Down,0
200,mandatory,ciopt_aug,3,18,NaN,90,55,0,-99,4,Middle,Up,1
200,mandatory,ciopt_aug,3,18,NaN,91,56,26,-99,4,Middle,Down,0
201,base,poisson,3,19,NaN,18,3,0,99,2,Middle,Up,0
201,base,poisson,3,19,NaN,25,6,-104,66,2,Outer,Up,0
201,base,poisson,3,19,NaN,27,8,-52,66,2,Middle,Up,0
201,base,poisson,3,19,NaN,31,12,52,66,1,Middle,Up,0
201,base,poisson,3,19,NaN,33,14,104,66,1,Outer,Up,0
201,base,poisson,3,19,NaN,38,16,-78,33,2,Middle,Down,0
201,base,poisson,3,19,NaN,41,19,0,33,2,Inner,Up,0
201,base,poisson,3,19,NaN,44,22,78,33,1,Middle,Down,0
201,base,poisson,3,19,NaN,50,25,-104,0,3,Middle,Up,0
201,base,poisson,3,19,NaN,52,27,-52,0,3,Inner,Up,0
201,base,poisson,3,19,NaN,59,34,130,0,1,Outer,Down,0
201,base,poisson,3,19,NaN,64,36,-78,-33,3,Middle,Down,0
201,base,poisson,3,19,NaN,66,38,-26,-33,3,Inner,Down,0
201,base,poisson,3,19,NaN,68,40,26,-33,4,Inner,Down,0
201,base,poisson,3,19,NaN,70,42,78,-33,4,Middle,Down,0
201,base,poisson,3,19,NaN,81,50,52,-66,4,Middle,Up,0
201,base,poisson,3,19,NaN,83,52,104,-66,4,Outer,Up,0
201,base,poisson,3,19,NaN,88,53,-52,-99,3,Outer,Up,0
201,base,poisson,3,19,NaN,90,55,0,-99,4,Middle,Up,0
202,base,human,3,19,NaN,17,2,-26,99,2,Middle,Down,0
202,base,human,3,19,NaN,19,4,26,99,1,Middle,Down,0
202,base,human,3,19,NaN,26,7,-78,66,2,Middle,Down,0
202,base,human,3,19,NaN,30,11,26,66,1,Inner,Down,0
202,base,human,3,19,NaN,32,13,78,66,1,Middle,Down,0
202,base,human,3,19,NaN,37,15,-104,33,2,Outer,Up,0
202,base,human,3,19,NaN,39,17,-52,33,2,Inner,Up,0
202,base,human,3,19,NaN,44,22,78,33,1,Middle,Down,0
202,base,human,3,19,NaN,45,23,104,33,1,Outer,Up,0
202,base,human,3,19,NaN,54,29,0,0,1,Inner,Up,0
202,base,human,3,19,NaN,63,35,-104,-33,3,Outer,Up,0
202,base,human,3,19,NaN,64,36,-78,-33,3,Middle,Down,0
202,base,human,3,19,NaN,69,41,52,-33,4,Inner,Up,0
202,base,human,3,19,NaN,71,43,104,-33,4,Outer,Up,0
202,base,human,3,19,NaN,76,45,-78,-66,3,Middle,Down,0
202,base,human,3,19,NaN,78,47,-26,-66,3,Inner,Down,0
202,base,human,3,19,NaN,82,51,78,-66,4,Middle,Down,0
202,base,human,3,19,NaN,89,54,-26,-99,3,Middle,Down,0
202,base,human,3,19,NaN,91,56,26,-99,4,Middle,Down,0
203,base,dopt,3,19,NaN,16,1,-52,99,2,Outer,Up,0
203,base,dopt,3,19,NaN,17,2,-26,99,2,Middle,Down,0
203,base,dopt,3,19,NaN,19,4,26,99,1,Middle,Down,0
203,base,dopt,3,19,NaN,20,5,52,99,1,Outer,Up,0
203,base,dopt,3,19,NaN,25,6,-104,66,2,Outer,Up,0
203,base,dopt,3,19,NaN,33,14,104,66,1,Outer,Up,0
203,base,dopt,3,19,NaN,39,17,-52,33,2,Inner,Up,0
203,base,dopt,3,19,NaN,43,21,52,33,1,Inner,Up,0
203,base,dopt,3,19,NaN,49,24,-130,0,3,Outer,Down,0
203,base,dopt,3,19,NaN,59,34,130,0,1,Outer,Down,0
203,base,dopt,3,19,NaN,65,37,-52,-33,3,Inner,Up,0
203,base,dopt,3,19,NaN,69,41,52,-33,4,Inner,Up,0
203,base,dopt,3,19,NaN,71,43,104,-33,4,Outer,Up,0
203,base,dopt,3,19,NaN,75,44,-104,-66,3,Outer,Up,0
203,base,dopt,3,19,NaN,83,52,104,-66,4,Outer,Up,0
203,base,dopt,3,19,NaN,88,53,-52,-99,3,Outer,Up,0
203,base,dopt,3,19,NaN,89,54,-26,-99,3,Middle,Down,0
203,base,dopt,3,19,NaN,91,56,26,-99,4,Middle,Down,0
203,base,dopt,3,19,NaN,92,57,52,-99,4,Outer,Up,0
204,base,iopt,3,19,NaN,16,1,-52,99,2,Outer,Up,0
204,base,iopt,3,19,NaN,17,2,-26,99,2,Middle,Down,0
204,base,iopt,3,19,NaN,19,4,26,99,1,Middle,Down,0
204,base,iopt,3,19,NaN,20,5,52,99,1,Outer,Up,0
204,base,iopt,3,19,NaN,25,6,-104,66,2,Outer,Up,0
204,base,iopt,3,19,NaN,33,14,104,66,1,Outer,Up,0
204,base,iopt,3,19,NaN,40,18,-26,33,2,Inner,Down,0
204,base,iopt,3,19,NaN,43,21,52,33,1,Inner,Up,0
204,base,iopt,3,19,NaN,49,24,-130,0,3,Outer,Down,0
204,base,iopt,3,19,NaN,51,26,-78,0,3,Middle,Down,0
204,base,iopt,3,19,NaN,59,34,130,0,1,Outer,Down,0
204,base,iopt,3,19,NaN,66,38,-26,-33,3,Inner,Down,0
204,base,iopt,3,19,NaN,69,41,52,-33,4,Inner,Up,0
204,base,iopt,3,19,NaN,75,44,-104,-66,3,Outer,Up,0
204,base,iopt,3,19,NaN,83,52,104,-66,4,Outer,Up,0
204,base,iopt,3,19,NaN,88,53,-52,-99,3,Outer,Up,0
204,base,iopt,3,19,NaN,89,54,-26,-99,3,Middle,Down,0
204,base,iopt,3,19,NaN,91,56,26,-99,4,Middle,Down,0
204,base,iopt,3,19,NaN,92,57,52,-99,4,Outer,Up,0
205,base,cdopt,3,19,NaN,16,1,-52,99,2,Outer,Up,0
205,base,cdopt,3,19,NaN,17,2,-26,99,2,Middle,Down,0
205,base,cdopt,3,19,NaN,19,4,26,99,1,Middle,Down,0
205,base,cdopt,3,19,NaN,25,6,-104,66,2,Outer,Up,0
205,base,cdopt,3,19,NaN,32,13,78,66,1,Middle,Down,0
205,base,cdopt,3,19,NaN,33,14,104,66,1,Outer,Up,0
205,base,cdopt,3,19,NaN,40,18,-26,33,2,Inner,Down,0
205,base,cdopt,3,19,NaN,49,24,-130,0,3,Outer,Down,0
205,base,cdopt,3,19,NaN,51,26,-78,0,3,Middle,Down,0
205,base,cdopt,3,19,NaN,56,31,52,0,1,Inner,Up,0
205,base,cdopt,3,19,NaN,59,34,130,0,1,Outer,Down,0
205,base,cdopt,3,19,NaN,65,37,-52,-33,3,Inner,Up,0
205,base,cdopt,3,19,NaN,69,41,52,-33,4,Inner,Up,0
205,base,cdopt,3,19,NaN,75,44,-104,-66,3,Outer,Up,0
205,base,cdopt,3,19,NaN,83,52,104,-66,4,Outer,Up,0
205,base,cdopt,3,19,NaN,88,53,-52,-99,3,Outer,Up,0
205,base,cdopt,3,19,NaN,89,54,-26,-99,3,Middle,Down,0
205,base,cdopt,3,19,NaN,91,56,26,-99,4,Middle,Down,0
205,base,cdopt,3,19,NaN,92,57,52,-99,4,Outer,Up,0
206,base,ciopt,3,19,NaN,16,1,-52,99,2,Outer,Up,0
206,base,ciopt,3,19,NaN,17,2,-26,99,2,Middle,Down,0
206,base,ciopt,3,19,NaN,19,4,26,99,1,Middle,Down,0
206,base,ciopt,3,19,NaN,20,5,52,99,1,Outer,Up,0
206,base,ciopt,3,19,NaN,25,6,-104,66,2,Outer,Up,0
206,base,ciopt,3,19,NaN,33,14,104,66,1,Outer,Up,0
206,base,ciopt,3,19,NaN,39,17,-52,33,2,Inner,Up,0
206,base,ciopt,3,19,NaN,42,20,26,33,1,Inner,Down,0
206,base,ciopt,3,19,NaN,49,24,-130,0,3,Outer,Down,0
206,base,ciopt,3,19,NaN,57,32,78,0,1,Middle,Down,0
206,base,ciopt,3,19,NaN,59,34,130,0,1,Outer,Down,0
206,base,ciopt,3,19,NaN,65,37,-52,-33,3,Inner,Up,0
206,base,ciopt,3,19,NaN,68,40,26,-33,4,Inner,Down,0
206,base,ciopt,3,19,NaN,75,44,-104,-66,3,Outer,Up,0
206,base,ciopt,3,19,NaN,83,52,104,-66,4,Outer,Up,0
206,base,ciopt,3,19,NaN,88,53,-52,-99,3,Outer,Up,0
206,base,ciopt,3,19,NaN,89,54,-26,-99,3,Middle,Down,0
206,base,ciopt,3,19,NaN,90,55,0,-99,4,Middle,Up,0
206,base,ciopt,3,19,NaN,91,56,26,-99,4,Middle,Down,0
207,mandatory,poisson_f,3,19,NaN,18,3,0,99,2,Middle,Up,1
207,mandatory,poisson_f,3,19,NaN,20,5,52,99,1,Outer,Up,0
207,mandatory,poisson_f,3,19,NaN,26,7,-78,66,2,Middle,Down,0
207,mandatory,poisson_f,3,19,NaN,30,11,26,66,1,Inner,Down,0
207,mandatory,poisson_f,3,19,NaN,32,13,78,66,1,Middle,Down,0
207,mandatory,poisson_f,3,19,NaN,37,15,-104,33,2,Outer,Up,0
207,mandatory,poisson_f,3,19,NaN,39,17,-52,33,2,Inner,Up,0
207,mandatory,poisson_f,3,19,NaN,45,23,104,33,1,Outer,Up,0
207,mandatory,poisson_f,3,19,NaN,51,26,-78,0,3,Middle,Down,1
207,mandatory,poisson_f,3,19,NaN,54,29,0,0,1,Inner,Up,1
207,mandatory,poisson_f,3,19,NaN,57,32,78,0,1,Middle,Down,1
207,mandatory,poisson_f,3,19,NaN,63,35,-104,-33,3,Outer,Up,0
207,mandatory,poisson_f,3,19,NaN,65,37,-52,-33,3,Inner,Up,0
207,mandatory,poisson_f,3,19,NaN,69,41,52,-33,4,Inner,Up,0
207,mandatory,poisson_f,3,19,NaN,80,49,26,-66,4,Inner,Down,0
207,mandatory,poisson_f,3,19,NaN,83,52,104,-66,4,Outer,Up,0
207,mandatory,poisson_f,3,19,NaN,88,53,-52,-99,3,Outer,Up,0
207,mandatory,poisson_f,3,19,NaN,90,55,0,-99,4,Middle,Up,1
207,mandatory,poisson_f,3,19,NaN,92,57,52,-99,4,Outer,Up,0
208,mandatory,human_f,3,19,NaN,16,1,-52,99,2,Outer,Up,0
208,mandatory,human_f,3,19,NaN,18,3,0,99,2,Middle,Up,1
208,mandatory,human_f,3,19,NaN,19,4,26,99,1,Middle,Down,0
208,mandatory,human_f,3,19,NaN,29,10,0,66,2,Inner,Up,0
208,mandatory,human_f,3,19,NaN,32,13,78,66,1,Middle,Down,0
208,mandatory,human_f,3,19,NaN,37,15,-104,33,2,Outer,Up,0
208,mandatory,human_f,3,19,NaN,39,17,-52,33,2,Inner,Up,0
208,mandatory,human_f,3,19,NaN,51,26,-78,0,3,Middle,Down,1
208,mandatory,human_f,3,19,NaN,54,29,0,0,1,Inner,Up,1
208,mandatory,human_f,3,19,NaN,56,31,52,0,1,Inner,Up,0
208,mandatory,human_f,3,19,NaN,57,32,78,0,1,Middle,Down,1
208,mandatory,human_f,3,19,NaN,58,33,104,0,1,Middle,Up,0
208,mandatory,human_f,3,19,NaN,63,35,-104,-33,3,Outer,Up,0
208,mandatory,human_f,3,19,NaN,65,37,-52,-33,3,Inner,Up,0
208,mandatory,human_f,3,19,NaN,80,49,26,-66,4,Inner,Down,0
208,mandatory,human_f,3,19,NaN,83,52,104,-66,4,Outer,Up,0
208,mandatory,human_f,3,19,NaN,88,53,-52,-99,3,Outer,Up,0
208,mandatory,human_f,3,19,NaN,90,55,0,-99,4,Middle,Up,1
208,mandatory,human_f,3,19,NaN,91,56,26,-99,4,Middle,Down,0
209,mandatory,dopt_aug,3,19,NaN,16,1,-52,99,2,Outer,Up,0
209,mandatory,dopt_aug,3,19,NaN,17,2,-26,99,2,Middle,Down,0
209,mandatory,dopt_aug,3,19,NaN,18,3,0,99,2,Middle,Up,1
209,mandatory,dopt_aug,3,19,NaN,19,4,26,99,1,Middle,Down,0
209,mandatory,dopt_aug,3,19,NaN,20,5,52,99,1,Outer,Up,0
209,mandatory,dopt_aug,3,19,NaN,25,6,-104,66,2,Outer,Up,0
209,mandatory,dopt_aug,3,19,NaN,33,14,104,66,1,Outer,Up,0
209,mandatory,dopt_aug,3,19,NaN,49,24,-130,0,3,Outer,Down,0
209,mandatory,dopt_aug,3,19,NaN,51,26,-78,0,3,Middle,Down,1
209,mandatory,dopt_aug,3,19,NaN,54,29,0,0,1,Inner,Up,1
209,mandatory,dopt_aug,3,19,NaN,57,32,78,0,1,Middle,Down,1
209,mandatory,dopt_aug,3,19,NaN,59,34,130,0,1,Outer,Down,0
209,mandatory,dopt_aug,3,19,NaN,75,44,-104,-66,3,Outer,Up,0
209,mandatory,dopt_aug,3,19,NaN,83,52,104,-66,4,Outer,Up,0
209,mandatory,dopt_aug,3,19,NaN,88,53,-52,-99,3,Outer,Up,0
209,mandatory,dopt_aug,3,19,NaN,89,54,-26,-99,3,Middle,Down,0
209,mandatory,dopt_aug,3,19,NaN,90,55,0,-99,4,Middle,Up,1
209,mandatory,dopt_aug,3,19,NaN,91,56,26,-99,4,Middle,Down,0
209,mandatory,dopt_aug,3,19,NaN,92,57,52,-99,4,Outer,Up,0
210,mandatory,iopt_aug,3,19,NaN,16,1,-52,99,2,Outer,Up,0
210,mandatory,iopt_aug,3,19,NaN,18,3,0,99,2,Middle,Up,1
210,mandatory,iopt_aug,3,19,NaN,19,4,26,99,1,Middle,Down,0
210,mandatory,iopt_aug,3,19,NaN,20,5,52,99,1,Outer,Up,0
210,mandatory,iopt_aug,3,19,NaN,25,6,-104,66,2,Outer,Up,0
210,mandatory,iopt_aug,3,19,NaN,33,14,104,66,1,Outer,Up,0
210,mandatory,iopt_aug,3,19,NaN,40,18,-26,33,2,Inner,Down,0
210,mandatory,iopt_aug,3,19,NaN,49,24,-130,0,3,Outer,Down,0
210,mandatory,iopt_aug,3,19,NaN,51,26,-78,0,3,Middle,Down,1
210,mandatory,iopt_aug,3,19,NaN,54,29,0,0,1,Inner,Up,1
210,mandatory,iopt_aug,3,19,NaN,57,32,78,0,1,Middle,Down,1
210,mandatory,iopt_aug,3,19,NaN,59,34,130,0,1,Outer,Down,0
210,mandatory,iopt_aug,3,19,NaN,68,40,26,-33,4,Inner,Down,0
210,mandatory,iopt_aug,3,19,NaN,75,44,-104,-66,3,Outer,Up,0
210,mandatory,iopt_aug,3,19,NaN,83,52,104,-66,4,Outer,Up,0
210,mandatory,iopt_aug,3,19,NaN,88,53,-52,-99,3,Outer,Up,0
210,mandatory,iopt_aug,3,19,NaN,89,54,-26,-99,3,Middle,Down,0
210,mandatory,iopt_aug,3,19,NaN,90,55,0,-99,4,Middle,Up,1
210,mandatory,iopt_aug,3,19,NaN,92,57,52,-99,4,Outer,Up,0
211,mandatory,cdopt_naive,3,19,NaN,16,1,-52,99,2,Outer,Up,0
211,mandatory,cdopt_naive,3,19,NaN,18,3,0,99,2,Middle,Up,1
211,mandatory,cdopt_naive,3,19,NaN,19,4,26,99,1,Middle,Down,0
211,mandatory,cdopt_naive,3,19,NaN,25,6,-104,66,2,Outer,Up,0
211,mandatory,cdopt_naive,3,19,NaN,33,14,104,66,1,Outer,Up,0
211,mandatory,cdopt_naive,3,19,NaN,40,18,-26,33,2,Inner,Down,0
211,mandatory,cdopt_naive,3,19,NaN,42,20,26,33,1,Inner,Down,0
211,mandatory,cdopt_naive,3,19,NaN,49,24,-130,0,3,Outer,Down,0
211,mandatory,cdopt_naive,3,19,NaN,51,26,-78,0,3,Middle,Down,1
211,mandatory,cdopt_naive,3,19,NaN,54,29,0,0,1,Inner,Up,1
211,mandatory,cdopt_naive,3,19,NaN,57,32,78,0,1,Middle,Down,1
211,mandatory,cdopt_naive,3,19,NaN,59,34,130,0,1,Outer,Down,0
211,mandatory,cdopt_naive,3,19,NaN,66,38,-26,-33,3,Inner,Down,0
211,mandatory,cdopt_naive,3,19,NaN,75,44,-104,-66,3,Outer,Up,0
211,mandatory,cdopt_naive,3,19,NaN,83,52,104,-66,4,Outer,Up,0
211,mandatory,cdopt_naive,3,19,NaN,88,53,-52,-99,3,Outer,Up,0
211,mandatory,cdopt_naive,3,19,NaN,90,55,0,-99,4,Middle,Up,1
211,mandatory,cdopt_naive,3,19,NaN,91,56,26,-99,4,Middle,Down,0
211,mandatory,cdopt_naive,3,19,NaN,92,57,52,-99,4,Outer,Up,0
212,mandatory,ciopt_naive,3,19,NaN,16,1,-52,99,2,Outer,Up,0
212,mandatory,ciopt_naive,3,19,NaN,17,2,-26,99,2,Middle,Down,0
212,mandatory,ciopt_naive,3,19,NaN,18,3,0,99,2,Middle,Up,1
212,mandatory,ciopt_naive,3,19,NaN,20,5,52,99,1,Outer,Up,0
212,mandatory,ciopt_naive,3,19,NaN,25,6,-104,66,2,Outer,Up,0
212,mandatory,ciopt_naive,3,19,NaN,33,14,104,66,1,Outer,Up,0
212,mandatory,ciopt_naive,3,19,NaN,42,20,26,33,1,Inner,Down,0
212,mandatory,ciopt_naive,3,19,NaN,49,24,-130,0,3,Outer,Down,0
212,mandatory,ciopt_naive,3,19,NaN,51,26,-78,0,3,Middle,Down,1
212,mandatory,ciopt_naive,3,19,NaN,52,27,-52,0,3,Inner,Up,0
212,mandatory,ciopt_naive,3,19,NaN,54,29,0,0,1,Inner,Up,1
212,mandatory,ciopt_naive,3,19,NaN,57,32,78,0,1,Middle,Down,1
212,mandatory,ciopt_naive,3,19,NaN,59,34,130,0,1,Outer,Down,0
212,mandatory,ciopt_naive,3,19,NaN,68,40,26,-33,4,Inner,Down,0
212,mandatory,ciopt_naive,3,19,NaN,75,44,-104,-66,3,Outer,Up,0
212,mandatory,ciopt_naive,3,19,NaN,83,52,104,-66,4,Outer,Up,0
212,mandatory,ciopt_naive,3,19,NaN,89,54,-26,-99,3,Middle,Down,0
212,mandatory,ciopt_naive,3,19,NaN,90,55,0,-99,4,Middle,Up,1
212,mandatory,ciopt_naive,3,19,NaN,91,56,26,-99,4,Middle,Down,0
213,mandatory,cdopt_aug,3,19,NaN,16,1,-52,99,2,Outer,Up,0
213,mandatory,cdopt_aug,3,19,NaN,18,3,0,99,2,Middle,Up,1
213,mandatory,cdopt_aug,3,19,NaN,19,4,26,99,1,Middle,Down,0
213,mandatory,cdopt_aug,3,19,NaN,20,5,52,99,1,Outer,Up,0
213,mandatory,cdopt_aug,3,19,NaN,25,6,-104,66,2,Outer,Up,0
213,mandatory,cdopt_aug,3,19,NaN,28,9,-26,66,2,Inner,Down,0
213,mandatory,cdopt_aug,3,19,NaN,33,14,104,66,1,Outer,Up,0
213,mandatory,cdopt_aug,3,19,NaN,49,24,-130,0,3,Outer,Down,0
213,mandatory,cdopt_aug,3,19,NaN,51,26,-78,0,3,Middle,Down,1
213,mandatory,cdopt_aug,3,19,NaN,54,29,0,0,1,Inner,Up,1
213,mandatory,cdopt_aug,3,19,NaN,57,32,78,0,1,Middle,Down,1
213,mandatory,cdopt_aug,3,19,NaN,59,34,130,0,1,Outer,Down,0
213,mandatory,cdopt_aug,3,19,NaN,68,40,26,-33,4,Inner,Down,0
213,mandatory,cdopt_aug,3,19,NaN,75,44,-104,-66,3,Outer,Up,0
213,mandatory,cdopt_aug,3,19,NaN,78,47,-26,-66,3,Inner,Down,0
213,mandatory,cdopt_aug,3,19,NaN,83,52,104,-66,4,Outer,Up,0
213,mandatory,cdopt_aug,3,19,NaN,89,54,-26,-99,3,Middle,Down,0
213,mandatory,cdopt_aug,3,19,NaN,90,55,0,-99,4,Middle,Up,1
213,mandatory,cdopt_aug,3,19,NaN,92,57,52,-99,4,Outer,Up,0
214,mandatory,ciopt_aug,3,19,NaN,16,1,-52,99,2,Outer,Up,0
214,mandatory,ciopt_aug,3,19,NaN,17,2,-26,99,2,Middle,Down,0
214,mandatory,ciopt_aug,3,19,NaN,18,3,0,99,2,Middle,Up,1
214,mandatory,ciopt_aug,3,19,NaN,20,5,52,99,1,Outer,Up,0
214,mandatory,ciopt_aug,3,19,NaN,25,6,-104,66,2,Outer,Up,0
214,mandatory,ciopt_aug,3,19,NaN,30,11,26,66,1,Inner,Down,0
214,mandatory,ciopt_aug,3,19,NaN,33,14,104,66,1,Outer,Up,0
214,mandatory,ciopt_aug,3,19,NaN,49,24,-130,0,3,Outer,Down,0
214,mandatory,ciopt_aug,3,19,NaN,51,26,-78,0,3,Middle,Down,1
214,mandatory,ciopt_aug,3,19,NaN,54,29,0,0,1,Inner,Up,1
214,mandatory,ciopt_aug,3,19,NaN,57,32,78,0,1,Middle,Down,1
214,mandatory,ciopt_aug,3,19,NaN,59,34,130,0,1,Outer,Down,0
214,mandatory,ciopt_aug,3,19,NaN,66,38,-26,-33,3,Inner,Down,0
214,mandatory,ciopt_aug,3,19,NaN,68,40,26,-33,4,Inner,Down,0
214,mandatory,ciopt_aug,3,19,NaN,75,44,-104,-66,3,Outer,Up,0
214,mandatory,ciopt_aug,3,19,NaN,83,52,104,-66,4,Outer,Up,0
214,mandatory,ciopt_aug,3,19,NaN,88,53,-52,-99,3,Outer,Up,0
214,mandatory,ciopt_aug,3,19,NaN,90,55,0,-99,4,Middle,Up,1
214,mandatory,ciopt_aug,3,19,NaN,91,56,26,-99,4,Middle,Down,0
215,base,poisson,4,4,NaN,18,3,0,99,2,Middle,Up,0
215,base,poisson,4,4,NaN,49,24,-130,0,3,Outer,Down,0
215,base,poisson,4,4,NaN,59,34,130,0,1,Outer,Down,0
215,base,poisson,4,4,NaN,90,55,0,-99,4,Middle,Up,0
216,base,human,4,4,NaN,32,13,78,66,1,Middle,Down,0
216,base,human,4,4,NaN,54,29,0,0,1,Inner,Up,0
216,base,human,4,4,NaN,65,37,-52,-33,3,Inner,Up,0
216,base,human,4,4,NaN,76,45,-78,-66,3,Middle,Down,0
217,base,dopt,4,4,NaN,20,5,52,99,1,Outer,Up,0
217,base,dopt,4,4,NaN,49,24,-130,0,3,Outer,Down,0
217,base,dopt,4,4,NaN,83,52,104,-66,4,Outer,Up,0
217,base,dopt,4,4,NaN,88,53,-52,-99,3,Outer,Up,0
218,base,iopt,4,4,NaN,20,5,52,99,1,Outer,Up,0
218,base,iopt,4,4,NaN,39,17,-52,33,2,Inner,Up,0
218,base,iopt,4,4,NaN,75,44,-104,-66,3,Outer,Up,0
218,base,iopt,4,4,NaN,83,52,104,-66,4,Outer,Up,0
219,base,cdopt,4,4,NaN,16,1,-52,99,2,Outer,Up,0
219,base,cdopt,4,4,NaN,59,34,130,0,1,Outer,Down,0
219,base,cdopt,4,4,NaN,75,44,-104,-66,3,Outer,Up,0
219,base,cdopt,4,4,NaN,91,56,26,-99,4,Middle,Down,0
220,base,ciopt,4,4,NaN,25,6,-104,66,2,Outer,Up,0
220,base,ciopt,4,4,NaN,33,14,104,66,1,Outer,Up,0
220,base,ciopt,4,4,NaN,64,36,-78,-33,3,Middle,Down,0
220,base,ciopt,4,4,NaN,91,56,26,-99,4,Middle,Down,0
221,base,poisson,4,5,NaN,17,2,-26,99,2,Middle,Down,0
221,base,poisson,4,5,NaN,33,14,104,66,1,Outer,Up,0
221,base,poisson,4,5,NaN,50,25,-104,0,3,Middle,Up,0
221,base,poisson,4,5,NaN,69,41,52,-33,4,Inner,Up,0
221,base,poisson,4,5,NaN,88,53,-52,-99,3,Outer,Up,0
222,base,human,4,5,NaN,32,13,78,66,1,Middle,Down,0
222,base,human,4,5,NaN,37,15,-104,33,2,Outer,Up,0
222,base,human,4,5,NaN,54,29,0,0,1,Inner,Up,0
222,base,human,4,5,NaN,65,37,-52,-33,3,Inner,Up,0
222,base,human,4,5,NaN,91,56,26,-99,4,Middle,Down,0
223,base,dopt,4,5,NaN,16,1,-52,99,2,Outer,Up,0
223,base,dopt,4,5,NaN,33,14,104,66,1,Outer,Up,0
223,base,dopt,4,5,NaN,49,24,-130,0,3,Outer,Down,0
223,base,dopt,4,5,NaN,83,52,104,-66,4,Outer,Up,0
223,base,dopt,4,5,NaN,88,53,-52,-99,3,Outer,Up,0
224,base,iopt,4,5,NaN,19,4,26,99,1,Middle,Down,0
224,base,iopt,4,5,NaN,25,6,-104,66,2,Outer,Up,0
224,base,iopt,4,5,NaN,45,23,104,33,1,Outer,Up,0
224,base,iopt,4,5,NaN,75,44,-104,-66,3,Outer,Up,0
224,base,iopt,4,5,NaN,92,57,52,-99,4,Outer,Up,0
225,base,cdopt,4,5,NaN,19,4,26,99,1,Middle,Down,0
225,base,cdopt,4,5,NaN,25,6,-104,66,2,Outer,Up,0
225,base,cdopt,4,5,NaN,59,34,130,0,1,Outer,Down,0
225,base,cdopt,4,5,NaN,75,44,-104,-66,3,Outer,Up,0
225,base,cdopt,4,5,NaN,91,56,26,-99,4,Middle,Down,0
226,base,ciopt,4,5,NaN,19,4,26,99,1,Middle,Down,0
226,base,ciopt,4,5,NaN,25,6,-104,66,2,Outer,Up,0
226,base,ciopt,4,5,NaN,45,23,104,33,1,Outer,Up,0
226,base,ciopt,4,5,NaN,76,45,-78,-66,3,Middle,Down,0
226,base,ciopt,4,5,NaN,92,57,52,-99,4,Outer,Up,0
227,base,poisson,4,6,NaN,20,5,52,99,1,Outer,Up,0
227,base,poisson,4,6,NaN,25,6,-104,66,2,Outer,Up,0
227,base,poisson,4,6,NaN,55,30,26,0,1,Inner,Down,0
227,base,poisson,4,6,NaN,59,34,130,0,1,Outer,Down,0
227,base,poisson,4,6,NaN,64,36,-78,-33,3,Middle,Down,0
227,base,poisson,4,6,NaN,92,57,52,-99,4,Outer,Up,0
228,base,human,4,6,NaN,26,7,-78,66,2,Middle,Down,0
228,base,human,4,6,NaN,32,13,78,66,1,Middle,Down,0
228,base,human,4,6,NaN,54,29,0,0,1,Inner,Up,0
228,base,human,4,6,NaN,65,37,-52,-33,3,Inner,Up,0
228,base,human,4,6,NaN,76,45,-78,-66,3,Middle,Down,0
228,base,human,4,6,NaN,82,51,78,-66,4,Middle,Down,0
229,base,dopt,4,6,NaN,16,1,-52,99,2,Outer,Up,0
229,base,dopt,4,6,NaN,33,14,104,66,1,Outer,Up,0
229,base,dopt,4,6,NaN,49,24,-130,0,3,Outer,Down,0
229,base,dopt,4,6,NaN,54,29,0,0,1,Inner,Up,0
229,base,dopt,4,6,NaN,83,52,104,-66,4,Outer,Up,0
229,base,dopt,4,6,NaN,88,53,-52,-99,3,Outer,Up,0
230,base,iopt,4,6,NaN,16,1,-52,99,2,Outer,Up,0
230,base,iopt,4,6,NaN,33,14,104,66,1,Outer,Up,0
230,base,iopt,4,6,NaN,49,24,-130,0,3,Outer,Down,0
230,base,iopt,4,6,NaN,54,29,0,0,1,Inner,Up,0
230,base,iopt,4,6,NaN,83,52,104,-66,4,Outer,Up,0
230,base,iopt,4,6,NaN,88,53,-52,-99,3,Outer,Up,0
231,base,cdopt,4,6,NaN,19,4,26,99,1,Middle,Down,0
231,base,cdopt,4,6,NaN,25,6,-104,66,2,Outer,Up,0
231,base,cdopt,4,6,NaN,54,29,0,0,1,Inner,Up,0
231,base,cdopt,4,6,NaN,59,34,130,0,1,Outer,Down,0
231,base,cdopt,4,6,NaN,75,44,-104,-66,3,Outer,Up,0
231,base,cdopt,4,6,NaN,91,56,26,-99,4,Middle,Down,0
232,base,ciopt,4,6,NaN,19,4,26,99,1,Middle,Down,0
232,base,ciopt,4,6,NaN,25,6,-104,66,2,Outer,Up,0
232,base,ciopt,4,6,NaN,54,29,0,0,1,Inner,Up,0
232,base,ciopt,4,6,NaN,59,34,130,0,1,Outer,Down,0
232,base,ciopt,4,6,NaN,75,44,-104,-66,3,Outer,Up,0
232,base,ciopt,4,6,NaN,91,56,26,-99,4,Middle,Down,0
233,mandatory,poisson_f,4,6,NaN,18,3,0,99,2,Middle,Up,1
233,mandatory,poisson_f,4,6,NaN,51,26,-78,0,3,Middle,Down,1
233,mandatory,poisson_f,4,6,NaN,54,29,0,0,1,Inner,Up,1
233,mandatory,poisson_f,4,6,NaN,57,32,78,0,1,Middle,Down,1
233,mandatory,poisson_f,4,6,NaN,83,52,104,-66,4,Outer,Up,0
233,mandatory,poisson_f,4,6,NaN,90,55,0,-99,4,Middle,Up,1
234,mandatory,human_f,4,6,NaN,18,3,0,99,2,Middle,Up,1
234,mandatory,human_f,4,6,NaN,32,13,78,66,1,Middle,Down,0
234,mandatory,human_f,4,6,NaN,51,26,-78,0,3,Middle,Down,1
234,mandatory,human_f,4,6,NaN,54,29,0,0,1,Inner,Up,1
234,mandatory,human_f,4,6,NaN,57,32,78,0,1,Middle,Down,1
234,mandatory,human_f,4,6,NaN,90,55,0,-99,4,Middle,Up,1
235,mandatory,dopt_aug,4,6,NaN,18,3,0,99,2,Middle,Up,1
235,mandatory,dopt_aug,4,6,NaN,25,6,-104,66,2,Outer,Up,0
235,mandatory,dopt_aug,4,6,NaN,51,26,-78,0,3,Middle,Down,1
235,mandatory,dopt_aug,4,6,NaN,54,29,0,0,1,Inner,Up,1
235,mandatory,dopt_aug,4,6,NaN,57,32,78,0,1,Middle,Down,1
235,mandatory,dopt_aug,4,6,NaN,90,55,0,-99,4,Middle,Up,1
236,mandatory,iopt_aug,4,6,NaN,18,3,0,99,2,Middle,Up,1
236,mandatory,iopt_aug,4,6,NaN,25,6,-104,66,2,Outer,Up,0
236,mandatory,iopt_aug,4,6,NaN,51,26,-78,0,3,Middle,Down,1
236,mandatory,iopt_aug,4,6,NaN,54,29,0,0,1,Inner,Up,1
236,mandatory,iopt_aug,4,6,NaN,57,32,78,0,1,Middle,Down,1
236,mandatory,iopt_aug,4,6,NaN,90,55,0,-99,4,Middle,Up,1
241,base,poisson,4,7,NaN,18,3,0,99,2,Middle,Up,0
241,base,poisson,4,7,NaN,25,6,-104,66,2,Outer,Up,0
241,base,poisson,4,7,NaN,44,22,78,33,1,Middle,Down,0
241,base,poisson,4,7,NaN,53,28,-26,0,3,Inner,Down,0
241,base,poisson,4,7,NaN,75,44,-104,-66,3,Outer,Up,0
241,base,poisson,4,7,NaN,83,52,104,-66,4,Outer,Up,0
241,base,poisson,4,7,NaN,90,55,0,-99,4,Middle,Up,0
242,base,human,4,7,NaN,26,7,-78,66,2,Middle,Down,0
242,base,human,4,7,NaN,32,13,78,66,1,Middle,Down,0
242,base,human,4,7,NaN,39,17,-52,33,2,Inner,Up,0
242,base,human,4,7,NaN,54,29,0,0,1,Inner,Up,0
242,base,human,4,7,NaN,69,41,52,-33,4,Inner,Up,0
242,base,human,4,7,NaN,76,45,-78,-66,3,Middle,Down,0
242,base,human,4,7,NaN,82,51,78,-66,4,Middle,Down,0
243,base,dopt,4,7,NaN,16,1,-52,99,2,Outer,Up,0
243,base,dopt,4,7,NaN,20,5,52,99,1,Outer,Up,0
243,base,dopt,4,7,NaN,49,24,-130,0,3,Outer,Down,0
243,base,dopt,4,7,NaN,54,29,0,0,1,Inner,Up,0
243,base,dopt,4,7,NaN,59,34,130,0,1,Outer,Down,0
243,base,dopt,4,7,NaN,88,53,-52,-99,3,Outer,Up,0
243,base,dopt,4,7,NaN,92,57,52,-99,4,Outer,Up,0
244,base,iopt,4,7,NaN,16,1,-52,99,2,Outer,Up,0
244,base,iopt,4,7,NaN,20,5,52,99,1,Outer,Up,0
244,base,iopt,4,7,NaN,49,24,-130,0,3,Outer,Down,0
244,base,iopt,4,7,NaN,54,29,0,0,1,Inner,Up,0
244,base,iopt,4,7,NaN,59,34,130,0,1,Outer,Down,0
244,base,iopt,4,7,NaN,88,53,-52,-99,3,Outer,Up,0
244,base,iopt,4,7,NaN,92,57,52,-99,4,Outer,Up,0
245,base,cdopt,4,7,NaN,19,4,26,99,1,Middle,Down,0
245,base,cdopt,4,7,NaN,25,6,-104,66,2,Outer,Up,0
245,base,cdopt,4,7,NaN,33,14,104,66,1,Outer,Up,0
245,base,cdopt,4,7,NaN,53,28,-26,0,3,Inner,Down,0
245,base,cdopt,4,7,NaN,75,44,-104,-66,3,Outer,Up,0
245,base,cdopt,4,7,NaN,83,52,104,-66,4,Outer,Up,0
245,base,cdopt,4,7,NaN,91,56,26,-99,4,Middle,Down,0
246,base,ciopt,4,7,NaN,19,4,26,99,1,Middle,Down,0
246,base,ciopt,4,7,NaN,25,6,-104,66,2,Outer,Up,0
246,base,ciopt,4,7,NaN,33,14,104,66,1,Outer,Up,0
246,base,ciopt,4,7,NaN,55,30,26,0,1,Inner,Down,0
246,base,ciopt,4,7,NaN,75,44,-104,-66,3,Outer,Up,0
246,base,ciopt,4,7,NaN,83,52,104,-66,4,Outer,Up,0
246,base,ciopt,4,7,NaN,91,56,26,-99,4,Middle,Down,0
247,mandatory,poisson_f,4,7,NaN,18,3,0,99,2,Middle,Up,1
247,mandatory,poisson_f,4,7,NaN,33,14,104,66,1,Outer,Up,0
247,mandatory,poisson_f,4,7,NaN,51,26,-78,0,3,Middle,Down,1
247,mandatory,poisson_f,4,7,NaN,54,29,0,0,1,Inner,Up,1
247,mandatory,poisson_f,4,7,NaN,57,32,78,0,1,Middle,Down,1
247,mandatory,poisson_f,4,7,NaN,75,44,-104,-66,3,Outer,Up,0
247,mandatory,poisson_f,4,7,NaN,90,55,0,-99,4,Middle,Up,1
248,mandatory,human_f,4,7,NaN,18,3,0,99,2,Middle,Up,1
248,mandatory,human_f,4,7,NaN,32,13,78,66,1,Middle,Down,0
248,mandatory,human_f,4,7,NaN,51,26,-78,0,3,Middle,Down,1
248,mandatory,human_f,4,7,NaN,54,29,0,0,1,Inner,Up,1
248,mandatory,human_f,4,7,NaN,57,32,78,0,1,Middle,Down,1
248,mandatory,human_f,4,7,NaN,76,45,-78,-66,3,Middle,Down,0
248,mandatory,human_f,4,7,NaN,90,55,0,-99,4,Middle,Up,1
249,mandatory,dopt_aug,4,7,NaN,18,3,0,99,2,Middle,Up,1
249,mandatory,dopt_aug,4,7,NaN,51,26,-78,0,3,Middle,Down,1
249,mandatory,dopt_aug,4,7,NaN,54,29,0,0,1,Inner,Up,1
249,mandatory,dopt_aug,4,7,NaN,57,32,78,0,1,Middle,Down,1
249,mandatory,dopt_aug,4,7,NaN,75,44,-104,-66,3,Outer,Up,0
249,mandatory,dopt_aug,4,7,NaN,83,52,104,-66,4,Outer,Up,0
249,mandatory,dopt_aug,4,7,NaN,90,55,0,-99,4,Middle,Up,1
250,mandatory,iopt_aug,4,7,NaN,18,3,0,99,2,Middle,Up,1
250,mandatory,iopt_aug,4,7,NaN,51,26,-78,0,3,Middle,Down,1
250,mandatory,iopt_aug,4,7,NaN,54,29,0,0,1,Inner,Up,1
250,mandatory,iopt_aug,4,7,NaN,57,32,78,0,1,Middle,Down,1
250,mandatory,iopt_aug,4,7,NaN,75,44,-104,-66,3,Outer,Up,0
250,mandatory,iopt_aug,4,7,NaN,83,52,104,-66,4,Outer,Up,0
250,mandatory,iopt_aug,4,7,NaN,90,55,0,-99,4,Middle,Up,1
251,mandatory,cdopt_naive,4,7,NaN,18,3,0,99,2,Middle,Up,1
251,mandatory,cdopt_naive,4,7,NaN,49,24,-130,0,3,Outer,Down,0
251,mandatory,cdopt_naive,4,7,NaN,51,26,-78,0,3,Middle,Down,1
251,mandatory,cdopt_naive,4,7,NaN,54,29,0,0,1,Inner,Up,1
251,mandatory,cdopt_naive,4,7,NaN,57,32,78,0,1,Middle,Down,1
251,mandatory,cdopt_naive,4,7,NaN,59,34,130,0,1,Outer,Down,0
251,mandatory,cdopt_naive,4,7,NaN,90,55,0,-99,4,Middle,Up,1
252,mandatory,ciopt_naive,4,7,NaN,18,3,0,99,2,Middle,Up,1
252,mandatory,ciopt_naive,4,7,NaN,28,9,-26,66,2,Inner,Down,0
252,mandatory,ciopt_naive,4,7,NaN,51,26,-78,0,3,Middle,Down,1
252,mandatory,ciopt_naive,4,7,NaN,54,29,0,0,1,Inner,Up,1
252,mandatory,ciopt_naive,4,7,NaN,57,32,78,0,1,Middle,Down,1
252,mandatory,ciopt_naive,4,7,NaN,88,53,-52,-99,3,Outer,Up,0
252,mandatory,ciopt_naive,4,7,NaN,90,55,0,-99,4,Middle,Up,1
253,mandatory,cdopt_aug,4,7,NaN,18,3,0,99,2,Middle,Up,1
253,mandatory,cdopt_aug,4,7,NaN,25,6,-104,66,2,Outer,Up,0
253,mandatory,cdopt_aug,4,7,NaN,51,26,-78,0,3,Middle,Down,1
253,mandatory,cdopt_aug,4,7,NaN,54,29,0,0,1,Inner,Up,1
253,mandatory,cdopt_aug,4,7,NaN,57,32,78,0,1,Middle,Down,1
253,mandatory,cdopt_aug,4,7,NaN,59,34,130,0,1,Outer,Down,0
253,mandatory,cdopt_aug,4,7,NaN,90,55,0,-99,4,Middle,Up,1
254,mandatory,ciopt_aug,4,7,NaN,18,3,0,99,2,Middle,Up,1
254,mandatory,ciopt_aug,4,7,NaN,51,26,-78,0,3,Middle,Down,1
254,mandatory,ciopt_aug,4,7,NaN,54,29,0,0,1,Inner,Up,1
254,mandatory,ciopt_aug,4,7,NaN,57,32,78,0,1,Middle,Down,1
254,mandatory,ciopt_aug,4,7,NaN,59,34,130,0,1,Outer,Down,0
254,mandatory,ciopt_aug,4,7,NaN,83,52,104,-66,4,Outer,Up,0
254,mandatory,ciopt_aug,4,7,NaN,90,55,0,-99,4,Middle,Up,1
255,base,poisson,4,8,NaN,16,1,-52,99,2,Outer,Up,0
255,base,poisson,4,8,NaN,20,5,52,99,1,Outer,Up,0
255,base,poisson,4,8,NaN,45,23,104,33,1,Outer,Up,0
255,base,poisson,4,8,NaN,50,25,-104,0,3,Middle,Up,0
255,base,poisson,4,8,NaN,55,30,26,0,1,Inner,Down,0
255,base,poisson,4,8,NaN,77,46,-52,-66,3,Middle,Up,0
255,base,poisson,4,8,NaN,83,52,104,-66,4,Outer,Up,0
255,base,poisson,4,8,NaN,91,56,26,-99,4,Middle,Down,0
256,base,human,4,8,NaN,16,1,-52,99,2,Outer,Up,0
256,base,human,4,8,NaN,32,13,78,66,1,Middle,Down,0
256,base,human,4,8,NaN,39,17,-52,33,2,Inner,Up,0
256,base,human,4,8,NaN,54,29,0,0,1,Inner,Up,0
256,base,human,4,8,NaN,63,35,-104,-33,3,Outer,Up,0
256,base,human,4,8,NaN,69,41,52,-33,4,Inner,Up,0
256,base,human,4,8,NaN,83,52,104,-66,4,Outer,Up,0
256,base,human,4,8,NaN,89,54,-26,-99,3,Middle,Down,0
257,base,dopt,4,8,NaN,16,1,-52,99,2,Outer,Up,0
257,base,dopt,4,8,NaN,20,5,52,99,1,Outer,Up,0
257,base,dopt,4,8,NaN,49,24,-130,0,3,Outer,Down,0
257,base,dopt,4,8,NaN,54,29,0,0,1,Inner,Up,0
257,base,dopt,4,8,NaN,59,34,130,0,1,Outer,Down,0
257,base,dopt,4,8,NaN,83,52,104,-66,4,Outer,Up,0
257,base,dopt,4,8,NaN,88,53,-52,-99,3,Outer,Up,0
257,base,dopt,4,8,NaN,92,57,52,-99,4,Outer,Up,0
258,base,iopt,4,8,NaN,16,1,-52,99,2,Outer,Up,0
258,base,iopt,4,8,NaN,20,5,52,99,1,Outer,Up,0
258,base,iopt,4,8,NaN,33,14,104,66,1,Outer,Up,0
258,base,iopt,4,8,NaN,49,24,-130,0,3,Outer,Down,0
258,base,iopt,4,8,NaN,54,29,0,0,1,Inner,Up,0
258,base,iopt,4,8,NaN,83,52,104,-66,4,Outer,Up,0
258,base,iopt,4,8,NaN,88,53,-52,-99,3,Outer,Up,0
258,base,iopt,4,8,NaN,92,57,52,-99,4,Outer,Up,0
259,base,cdopt,4,8,NaN,19,4,26,99,1,Middle,Down,0
259,base,cdopt,4,8,NaN,26,7,-78,66,2,Middle,Down,0
259,base,cdopt,4,8,NaN,33,14,104,66,1,Outer,Up,0
259,base,cdopt,4,8,NaN,49,24,-130,0,3,Outer,Down,0
259,base,cdopt,4,8,NaN,54,29,0,0,1,Inner,Up,0
259,base,cdopt,4,8,NaN,83,52,104,-66,4,Outer,Up,0
259,base,cdopt,4,8,NaN,88,53,-52,-99,3,Outer,Up,0
259,base,cdopt,4,8,NaN,91,56,26,-99,4,Middle,Down,0
260,base,ciopt,4,8,NaN,17,2,-26,99,2,Middle,Down,0
260,base,ciopt,4,8,NaN,20,5,52,99,1,Outer,Up,0
260,base,ciopt,4,8,NaN,25,6,-104,66,2,Outer,Up,0
260,base,ciopt,4,8,NaN,53,28,-26,0,3,Inner,Down,0
260,base,ciopt,4,8,NaN,59,34,130,0,1,Outer,Down,0
260,base,ciopt,4,8,NaN,75,44,-104,-66,3,Outer,Up,0
260,base,ciopt,4,8,NaN,82,51,78,-66,4,Middle,Down,0
260,base,ciopt,4,8,NaN,90,55,0,-99,4,Middle,Up,0
261,mandatory,poisson_f,4,8,NaN,18,3,0,99,2,Middle,Up,1
261,mandatory,poisson_f,4,8,NaN,25,6,-104,66,2,Outer,Up,0
261,mandatory,poisson_f,4,8,NaN,51,26,-78,0,3,Middle,Down,1
261,mandatory,poisson_f,4,8,NaN,54,29,0,0,1,Inner,Up,1
261,mandatory,poisson_f,4,8,NaN,57,32,78,0,1,Middle,Down,1
261,mandatory,poisson_f,4,8,NaN,75,44,-104,-66,3,Outer,Up,0
261,mandatory,poisson_f,4,8,NaN,83,52,104,-66,4,Outer,Up,0
261,mandatory,poisson_f,4,8,NaN,90,55,0,-99,4,Middle,Up,1
262,mandatory,human_f,4,8,NaN,18,3,0,99,2,Middle,Up,1
262,mandatory,human_f,4,8,NaN,32,13,78,66,1,Middle,Down,0
262,mandatory,human_f,4,8,NaN,51,26,-78,0,3,Middle,Down,1
262,mandatory,human_f,4,8,NaN,54,29,0,0,1,Inner,Up,1
262,mandatory,human_f,4,8,NaN,57,32,78,0,1,Middle,Down,1
262,mandatory,human_f,4,8,NaN,65,37,-52,-33,3,Inner,Up,0
262,mandatory,human_f,4,8,NaN,76,45,-78,-66,3,Middle,Down,0
262,mandatory,human_f,4,8,NaN,90,55,0,-99,4,Middle,Up,1
263,mandatory,dopt_aug,4,8,NaN,18,3,0,99,2,Middle,Up,1
263,mandatory,dopt_aug,4,8,NaN,25,6,-104,66,2,Outer,Up,0
263,mandatory,dopt_aug,4,8,NaN,51,26,-78,0,3,Middle,Down,1
263,mandatory,dopt_aug,4,8,NaN,54,29,0,0,1,Inner,Up,1
263,mandatory,dopt_aug,4,8,NaN,57,32,78,0,1,Middle,Down,1
263,mandatory,dopt_aug,4,8,NaN,59,34,130,0,1,Outer,Down,0
263,mandatory,dopt_aug,4,8,NaN,75,44,-104,-66,3,Outer,Up,0
263,mandatory,dopt_aug,4,8,NaN,90,55,0,-99,4,Middle,Up,1
264,mandatory,iopt_aug,4,8,NaN,18,3,0,99,2,Middle,Up,1
264,mandatory,iopt_aug,4,8,NaN,33,14,104,66,1,Outer,Up,0
264,mandatory,iopt_aug,4,8,NaN,49,24,-130,0,3,Outer,Down,0
264,mandatory,iopt_aug,4,8,NaN,51,26,-78,0,3,Middle,Down,1
264,mandatory,iopt_aug,4,8,NaN,54,29,0,0,1,Inner,Up,1
264,mandatory,iopt_aug,4,8,NaN,57,32,78,0,1,Middle,Down,1
264,mandatory,iopt_aug,4,8,NaN,83,52,104,-66,4,Outer,Up,0
264,mandatory,iopt_aug,4,8,NaN,90,55,0,-99,4,Middle,Up,1
265,mandatory,cdopt_naive,4,8,NaN,18,3,0,99,2,Middle,Up,1
265,mandatory,cdopt_naive,4,8,NaN,49,24,-130,0,3,Outer,Down,0
265,mandatory,cdopt_naive,4,8,NaN,51,26,-78,0,3,Middle,Down,1
265,mandatory,cdopt_naive,4,8,NaN,54,29,0,0,1,Inner,Up,1
265,mandatory,cdopt_naive,4,8,NaN,57,32,78,0,1,Middle,Down,1
265,mandatory,cdopt_naive,4,8,NaN,59,34,130,0,1,Outer,Down,0
265,mandatory,cdopt_naive,4,8,NaN,90,55,0,-99,4,Middle,Up,1
265,mandatory,cdopt_naive,4,8,NaN,92,57,52,-99,4,Outer,Up,0
266,mandatory,ciopt_naive,4,8,NaN,16,1,-52,99,2,Outer,Up,0
266,mandatory,ciopt_naive,4,8,NaN,18,3,0,99,2,Middle,Up,1
266,mandatory,ciopt_naive,4,8,NaN,51,26,-78,0,3,Middle,Down,1
266,mandatory,ciopt_naive,4,8,NaN,54,29,0,0,1,Inner,Up,1
266,mandatory,ciopt_naive,4,8,NaN,57,32,78,0,1,Middle,Down,1
266,mandatory,ciopt_naive,4,8,NaN,59,34,130,0,1,Outer,Down,0
266,mandatory,ciopt_naive,4,8,NaN,78,47,-26,-66,3,Inner,Down,0
266,mandatory,ciopt_naive,4,8,NaN,90,55,0,-99,4,Middle,Up,1
267,mandatory,cdopt_aug,4,8,NaN,18,3,0,99,2,Middle,Up,1
267,mandatory,cdopt_aug,4,8,NaN,25,6,-104,66,2,Outer,Up,0
267,mandatory,cdopt_aug,4,8,NaN,49,24,-130,0,3,Outer,Down,0
267,mandatory,cdopt_aug,4,8,NaN,51,26,-78,0,3,Middle,Down,1
267,mandatory,cdopt_aug,4,8,NaN,54,29,0,0,1,Inner,Up,1
267,mandatory,cdopt_aug,4,8,NaN,57,32,78,0,1,Middle,Down,1
267,mandatory,cdopt_aug,4,8,NaN,59,34,130,0,1,Outer,Down,0
267,mandatory,cdopt_aug,4,8,NaN,90,55,0,-99,4,Middle,Up,1
268,mandatory,ciopt_aug,4,8,NaN,18,3,0,99,2,Middle,Up,1
268,mandatory,ciopt_aug,4,8,NaN,25,6,-104,66,2,Outer,Up,0
268,mandatory,ciopt_aug,4,8,NaN,49,24,-130,0,3,Outer,Down,0
268,mandatory,ciopt_aug,4,8,NaN,51,26,-78,0,3,Middle,Down,1
268,mandatory,ciopt_aug,4,8,NaN,54,29,0,0,1,Inner,Up,1
268,mandatory,ciopt_aug,4,8,NaN,57,32,78,0,1,Middle,Down,1
268,mandatory,ciopt_aug,4,8,NaN,59,34,130,0,1,Outer,Down,0
268,mandatory,ciopt_aug,4,8,NaN,90,55,0,-99,4,Middle,Up,1
269,base,poisson,4,9,NaN,25,6,-104,66,2,Outer,Up,0
269,base,poisson,4,9,NaN,29,10,0,66,2,Inner,Up,0
269,base,poisson,4,9,NaN,32,13,78,66,1,Middle,Down,0
269,base,poisson,4,9,NaN,49,24,-130,0,3,Outer,Down,0
269,base,poisson,4,9,NaN,52,27,-52,0,3,Inner,Up,0
269,base,poisson,4,9,NaN,58,33,104,0,1,Middle,Up,0
269,base,poisson,4,9,NaN,68,40,26,-33,4,Inner,Down,0
269,base,poisson,4,9,NaN,75,44,-104,-66,3,Outer,Up,0
269,base,poisson,4,9,NaN,90,55,0,-99,4,Middle,Up,0
270,base,human,4,9,NaN,17,2,-26,99,2,Middle,Down,0
270,base,human,4,9,NaN,32,13,78,66,1,Middle,Down,0
270,base,human,4,9,NaN,37,15,-104,33,2,Outer,Up,0
270,base,human,4,9,NaN,39,17,-52,33,2,Inner,Up,0
270,base,human,4,9,NaN,54,29,0,0,1,Inner,Up,0
270,base,human,4,9,NaN,69,41,52,-33,4,Inner,Up,0
270,base,human,4,9,NaN,71,43,104,-33,4,Outer,Up,0
270,base,human,4,9,NaN,76,45,-78,-66,3,Middle,Down,0
270,base,human,4,9,NaN,91,56,26,-99,4,Middle,Down,0
271,base,dopt,4,9,NaN,16,1,-52,99,2,Outer,Up,0
271,base,dopt,4,9,NaN,20,5,52,99,1,Outer,Up,0
271,base,dopt,4,9,NaN,25,6,-104,66,2,Outer,Up,0
271,base,dopt,4,9,NaN,49,24,-130,0,3,Outer,Down,0
271,base,dopt,4,9,NaN,54,29,0,0,1,Inner,Up,0
271,base,dopt,4,9,NaN,59,34,130,0,1,Outer,Down,0
271,base,dopt,4,9,NaN,75,44,-104,-66,3,Outer,Up,0
271,base,dopt,4,9,NaN,88,53,-52,-99,3,Outer,Up,0
271,base,dopt,4,9,NaN,92,57,52,-99,4,Outer,Up,0
272,base,iopt,4,9,NaN,16,1,-52,99,2,Outer,Up,0
272,base,iopt,4,9,NaN,20,5,52,99,1,Outer,Up,0
272,base,iopt,4,9,NaN,25,6,-104,66,2,Outer,Up,0
272,base,iopt,4,9,NaN,49,24,-130,0,3,Outer,Down,0
272,base,iopt,4,9,NaN,54,29,0,0,1,Inner,Up,0
272,base,iopt,4,9,NaN,59,34,130,0,1,Outer,Down,0
272,base,iopt,4,9,NaN,75,44,-104,-66,3,Outer,Up,0
272,base,iopt,4,9,NaN,88,53,-52,-99,3,Outer,Up,0
272,base,iopt,4,9,NaN,92,57,52,-99,4,Outer,Up,0
273,base,cdopt,4,9,NaN,17,2,-26,99,2,Middle,Down,0
273,base,cdopt,4,9,NaN,25,6,-104,66,2,Outer,Up,0
273,base,cdopt,4,9,NaN,32,13,78,66,1,Middle,Down,0
273,base,cdopt,4,9,NaN,52,27,-52,0,3,Inner,Up,0
273,base,cdopt,4,9,NaN,55,30,26,0,1,Inner,Down,0
273,base,cdopt,4,9,NaN,59,34,130,0,1,Outer,Down,0
273,base,cdopt,4,9,NaN,75,44,-104,-66,3,Outer,Up,0
273,base,cdopt,4,9,NaN,89,54,-26,-99,3,Middle,Down,0
273,base,cdopt,4,9,NaN,92,57,52,-99,4,Outer,Up,0
274,base,ciopt,4,9,NaN,17,2,-26,99,2,Middle,Down,0
274,base,ciopt,4,9,NaN,20,5,52,99,1,Outer,Up,0
274,base,ciopt,4,9,NaN,25,6,-104,66,2,Outer,Up,0
274,base,ciopt,4,9,NaN,52,27,-52,0,3,Inner,Up,0
274,base,ciopt,4,9,NaN,56,31,52,0,1,Inner,Up,0
274,base,ciopt,4,9,NaN,59,34,130,0,1,Outer,Down,0
274,base,ciopt,4,9,NaN,75,44,-104,-66,3,Outer,Up,0
274,base,ciopt,4,9,NaN,89,54,-26,-99,3,Middle,Down,0
274,base,ciopt,4,9,NaN,91,56,26,-99,4,Middle,Down,0
275,mandatory,poisson_f,4,9,NaN,18,3,0,99,2,Middle,Up,1
275,mandatory,poisson_f,4,9,NaN,25,6,-104,66,2,Outer,Up,0
275,mandatory,poisson_f,4,9,NaN,33,14,104,66,1,Outer,Up,0
275,mandatory,poisson_f,4,9,NaN,51,26,-78,0,3,Middle,Down,1
275,mandatory,poisson_f,4,9,NaN,54,29,0,0,1,Inner,Up,1
275,mandatory,poisson_f,4,9,NaN,57,32,78,0,1,Middle,Down,1
275,mandatory,poisson_f,4,9,NaN,75,44,-104,-66,3,Outer,Up,0
275,mandatory,poisson_f,4,9,NaN,83,52,104,-66,4,Outer,Up,0
275,mandatory,poisson_f,4,9,NaN,90,55,0,-99,4,Middle,Up,1
276,mandatory,human_f,4,9,NaN,18,3,0,99,2,Middle,Up,1
276,mandatory,human_f,4,9,NaN,32,13,78,66,1,Middle,Down,0
276,mandatory,human_f,4,9,NaN,37,15,-104,33,2,Outer,Up,0
276,mandatory,human_f,4,9,NaN,51,26,-78,0,3,Middle,Down,1
276,mandatory,human_f,4,9,NaN,54,29,0,0,1,Inner,Up,1
276,mandatory,human_f,4,9,NaN,57,32,78,0,1,Middle,Down,1
276,mandatory,human_f,4,9,NaN,65,37,-52,-33,3,Inner,Up,0
276,mandatory,human_f,4,9,NaN,90,55,0,-99,4,Middle,Up,1
276,mandatory,human_f,4,9,NaN,91,56,26,-99,4,Middle,Down,0
277,mandatory,dopt_aug,4,9,NaN,18,3,0,99,2,Middle,Up,1
277,mandatory,dopt_aug,4,9,NaN,25,6,-104,66,2,Outer,Up,0
277,mandatory,dopt_aug,4,9,NaN,33,14,104,66,1,Outer,Up,0
277,mandatory,dopt_aug,4,9,NaN,51,26,-78,0,3,Middle,Down,1
277,mandatory,dopt_aug,4,9,NaN,54,29,0,0,1,Inner,Up,1
277,mandatory,dopt_aug,4,9,NaN,57,32,78,0,1,Middle,Down,1
277,mandatory,dopt_aug,4,9,NaN,75,44,-104,-66,3,Outer,Up,0
277,mandatory,dopt_aug,4,9,NaN,83,52,104,-66,4,Outer,Up,0
277,mandatory,dopt_aug,4,9,NaN,90,55,0,-99,4,Middle,Up,1
278,mandatory,iopt_aug,4,9,NaN,18,3,0,99,2,Middle,Up,1
278,mandatory,iopt_aug,4,9,NaN,25,6,-104,66,2,Outer,Up,0
278,mandatory,iopt_aug,4,9,NaN,33,14,104,66,1,Outer,Up,0
278,mandatory,iopt_aug,4,9,NaN,51,26,-78,0,3,Middle,Down,1
278,mandatory,iopt_aug,4,9,NaN,54,29,0,0,1,Inner,Up,1
278,mandatory,iopt_aug,4,9,NaN,57,32,78,0,1,Middle,Down,1
278,mandatory,iopt_aug,4,9,NaN,75,44,-104,-66,3,Outer,Up,0
278,mandatory,iopt_aug,4,9,NaN,83,52,104,-66,4,Outer,Up,0
278,mandatory,iopt_aug,4,9,NaN,90,55,0,-99,4,Middle,Up,1
279,mandatory,cdopt_naive,4,9,NaN,18,3,0,99,2,Middle,Up,1
279,mandatory,cdopt_naive,4,9,NaN,28,9,-26,66,2,Inner,Down,0
279,mandatory,cdopt_naive,4,9,NaN,33,14,104,66,1,Outer,Up,0
279,mandatory,cdopt_naive,4,9,NaN,49,24,-130,0,3,Outer,Down,0
279,mandatory,cdopt_naive,4,9,NaN,51,26,-78,0,3,Middle,Down,1
279,mandatory,cdopt_naive,4,9,NaN,54,29,0,0,1,Inner,Up,1
279,mandatory,cdopt_naive,4,9,NaN,57,32,78,0,1,Middle,Down,1
279,mandatory,cdopt_naive,4,9,NaN,90,55,0,-99,4,Middle,Up,1
279,mandatory,cdopt_naive,4,9,NaN,92,57,52,-99,4,Outer,Up,0
280,mandatory,ciopt_naive,4,9,NaN,16,1,-52,99,2,Outer,Up,0
280,mandatory,ciopt_naive,4,9,NaN,18,3,0,99,2,Middle,Up,1
280,mandatory,ciopt_naive,4,9,NaN,51,26,-78,0,3,Middle,Down,1
280,mandatory,ciopt_naive,4,9,NaN,54,29,0,0,1,Inner,Up,1
280,mandatory,ciopt_naive,4,9,NaN,57,32,78,0,1,Middle,Down,1
280,mandatory,ciopt_naive,4,9,NaN,59,34,130,0,1,Outer,Down,0
280,mandatory,ciopt_naive,4,9,NaN,80,49,26,-66,4,Inner,Down,0
280,mandatory,ciopt_naive,4,9,NaN,88,53,-52,-99,3,Outer,Up,0
280,mandatory,ciopt_naive,4,9,NaN,90,55,0,-99,4,Middle,Up,1
281,mandatory,cdopt_aug,4,9,NaN,18,3,0,99,2,Middle,Up,1
281,mandatory,cdopt_aug,4,9,NaN,25,6,-104,66,2,Outer,Up,0
281,mandatory,cdopt_aug,4,9,NaN,51,26,-78,0,3,Middle,Down,1
281,mandatory,cdopt_aug,4,9,NaN,54,29,0,0,1,Inner,Up,1
281,mandatory,cdopt_aug,4,9,NaN,57,32,78,0,1,Middle,Down,1
281,mandatory,cdopt_aug,4,9,NaN,59,34,130,0,1,Outer,Down,0
281,mandatory,cdopt_aug,4,9,NaN,75,44,-104,-66,3,Outer,Up,0
281,mandatory,cdopt_aug,4,9,NaN,80,49,26,-66,4,Inner,Down,0
281,mandatory,cdopt_aug,4,9,NaN,90,55,0,-99,4,Middle,Up,1
282,mandatory,ciopt_aug,4,9,NaN,18,3,0,99,2,Middle,Up,1
282,mandatory,ciopt_aug,4,9,NaN,28,9,-26,66,2,Inner,Down,0
282,mandatory,ciopt_aug,4,9,NaN,33,14,104,66,1,Outer,Up,0
282,mandatory,ciopt_aug,4,9,NaN,49,24,-130,0,3,Outer,Down,0
282,mandatory,ciopt_aug,4,9,NaN,51,26,-78,0,3,Middle,Down,1
282,mandatory,ciopt_aug,4,9,NaN,54,29,0,0,1,Inner,Up,1
282,mandatory,ciopt_aug,4,9,NaN,57,32,78,0,1,Middle,Down,1
282,mandatory,ciopt_aug,4,9,NaN,83,52,104,-66,4,Outer,Up,0
282,mandatory,ciopt_aug,4,9,NaN,90,55,0,-99,4,Middle,Up,1
283,base,poisson,4,10,NaN,18,3,0,99,2,Middle,Up,0
283,base,poisson,4,10,NaN,26,7,-78,66,2,Middle,Down,0
283,base,poisson,4,10,NaN,32,13,78,66,1,Middle,Down,0
283,base,poisson,4,10,NaN,49,24,-130,0,3,Outer,Down,0
283,base,poisson,4,10,NaN,52,27,-52,0,3,Inner,Up,0
283,base,poisson,4,10,NaN,68,40,26,-33,4,Inner,Down,0
283,base,poisson,4,10,NaN,71,43,104,-33,4,Outer,Up,0
283,base,poisson,4,10,NaN,75,44,-104,-66,3,Outer,Up,0
283,base,poisson,4,10,NaN,89,54,-26,-99,3,Middle,Down,0
283,base,poisson,4,10,NaN,92,57,52,-99,4,Outer,Up,0
284,base,human,4,10,NaN,17,2,-26,99,2,Middle,Down,0
284,base,human,4,10,NaN,28,9,-26,66,2,Inner,Down,0
284,base,human,4,10,NaN,32,13,78,66,1,Middle,Down,0
284,base,human,4,10,NaN,37,15,-104,33,2,Outer,Up,0
284,base,human,4,10,NaN,54,29,0,0,1,Inner,Up,0
284,base,human,4,10,NaN,65,37,-52,-33,3,Inner,Up,0
284,base,human,4,10,NaN,70,42,78,-33,4,Middle,Down,0
284,base,human,4,10,NaN,71,43,104,-33,4,Outer,Up,0
284,base,human,4,10,NaN,76,45,-78,-66,3,Middle,Down,0
284,base,human,4,10,NaN,91,56,26,-99,4,Middle,Down,0
285,base,dopt,4,10,NaN,16,1,-52,99,2,Outer,Up,0
285,base,dopt,4,10,NaN,20,5,52,99,1,Outer,Up,0
285,base,dopt,4,10,NaN,25,6,-104,66,2,Outer,Up,0
285,base,dopt,4,10,NaN,33,14,104,66,1,Outer,Up,0
285,base,dopt,4,10,NaN,49,24,-130,0,3,Outer,Down,0
285,base,dopt,4,10,NaN,54,29,0,0,1,Inner,Up,0
285,base,dopt,4,10,NaN,59,34,130,0,1,Outer,Down,0
285,base,dopt,4,10,NaN,83,52,104,-66,4,Outer,Up,0
285,base,dopt,4,10,NaN,88,53,-52,-99,3,Outer,Up,0
285,base,dopt,4,10,NaN,92,57,52,-99,4,Outer,Up,0
286,base,iopt,4,10,NaN,16,1,-52,99,2,Outer,Up,0
286,base,iopt,4,10,NaN,20,5,52,99,1,Outer,Up,0
286,base,iopt,4,10,NaN,25,6,-104,66,2,Outer,Up,0
286,base,iopt,4,10,NaN,33,14,104,66,1,Outer,Up,0
286,base,iopt,4,10,NaN,49,24,-130,0,3,Outer,Down,0
286,base,iopt,4,10,NaN,54,29,0,0,1,Inner,Up,0
286,base,iopt,4,10,NaN,75,44,-104,-66,3,Outer,Up,0
286,base,iopt,4,10,NaN,83,52,104,-66,4,Outer,Up,0
286,base,iopt,4,10,NaN,88,53,-52,-99,3,Outer,Up,0
286,base,iopt,4,10,NaN,92,57,52,-99,4,Outer,Up,0
287,base,cdopt,4,10,NaN,17,2,-26,99,2,Middle,Down,0
287,base,cdopt,4,10,NaN,19,4,26,99,1,Middle,Down,0
287,base,cdopt,4,10,NaN,25,6,-104,66,2,Outer,Up,0
287,base,cdopt,4,10,NaN,33,14,104,66,1,Outer,Up,0
287,base,cdopt,4,10,NaN,49,24,-130,0,3,Outer,Down,0
287,base,cdopt,4,10,NaN,53,28,-26,0,3,Inner,Down,0
287,base,cdopt,4,10,NaN,56,31,52,0,1,Inner,Up,0
287,base,cdopt,4,10,NaN,83,52,104,-66,4,Outer,Up,0
287,base,cdopt,4,10,NaN,88,53,-52,-99,3,Outer,Up,0
287,base,cdopt,4,10,NaN,91,56,26,-99,4,Middle,Down,0
288,base,ciopt,4,10,NaN,17,2,-26,99,2,Middle,Down,0
288,base,ciopt,4,10,NaN,20,5,52,99,1,Outer,Up,0
288,base,ciopt,4,10,NaN,25,6,-104,66,2,Outer,Up,0
288,base,ciopt,4,10,NaN,52,27,-52,0,3,Inner,Up,0
288,base,ciopt,4,10,NaN,55,30,26,0,1,Inner,Down,0
288,base,ciopt,4,10,NaN,59,34,130,0,1,Outer,Down,0
288,base,ciopt,4,10,NaN,75,44,-104,-66,3,Outer,Up,0
288,base,ciopt,4,10,NaN,83,52,104,-66,4,Outer,Up,0
288,base,ciopt,4,10,NaN,89,54,-26,-99,3,Middle,Down,0
288,base,ciopt,4,10,NaN,91,56,26,-99,4,Middle,Down,0
289,mandatory,poisson_f,4,10,NaN,18,3,0,99,2,Middle,Up,1
289,mandatory,poisson_f,4,10,NaN,25,6,-104,66,2,Outer,Up,0
289,mandatory,poisson_f,4,10,NaN,33,14,104,66,1,Outer,Up,0
289,mandatory,poisson_f,4,10,NaN,49,24,-130,0,3,Outer,Down,0
289,mandatory,poisson_f,4,10,NaN,51,26,-78,0,3,Middle,Down,1
289,mandatory,poisson_f,4,10,NaN,54,29,0,0,1,Inner,Up,1
289,mandatory,poisson_f,4,10,NaN,57,32,78,0,1,Middle,Down,1
289,mandatory,poisson_f,4,10,NaN,76,45,-78,-66,3,Middle,Down,0
289,mandatory,poisson_f,4,10,NaN,83,52,104,-66,4,Outer,Up,0
289,mandatory,poisson_f,4,10,NaN,90,55,0,-99,4,Middle,Up,1
290,mandatory,human_f,4,10,NaN,18,3,0,99,2,Middle,Up,1
290,mandatory,human_f,4,10,NaN,26,7,-78,66,2,Middle,Down,0
290,mandatory,human_f,4,10,NaN,32,13,78,66,1,Middle,Down,0
290,mandatory,human_f,4,10,NaN,51,26,-78,0,3,Middle,Down,1
290,mandatory,human_f,4,10,NaN,54,29,0,0,1,Inner,Up,1
290,mandatory,human_f,4,10,NaN,57,32,78,0,1,Middle,Down,1
290,mandatory,human_f,4,10,NaN,65,37,-52,-33,3,Inner,Up,0
290,mandatory,human_f,4,10,NaN,76,45,-78,-66,3,Middle,Down,0
290,mandatory,human_f,4,10,NaN,82,51,78,-66,4,Middle,Down,0
290,mandatory,human_f,4,10,NaN,90,55,0,-99,4,Middle,Up,1
291,mandatory,dopt_aug,4,10,NaN,18,3,0,99,2,Middle,Up,1
291,mandatory,dopt_aug,4,10,NaN,25,6,-104,66,2,Outer,Up,0
291,mandatory,dopt_aug,4,10,NaN,33,14,104,66,1,Outer,Up,0
291,mandatory,dopt_aug,4,10,NaN,49,24,-130,0,3,Outer,Down,0
291,mandatory,dopt_aug,4,10,NaN,51,26,-78,0,3,Middle,Down,1
291,mandatory,dopt_aug,4,10,NaN,54,29,0,0,1,Inner,Up,1
291,mandatory,dopt_aug,4,10,NaN,57,32,78,0,1,Middle,Down,1
291,mandatory,dopt_aug,4,10,NaN,75,44,-104,-66,3,Outer,Up,0
291,mandatory,dopt_aug,4,10,NaN,83,52,104,-66,4,Outer,Up,0
291,mandatory,dopt_aug,4,10,NaN,90,55,0,-99,4,Middle,Up,1
292,mandatory,iopt_aug,4,10,NaN,18,3,0,99,2,Middle,Up,1
292,mandatory,iopt_aug,4,10,NaN,20,5,52,99,1,Outer,Up,0
292,mandatory,iopt_aug,4,10,NaN,25,6,-104,66,2,Outer,Up,0
292,mandatory,iopt_aug,4,10,NaN,51,26,-78,0,3,Middle,Down,1
292,mandatory,iopt_aug,4,10,NaN,54,29,0,0,1,Inner,Up,1
292,mandatory,iopt_aug,4,10,NaN,57,32,78,0,1,Middle,Down,1
292,mandatory,iopt_aug,4,10,NaN,59,34,130,0,1,Outer,Down,0
292,mandatory,iopt_aug,4,10,NaN,75,44,-104,-66,3,Outer,Up,0
292,mandatory,iopt_aug,4,10,NaN,90,55,0,-99,4,Middle,Up,1
292,mandatory,iopt_aug,4,10,NaN,92,57,52,-99,4,Outer,Up,0
293,mandatory,cdopt_naive,4,10,NaN,18,3,0,99,2,Middle,Up,1
293,mandatory,cdopt_naive,4,10,NaN,19,4,26,99,1,Middle,Down,0
293,mandatory,cdopt_naive,4,10,NaN,25,6,-104,66,2,Outer,Up,0
293,mandatory,cdopt_naive,4,10,NaN,51,26,-78,0,3,Middle,Down,1
293,mandatory,cdopt_naive,4,10,NaN,54,29,0,0,1,Inner,Up,1
293,mandatory,cdopt_naive,4,10,NaN,57,32,78,0,1,Middle,Down,1
293,mandatory,cdopt_naive,4,10,NaN,59,34,130,0,1,Outer,Down,0
293,mandatory,cdopt_naive,4,10,NaN,75,44,-104,-66,3,Outer,Up,0
293,mandatory,cdopt_naive,4,10,NaN,80,49,26,-66,4,Inner,Down,0
293,mandatory,cdopt_naive,4,10,NaN,90,55,0,-99,4,Middle,Up,1
294,mandatory,ciopt_naive,4,10,NaN,18,3,0,99,2,Middle,Up,1
294,mandatory,ciopt_naive,4,10,NaN,20,5,52,99,1,Outer,Up,0
294,mandatory,ciopt_naive,4,10,NaN,28,9,-26,66,2,Inner,Down,0
294,mandatory,ciopt_naive,4,10,NaN,49,24,-130,0,3,Outer,Down,0
294,mandatory,ciopt_naive,4,10,NaN,51,26,-78,0,3,Middle,Down,1
294,mandatory,ciopt_naive,4,10,NaN,54,29,0,0,1,Inner,Up,1
294,mandatory,ciopt_naive,4,10,NaN,57,32,78,0,1,Middle,Down,1
294,mandatory,ciopt_naive,4,10,NaN,71,43,104,-33,4,Outer,Up,0
294,mandatory,ciopt_naive,4,10,NaN,90,55,0,-99,4,Middle,Up,1
294,mandatory,ciopt_naive,4,10,NaN,91,56,26,-99,4,Middle,Down,0
295,mandatory,cdopt_aug,4,10,NaN,18,3,0,99,2,Middle,Up,1
295,mandatory,cdopt_aug,4,10,NaN,28,9,-26,66,2,Inner,Down,0
295,mandatory,cdopt_aug,4,10,NaN,33,14,104,66,1,Outer,Up,0
295,mandatory,cdopt_aug,4,10,NaN,49,24,-130,0,3,Outer,Down,0
295,mandatory,cdopt_aug,4,10,NaN,51,26,-78,0,3,Middle,Down,1
295,mandatory,cdopt_aug,4,10,NaN,54,29,0,0,1,Inner,Up,1
295,mandatory,cdopt_aug,4,10,NaN,57,32,78,0,1,Middle,Down,1
295,mandatory,cdopt_aug,4,10,NaN,76,45,-78,-66,3,Middle,Down,0
295,mandatory,cdopt_aug,4,10,NaN,83,52,104,-66,4,Outer,Up,0
295,mandatory,cdopt_aug,4,10,NaN,90,55,0,-99,4,Middle,Up,1
296,mandatory,ciopt_aug,4,10,NaN,18,3,0,99,2,Middle,Up,1
296,mandatory,ciopt_aug,4,10,NaN,25,6,-104,66,2,Outer,Up,0
296,mandatory,ciopt_aug,4,10,NaN,32,13,78,66,1,Middle,Down,0
296,mandatory,ciopt_aug,4,10,NaN,51,26,-78,0,3,Middle,Down,1
296,mandatory,ciopt_aug,4,10,NaN,54,29,0,0,1,Inner,Up,1
296,mandatory,ciopt_aug,4,10,NaN,57,32,78,0,1,Middle,Down,1
296,mandatory,ciopt_aug,4,10,NaN,59,34,130,0,1,Outer,Down,0
296,mandatory,ciopt_aug,4,10,NaN,75,44,-104,-66,3,Outer,Up,0
296,mandatory,ciopt_aug,4,10,NaN,80,49,26,-66,4,Inner,Down,0
296,mandatory,ciopt_aug,4,10,NaN,90,55,0,-99,4,Middle,Up,1
297,base,poisson,4,11,NaN,20,5,52,99,1,Outer,Up,0
297,base,poisson,4,11,NaN,26,7,-78,66,2,Middle,Down,0
297,base,poisson,4,11,NaN,29,10,0,66,2,Inner,Up,0
297,base,poisson,4,11,NaN,33,14,104,66,1,Outer,Up,0
297,base,poisson,4,11,NaN,43,21,52,33,1,Inner,Up,0
297,base,poisson,4,11,NaN,51,26,-78,0,3,Middle,Down,0
297,base,poisson,4,11,NaN,54,29,0,0,1,Inner,Up,0
297,base,poisson,4,11,NaN,59,34,130,0,1,Outer,Down,0
297,base,poisson,4,11,NaN,70,42,78,-33,4,Middle,Down,0
297,base,poisson,4,11,NaN,75,44,-104,-66,3,Outer,Up,0
297,base,poisson,4,11,NaN,88,53,-52,-99,3,Outer,Up,0
298,base,human,4,11,NaN,17,2,-26,99,2,Middle,Down,0
298,base,human,4,11,NaN,25,6,-104,66,2,Outer,Up,0
298,base,human,4,11,NaN,28,9,-26,66,2,Inner,Down,0
298,base,human,4,11,NaN,32,13,78,66,1,Middle,Down,0
298,base,human,4,11,NaN,54,29,0,0,1,Inner,Up,0
298,base,human,4,11,NaN,58,33,104,0,1,Middle,Up,0
298,base,human,4,11,NaN,63,35,-104,-33,3,Outer,Up,0
298,base,human,4,11,NaN,65,37,-52,-33,3,Inner,Up,0
298,base,human,4,11,NaN,70,42,78,-33,4,Middle,Down,0
298,base,human,4,11,NaN,89,54,-26,-99,3,Middle,Down,0
298,base,human,4,11,NaN,92,57,52,-99,4,Outer,Up,0
299,base,dopt,4,11,NaN,16,1,-52,99,2,Outer,Up,0
299,base,dopt,4,11,NaN,20,5,52,99,1,Outer,Up,0
299,base,dopt,4,11,NaN,25,6,-104,66,2,Outer,Up,0
299,base,dopt,4,11,NaN,33,14,104,66,1,Outer,Up,0
299,base,dopt,4,11,NaN,49,24,-130,0,3,Outer,Down,0
299,base,dopt,4,11,NaN,54,29,0,0,1,Inner,Up,0
299,base,dopt,4,11,NaN,59,34,130,0,1,Outer,Down,0
299,base,dopt,4,11,NaN,75,44,-104,-66,3,Outer,Up,0
299,base,dopt,4,11,NaN,83,52,104,-66,4,Outer,Up,0
299,base,dopt,4,11,NaN,88,53,-52,-99,3,Outer,Up,0
299,base,dopt,4,11,NaN,92,57,52,-99,4,Outer,Up,0
300,base,iopt,4,11,NaN,16,1,-52,99,2,Outer,Up,0
300,base,iopt,4,11,NaN,20,5,52,99,1,Outer,Up,0
300,base,iopt,4,11,NaN,25,6,-104,66,2,Outer,Up,0
300,base,iopt,4,11,NaN,33,14,104,66,1,Outer,Up,0
300,base,iopt,4,11,NaN,49,24,-130,0,3,Outer,Down,0
300,base,iopt,4,11,NaN,54,29,0,0,1,Inner,Up,0
300,base,iopt,4,11,NaN,59,34,130,0,1,Outer,Down,0
300,base,iopt,4,11,NaN,75,44,-104,-66,3,Outer,Up,0
300,base,iopt,4,11,NaN,83,52,104,-66,4,Outer,Up,0
300,base,iopt,4,11,NaN,88,53,-52,-99,3,Outer,Up,0
300,base,iopt,4,11,NaN,92,57,52,-99,4,Outer,Up,0
301,base,cdopt,4,11,NaN,17,2,-26,99,2,Middle,Down,0
301,base,cdopt,4,11,NaN,19,4,26,99,1,Middle,Down,0
301,base,cdopt,4,11,NaN,25,6,-104,66,2,Outer,Up,0
301,base,cdopt,4,11,NaN,33,14,104,66,1,Outer,Up,0
301,base,cdopt,4,11,NaN,52,27,-52,0,3,Inner,Up,0
301,base,cdopt,4,11,NaN,55,30,26,0,1,Inner,Down,0
301,base,cdopt,4,11,NaN,59,34,130,0,1,Outer,Down,0
301,base,cdopt,4,11,NaN,75,44,-104,-66,3,Outer,Up,0
301,base,cdopt,4,11,NaN,83,52,104,-66,4,Outer,Up,0
301,base,cdopt,4,11,NaN,89,54,-26,-99,3,Middle,Down,0
301,base,cdopt,4,11,NaN,91,56,26,-99,4,Middle,Down,0
302,base,ciopt,4,11,NaN,17,2,-26,99,2,Middle,Down,0
302,base,ciopt,4,11,NaN,19,4,26,99,1,Middle,Down,0
302,base,ciopt,4,11,NaN,25,6,-104,66,2,Outer,Up,0
302,base,ciopt,4,11,NaN,33,14,104,66,1,Outer,Up,0
302,base,ciopt,4,11,NaN,49,24,-130,0,3,Outer,Down,0
302,base,ciopt,4,11,NaN,53,28,-26,0,3,Inner,Down,0
302,base,ciopt,4,11,NaN,56,31,52,0,1,Inner,Up,0
302,base,ciopt,4,11,NaN,75,44,-104,-66,3,Outer,Up,0
302,base,ciopt,4,11,NaN,83,52,104,-66,4,Outer,Up,0
302,base,ciopt,4,11,NaN,89,54,-26,-99,3,Middle,Down,0
302,base,ciopt,4,11,NaN,91,56,26,-99,4,Middle,Down,0
303,mandatory,poisson_f,4,11,NaN,18,3,0,99,2,Middle,Up,1
303,mandatory,poisson_f,4,11,NaN,25,6,-104,66,2,Outer,Up,0
303,mandatory,poisson_f,4,11,NaN,33,14,104,66,1,Outer,Up,0
303,mandatory,poisson_f,4,11,NaN,51,26,-78,0,3,Middle,Down,1
303,mandatory,poisson_f,4,11,NaN,54,29,0,0,1,Inner,Up,1
303,mandatory,poisson_f,4,11,NaN,57,32,78,0,1,Middle,Down,1
303,mandatory,poisson_f,4,11,NaN,59,34,130,0,1,Outer,Down,0
303,mandatory,poisson_f,4,11,NaN,75,44,-104,-66,3,Outer,Up,0
303,mandatory,poisson_f,4,11,NaN,77,46,-52,-66,3,Middle,Up,0
303,mandatory,poisson_f,4,11,NaN,82,51,78,-66,4,Middle,Down,0
303,mandatory,poisson_f,4,11,NaN,90,55,0,-99,4,Middle,Up,1
304,mandatory,human_f,4,11,NaN,18,3,0,99,2,Middle,Up,1
304,mandatory,human_f,4,11,NaN,26,7,-78,66,2,Middle,Down,0
304,mandatory,human_f,4,11,NaN,32,13,78,66,1,Middle,Down,0
304,mandatory,human_f,4,11,NaN,39,17,-52,33,2,Inner,Up,0
304,mandatory,human_f,4,11,NaN,51,26,-78,0,3,Middle,Down,1
304,mandatory,human_f,4,11,NaN,54,29,0,0,1,Inner,Up,1
304,mandatory,human_f,4,11,NaN,57,32,78,0,1,Middle,Down,1
304,mandatory,human_f,4,11,NaN,69,41,52,-33,4,Inner,Up,0
304,mandatory,human_f,4,11,NaN,76,45,-78,-66,3,Middle,Down,0
304,mandatory,human_f,4,11,NaN,82,51,78,-66,4,Middle,Down,0
304,mandatory,human_f,4,11,NaN,90,55,0,-99,4,Middle,Up,1
305,mandatory,dopt_aug,4,11,NaN,18,3,0,99,2,Middle,Up,1
305,mandatory,dopt_aug,4,11,NaN,25,6,-104,66,2,Outer,Up,0
305,mandatory,dopt_aug,4,11,NaN,33,14,104,66,1,Outer,Up,0
305,mandatory,dopt_aug,4,11,NaN,49,24,-130,0,3,Outer,Down,0
305,mandatory,dopt_aug,4,11,NaN,51,26,-78,0,3,Middle,Down,1
305,mandatory,dopt_aug,4,11,NaN,54,29,0,0,1,Inner,Up,1
305,mandatory,dopt_aug,4,11,NaN,57,32,78,0,1,Middle,Down,1
305,mandatory,dopt_aug,4,11,NaN,59,34,130,0,1,Outer,Down,0
305,mandatory,dopt_aug,4,11,NaN,75,44,-104,-66,3,Outer,Up,0
305,mandatory,dopt_aug,4,11,NaN,83,52,104,-66,4,Outer,Up,0
305,mandatory,dopt_aug,4,11,NaN,90,55,0,-99,4,Middle,Up,1
306,mandatory,iopt_aug,4,11,NaN,16,1,-52,99,2,Outer,Up,0
306,mandatory,iopt_aug,4,11,NaN,18,3,0,99,2,Middle,Up,1
306,mandatory,iopt_aug,4,11,NaN,20,5,52,99,1,Outer,Up,0
306,mandatory,iopt_aug,4,11,NaN,49,24,-130,0,3,Outer,Down,0
306,mandatory,iopt_aug,4,11,NaN,51,26,-78,0,3,Middle,Down,1
306,mandatory,iopt_aug,4,11,NaN,54,29,0,0,1,Inner,Up,1
306,mandatory,iopt_aug,4,11,NaN,57,32,78,0,1,Middle,Down,1
306,mandatory,iopt_aug,4,11,NaN,59,34,130,0,1,Outer,Down,0
306,mandatory,iopt_aug,4,11,NaN,88,53,-52,-99,3,Outer,Up,0
306,mandatory,iopt_aug,4,11,NaN,90,55,0,-99,4,Middle,Up,1
306,mandatory,iopt_aug,4,11,NaN,92,57,52,-99,4,Outer,Up,0
307,mandatory,cdopt_naive,4,11,NaN,18,3,0,99,2,Middle,Up,1
307,mandatory,cdopt_naive,4,11,NaN,19,4,26,99,1,Middle,Down,0
307,mandatory,cdopt_naive,4,11,NaN,25,6,-104,66,2,Outer,Up,0
307,mandatory,cdopt_naive,4,11,NaN,51,26,-78,0,3,Middle,Down,1
307,mandatory,cdopt_naive,4,11,NaN,53,28,-26,0,3,Inner,Down,0
307,mandatory,cdopt_naive,4,11,NaN,54,29,0,0,1,Inner,Up,1
307,mandatory,cdopt_naive,4,11,NaN,57,32,78,0,1,Middle,Down,1
307,mandatory,cdopt_naive,4,11,NaN,59,34,130,0,1,Outer,Down,0
307,mandatory,cdopt_naive,4,11,NaN,75,44,-104,-66,3,Outer,Up,0
307,mandatory,cdopt_naive,4,11,NaN,90,55,0,-99,4,Middle,Up,1
307,mandatory,cdopt_naive,4,11,NaN,92,57,52,-99,4,Outer,Up,0
308,mandatory,ciopt_naive,4,11,NaN,17,2,-26,99,2,Middle,Down,0
308,mandatory,ciopt_naive,4,11,NaN,18,3,0,99,2,Middle,Up,1
308,mandatory,ciopt_naive,4,11,NaN,33,14,104,66,1,Outer,Up,0
308,mandatory,ciopt_naive,4,11,NaN,49,24,-130,0,3,Outer,Down,0
308,mandatory,ciopt_naive,4,11,NaN,51,26,-78,0,3,Middle,Down,1
308,mandatory,ciopt_naive,4,11,NaN,53,28,-26,0,3,Inner,Down,0
308,mandatory,ciopt_naive,4,11,NaN,54,29,0,0,1,Inner,Up,1
308,mandatory,ciopt_naive,4,11,NaN,57,32,78,0,1,Middle,Down,1
308,mandatory,ciopt_naive,4,11,NaN,83,52,104,-66,4,Outer,Up,0
308,mandatory,ciopt_naive,4,11,NaN,88,53,-52,-99,3,Outer,Up,0
308,mandatory,ciopt_naive,4,11,NaN,90,55,0,-99,4,Middle,Up,1
309,mandatory,cdopt_aug,4,11,NaN,18,3,0,99,2,Middle,Up,1
309,mandatory,cdopt_aug,4,11,NaN,25,6,-104,66,2,Outer,Up,0
309,mandatory,cdopt_aug,4,11,NaN,30,11,26,66,1,Inner,Down,0
309,mandatory,cdopt_aug,4,11,NaN,49,24,-130,0,3,Outer,Down,0
309,mandatory,cdopt_aug,4,11,NaN,51,26,-78,0,3,Middle,Down,1
309,mandatory,cdopt_aug,4,11,NaN,54,29,0,0,1,Inner,Up,1
309,mandatory,cdopt_aug,4,11,NaN,57,32,78,0,1,Middle,Down,1
309,mandatory,cdopt_aug,4,11,NaN,59,34,130,0,1,Outer,Down,0
309,mandatory,cdopt_aug,4,11,NaN,75,44,-104,-66,3,Outer,Up,0
309,mandatory,cdopt_aug,4,11,NaN,83,52,104,-66,4,Outer,Up,0
309,mandatory,cdopt_aug,4,11,NaN,90,55,0,-99,4,Middle,Up,1
310,mandatory,ciopt_aug,4,11,NaN,16,1,-52,99,2,Outer,Up,0
310,mandatory,ciopt_aug,4,11,NaN,18,3,0,99,2,Middle,Up,1
310,mandatory,ciopt_aug,4,11,NaN,33,14,104,66,1,Outer,Up,0
310,mandatory,ciopt_aug,4,11,NaN,49,24,-130,0,3,Outer,Down,0
310,mandatory,ciopt_aug,4,11,NaN,51,26,-78,0,3,Middle,Down,1
310,mandatory,ciopt_aug,4,11,NaN,54,29,0,0,1,Inner,Up,1
310,mandatory,ciopt_aug,4,11,NaN,57,32,78,0,1,Middle,Down,1
310,mandatory,ciopt_aug,4,11,NaN,76,45,-78,-66,3,Middle,Down,0
310,mandatory,ciopt_aug,4,11,NaN,80,49,26,-66,4,Inner,Down,0
310,mandatory,ciopt_aug,4,11,NaN,83,52,104,-66,4,Outer,Up,0
310,mandatory,ciopt_aug,4,11,NaN,90,55,0,-99,4,Middle,Up,1
311,base,poisson,4,12,NaN,16,1,-52,99,2,Outer,Up,0
311,base,poisson,4,12,NaN,20,5,52,99,1,Outer,Up,0
311,base,poisson,4,12,NaN,29,10,0,66,2,Inner,Up,0
311,base,poisson,4,12,NaN,33,14,104,66,1,Outer,Up,0
311,base,poisson,4,12,NaN,37,15,-104,33,2,Outer,Up,0
311,base,poisson,4,12,NaN,43,21,52,33,1,Inner,Up,0
311,base,poisson,4,12,NaN,54,29,0,0,1,Inner,Up,0
311,base,poisson,4,12,NaN,59,34,130,0,1,Outer,Down,0
311,base,poisson,4,12,NaN,69,41,52,-33,4,Inner,Up,0
311,base,poisson,4,12,NaN,75,44,-104,-66,3,Outer,Up,0
311,base,poisson,4,12,NaN,83,52,104,-66,4,Outer,Up,0
311,base,poisson,4,12,NaN,91,56,26,-99,4,Middle,Down,0
312,base,human,4,12,NaN,17,2,-26,99,2,Middle,Down,0
312,base,human,4,12,NaN,25,6,-104,66,2,Outer,Up,0
312,base,human,4,12,NaN,29,10,0,66,2,Inner,Up,0
312,base,human,4,12,NaN,32,13,78,66,1,Middle,Down,0
312,base,human,4,12,NaN,51,26,-78,0,3,Middle,Down,0
312,base,human,4,12,NaN,54,29,0,0,1,Inner,Up,0
312,base,human,4,12,NaN,57,32,78,0,1,Middle,Down,0
312,base,human,4,12,NaN,58,33,104,0,1,Middle,Up,0
312,base,human,4,12,NaN,63,35,-104,-33,3,Outer,Up,0
312,base,human,4,12,NaN,79,48,0,-66,4,Inner,Up,0
312,base,human,4,12,NaN,89,54,-26,-99,3,Middle,Down,0
312,base,human,4,12,NaN,92,57,52,-99,4,Outer,Up,0
313,base,dopt,4,12,NaN,16,1,-52,99,2,Outer,Up,0
313,base,dopt,4,12,NaN,20,5,52,99,1,Outer,Up,0
313,base,dopt,4,12,NaN,25,6,-104,66,2,Outer,Up,0
313,base,dopt,4,12,NaN,33,14,104,66,1,Outer,Up,0
313,base,dopt,4,12,NaN,49,24,-130,0,3,Outer,Down,0
313,base,dopt,4,12,NaN,54,29,0,0,1,Inner,Up,0
313,base,dopt,4,12,NaN,59,34,130,0,1,Outer,Down,0
313,base,dopt,4,12,NaN,75,44,-104,-66,3,Outer,Up,0
313,base,dopt,4,12,NaN,83,52,104,-66,4,Outer,Up,0
313,base,dopt,4,12,NaN,88,53,-52,-99,3,Outer,Up,0
313,base,dopt,4,12,NaN,90,55,0,-99,4,Middle,Up,0
313,base,dopt,4,12,NaN,92,57,52,-99,4,Outer,Up,0
314,base,iopt,4,12,NaN,16,1,-52,99,2,Outer,Up,0
314,base,iopt,4,12,NaN,18,3,0,99,2,Middle,Up,0
314,base,iopt,4,12,NaN,20,5,52,99,1,Outer,Up,0
314,base,iopt,4,12,NaN,25,6,-104,66,2,Outer,Up,0
314,base,iopt,4,12,NaN,33,14,104,66,1,Outer,Up,0
314,base,iopt,4,12,NaN,49,24,-130,0,3,Outer,Down,0
314,base,iopt,4,12,NaN,54,29,0,0,1,Inner,Up,0
314,base,iopt,4,12,NaN,59,34,130,0,1,Outer,Down,0
314,base,iopt,4,12,NaN,75,44,-104,-66,3,Outer,Up,0
314,base,iopt,4,12,NaN,83,52,104,-66,4,Outer,Up,0
314,base,iopt,4,12,NaN,88,53,-52,-99,3,Outer,Up,0
314,base,iopt,4,12,NaN,92,57,52,-99,4,Outer,Up,0
315,base,cdopt,4,12,NaN,17,2,-26,99,2,Middle,Down,0
315,base,cdopt,4,12,NaN,19,4,26,99,1,Middle,Down,0
315,base,cdopt,4,12,NaN,25,6,-104,66,2,Outer,Up,0
315,base,cdopt,4,12,NaN,33,14,104,66,1,Outer,Up,0
315,base,cdopt,4,12,NaN,49,24,-130,0,3,Outer,Down,0
315,base,cdopt,4,12,NaN,52,27,-52,0,3,Inner,Up,0
315,base,cdopt,4,12,NaN,56,31,52,0,1,Inner,Up,0
315,base,cdopt,4,12,NaN,59,34,130,0,1,Outer,Down,0
315,base,cdopt,4,12,NaN,75,44,-104,-66,3,Outer,Up,0
315,base,cdopt,4,12,NaN,83,52,104,-66,4,Outer,Up,0
315,base,cdopt,4,12,NaN,89,54,-26,-99,3,Middle,Down,0
315,base,cdopt,4,12,NaN,91,56,26,-99,4,Middle,Down,0
316,base,ciopt,4,12,NaN,17,2,-26,99,2,Middle,Down,0
316,base,ciopt,4,12,NaN,19,4,26,99,1,Middle,Down,0
316,base,ciopt,4,12,NaN,25,6,-104,66,2,Outer,Up,0
316,base,ciopt,4,12,NaN,33,14,104,66,1,Outer,Up,0
316,base,ciopt,4,12,NaN,49,24,-130,0,3,Outer,Down,0
316,base,ciopt,4,12,NaN,52,27,-52,0,3,Inner,Up,0
316,base,ciopt,4,12,NaN,56,31,52,0,1,Inner,Up,0
316,base,ciopt,4,12,NaN,59,34,130,0,1,Outer,Down,0
316,base,ciopt,4,12,NaN,75,44,-104,-66,3,Outer,Up,0
316,base,ciopt,4,12,NaN,83,52,104,-66,4,Outer,Up,0
316,base,ciopt,4,12,NaN,89,54,-26,-99,3,Middle,Down,0
316,base,ciopt,4,12,NaN,91,56,26,-99,4,Middle,Down,0
317,mandatory,poisson_f,4,12,NaN,16,1,-52,99,2,Outer,Up,0
317,mandatory,poisson_f,4,12,NaN,18,3,0,99,2,Middle,Up,1
317,mandatory,poisson_f,4,12,NaN,25,6,-104,66,2,Outer,Up,0
317,mandatory,poisson_f,4,12,NaN,31,12,52,66,1,Middle,Up,0
317,mandatory,poisson_f,4,12,NaN,49,24,-130,0,3,Outer,Down,0
317,mandatory,poisson_f,4,12,NaN,51,26,-78,0,3,Middle,Down,1
317,mandatory,poisson_f,4,12,NaN,54,29,0,0,1,Inner,Up,1
317,mandatory,poisson_f,4,12,NaN,57,32,78,0,1,Middle,Down,1
317,mandatory,poisson_f,4,12,NaN,59,34,130,0,1,Outer,Down,0
317,mandatory,poisson_f,4,12,NaN,75,44,-104,-66,3,Outer,Up,0
317,mandatory,poisson_f,4,12,NaN,83,52,104,-66,4,Outer,Up,0
317,mandatory,poisson_f,4,12,NaN,90,55,0,-99,4,Middle,Up,1
318,mandatory,human_f,4,12,NaN,16,1,-52,99,2,Outer,Up,0
318,mandatory,human_f,4,12,NaN,18,3,0,99,2,Middle,Up,1
318,mandatory,human_f,4,12,NaN,32,13,78,66,1,Middle,Down,0
318,mandatory,human_f,4,12,NaN,39,17,-52,33,2,Inner,Up,0
318,mandatory,human_f,4,12,NaN,51,26,-78,0,3,Middle,Down,1
318,mandatory,human_f,4,12,NaN,54,29,0,0,1,Inner,Up,1
318,mandatory,human_f,4,12,NaN,57,32,78,0,1,Middle,Down,1
318,mandatory,human_f,4,12,NaN,63,35,-104,-33,3,Outer,Up,0
318,mandatory,human_f,4,12,NaN,69,41,52,-33,4,Inner,Up,0
318,mandatory,human_f,4,12,NaN,83,52,104,-66,4,Outer,Up,0
318,mandatory,human_f,4,12,NaN,89,54,-26,-99,3,Middle,Down,0
318,mandatory,human_f,4,12,NaN,90,55,0,-99,4,Middle,Up,1
319,mandatory,dopt_aug,4,12,NaN,18,3,0,99,2,Middle,Up,1
319,mandatory,dopt_aug,4,12,NaN,25,6,-104,66,2,Outer,Up,0
319,mandatory,dopt_aug,4,12,NaN,33,14,104,66,1,Outer,Up,0
319,mandatory,dopt_aug,4,12,NaN,49,24,-130,0,3,Outer,Down,0
319,mandatory,dopt_aug,4,12,NaN,51,26,-78,0,3,Middle,Down,1
319,mandatory,dopt_aug,4,12,NaN,54,29,0,0,1,Inner,Up,1
319,mandatory,dopt_aug,4,12,NaN,57,32,78,0,1,Middle,Down,1
319,mandatory,dopt_aug,4,12,NaN,59,34,130,0,1,Outer,Down,0
319,mandatory,dopt_aug,4,12,NaN,75,44,-104,-66,3,Outer,Up,0
319,mandatory,dopt_aug,4,12,NaN,83,52,104,-66,4,Outer,Up,0
319,mandatory,dopt_aug,4,12,NaN,88,53,-52,-99,3,Outer,Up,0
319,mandatory,dopt_aug,4,12,NaN,90,55,0,-99,4,Middle,Up,1
320,mandatory,iopt_aug,4,12,NaN,16,1,-52,99,2,Outer,Up,0
320,mandatory,iopt_aug,4,12,NaN,18,3,0,99,2,Middle,Up,1
320,mandatory,iopt_aug,4,12,NaN,20,5,52,99,1,Outer,Up,0
320,mandatory,iopt_aug,4,12,NaN,25,6,-104,66,2,Outer,Up,0
320,mandatory,iopt_aug,4,12,NaN,51,26,-78,0,3,Middle,Down,1
320,mandatory,iopt_aug,4,12,NaN,54,29,0,0,1,Inner,Up,1
320,mandatory,iopt_aug,4,12,NaN,57,32,78,0,1,Middle,Down,1
320,mandatory,iopt_aug,4,12,NaN,59,34,130,0,1,Outer,Down,0
320,mandatory,iopt_aug,4,12,NaN,75,44,-104,-66,3,Outer,Up,0
320,mandatory,iopt_aug,4,12,NaN,88,53,-52,-99,3,Outer,Up,0
320,mandatory,iopt_aug,4,12,NaN,90,55,0,-99,4,Middle,Up,1
320,mandatory,iopt_aug,4,12,NaN,92,57,52,-99,4,Outer,Up,0
321,mandatory,cdopt_naive,4,12,NaN,16,1,-52,99,2,Outer,Up,0
321,mandatory,cdopt_naive,4,12,NaN,18,3,0,99,2,Middle,Up,1
321,mandatory,cdopt_naive,4,12,NaN,19,4,26,99,1,Middle,Down,0
321,mandatory,cdopt_naive,4,12,NaN,49,24,-130,0,3,Outer,Down,0
321,mandatory,cdopt_naive,4,12,NaN,51,26,-78,0,3,Middle,Down,1
321,mandatory,cdopt_naive,4,12,NaN,53,28,-26,0,3,Inner,Down,0
321,mandatory,cdopt_naive,4,12,NaN,54,29,0,0,1,Inner,Up,1
321,mandatory,cdopt_naive,4,12,NaN,57,32,78,0,1,Middle,Down,1
321,mandatory,cdopt_naive,4,12,NaN,59,34,130,0,1,Outer,Down,0
321,mandatory,cdopt_naive,4,12,NaN,88,53,-52,-99,3,Outer,Up,0
321,mandatory,cdopt_naive,4,12,NaN,90,55,0,-99,4,Middle,Up,1
321,mandatory,cdopt_naive,4,12,NaN,92,57,52,-99,4,Outer,Up,0
322,mandatory,ciopt_naive,4,12,NaN,16,1,-52,99,2,Outer,Up,0
322,mandatory,ciopt_naive,4,12,NaN,18,3,0,99,2,Middle,Up,1
322,mandatory,ciopt_naive,4,12,NaN,19,4,26,99,1,Middle,Down,0
322,mandatory,ciopt_naive,4,12,NaN,49,24,-130,0,3,Outer,Down,0
322,mandatory,ciopt_naive,4,12,NaN,51,26,-78,0,3,Middle,Down,1
322,mandatory,ciopt_naive,4,12,NaN,53,28,-26,0,3,Inner,Down,0
322,mandatory,ciopt_naive,4,12,NaN,54,29,0,0,1,Inner,Up,1
322,mandatory,ciopt_naive,4,12,NaN,57,32,78,0,1,Middle,Down,1
322,mandatory,ciopt_naive,4,12,NaN,59,34,130,0,1,Outer,Down,0
322,mandatory,ciopt_naive,4,12,NaN,88,53,-52,-99,3,Outer,Up,0
322,mandatory,ciopt_naive,4,12,NaN,90,55,0,-99,4,Middle,Up,1
322,mandatory,ciopt_naive,4,12,NaN,92,57,52,-99,4,Outer,Up,0
323,mandatory,cdopt_aug,4,12,NaN,18,3,0,99,2,Middle,Up,1
323,mandatory,cdopt_aug,4,12,NaN,25,6,-104,66,2,Outer,Up,0
323,mandatory,cdopt_aug,4,12,NaN,28,9,-26,66,2,Inner,Down,0
323,mandatory,cdopt_aug,4,12,NaN,33,14,104,66,1,Outer,Up,0
323,mandatory,cdopt_aug,4,12,NaN,49,24,-130,0,3,Outer,Down,0
323,mandatory,cdopt_aug,4,12,NaN,51,26,-78,0,3,Middle,Down,1
323,mandatory,cdopt_aug,4,12,NaN,54,29,0,0,1,Inner,Up,1
323,mandatory,cdopt_aug,4,12,NaN,57,32,78,0,1,Middle,Down,1
323,mandatory,cdopt_aug,4,12,NaN,59,34,130,0,1,Outer,Down,0
323,mandatory,cdopt_aug,4,12,NaN,76,45,-78,-66,3,Middle,Down,0
323,mandatory,cdopt_aug,4,12,NaN,83,52,104,-66,4,Outer,Up,0
323,mandatory,cdopt_aug,4,12,NaN,90,55,0,-99,4,Middle,Up,1
324,mandatory,ciopt_aug,4,12,NaN,16,1,-52,99,2,Outer,Up,0
324,mandatory,ciopt_aug,4,12,NaN,18,3,0,99,2,Middle,Up,1
324,mandatory,ciopt_aug,4,12,NaN,20,5,52,99,1,Outer,Up,0
324,mandatory,ciopt_aug,4,12,NaN,49,24,-130,0,3,Outer,Down,0
324,mandatory,ciopt_aug,4,12,NaN,51,26,-78,0,3,Middle,Down,1
324,mandatory,ciopt_aug,4,12,NaN,54,29,0,0,1,Inner,Up,1
324,mandatory,ciopt_aug,4,12,NaN,57,32,78,0,1,Middle,Down,1
324,mandatory,ciopt_aug,4,12,NaN,59,34,130,0,1,Outer,Down,0
324,mandatory,ciopt_aug,4,12,NaN,76,45,-78,-66,3,Middle,Down,0
324,mandatory,ciopt_aug,4,12,NaN,78,47,-26,-66,3,Inner,Down,0
324,mandatory,ciopt_aug,4,12,NaN,90,55,0,-99,4,Middle,Up,1
324,mandatory,ciopt_aug,4,12,NaN,92,57,52,-99,4,Outer,Up,0
325,base,poisson,4,13,NaN,16,1,-52,99,2,Outer,Up,0
325,base,poisson,4,13,NaN,20,5,52,99,1,Outer,Up,0
325,base,poisson,4,13,NaN,25,6,-104,66,2,Outer,Up,0
325,base,poisson,4,13,NaN,29,10,0,66,2,Inner,Up,0
325,base,poisson,4,13,NaN,33,14,104,66,1,Outer,Up,0
325,base,poisson,4,13,NaN,39,17,-52,33,2,Inner,Up,0
325,base,poisson,4,13,NaN,50,25,-104,0,3,Middle,Up,0
325,base,poisson,4,13,NaN,55,30,26,0,1,Inner,Down,0
325,base,poisson,4,13,NaN,58,33,104,0,1,Middle,Up,0
325,base,poisson,4,13,NaN,66,38,-26,-33,3,Inner,Down,0
325,base,poisson,4,13,NaN,75,44,-104,-66,3,Outer,Up,0
325,base,poisson,4,13,NaN,81,50,52,-66,4,Middle,Up,0
325,base,poisson,4,13,NaN,88,53,-52,-99,3,Outer,Up,0
326,base,human,4,13,NaN,18,3,0,99,2,Middle,Up,0
326,base,human,4,13,NaN,26,7,-78,66,2,Middle,Down,0
326,base,human,4,13,NaN,29,10,0,66,2,Inner,Up,0
326,base,human,4,13,NaN,32,13,78,66,1,Middle,Down,0
326,base,human,4,13,NaN,49,24,-130,0,3,Outer,Down,0
326,base,human,4,13,NaN,51,26,-78,0,3,Middle,Down,0
326,base,human,4,13,NaN,54,29,0,0,1,Inner,Up,0
326,base,human,4,13,NaN,57,32,78,0,1,Middle,Down,0
326,base,human,4,13,NaN,58,33,104,0,1,Middle,Up,0
326,base,human,4,13,NaN,76,45,-78,-66,3,Middle,Down,0
326,base,human,4,13,NaN,79,48,0,-66,4,Inner,Up,0
326,base,human,4,13,NaN,82,51,78,-66,4,Middle,Down,0
326,base,human,4,13,NaN,90,55,0,-99,4,Middle,Up,0
327,base,dopt,4,13,NaN,16,1,-52,99,2,Outer,Up,0
327,base,dopt,4,13,NaN,18,3,0,99,2,Middle,Up,0
327,base,dopt,4,13,NaN,20,5,52,99,1,Outer,Up,0
327,base,dopt,4,13,NaN,25,6,-104,66,2,Outer,Up,0
327,base,dopt,4,13,NaN,33,14,104,66,1,Outer,Up,0
327,base,dopt,4,13,NaN,49,24,-130,0,3,Outer,Down,0
327,base,dopt,4,13,NaN,54,29,0,0,1,Inner,Up,0
327,base,dopt,4,13,NaN,59,34,130,0,1,Outer,Down,0
327,base,dopt,4,13,NaN,75,44,-104,-66,3,Outer,Up,0
327,base,dopt,4,13,NaN,83,52,104,-66,4,Outer,Up,0
327,base,dopt,4,13,NaN,88,53,-52,-99,3,Outer,Up,0
327,base,dopt,4,13,NaN,90,55,0,-99,4,Middle,Up,0
327,base,dopt,4,13,NaN,92,57,52,-99,4,Outer,Up,0
328,base,iopt,4,13,NaN,16,1,-52,99,2,Outer,Up,0
328,base,iopt,4,13,NaN,18,3,0,99,2,Middle,Up,0
328,base,iopt,4,13,NaN,20,5,52,99,1,Outer,Up,0
328,base,iopt,4,13,NaN,25,6,-104,66,2,Outer,Up,0
328,base,iopt,4,13,NaN,33,14,104,66,1,Outer,Up,0
328,base,iopt,4,13,NaN,49,24,-130,0,3,Outer,Down,0
328,base,iopt,4,13,NaN,54,29,0,0,1,Inner,Up,0
328,base,iopt,4,13,NaN,59,34,130,0,1,Outer,Down,0
328,base,iopt,4,13,NaN,75,44,-104,-66,3,Outer,Up,0
328,base,iopt,4,13,NaN,83,52,104,-66,4,Outer,Up,0
328,base,iopt,4,13,NaN,88,53,-52,-99,3,Outer,Up,0
328,base,iopt,4,13,NaN,90,55,0,-99,4,Middle,Up,0
328,base,iopt,4,13,NaN,92,57,52,-99,4,Outer,Up,0
329,base,cdopt,4,13,NaN,17,2,-26,99,2,Middle,Down,0
329,base,cdopt,4,13,NaN,19,4,26,99,1,Middle,Down,0
329,base,cdopt,4,13,NaN,25,6,-104,66,2,Outer,Up,0
329,base,cdopt,4,13,NaN,33,14,104,66,1,Outer,Up,0
329,base,cdopt,4,13,NaN,43,21,52,33,1,Inner,Up,0
329,base,cdopt,4,13,NaN,49,24,-130,0,3,Outer,Down,0
329,base,cdopt,4,13,NaN,52,27,-52,0,3,Inner,Up,0
329,base,cdopt,4,13,NaN,59,34,130,0,1,Outer,Down,0
329,base,cdopt,4,13,NaN,68,40,26,-33,4,Inner,Down,0
329,base,cdopt,4,13,NaN,75,44,-104,-66,3,Outer,Up,0
329,base,cdopt,4,13,NaN,83,52,104,-66,4,Outer,Up,0
329,base,cdopt,4,13,NaN,89,54,-26,-99,3,Middle,Down,0
329,base,cdopt,4,13,NaN,91,56,26,-99,4,Middle,Down,0
330,base,ciopt,4,13,NaN,17,2,-26,99,2,Middle,Down,0
330,base,ciopt,4,13,NaN,19,4,26,99,1,Middle,Down,0
330,base,ciopt,4,13,NaN,25,6,-104,66,2,Outer,Up,0
330,base,ciopt,4,13,NaN,33,14,104,66,1,Outer,Up,0
330,base,ciopt,4,13,NaN,40,18,-26,33,2,Inner,Down,0
330,base,ciopt,4,13,NaN,49,24,-130,0,3,Outer,Down,0
330,base,ciopt,4,13,NaN,56,31,52,0,1,Inner,Up,0
330,base,ciopt,4,13,NaN,59,34,130,0,1,Outer,Down,0
330,base,ciopt,4,13,NaN,65,37,-52,-33,3,Inner,Up,0
330,base,ciopt,4,13,NaN,75,44,-104,-66,3,Outer,Up,0
330,base,ciopt,4,13,NaN,83,52,104,-66,4,Outer,Up,0
330,base,ciopt,4,13,NaN,89,54,-26,-99,3,Middle,Down,0
330,base,ciopt,4,13,NaN,91,56,26,-99,4,Middle,Down,0
331,mandatory,poisson_f,4,13,NaN,16,1,-52,99,2,Outer,Up,0
331,mandatory,poisson_f,4,13,NaN,18,3,0,99,2,Middle,Up,1
331,mandatory,poisson_f,4,13,NaN,20,5,52,99,1,Outer,Up,0
331,mandatory,poisson_f,4,13,NaN,25,6,-104,66,2,Outer,Up,0
331,mandatory,poisson_f,4,13,NaN,33,14,104,66,1,Outer,Up,0
331,mandatory,poisson_f,4,13,NaN,49,24,-130,0,3,Outer,Down,0
331,mandatory,poisson_f,4,13,NaN,51,26,-78,0,3,Middle,Down,1
331,mandatory,poisson_f,4,13,NaN,54,29,0,0,1,Inner,Up,1
331,mandatory,poisson_f,4,13,NaN,57,32,78,0,1,Middle,Down,1
331,mandatory,poisson_f,4,13,NaN,59,34,130,0,1,Outer,Down,0
331,mandatory,poisson_f,4,13,NaN,75,44,-104,-66,3,Outer,Up,0
331,mandatory,poisson_f,4,13,NaN,82,51,78,-66,4,Middle,Down,0
331,mandatory,poisson_f,4,13,NaN,90,55,0,-99,4,Middle,Up,1
332,mandatory,human_f,4,13,NaN,17,2,-26,99,2,Middle,Down,0
332,mandatory,human_f,4,13,NaN,18,3,0,99,2,Middle,Up,1
332,mandatory,human_f,4,13,NaN,32,13,78,66,1,Middle,Down,0
332,mandatory,human_f,4,13,NaN,37,15,-104,33,2,Outer,Up,0
332,mandatory,human_f,4,13,NaN,39,17,-52,33,2,Inner,Up,0
332,mandatory,human_f,4,13,NaN,51,26,-78,0,3,Middle,Down,1
332,mandatory,human_f,4,13,NaN,54,29,0,0,1,Inner,Up,1
332,mandatory,human_f,4,13,NaN,57,32,78,0,1,Middle,Down,1
332,mandatory,human_f,4,13,NaN,69,41,52,-33,4,Inner,Up,0
332,mandatory,human_f,4,13,NaN,71,43,104,-33,4,Outer,Up,0
332,mandatory,human_f,4,13,NaN,76,45,-78,-66,3,Middle,Down,0
332,mandatory,human_f,4,13,NaN,90,55,0,-99,4,Middle,Up,1
332,mandatory,human_f,4,13,NaN,91,56,26,-99,4,Middle,Down,0
333,mandatory,dopt_aug,4,13,NaN,18,3,0,99,2,Middle,Up,1
333,mandatory,dopt_aug,4,13,NaN,20,5,52,99,1,Outer,Up,0
333,mandatory,dopt_aug,4,13,NaN,25,6,-104,66,2,Outer,Up,0
333,mandatory,dopt_aug,4,13,NaN,33,14,104,66,1,Outer,Up,0
333,mandatory,dopt_aug,4,13,NaN,49,24,-130,0,3,Outer,Down,0
333,mandatory,dopt_aug,4,13,NaN,51,26,-78,0,3,Middle,Down,1
333,mandatory,dopt_aug,4,13,NaN,54,29,0,0,1,Inner,Up,1
333,mandatory,dopt_aug,4,13,NaN,57,32,78,0,1,Middle,Down,1
333,mandatory,dopt_aug,4,13,NaN,59,34,130,0,1,Outer,Down,0
333,mandatory,dopt_aug,4,13,NaN,75,44,-104,-66,3,Outer,Up,0
333,mandatory,dopt_aug,4,13,NaN,83,52,104,-66,4,Outer,Up,0
333,mandatory,dopt_aug,4,13,NaN,90,55,0,-99,4,Middle,Up,1
333,mandatory,dopt_aug,4,13,NaN,92,57,52,-99,4,Outer,Up,0
334,mandatory,iopt_aug,4,13,NaN,16,1,-52,99,2,Outer,Up,0
334,mandatory,iopt_aug,4,13,NaN,18,3,0,99,2,Middle,Up,1
334,mandatory,iopt_aug,4,13,NaN,20,5,52,99,1,Outer,Up,0
334,mandatory,iopt_aug,4,13,NaN,49,24,-130,0,3,Outer,Down,0
334,mandatory,iopt_aug,4,13,NaN,51,26,-78,0,3,Middle,Down,1
334,mandatory,iopt_aug,4,13,NaN,54,29,0,0,1,Inner,Up,1
334,mandatory,iopt_aug,4,13,NaN,57,32,78,0,1,Middle,Down,1
334,mandatory,iopt_aug,4,13,NaN,59,34,130,0,1,Outer,Down,0
334,mandatory,iopt_aug,4,13,NaN,75,44,-104,-66,3,Outer,Up,0
334,mandatory,iopt_aug,4,13,NaN,83,52,104,-66,4,Outer,Up,0
334,mandatory,iopt_aug,4,13,NaN,88,53,-52,-99,3,Outer,Up,0
334,mandatory,iopt_aug,4,13,NaN,90,55,0,-99,4,Middle,Up,1
334,mandatory,iopt_aug,4,13,NaN,92,57,52,-99,4,Outer,Up,0
335,mandatory,cdopt_naive,4,13,NaN,16,1,-52,99,2,Outer,Up,0
335,mandatory,cdopt_naive,4,13,NaN,18,3,0,99,2,Middle,Up,1
335,mandatory,cdopt_naive,4,13,NaN,20,5,52,99,1,Outer,Up,0
335,mandatory,cdopt_naive,4,13,NaN,42,20,26,33,1,Inner,Down,0
335,mandatory,cdopt_naive,4,13,NaN,49,24,-130,0,3,Outer,Down,0
335,mandatory,cdopt_naive,4,13,NaN,51,26,-78,0,3,Middle,Down,1
335,mandatory,cdopt_naive,4,13,NaN,54,29,0,0,1,Inner,Up,1
335,mandatory,cdopt_naive,4,13,NaN,57,32,78,0,1,Middle,Down,1
335,mandatory,cdopt_naive,4,13,NaN,59,34,130,0,1,Outer,Down,0
335,mandatory,cdopt_naive,4,13,NaN,66,38,-26,-33,3,Inner,Down,0
335,mandatory,cdopt_naive,4,13,NaN,88,53,-52,-99,3,Outer,Up,0
335,mandatory,cdopt_naive,4,13,NaN,90,55,0,-99,4,Middle,Up,1
335,mandatory,cdopt_naive,4,13,NaN,92,57,52,-99,4,Outer,Up,0
336,mandatory,ciopt_naive,4,13,NaN,16,1,-52,99,2,Outer,Up,0
336,mandatory,ciopt_naive,4,13,NaN,18,3,0,99,2,Middle,Up,1
336,mandatory,ciopt_naive,4,13,NaN,20,5,52,99,1,Outer,Up,0
336,mandatory,ciopt_naive,4,13,NaN,49,24,-130,0,3,Outer,Down,0
336,mandatory,ciopt_naive,4,13,NaN,51,26,-78,0,3,Middle,Down,1
336,mandatory,ciopt_naive,4,13,NaN,53,28,-26,0,3,Inner,Down,0
336,mandatory,ciopt_naive,4,13,NaN,54,29,0,0,1,Inner,Up,1
336,mandatory,ciopt_naive,4,13,NaN,55,30,26,0,1,Inner,Down,0
336,mandatory,ciopt_naive,4,13,NaN,57,32,78,0,1,Middle,Down,1
336,mandatory,ciopt_naive,4,13,NaN,59,34,130,0,1,Outer,Down,0
336,mandatory,ciopt_naive,4,13,NaN,88,53,-52,-99,3,Outer,Up,0
336,mandatory,ciopt_naive,4,13,NaN,90,55,0,-99,4,Middle,Up,1
336,mandatory,ciopt_naive,4,13,NaN,92,57,52,-99,4,Outer,Up,0
337,mandatory,cdopt_aug,4,13,NaN,18,3,0,99,2,Middle,Up,1
337,mandatory,cdopt_aug,4,13,NaN,25,6,-104,66,2,Outer,Up,0
337,mandatory,cdopt_aug,4,13,NaN,30,11,26,66,1,Inner,Down,0
337,mandatory,cdopt_aug,4,13,NaN,33,14,104,66,1,Outer,Up,0
337,mandatory,cdopt_aug,4,13,NaN,49,24,-130,0,3,Outer,Down,0
337,mandatory,cdopt_aug,4,13,NaN,51,26,-78,0,3,Middle,Down,1
337,mandatory,cdopt_aug,4,13,NaN,54,29,0,0,1,Inner,Up,1
337,mandatory,cdopt_aug,4,13,NaN,57,32,78,0,1,Middle,Down,1
337,mandatory,cdopt_aug,4,13,NaN,59,34,130,0,1,Outer,Down,0
337,mandatory,cdopt_aug,4,13,NaN,75,44,-104,-66,3,Outer,Up,0
337,mandatory,cdopt_aug,4,13,NaN,80,49,26,-66,4,Inner,Down,0
337,mandatory,cdopt_aug,4,13,NaN,83,52,104,-66,4,Outer,Up,0
337,mandatory,cdopt_aug,4,13,NaN,90,55,0,-99,4,Middle,Up,1
338,mandatory,ciopt_aug,4,13,NaN,16,1,-52,99,2,Outer,Up,0
338,mandatory,ciopt_aug,4,13,NaN,18,3,0,99,2,Middle,Up,1
338,mandatory,ciopt_aug,4,13,NaN,28,9,-26,66,2,Inner,Down,0
338,mandatory,ciopt_aug,4,13,NaN,33,14,104,66,1,Outer,Up,0
338,mandatory,ciopt_aug,4,13,NaN,49,24,-130,0,3,Outer,Down,0
338,mandatory,ciopt_aug,4,13,NaN,51,26,-78,0,3,Middle,Down,1
338,mandatory,ciopt_aug,4,13,NaN,54,29,0,0,1,Inner,Up,1
338,mandatory,ciopt_aug,4,13,NaN,57,32,78,0,1,Middle,Down,1
338,mandatory,ciopt_aug,4,13,NaN,59,34,130,0,1,Outer,Down,0
338,mandatory,ciopt_aug,4,13,NaN,78,47,-26,-66,3,Inner,Down,0
338,mandatory,ciopt_aug,4,13,NaN,83,52,104,-66,4,Outer,Up,0
338,mandatory,ciopt_aug,4,13,NaN,88,53,-52,-99,3,Outer,Up,0
338,mandatory,ciopt_aug,4,13,NaN,90,55,0,-99,4,Middle,Up,1
339,base,poisson,4,14,NaN,16,1,-52,99,2,Outer,Up,0
339,base,poisson,4,14,NaN,20,5,52,99,1,Outer,Up,0
339,base,poisson,4,14,NaN,29,10,0,66,2,Inner,Up,0
339,base,poisson,4,14,NaN,33,14,104,66,1,Outer,Up,0
339,base,poisson,4,14,NaN,38,16,-78,33,2,Middle,Down,0
339,base,poisson,4,14,NaN,43,21,52,33,1,Inner,Up,0
339,base,poisson,4,14,NaN,49,24,-130,0,3,Outer,Down,0
339,base,poisson,4,14,NaN,59,34,130,0,1,Outer,Down,0
339,base,poisson,4,14,NaN,65,37,-52,-33,3,Inner,Up,0
339,base,poisson,4,14,NaN,68,40,26,-33,4,Inner,Down,0
339,base,poisson,4,14,NaN,75,44,-104,-66,3,Outer,Up,0
339,base,poisson,4,14,NaN,82,51,78,-66,4,Middle,Down,0
339,base,poisson,4,14,NaN,88,53,-52,-99,3,Outer,Up,0
339,base,poisson,4,14,NaN,91,56,26,-99,4,Middle,Down,0
340,base,human,4,14,NaN,16,1,-52,99,2,Outer,Up,0
340,base,human,4,14,NaN,18,3,0,99,2,Middle,Up,0
340,base,human,4,14,NaN,29,10,0,66,2,Inner,Up,0
340,base,human,4,14,NaN,32,13,78,66,1,Middle,Down,0
340,base,human,4,14,NaN,37,15,-104,33,2,Outer,Up,0
340,base,human,4,14,NaN,51,26,-78,0,3,Middle,Down,0
340,base,human,4,14,NaN,54,29,0,0,1,Inner,Up,0
340,base,human,4,14,NaN,57,32,78,0,1,Middle,Down,0
340,base,human,4,14,NaN,58,33,104,0,1,Middle,Up,0
340,base,human,4,14,NaN,63,35,-104,-33,3,Outer,Up,0
340,base,human,4,14,NaN,79,48,0,-66,4,Inner,Up,0
340,base,human,4,14,NaN,83,52,104,-66,4,Outer,Up,0
340,base,human,4,14,NaN,88,53,-52,-99,3,Outer,Up,0
340,base,human,4,14,NaN,91,56,26,-99,4,Middle,Down,0
341,base,dopt,4,14,NaN,16,1,-52,99,2,Outer,Up,0
341,base,dopt,4,14,NaN,18,3,0,99,2,Middle,Up,0
341,base,dopt,4,14,NaN,20,5,52,99,1,Outer,Up,0
341,base,dopt,4,14,NaN,25,6,-104,66,2,Outer,Up,0
341,base,dopt,4,14,NaN,33,14,104,66,1,Outer,Up,0
341,base,dopt,4,14,NaN,49,24,-130,0,3,Outer,Down,0
341,base,dopt,4,14,NaN,52,27,-52,0,3,Inner,Up,0
341,base,dopt,4,14,NaN,55,30,26,0,1,Inner,Down,0
341,base,dopt,4,14,NaN,59,34,130,0,1,Outer,Down,0
341,base,dopt,4,14,NaN,75,44,-104,-66,3,Outer,Up,0
341,base,dopt,4,14,NaN,83,52,104,-66,4,Outer,Up,0
341,base,dopt,4,14,NaN,88,53,-52,-99,3,Outer,Up,0
341,base,dopt,4,14,NaN,90,55,0,-99,4,Middle,Up,0
341,base,dopt,4,14,NaN,92,57,52,-99,4,Outer,Up,0
342,base,iopt,4,14,NaN,16,1,-52,99,2,Outer,Up,0
342,base,iopt,4,14,NaN,18,3,0,99,2,Middle,Up,0
342,base,iopt,4,14,NaN,20,5,52,99,1,Outer,Up,0
342,base,iopt,4,14,NaN,25,6,-104,66,2,Outer,Up,0
342,base,iopt,4,14,NaN,33,14,104,66,1,Outer,Up,0
342,base,iopt,4,14,NaN,49,24,-130,0,3,Outer,Down,0
342,base,iopt,4,14,NaN,52,27,-52,0,3,Inner,Up,0
342,base,iopt,4,14,NaN,55,30,26,0,1,Inner,Down,0
342,base,iopt,4,14,NaN,59,34,130,0,1,Outer,Down,0
342,base,iopt,4,14,NaN,75,44,-104,-66,3,Outer,Up,0
342,base,iopt,4,14,NaN,83,52,104,-66,4,Outer,Up,0
342,base,iopt,4,14,NaN,88,53,-52,-99,3,Outer,Up,0
342,base,iopt,4,14,NaN,90,55,0,-99,4,Middle,Up,0
342,base,iopt,4,14,NaN,92,57,52,-99,4,Outer,Up,0
343,base,cdopt,4,14,NaN,17,2,-26,99,2,Middle,Down,0
343,base,cdopt,4,14,NaN,19,4,26,99,1,Middle,Down,0
343,base,cdopt,4,14,NaN,25,6,-104,66,2,Outer,Up,0
343,base,cdopt,4,14,NaN,33,14,104,66,1,Outer,Up,0
343,base,cdopt,4,14,NaN,40,18,-26,33,2,Inner,Down,0
343,base,cdopt,4,14,NaN,49,24,-130,0,3,Outer,Down,0
343,base,cdopt,4,14,NaN,56,31,52,0,1,Inner,Up,0
343,base,cdopt,4,14,NaN,59,34,130,0,1,Outer,Down,0
343,base,cdopt,4,14,NaN,65,37,-52,-33,3,Inner,Up,0
343,base,cdopt,4,14,NaN,75,44,-104,-66,3,Outer,Up,0
343,base,cdopt,4,14,NaN,83,52,104,-66,4,Outer,Up,0
343,base,cdopt,4,14,NaN,89,54,-26,-99,3,Middle,Down,0
343,base,cdopt,4,14,NaN,91,56,26,-99,4,Middle,Down,0
343,base,cdopt,4,14,NaN,92,57,52,-99,4,Outer,Up,0
344,base,ciopt,4,14,NaN,16,1,-52,99,2,Outer,Up,0
344,base,ciopt,4,14,NaN,19,4,26,99,1,Middle,Down,0
344,base,ciopt,4,14,NaN,25,6,-104,66,2,Outer,Up,0
344,base,ciopt,4,14,NaN,30,11,26,66,1,Inner,Down,0
344,base,ciopt,4,14,NaN,33,14,104,66,1,Outer,Up,0
344,base,ciopt,4,14,NaN,49,24,-130,0,3,Outer,Down,0
344,base,ciopt,4,14,NaN,52,27,-52,0,3,Inner,Up,0
344,base,ciopt,4,14,NaN,55,30,26,0,1,Inner,Down,0
344,base,ciopt,4,14,NaN,59,34,130,0,1,Outer,Down,0
344,base,ciopt,4,14,NaN,75,44,-104,-66,3,Outer,Up,0
344,base,ciopt,4,14,NaN,83,52,104,-66,4,Outer,Up,0
344,base,ciopt,4,14,NaN,89,54,-26,-99,3,Middle,Down,0
344,base,ciopt,4,14,NaN,90,55,0,-99,4,Middle,Up,0
344,base,ciopt,4,14,NaN,91,56,26,-99,4,Middle,Down,0
345,mandatory,poisson_f,4,14,NaN,18,3,0,99,2,Middle,Up,1
345,mandatory,poisson_f,4,14,NaN,25,6,-104,66,2,Outer,Up,0
345,mandatory,poisson_f,4,14,NaN,27,8,-52,66,2,Middle,Up,0
345,mandatory,poisson_f,4,14,NaN,33,14,104,66,1,Outer,Up,0
345,mandatory,poisson_f,4,14,NaN,49,24,-130,0,3,Outer,Down,0
345,mandatory,poisson_f,4,14,NaN,51,26,-78,0,3,Middle,Down,1
345,mandatory,poisson_f,4,14,NaN,54,29,0,0,1,Inner,Up,1
345,mandatory,poisson_f,4,14,NaN,57,32,78,0,1,Middle,Down,1
345,mandatory,poisson_f,4,14,NaN,59,34,130,0,1,Outer,Down,0
345,mandatory,poisson_f,4,14,NaN,75,44,-104,-66,3,Outer,Up,0
345,mandatory,poisson_f,4,14,NaN,81,50,52,-66,4,Middle,Up,0
345,mandatory,poisson_f,4,14,NaN,83,52,104,-66,4,Outer,Up,0
345,mandatory,poisson_f,4,14,NaN,88,53,-52,-99,3,Outer,Up,0
345,mandatory,poisson_f,4,14,NaN,90,55,0,-99,4,Middle,Up,1
346,mandatory,human_f,4,14,NaN,17,2,-26,99,2,Middle,Down,0
346,mandatory,human_f,4,14,NaN,18,3,0,99,2,Middle,Up,1
346,mandatory,human_f,4,14,NaN,28,9,-26,66,2,Inner,Down,0
346,mandatory,human_f,4,14,NaN,32,13,78,66,1,Middle,Down,0
346,mandatory,human_f,4,14,NaN,37,15,-104,33,2,Outer,Up,0
346,mandatory,human_f,4,14,NaN,51,26,-78,0,3,Middle,Down,1
346,mandatory,human_f,4,14,NaN,54,29,0,0,1,Inner,Up,1
346,mandatory,human_f,4,14,NaN,57,32,78,0,1,Middle,Down,1
346,mandatory,human_f,4,14,NaN,65,37,-52,-33,3,Inner,Up,0
346,mandatory,human_f,4,14,NaN,70,42,78,-33,4,Middle,Down,0
346,mandatory,human_f,4,14,NaN,71,43,104,-33,4,Outer,Up,0
346,mandatory,human_f,4,14,NaN,76,45,-78,-66,3,Middle,Down,0
346,mandatory,human_f,4,14,NaN,90,55,0,-99,4,Middle,Up,1
346,mandatory,human_f,4,14,NaN,91,56,26,-99,4,Middle,Down,0
347,mandatory,dopt_aug,4,14,NaN,16,1,-52,99,2,Outer,Up,0
347,mandatory,dopt_aug,4,14,NaN,18,3,0,99,2,Middle,Up,1
347,mandatory,dopt_aug,4,14,NaN,20,5,52,99,1,Outer,Up,0
347,mandatory,dopt_aug,4,14,NaN,25,6,-104,66,2,Outer,Up,0
347,mandatory,dopt_aug,4,14,NaN,33,14,104,66,1,Outer,Up,0
347,mandatory,dopt_aug,4,14,NaN,49,24,-130,0,3,Outer,Down,0
347,mandatory,dopt_aug,4,14,NaN,51,26,-78,0,3,Middle,Down,1
347,mandatory,dopt_aug,4,14,NaN,54,29,0,0,1,Inner,Up,1
347,mandatory,dopt_aug,4,14,NaN,57,32,78,0,1,Middle,Down,1
347,mandatory,dopt_aug,4,14,NaN,59,34,130,0,1,Outer,Down,0
347,mandatory,dopt_aug,4,14,NaN,75,44,-104,-66,3,Outer,Up,0
347,mandatory,dopt_aug,4,14,NaN,83,52,104,-66,4,Outer,Up,0
347,mandatory,dopt_aug,4,14,NaN,88,53,-52,-99,3,Outer,Up,0
347,mandatory,dopt_aug,4,14,NaN,90,55,0,-99,4,Middle,Up,1
348,mandatory,iopt_aug,4,14,NaN,16,1,-52,99,2,Outer,Up,0
348,mandatory,iopt_aug,4,14,NaN,18,3,0,99,2,Middle,Up,1
348,mandatory,iopt_aug,4,14,NaN,20,5,52,99,1,Outer,Up,0
348,mandatory,iopt_aug,4,14,NaN,25,6,-104,66,2,Outer,Up,0
348,mandatory,iopt_aug,4,14,NaN,33,14,104,66,1,Outer,Up,0
348,mandatory,iopt_aug,4,14,NaN,51,26,-78,0,3,Middle,Down,1
348,mandatory,iopt_aug,4,14,NaN,54,29,0,0,1,Inner,Up,1
348,mandatory,iopt_aug,4,14,NaN,57,32,78,0,1,Middle,Down,1
348,mandatory,iopt_aug,4,14,NaN,59,34,130,0,1,Outer,Down,0
348,mandatory,iopt_aug,4,14,NaN,75,44,-104,-66,3,Outer,Up,0
348,mandatory,iopt_aug,4,14,NaN,83,52,104,-66,4,Outer,Up,0
348,mandatory,iopt_aug,4,14,NaN,88,53,-52,-99,3,Outer,Up,0
348,mandatory,iopt_aug,4,14,NaN,90,55,0,-99,4,Middle,Up,1
348,mandatory,iopt_aug,4,14,NaN,92,57,52,-99,4,Outer,Up,0
349,mandatory,cdopt_naive,4,14,NaN,16,1,-52,99,2,Outer,Up,0
349,mandatory,cdopt_naive,4,14,NaN,18,3,0,99,2,Middle,Up,1
349,mandatory,cdopt_naive,4,14,NaN,20,5,52,99,1,Outer,Up,0
349,mandatory,cdopt_naive,4,14,NaN,49,24,-130,0,3,Outer,Down,0
349,mandatory,cdopt_naive,4,14,NaN,51,26,-78,0,3,Middle,Down,1
349,mandatory,cdopt_naive,4,14,NaN,54,29,0,0,1,Inner,Up,1
349,mandatory,cdopt_naive,4,14,NaN,55,30,26,0,1,Inner,Down,0
349,mandatory,cdopt_naive,4,14,NaN,57,32,78,0,1,Middle,Down,1
349,mandatory,cdopt_naive,4,14,NaN,59,34,130,0,1,Outer,Down,0
349,mandatory,cdopt_naive,4,14,NaN,75,44,-104,-66,3,Outer,Up,0
349,mandatory,cdopt_naive,4,14,NaN,78,47,-26,-66,3,Inner,Down,0
349,mandatory,cdopt_naive,4,14,NaN,83,52,104,-66,4,Outer,Up,0
349,mandatory,cdopt_naive,4,14,NaN,90,55,0,-99,4,Middle,Up,1
349,mandatory,cdopt_naive,4,14,NaN,91,56,26,-99,4,Middle,Down,0
350,mandatory,ciopt_naive,4,14,NaN,16,1,-52,99,2,Outer,Up,0
350,mandatory,ciopt_naive,4,14,NaN,18,3,0,99,2,Middle,Up,1
350,mandatory,ciopt_naive,4,14,NaN,20,5,52,99,1,Outer,Up,0
350,mandatory,ciopt_naive,4,14,NaN,42,20,26,33,1,Inner,Down,0
350,mandatory,ciopt_naive,4,14,NaN,49,24,-130,0,3,Outer,Down,0
350,mandatory,ciopt_naive,4,14,NaN,51,26,-78,0,3,Middle,Down,1
350,mandatory,ciopt_naive,4,14,NaN,53,28,-26,0,3,Inner,Down,0
350,mandatory,ciopt_naive,4,14,NaN,54,29,0,0,1,Inner,Up,1
350,mandatory,ciopt_naive,4,14,NaN,57,32,78,0,1,Middle,Down,1
350,mandatory,ciopt_naive,4,14,NaN,59,34,130,0,1,Outer,Down,0
350,mandatory,ciopt_naive,4,14,NaN,83,52,104,-66,4,Outer,Up,0
350,mandatory,ciopt_naive,4,14,NaN,88,53,-52,-99,3,Outer,Up,0
350,mandatory,ciopt_naive,4,14,NaN,90,55,0,-99,4,Middle,Up,1
350,mandatory,ciopt_naive,4,14,NaN,91,56,26,-99,4,Middle,Down,0
351,mandatory,cdopt_aug,4,14,NaN,18,3,0,99,2,Middle,Up,1
351,mandatory,cdopt_aug,4,14,NaN,25,6,-104,66,2,Outer,Up,0
351,mandatory,cdopt_aug,4,14,NaN,28,9,-26,66,2,Inner,Down,0
351,mandatory,cdopt_aug,4,14,NaN,33,14,104,66,1,Outer,Up,0
351,mandatory,cdopt_aug,4,14,NaN,49,24,-130,0,3,Outer,Down,0
351,mandatory,cdopt_aug,4,14,NaN,51,26,-78,0,3,Middle,Down,1
351,mandatory,cdopt_aug,4,14,NaN,54,29,0,0,1,Inner,Up,1
351,mandatory,cdopt_aug,4,14,NaN,57,32,78,0,1,Middle,Down,1
351,mandatory,cdopt_aug,4,14,NaN,59,34,130,0,1,Outer,Down,0
351,mandatory,cdopt_aug,4,14,NaN,75,44,-104,-66,3,Outer,Up,0
351,mandatory,cdopt_aug,4,14,NaN,78,47,-26,-66,3,Inner,Down,0
351,mandatory,cdopt_aug,4,14,NaN,83,52,104,-66,4,Outer,Up,0
351,mandatory,cdopt_aug,4,14,NaN,90,55,0,-99,4,Middle,Up,1
351,mandatory,cdopt_aug,4,14,NaN,91,56,26,-99,4,Middle,Down,0
352,mandatory,ciopt_aug,4,14,NaN,16,1,-52,99,2,Outer,Up,0
352,mandatory,ciopt_aug,4,14,NaN,18,3,0,99,2,Middle,Up,1
352,mandatory,ciopt_aug,4,14,NaN,20,5,52,99,1,Outer,Up,0
352,mandatory,ciopt_aug,4,14,NaN,28,9,-26,66,2,Inner,Down,0
352,mandatory,ciopt_aug,4,14,NaN,49,24,-130,0,3,Outer,Down,0
352,mandatory,ciopt_aug,4,14,NaN,51,26,-78,0,3,Middle,Down,1
352,mandatory,ciopt_aug,4,14,NaN,54,29,0,0,1,Inner,Up,1
352,mandatory,ciopt_aug,4,14,NaN,57,32,78,0,1,Middle,Down,1
352,mandatory,ciopt_aug,4,14,NaN,59,34,130,0,1,Outer,Down,0
352,mandatory,ciopt_aug,4,14,NaN,75,44,-104,-66,3,Outer,Up,0
352,mandatory,ciopt_aug,4,14,NaN,80,49,26,-66,4,Inner,Down,0
352,mandatory,ciopt_aug,4,14,NaN,83,52,104,-66,4,Outer,Up,0
352,mandatory,ciopt_aug,4,14,NaN,89,54,-26,-99,3,Middle,Down,0
352,mandatory,ciopt_aug,4,14,NaN,90,55,0,-99,4,Middle,Up,1
353,base,poisson,4,15,NaN,16,1,-52,99,2,Outer,Up,0
353,base,poisson,4,15,NaN,20,5,52,99,1,Outer,Up,0
353,base,poisson,4,15,NaN,25,6,-104,66,2,Outer,Up,0
353,base,poisson,4,15,NaN,29,10,0,66,2,Inner,Up,0
353,base,poisson,4,15,NaN,33,14,104,66,1,Outer,Up,0
353,base,poisson,4,15,NaN,39,17,-52,33,2,Inner,Up,0
353,base,poisson,4,15,NaN,49,24,-130,0,3,Outer,Down,0
353,base,poisson,4,15,NaN,56,31,52,0,1,Inner,Up,0
353,base,poisson,4,15,NaN,59,34,130,0,1,Outer,Down,0
353,base,poisson,4,15,NaN,65,37,-52,-33,3,Inner,Up,0
353,base,poisson,4,15,NaN,75,44,-104,-66,3,Outer,Up,0
353,base,poisson,4,15,NaN,79,48,0,-66,4,Inner,Up,0
353,base,poisson,4,15,NaN,83,52,104,-66,4,Outer,Up,0
353,base,poisson,4,15,NaN,88,53,-52,-99,3,Outer,Up,0
353,base,poisson,4,15,NaN,92,57,52,-99,4,Outer,Up,0
354,base,human,4,15,NaN,16,1,-52,99,2,Outer,Up,0
354,base,human,4,15,NaN,18,3,0,99,2,Middle,Up,0
354,base,human,4,15,NaN,29,10,0,66,2,Inner,Up,0
354,base,human,4,15,NaN,32,13,78,66,1,Middle,Down,0
354,base,human,4,15,NaN,37,15,-104,33,2,Outer,Up,0
354,base,human,4,15,NaN,39,17,-52,33,2,Inner,Up,0
354,base,human,4,15,NaN,54,29,0,0,1,Inner,Up,0
354,base,human,4,15,NaN,57,32,78,0,1,Middle,Down,0
354,base,human,4,15,NaN,58,33,104,0,1,Middle,Up,0
354,base,human,4,15,NaN,63,35,-104,-33,3,Outer,Up,0
354,base,human,4,15,NaN,65,37,-52,-33,3,Inner,Up,0
354,base,human,4,15,NaN,80,49,26,-66,4,Inner,Down,0
354,base,human,4,15,NaN,83,52,104,-66,4,Outer,Up,0
354,base,human,4,15,NaN,88,53,-52,-99,3,Outer,Up,0
354,base,human,4,15,NaN,91,56,26,-99,4,Middle,Down,0
355,base,dopt,4,15,NaN,16,1,-52,99,2,Outer,Up,0
355,base,dopt,4,15,NaN,18,3,0,99,2,Middle,Up,0
355,base,dopt,4,15,NaN,20,5,52,99,1,Outer,Up,0
355,base,dopt,4,15,NaN,25,6,-104,66,2,Outer,Up,0
355,base,dopt,4,15,NaN,33,14,104,66,1,Outer,Up,0
355,base,dopt,4,15,NaN,49,24,-130,0,3,Outer,Down,0
355,base,dopt,4,15,NaN,51,26,-78,0,3,Middle,Down,0
355,base,dopt,4,15,NaN,54,29,0,0,1,Inner,Up,0
355,base,dopt,4,15,NaN,57,32,78,0,1,Middle,Down,0
355,base,dopt,4,15,NaN,59,34,130,0,1,Outer,Down,0
355,base,dopt,4,15,NaN,75,44,-104,-66,3,Outer,Up,0
355,base,dopt,4,15,NaN,83,52,104,-66,4,Outer,Up,0
355,base,dopt,4,15,NaN,88,53,-52,-99,3,Outer,Up,0
355,base,dopt,4,15,NaN,90,55,0,-99,4,Middle,Up,0
355,base,dopt,4,15,NaN,92,57,52,-99,4,Outer,Up,0
356,base,iopt,4,15,NaN,16,1,-52,99,2,Outer,Up,0
356,base,iopt,4,15,NaN,17,2,-26,99,2,Middle,Down,0
356,base,iopt,4,15,NaN,19,4,26,99,1,Middle,Down,0
356,base,iopt,4,15,NaN,20,5,52,99,1,Outer,Up,0
356,base,iopt,4,15,NaN,25,6,-104,66,2,Outer,Up,0
356,base,iopt,4,15,NaN,33,14,104,66,1,Outer,Up,0
356,base,iopt,4,15,NaN,49,24,-130,0,3,Outer,Down,0
356,base,iopt,4,15,NaN,52,27,-52,0,3,Inner,Up,0
356,base,iopt,4,15,NaN,55,30,26,0,1,Inner,Down,0
356,base,iopt,4,15,NaN,59,34,130,0,1,Outer,Down,0
356,base,iopt,4,15,NaN,75,44,-104,-66,3,Outer,Up,0
356,base,iopt,4,15,NaN,83,52,104,-66,4,Outer,Up,0
356,base,iopt,4,15,NaN,88,53,-52,-99,3,Outer,Up,0
356,base,iopt,4,15,NaN,90,55,0,-99,4,Middle,Up,0
356,base,iopt,4,15,NaN,92,57,52,-99,4,Outer,Up,0
357,base,cdopt,4,15,NaN,17,2,-26,99,2,Middle,Down,0
357,base,cdopt,4,15,NaN,19,4,26,99,1,Middle,Down,0
357,base,cdopt,4,15,NaN,25,6,-104,66,2,Outer,Up,0
357,base,cdopt,4,15,NaN,33,14,104,66,1,Outer,Up,0
357,base,cdopt,4,15,NaN,38,16,-78,33,2,Middle,Down,0
357,base,cdopt,4,15,NaN,43,21,52,33,1,Inner,Up,0
357,base,cdopt,4,15,NaN,49,24,-130,0,3,Outer,Down,0
357,base,cdopt,4,15,NaN,53,28,-26,0,3,Inner,Down,0
357,base,cdopt,4,15,NaN,59,34,130,0,1,Outer,Down,0
357,base,cdopt,4,15,NaN,69,41,52,-33,4,Inner,Up,0
357,base,cdopt,4,15,NaN,75,44,-104,-66,3,Outer,Up,0
357,base,cdopt,4,15,NaN,83,52,104,-66,4,Outer,Up,0
357,base,cdopt,4,15,NaN,88,53,-52,-99,3,Outer,Up,0
357,base,cdopt,4,15,NaN,89,54,-26,-99,3,Middle,Down,0
357,base,cdopt,4,15,NaN,91,56,26,-99,4,Middle,Down,0
358,base,ciopt,4,15,NaN,17,2,-26,99,2,Middle,Down,0
358,base,ciopt,4,15,NaN,18,3,0,99,2,Middle,Up,0
358,base,ciopt,4,15,NaN,20,5,52,99,1,Outer,Up,0
358,base,ciopt,4,15,NaN,25,6,-104,66,2,Outer,Up,0
358,base,ciopt,4,15,NaN,32,13,78,66,1,Middle,Down,0
358,base,ciopt,4,15,NaN,39,17,-52,33,2,Inner,Up,0
358,base,ciopt,4,15,NaN,49,24,-130,0,3,Outer,Down,0
358,base,ciopt,4,15,NaN,56,31,52,0,1,Inner,Up,0
358,base,ciopt,4,15,NaN,59,34,130,0,1,Outer,Down,0
358,base,ciopt,4,15,NaN,66,38,-26,-33,3,Inner,Down,0
358,base,ciopt,4,15,NaN,75,44,-104,-66,3,Outer,Up,0
358,base,ciopt,4,15,NaN,83,52,104,-66,4,Outer,Up,0
358,base,ciopt,4,15,NaN,89,54,-26,-99,3,Middle,Down,0
358,base,ciopt,4,15,NaN,91,56,26,-99,4,Middle,Down,0
358,base,ciopt,4,15,NaN,92,57,52,-99,4,Outer,Up,0
359,mandatory,poisson_f,4,15,NaN,16,1,-52,99,2,Outer,Up,0
359,mandatory,poisson_f,4,15,NaN,18,3,0,99,2,Middle,Up,1
359,mandatory,poisson_f,4,15,NaN,25,6,-104,66,2,Outer,Up,0
359,mandatory,poisson_f,4,15,NaN,31,12,52,66,1,Middle,Up,0
359,mandatory,poisson_f,4,15,NaN,33,14,104,66,1,Outer,Up,0
359,mandatory,poisson_f,4,15,NaN,49,24,-130,0,3,Outer,Down,0
359,mandatory,poisson_f,4,15,NaN,51,26,-78,0,3,Middle,Down,1
359,mandatory,poisson_f,4,15,NaN,54,29,0,0,1,Inner,Up,1
359,mandatory,poisson_f,4,15,NaN,57,32,78,0,1,Middle,Down,1
359,mandatory,poisson_f,4,15,NaN,59,34,130,0,1,Outer,Down,0
359,mandatory,poisson_f,4,15,NaN,75,44,-104,-66,3,Outer,Up,0
359,mandatory,poisson_f,4,15,NaN,83,52,104,-66,4,Outer,Up,0
359,mandatory,poisson_f,4,15,NaN,88,53,-52,-99,3,Outer,Up,0
359,mandatory,poisson_f,4,15,NaN,90,55,0,-99,4,Middle,Up,1
359,mandatory,poisson_f,4,15,NaN,92,57,52,-99,4,Outer,Up,0
360,mandatory,human_f,4,15,NaN,17,2,-26,99,2,Middle,Down,0
360,mandatory,human_f,4,15,NaN,18,3,0,99,2,Middle,Up,1
360,mandatory,human_f,4,15,NaN,25,6,-104,66,2,Outer,Up,0
360,mandatory,human_f,4,15,NaN,28,9,-26,66,2,Inner,Down,0
360,mandatory,human_f,4,15,NaN,32,13,78,66,1,Middle,Down,0
360,mandatory,human_f,4,15,NaN,51,26,-78,0,3,Middle,Down,1
360,mandatory,human_f,4,15,NaN,54,29,0,0,1,Inner,Up,1
360,mandatory,human_f,4,15,NaN,57,32,78,0,1,Middle,Down,1
360,mandatory,human_f,4,15,NaN,58,33,104,0,1,Middle,Up,0
360,mandatory,human_f,4,15,NaN,63,35,-104,-33,3,Outer,Up,0
360,mandatory,human_f,4,15,NaN,65,37,-52,-33,3,Inner,Up,0
360,mandatory,human_f,4,15,NaN,70,42,78,-33,4,Middle,Down,0
360,mandatory,human_f,4,15,NaN,89,54,-26,-99,3,Middle,Down,0
360,mandatory,human_f,4,15,NaN,90,55,0,-99,4,Middle,Up,1
360,mandatory,human_f,4,15,NaN,92,57,52,-99,4,Outer,Up,0
361,mandatory,dopt_aug,4,15,NaN,16,1,-52,99,2,Outer,Up,0
361,mandatory,dopt_aug,4,15,NaN,18,3,0,99,2,Middle,Up,1
361,mandatory,dopt_aug,4,15,NaN,20,5,52,99,1,Outer,Up,0
361,mandatory,dopt_aug,4,15,NaN,25,6,-104,66,2,Outer,Up,0
361,mandatory,dopt_aug,4,15,NaN,33,14,104,66,1,Outer,Up,0
361,mandatory,dopt_aug,4,15,NaN,49,24,-130,0,3,Outer,Down,0
361,mandatory,dopt_aug,4,15,NaN,51,26,-78,0,3,Middle,Down,1
361,mandatory,dopt_aug,4,15,NaN,54,29,0,0,1,Inner,Up,1
361,mandatory,dopt_aug,4,15,NaN,57,32,78,0,1,Middle,Down,1
361,mandatory,dopt_aug,4,15,NaN,59,34,130,0,1,Outer,Down,0
361,mandatory,dopt_aug,4,15,NaN,75,44,-104,-66,3,Outer,Up,0
361,mandatory,dopt_aug,4,15,NaN,83,52,104,-66,4,Outer,Up,0
361,mandatory,dopt_aug,4,15,NaN,88,53,-52,-99,3,Outer,Up,0
361,mandatory,dopt_aug,4,15,NaN,90,55,0,-99,4,Middle,Up,1
361,mandatory,dopt_aug,4,15,NaN,92,57,52,-99,4,Outer,Up,0
362,mandatory,iopt_aug,4,15,NaN,16,1,-52,99,2,Outer,Up,0
362,mandatory,iopt_aug,4,15,NaN,18,3,0,99,2,Middle,Up,1
362,mandatory,iopt_aug,4,15,NaN,20,5,52,99,1,Outer,Up,0
362,mandatory,iopt_aug,4,15,NaN,25,6,-104,66,2,Outer,Up,0
362,mandatory,iopt_aug,4,15,NaN,33,14,104,66,1,Outer,Up,0
362,mandatory,iopt_aug,4,15,NaN,49,24,-130,0,3,Outer,Down,0
362,mandatory,iopt_aug,4,15,NaN,51,26,-78,0,3,Middle,Down,1
362,mandatory,iopt_aug,4,15,NaN,54,29,0,0,1,Inner,Up,1
362,mandatory,iopt_aug,4,15,NaN,57,32,78,0,1,Middle,Down,1
362,mandatory,iopt_aug,4,15,NaN,59,34,130,0,1,Outer,Down,0
362,mandatory,iopt_aug,4,15,NaN,75,44,-104,-66,3,Outer,Up,0
362,mandatory,iopt_aug,4,15,NaN,83,52,104,-66,4,Outer,Up,0
362,mandatory,iopt_aug,4,15,NaN,88,53,-52,-99,3,Outer,Up,0
362,mandatory,iopt_aug,4,15,NaN,90,55,0,-99,4,Middle,Up,1
362,mandatory,iopt_aug,4,15,NaN,92,57,52,-99,4,Outer,Up,0
363,mandatory,cdopt_naive,4,15,NaN,17,2,-26,99,2,Middle,Down,0
363,mandatory,cdopt_naive,4,15,NaN,18,3,0,99,2,Middle,Up,1
363,mandatory,cdopt_naive,4,15,NaN,25,6,-104,66,2,Outer,Up,0
363,mandatory,cdopt_naive,4,15,NaN,30,11,26,66,1,Inner,Down,0
363,mandatory,cdopt_naive,4,15,NaN,33,14,104,66,1,Outer,Up,0
363,mandatory,cdopt_naive,4,15,NaN,49,24,-130,0,3,Outer,Down,0
363,mandatory,cdopt_naive,4,15,NaN,51,26,-78,0,3,Middle,Down,1
363,mandatory,cdopt_naive,4,15,NaN,53,28,-26,0,3,Inner,Down,0
363,mandatory,cdopt_naive,4,15,NaN,54,29,0,0,1,Inner,Up,1
363,mandatory,cdopt_naive,4,15,NaN,57,32,78,0,1,Middle,Down,1
363,mandatory,cdopt_naive,4,15,NaN,59,34,130,0,1,Outer,Down,0
363,mandatory,cdopt_naive,4,15,NaN,83,52,104,-66,4,Outer,Up,0
363,mandatory,cdopt_naive,4,15,NaN,88,53,-52,-99,3,Outer,Up,0
363,mandatory,cdopt_naive,4,15,NaN,90,55,0,-99,4,Middle,Up,1
363,mandatory,cdopt_naive,4,15,NaN,92,57,52,-99,4,Outer,Up,0
364,mandatory,ciopt_naive,4,15,NaN,17,2,-26,99,2,Middle,Down,0
364,mandatory,ciopt_naive,4,15,NaN,18,3,0,99,2,Middle,Up,1
364,mandatory,ciopt_naive,4,15,NaN,20,5,52,99,1,Outer,Up,0
364,mandatory,ciopt_naive,4,15,NaN,25,6,-104,66,2,Outer,Up,0
364,mandatory,ciopt_naive,4,15,NaN,49,24,-130,0,3,Outer,Down,0
364,mandatory,ciopt_naive,4,15,NaN,51,26,-78,0,3,Middle,Down,1
364,mandatory,ciopt_naive,4,15,NaN,53,28,-26,0,3,Inner,Down,0
364,mandatory,ciopt_naive,4,15,NaN,54,29,0,0,1,Inner,Up,1
364,mandatory,ciopt_naive,4,15,NaN,56,31,52,0,1,Inner,Up,0
364,mandatory,ciopt_naive,4,15,NaN,57,32,78,0,1,Middle,Down,1
364,mandatory,ciopt_naive,4,15,NaN,59,34,130,0,1,Outer,Down,0
364,mandatory,ciopt_naive,4,15,NaN,75,44,-104,-66,3,Outer,Up,0
364,mandatory,ciopt_naive,4,15,NaN,89,54,-26,-99,3,Middle,Down,0
364,mandatory,ciopt_naive,4,15,NaN,90,55,0,-99,4,Middle,Up,1
364,mandatory,ciopt_naive,4,15,NaN,92,57,52,-99,4,Outer,Up,0
365,mandatory,cdopt_aug,4,15,NaN,16,1,-52,99,2,Outer,Up,0
365,mandatory,cdopt_aug,4,15,NaN,18,3,0,99,2,Middle,Up,1
365,mandatory,cdopt_aug,4,15,NaN,25,6,-104,66,2,Outer,Up,0
365,mandatory,cdopt_aug,4,15,NaN,30,11,26,66,1,Inner,Down,0
365,mandatory,cdopt_aug,4,15,NaN,33,14,104,66,1,Outer,Up,0
365,mandatory,cdopt_aug,4,15,NaN,49,24,-130,0,3,Outer,Down,0
365,mandatory,cdopt_aug,4,15,NaN,51,26,-78,0,3,Middle,Down,1
365,mandatory,cdopt_aug,4,15,NaN,54,29,0,0,1,Inner,Up,1
365,mandatory,cdopt_aug,4,15,NaN,57,32,78,0,1,Middle,Down,1
365,mandatory,cdopt_aug,4,15,NaN,59,34,130,0,1,Outer,Down,0
365,mandatory,cdopt_aug,4,15,NaN,75,44,-104,-66,3,Outer,Up,0
365,mandatory,cdopt_aug,4,15,NaN,80,49,26,-66,4,Inner,Down,0
365,mandatory,cdopt_aug,4,15,NaN,83,52,104,-66,4,Outer,Up,0
365,mandatory,cdopt_aug,4,15,NaN,89,54,-26,-99,3,Middle,Down,0
365,mandatory,cdopt_aug,4,15,NaN,90,55,0,-99,4,Middle,Up,1
366,mandatory,ciopt_aug,4,15,NaN,16,1,-52,99,2,Outer,Up,0
366,mandatory,ciopt_aug,4,15,NaN,18,3,0,99,2,Middle,Up,1
366,mandatory,ciopt_aug,4,15,NaN,20,5,52,99,1,Outer,Up,0
366,mandatory,ciopt_aug,4,15,NaN,28,9,-26,66,2,Inner,Down,0
366,mandatory,ciopt_aug,4,15,NaN,49,24,-130,0,3,Outer,Down,0
366,mandatory,ciopt_aug,4,15,NaN,51,26,-78,0,3,Middle,Down,1
366,mandatory,ciopt_aug,4,15,NaN,54,29,0,0,1,Inner,Up,1
366,mandatory,ciopt_aug,4,15,NaN,57,32,78,0,1,Middle,Down,1
366,mandatory,ciopt_aug,4,15,NaN,59,34,130,0,1,Outer,Down,0
366,mandatory,ciopt_aug,4,15,NaN,75,44,-104,-66,3,Outer,Up,0
366,mandatory,ciopt_aug,4,15,NaN,80,49,26,-66,4,Inner,Down,0
366,mandatory,ciopt_aug,4,15,NaN,83,52,104,-66,4,Outer,Up,0
366,mandatory,ciopt_aug,4,15,NaN,88,53,-52,-99,3,Outer,Up,0
366,mandatory,ciopt_aug,4,15,NaN,90,55,0,-99,4,Middle,Up,1
366,mandatory,ciopt_aug,4,15,NaN,91,56,26,-99,4,Middle,Down,0
367,base,poisson,4,16,NaN,17,2,-26,99,2,Middle,Down,0
367,base,poisson,4,16,NaN,19,4,26,99,1,Middle,Down,0
367,base,poisson,4,16,NaN,27,8,-52,66,2,Middle,Up,0
367,base,poisson,4,16,NaN,29,10,0,66,2,Inner,Up,0
367,base,poisson,4,16,NaN,31,12,52,66,1,Middle,Up,0
367,base,poisson,4,16,NaN,37,15,-104,33,2,Outer,Up,0
367,base,poisson,4,16,NaN,40,18,-26,33,2,Inner,Down,0
367,base,poisson,4,16,NaN,45,23,104,33,1,Outer,Up,0
367,base,poisson,4,16,NaN,51,26,-78,0,3,Middle,Down,0
367,base,poisson,4,16,NaN,56,31,52,0,1,Inner,Up,0
367,base,poisson,4,16,NaN,63,35,-104,-33,3,Outer,Up,0
367,base,poisson,4,16,NaN,76,45,-78,-66,3,Middle,Down,0
367,base,poisson,4,16,NaN,81,50,52,-66,4,Middle,Up,0
367,base,poisson,4,16,NaN,83,52,104,-66,4,Outer,Up,0
367,base,poisson,4,16,NaN,89,54,-26,-99,3,Middle,Down,0
367,base,poisson,4,16,NaN,91,56,26,-99,4,Middle,Down,0
368,base,human,4,16,NaN,16,1,-52,99,2,Outer,Up,0
368,base,human,4,16,NaN,19,4,26,99,1,Middle,Down,0
368,base,human,4,16,NaN,25,6,-104,66,2,Outer,Up,0
368,base,human,4,16,NaN,29,10,0,66,2,Inner,Up,0
368,base,human,4,16,NaN,32,13,78,66,1,Middle,Down,0
368,base,human,4,16,NaN,39,17,-52,33,2,Inner,Up,0
368,base,human,4,16,NaN,45,23,104,33,1,Outer,Up,0
368,base,human,4,16,NaN,54,29,0,0,1,Inner,Up,0
368,base,human,4,16,NaN,57,32,78,0,1,Middle,Down,0
368,base,human,4,16,NaN,63,35,-104,-33,3,Outer,Up,0
368,base,human,4,16,NaN,65,37,-52,-33,3,Inner,Up,0
368,base,human,4,16,NaN,76,45,-78,-66,3,Middle,Down,0
368,base,human,4,16,NaN,80,49,26,-66,4,Inner,Down,0
368,base,human,4,16,NaN,83,52,104,-66,4,Outer,Up,0
368,base,human,4,16,NaN,89,54,-26,-99,3,Middle,Down,0
368,base,human,4,16,NaN,92,57,52,-99,4,Outer,Up,0
369,base,dopt,4,16,NaN,16,1,-52,99,2,Outer,Up,0
369,base,dopt,4,16,NaN,18,3,0,99,2,Middle,Up,0
369,base,dopt,4,16,NaN,20,5,52,99,1,Outer,Up,0
369,base,dopt,4,16,NaN,25,6,-104,66,2,Outer,Up,0
369,base,dopt,4,16,NaN,33,14,104,66,1,Outer,Up,0
369,base,dopt,4,16,NaN,49,24,-130,0,3,Outer,Down,0
369,base,dopt,4,16,NaN,51,26,-78,0,3,Middle,Down,0
369,base,dopt,4,16,NaN,54,29,0,0,1,Inner,Up,0
369,base,dopt,4,16,NaN,57,32,78,0,1,Middle,Down,0
369,base,dopt,4,16,NaN,59,34,130,0,1,Outer,Down,0
369,base,dopt,4,16,NaN,75,44,-104,-66,3,Outer,Up,0
369,base,dopt,4,16,NaN,83,52,104,-66,4,Outer,Up,0
369,base,dopt,4,16,NaN,88,53,-52,-99,3,Outer,Up,0
369,base,dopt,4,16,NaN,89,54,-26,-99,3,Middle,Down,0
369,base,dopt,4,16,NaN,91,56,26,-99,4,Middle,Down,0
369,base,dopt,4,16,NaN,92,57,52,-99,4,Outer,Up,0
370,base,iopt,4,16,NaN,16,1,-52,99,2,Outer,Up,0
370,base,iopt,4,16,NaN,17,2,-26,99,2,Middle,Down,0
370,base,iopt,4,16,NaN,19,4,26,99,1,Middle,Down,0
370,base,iopt,4,16,NaN,20,5,52,99,1,Outer,Up,0
370,base,iopt,4,16,NaN,25,6,-104,66,2,Outer,Up,0
370,base,iopt,4,16,NaN,33,14,104,66,1,Outer,Up,0
370,base,iopt,4,16,NaN,49,24,-130,0,3,Outer,Down,0
370,base,iopt,4,16,NaN,52,27,-52,0,3,Inner,Up,0
370,base,iopt,4,16,NaN,55,30,26,0,1,Inner,Down,0
370,base,iopt,4,16,NaN,59,34,130,0,1,Outer,Down,0
370,base,iopt,4,16,NaN,75,44,-104,-66,3,Outer,Up,0
370,base,iopt,4,16,NaN,83,52,104,-66,4,Outer,Up,0
370,base,iopt,4,16,NaN,88,53,-52,-99,3,Outer,Up,0
370,base,iopt,4,16,NaN,89,54,-26,-99,3,Middle,Down,0
370,base,iopt,4,16,NaN,91,56,26,-99,4,Middle,Down,0
370,base,iopt,4,16,NaN,92,57,52,-99,4,Outer,Up,0
371,base,cdopt,4,16,NaN,17,2,-26,99,2,Middle,Down,0
371,base,cdopt,4,16,NaN,18,3,0,99,2,Middle,Up,0
371,base,cdopt,4,16,NaN,19,4,26,99,1,Middle,Down,0
371,base,cdopt,4,16,NaN,25,6,-104,66,2,Outer,Up,0
371,base,cdopt,4,16,NaN,33,14,104,66,1,Outer,Up,0
371,base,cdopt,4,16,NaN,39,17,-52,33,2,Inner,Up,0
371,base,cdopt,4,16,NaN,44,22,78,33,1,Middle,Down,0
371,base,cdopt,4,16,NaN,49,24,-130,0,3,Outer,Down,0
371,base,cdopt,4,16,NaN,55,30,26,0,1,Inner,Down,0
371,base,cdopt,4,16,NaN,59,34,130,0,1,Outer,Down,0
371,base,cdopt,4,16,NaN,65,37,-52,-33,3,Inner,Up,0
371,base,cdopt,4,16,NaN,75,44,-104,-66,3,Outer,Up,0
371,base,cdopt,4,16,NaN,83,52,104,-66,4,Outer,Up,0
371,base,cdopt,4,16,NaN,89,54,-26,-99,3,Middle,Down,0
371,base,cdopt,4,16,NaN,91,56,26,-99,4,Middle,Down,0
371,base,cdopt,4,16,NaN,92,57,52,-99,4,Outer,Up,0
372,base,ciopt,4,16,NaN,17,2,-26,99,2,Middle,Down,0
372,base,ciopt,4,16,NaN,18,3,0,99,2,Middle,Up,0
372,base,ciopt,4,16,NaN,20,5,52,99,1,Outer,Up,0
372,base,ciopt,4,16,NaN,25,6,-104,66,2,Outer,Up,0
372,base,ciopt,4,16,NaN,32,13,78,66,1,Middle,Down,0
372,base,ciopt,4,16,NaN,39,17,-52,33,2,Inner,Up,0
372,base,ciopt,4,16,NaN,49,24,-130,0,3,Outer,Down,0
372,base,ciopt,4,16,NaN,55,30,26,0,1,Inner,Down,0
372,base,ciopt,4,16,NaN,57,32,78,0,1,Middle,Down,0
372,base,ciopt,4,16,NaN,59,34,130,0,1,Outer,Down,0
372,base,ciopt,4,16,NaN,65,37,-52,-33,3,Inner,Up,0
372,base,ciopt,4,16,NaN,75,44,-104,-66,3,Outer,Up,0
372,base,ciopt,4,16,NaN,83,52,104,-66,4,Outer,Up,0
372,base,ciopt,4,16,NaN,89,54,-26,-99,3,Middle,Down,0
372,base,ciopt,4,16,NaN,91,56,26,-99,4,Middle,Down,0
372,base,ciopt,4,16,NaN,92,57,52,-99,4,Outer,Up,0
373,mandatory,poisson_f,4,16,NaN,16,1,-52,99,2,Outer,Up,0
373,mandatory,poisson_f,4,16,NaN,18,3,0,99,2,Middle,Up,1
373,mandatory,poisson_f,4,16,NaN,20,5,52,99,1,Outer,Up,0
373,mandatory,poisson_f,4,16,NaN,26,7,-78,66,2,Middle,Down,0
373,mandatory,poisson_f,4,16,NaN,32,13,78,66,1,Middle,Down,0
373,mandatory,poisson_f,4,16,NaN,37,15,-104,33,2,Outer,Up,0
373,mandatory,poisson_f,4,16,NaN,39,17,-52,33,2,Inner,Up,0
373,mandatory,poisson_f,4,16,NaN,49,24,-130,0,3,Outer,Down,0
373,mandatory,poisson_f,4,16,NaN,51,26,-78,0,3,Middle,Down,1
373,mandatory,poisson_f,4,16,NaN,54,29,0,0,1,Inner,Up,1
373,mandatory,poisson_f,4,16,NaN,57,32,78,0,1,Middle,Down,1
373,mandatory,poisson_f,4,16,NaN,59,34,130,0,1,Outer,Down,0
373,mandatory,poisson_f,4,16,NaN,63,35,-104,-33,3,Outer,Up,0
373,mandatory,poisson_f,4,16,NaN,66,38,-26,-33,3,Inner,Down,0
373,mandatory,poisson_f,4,16,NaN,68,40,26,-33,4,Inner,Down,0
373,mandatory,poisson_f,4,16,NaN,90,55,0,-99,4,Middle,Up,1
374,mandatory,human_f,4,16,NaN,17,2,-26,99,2,Middle,Down,0
374,mandatory,human_f,4,16,NaN,18,3,0,99,2,Middle,Up,1
374,mandatory,human_f,4,16,NaN,25,6,-104,66,2,Outer,Up,0
374,mandatory,human_f,4,16,NaN,29,10,0,66,2,Inner,Up,0
374,mandatory,human_f,4,16,NaN,32,13,78,66,1,Middle,Down,0
374,mandatory,human_f,4,16,NaN,51,26,-78,0,3,Middle,Down,1
374,mandatory,human_f,4,16,NaN,52,27,-52,0,3,Inner,Up,0
374,mandatory,human_f,4,16,NaN,54,29,0,0,1,Inner,Up,1
374,mandatory,human_f,4,16,NaN,56,31,52,0,1,Inner,Up,0
374,mandatory,human_f,4,16,NaN,57,32,78,0,1,Middle,Down,1
374,mandatory,human_f,4,16,NaN,58,33,104,0,1,Middle,Up,0
374,mandatory,human_f,4,16,NaN,63,35,-104,-33,3,Outer,Up,0
374,mandatory,human_f,4,16,NaN,79,48,0,-66,4,Inner,Up,0
374,mandatory,human_f,4,16,NaN,89,54,-26,-99,3,Middle,Down,0
374,mandatory,human_f,4,16,NaN,90,55,0,-99,4,Middle,Up,1
374,mandatory,human_f,4,16,NaN,92,57,52,-99,4,Outer,Up,0
375,mandatory,dopt_aug,4,16,NaN,16,1,-52,99,2,Outer,Up,0
375,mandatory,dopt_aug,4,16,NaN,17,2,-26,99,2,Middle,Down,0
375,mandatory,dopt_aug,4,16,NaN,18,3,0,99,2,Middle,Up,1
375,mandatory,dopt_aug,4,16,NaN,20,5,52,99,1,Outer,Up,0
375,mandatory,dopt_aug,4,16,NaN,25,6,-104,66,2,Outer,Up,0
375,mandatory,dopt_aug,4,16,NaN,33,14,104,66,1,Outer,Up,0
375,mandatory,dopt_aug,4,16,NaN,49,24,-130,0,3,Outer,Down,0
375,mandatory,dopt_aug,4,16,NaN,51,26,-78,0,3,Middle,Down,1
375,mandatory,dopt_aug,4,16,NaN,54,29,0,0,1,Inner,Up,1
375,mandatory,dopt_aug,4,16,NaN,57,32,78,0,1,Middle,Down,1
375,mandatory,dopt_aug,4,16,NaN,59,34,130,0,1,Outer,Down,0
375,mandatory,dopt_aug,4,16,NaN,75,44,-104,-66,3,Outer,Up,0
375,mandatory,dopt_aug,4,16,NaN,83,52,104,-66,4,Outer,Up,0
375,mandatory,dopt_aug,4,16,NaN,88,53,-52,-99,3,Outer,Up,0
375,mandatory,dopt_aug,4,16,NaN,90,55,0,-99,4,Middle,Up,1
375,mandatory,dopt_aug,4,16,NaN,92,57,52,-99,4,Outer,Up,0
376,mandatory,iopt_aug,4,16,NaN,16,1,-52,99,2,Outer,Up,0
376,mandatory,iopt_aug,4,16,NaN,17,2,-26,99,2,Middle,Down,0
376,mandatory,iopt_aug,4,16,NaN,18,3,0,99,2,Middle,Up,1
376,mandatory,iopt_aug,4,16,NaN,20,5,52,99,1,Outer,Up,0
376,mandatory,iopt_aug,4,16,NaN,25,6,-104,66,2,Outer,Up,0
376,mandatory,iopt_aug,4,16,NaN,33,14,104,66,1,Outer,Up,0
376,mandatory,iopt_aug,4,16,NaN,49,24,-130,0,3,Outer,Down,0
376,mandatory,iopt_aug,4,16,NaN,51,26,-78,0,3,Middle,Down,1
376,mandatory,iopt_aug,4,16,NaN,54,29,0,0,1,Inner,Up,1
376,mandatory,iopt_aug,4,16,NaN,57,32,78,0,1,Middle,Down,1
376,mandatory,iopt_aug,4,16,NaN,59,34,130,0,1,Outer,Down,0
376,mandatory,iopt_aug,4,16,NaN,75,44,-104,-66,3,Outer,Up,0
376,mandatory,iopt_aug,4,16,NaN,83,52,104,-66,4,Outer,Up,0
376,mandatory,iopt_aug,4,16,NaN,88,53,-52,-99,3,Outer,Up,0
376,mandatory,iopt_aug,4,16,NaN,90,55,0,-99,4,Middle,Up,1
376,mandatory,iopt_aug,4,16,NaN,92,57,52,-99,4,Outer,Up,0
377,mandatory,cdopt_naive,4,16,NaN,16,1,-52,99,2,Outer,Up,0
377,mandatory,cdopt_naive,4,16,NaN,18,3,0,99,2,Middle,Up,1
377,mandatory,cdopt_naive,4,16,NaN,19,4,26,99,1,Middle,Down,0
377,mandatory,cdopt_naive,4,16,NaN,25,6,-104,66,2,Outer,Up,0
377,mandatory,cdopt_naive,4,16,NaN,33,14,104,66,1,Outer,Up,0
377,mandatory,cdopt_naive,4,16,NaN,49,24,-130,0,3,Outer,Down,0
377,mandatory,cdopt_naive,4,16,NaN,51,26,-78,0,3,Middle,Down,1
377,mandatory,cdopt_naive,4,16,NaN,53,28,-26,0,3,Inner,Down,0
377,mandatory,cdopt_naive,4,16,NaN,54,29,0,0,1,Inner,Up,1
377,mandatory,cdopt_naive,4,16,NaN,57,32,78,0,1,Middle,Down,1
377,mandatory,cdopt_naive,4,16,NaN,59,34,130,0,1,Outer,Down,0
377,mandatory,cdopt_naive,4,16,NaN,75,44,-104,-66,3,Outer,Up,0
377,mandatory,cdopt_naive,4,16,NaN,80,49,26,-66,4,Inner,Down,0
377,mandatory,cdopt_naive,4,16,NaN,83,52,104,-66,4,Outer,Up,0
377,mandatory,cdopt_naive,4,16,NaN,89,54,-26,-99,3,Middle,Down,0
377,mandatory,cdopt_naive,4,16,NaN,90,55,0,-99,4,Middle,Up,1
378,mandatory,ciopt_naive,4,16,NaN,17,2,-26,99,2,Middle,Down,0
378,mandatory,ciopt_naive,4,16,NaN,18,3,0,99,2,Middle,Up,1
378,mandatory,ciopt_naive,4,16,NaN,20,5,52,99,1,Outer,Up,0
378,mandatory,ciopt_naive,4,16,NaN,25,6,-104,66,2,Outer,Up,0
378,mandatory,ciopt_naive,4,16,NaN,33,14,104,66,1,Outer,Up,0
378,mandatory,ciopt_naive,4,16,NaN,49,24,-130,0,3,Outer,Down,0
378,mandatory,ciopt_naive,4,16,NaN,51,26,-78,0,3,Middle,Down,1
378,mandatory,ciopt_naive,4,16,NaN,53,28,-26,0,3,Inner,Down,0
378,mandatory,ciopt_naive,4,16,NaN,54,29,0,0,1,Inner,Up,1
378,mandatory,ciopt_naive,4,16,NaN,57,32,78,0,1,Middle,Down,1
378,mandatory,ciopt_naive,4,16,NaN,59,34,130,0,1,Outer,Down,0
378,mandatory,ciopt_naive,4,16,NaN,68,40,26,-33,4,Inner,Down,0
378,mandatory,ciopt_naive,4,16,NaN,75,44,-104,-66,3,Outer,Up,0
378,mandatory,ciopt_naive,4,16,NaN,89,54,-26,-99,3,Middle,Down,0
378,mandatory,ciopt_naive,4,16,NaN,90,55,0,-99,4,Middle,Up,1
378,mandatory,ciopt_naive,4,16,NaN,92,57,52,-99,4,Outer,Up,0
379,mandatory,cdopt_aug,4,16,NaN,17,2,-26,99,2,Middle,Down,0
379,mandatory,cdopt_aug,4,16,NaN,18,3,0,99,2,Middle,Up,1
379,mandatory,cdopt_aug,4,16,NaN,25,6,-104,66,2,Outer,Up,0
379,mandatory,cdopt_aug,4,16,NaN,30,11,26,66,1,Inner,Down,0
379,mandatory,cdopt_aug,4,16,NaN,33,14,104,66,1,Outer,Up,0
379,mandatory,cdopt_aug,4,16,NaN,49,24,-130,0,3,Outer,Down,0
379,mandatory,cdopt_aug,4,16,NaN,51,26,-78,0,3,Middle,Down,1
379,mandatory,cdopt_aug,4,16,NaN,54,29,0,0,1,Inner,Up,1
379,mandatory,cdopt_aug,4,16,NaN,57,32,78,0,1,Middle,Down,1
379,mandatory,cdopt_aug,4,16,NaN,59,34,130,0,1,Outer,Down,0
379,mandatory,cdopt_aug,4,16,NaN,75,44,-104,-66,3,Outer,Up,0
379,mandatory,cdopt_aug,4,16,NaN,80,49,26,-66,4,Inner,Down,0
379,mandatory,cdopt_aug,4,16,NaN,83,52,104,-66,4,Outer,Up,0
379,mandatory,cdopt_aug,4,16,NaN,88,53,-52,-99,3,Outer,Up,0
379,mandatory,cdopt_aug,4,16,NaN,90,55,0,-99,4,Middle,Up,1
379,mandatory,cdopt_aug,4,16,NaN,91,56,26,-99,4,Middle,Down,0
380,mandatory,ciopt_aug,4,16,NaN,16,1,-52,99,2,Outer,Up,0
380,mandatory,ciopt_aug,4,16,NaN,18,3,0,99,2,Middle,Up,1
380,mandatory,ciopt_aug,4,16,NaN,19,4,26,99,1,Middle,Down,0
380,mandatory,ciopt_aug,4,16,NaN,25,6,-104,66,2,Outer,Up,0
380,mandatory,ciopt_aug,4,16,NaN,28,9,-26,66,2,Inner,Down,0
380,mandatory,ciopt_aug,4,16,NaN,33,14,104,66,1,Outer,Up,0
380,mandatory,ciopt_aug,4,16,NaN,49,24,-130,0,3,Outer,Down,0
380,mandatory,ciopt_aug,4,16,NaN,51,26,-78,0,3,Middle,Down,1
380,mandatory,ciopt_aug,4,16,NaN,54,29,0,0,1,Inner,Up,1
380,mandatory,ciopt_aug,4,16,NaN,57,32,78,0,1,Middle,Down,1
380,mandatory,ciopt_aug,4,16,NaN,59,34,130,0,1,Outer,Down,0
380,mandatory,ciopt_aug,4,16,NaN,78,47,-26,-66,3,Inner,Down,0
380,mandatory,ciopt_aug,4,16,NaN,83,52,104,-66,4,Outer,Up,0
380,mandatory,ciopt_aug,4,16,NaN,88,53,-52,-99,3,Outer,Up,0
380,mandatory,ciopt_aug,4,16,NaN,90,55,0,-99,4,Middle,Up,1
380,mandatory,ciopt_aug,4,16,NaN,91,56,26,-99,4,Middle,Down,0
381,base,poisson,4,17,NaN,16,1,-52,99,2,Outer,Up,0
381,base,poisson,4,17,NaN,20,5,52,99,1,Outer,Up,0
381,base,poisson,4,17,NaN,26,7,-78,66,2,Middle,Down,0
381,base,poisson,4,17,NaN,33,14,104,66,1,Outer,Up,0
381,base,poisson,4,17,NaN,37,15,-104,33,2,Outer,Up,0
381,base,poisson,4,17,NaN,40,18,-26,33,2,Inner,Down,0
381,base,poisson,4,17,NaN,42,20,26,33,1,Inner,Down,0
381,base,poisson,4,17,NaN,49,24,-130,0,3,Outer,Down,0
381,base,poisson,4,17,NaN,52,27,-52,0,3,Inner,Up,0
381,base,poisson,4,17,NaN,64,36,-78,-33,3,Middle,Down,0
381,base,poisson,4,17,NaN,70,42,78,-33,4,Middle,Down,0
381,base,poisson,4,17,NaN,75,44,-104,-66,3,Outer,Up,0
381,base,poisson,4,17,NaN,78,47,-26,-66,3,Inner,Down,0
381,base,poisson,4,17,NaN,80,49,26,-66,4,Inner,Down,0
381,base,poisson,4,17,NaN,83,52,104,-66,4,Outer,Up,0
381,base,poisson,4,17,NaN,88,53,-52,-99,3,Outer,Up,0
381,base,poisson,4,17,NaN,92,57,52,-99,4,Outer,Up,0
382,base,human,4,17,NaN,16,1,-52,99,2,Outer,Up,0
382,base,human,4,17,NaN,19,4,26,99,1,Middle,Down,0
382,base,human,4,17,NaN,25,6,-104,66,2,Outer,Up,0
382,base,human,4,17,NaN,29,10,0,66,2,Inner,Up,0
382,base,human,4,17,NaN,32,13,78,66,1,Middle,Down,0
382,base,human,4,17,NaN,39,17,-52,33,2,Inner,Up,0
382,base,human,4,17,NaN,45,23,104,33,1,Outer,Up,0
382,base,human,4,17,NaN,50,25,-104,0,3,Middle,Up,0
382,base,human,4,17,NaN,54,29,0,0,1,Inner,Up,0
382,base,human,4,17,NaN,57,32,78,0,1,Middle,Down,0
382,base,human,4,17,NaN,65,37,-52,-33,3,Inner,Up,0
382,base,human,4,17,NaN,71,43,104,-33,4,Outer,Up,0
382,base,human,4,17,NaN,75,44,-104,-66,3,Outer,Up,0
382,base,human,4,17,NaN,80,49,26,-66,4,Inner,Down,0
382,base,human,4,17,NaN,88,53,-52,-99,3,Outer,Up,0
382,base,human,4,17,NaN,90,55,0,-99,4,Middle,Up,0
382,base,human,4,17,NaN,92,57,52,-99,4,Outer,Up,0
383,base,dopt,4,17,NaN,16,1,-52,99,2,Outer,Up,0
383,base,dopt,4,17,NaN,17,2,-26,99,2,Middle,Down,0
383,base,dopt,4,17,NaN,19,4,26,99,1,Middle,Down,0
383,base,dopt,4,17,NaN,20,5,52,99,1,Outer,Up,0
383,base,dopt,4,17,NaN,25,6,-104,66,2,Outer,Up,0
383,base,dopt,4,17,NaN,33,14,104,66,1,Outer,Up,0
383,base,dopt,4,17,NaN,49,24,-130,0,3,Outer,Down,0
383,base,dopt,4,17,NaN,51,26,-78,0,3,Middle,Down,0
383,base,dopt,4,17,NaN,54,29,0,0,1,Inner,Up,0
383,base,dopt,4,17,NaN,57,32,78,0,1,Middle,Down,0
383,base,dopt,4,17,NaN,59,34,130,0,1,Outer,Down,0
383,base,dopt,4,17,NaN,75,44,-104,-66,3,Outer,Up,0
383,base,dopt,4,17,NaN,83,52,104,-66,4,Outer,Up,0
383,base,dopt,4,17,NaN,88,53,-52,-99,3,Outer,Up,0
383,base,dopt,4,17,NaN,89,54,-26,-99,3,Middle,Down,0
383,base,dopt,4,17,NaN,91,56,26,-99,4,Middle,Down,0
383,base,dopt,4,17,NaN,92,57,52,-99,4,Outer,Up,0
384,base,iopt,4,17,NaN,16,1,-52,99,2,Outer,Up,0
384,base,iopt,4,17,NaN,17,2,-26,99,2,Middle,Down,0
384,base,iopt,4,17,NaN,19,4,26,99,1,Middle,Down,0
384,base,iopt,4,17,NaN,20,5,52,99,1,Outer,Up,0
384,base,iopt,4,17,NaN,25,6,-104,66,2,Outer,Up,0
384,base,iopt,4,17,NaN,33,14,104,66,1,Outer,Up,0
384,base,iopt,4,17,NaN,49,24,-130,0,3,Outer,Down,0
384,base,iopt,4,17,NaN,51,26,-78,0,3,Middle,Down,0
384,base,iopt,4,17,NaN,54,29,0,0,1,Inner,Up,0
384,base,iopt,4,17,NaN,57,32,78,0,1,Middle,Down,0
384,base,iopt,4,17,NaN,59,34,130,0,1,Outer,Down,0
384,base,iopt,4,17,NaN,75,44,-104,-66,3,Outer,Up,0
384,base,iopt,4,17,NaN,83,52,104,-66,4,Outer,Up,0
384,base,iopt,4,17,NaN,88,53,-52,-99,3,Outer,Up,0
384,base,iopt,4,17,NaN,89,54,-26,-99,3,Middle,Down,0
384,base,iopt,4,17,NaN,91,56,26,-99,4,Middle,Down,0
384,base,iopt,4,17,NaN,92,57,52,-99,4,Outer,Up,0
385,base,cdopt,4,17,NaN,16,1,-52,99,2,Outer,Up,0
385,base,cdopt,4,17,NaN,17,2,-26,99,2,Middle,Down,0
385,base,cdopt,4,17,NaN,19,4,26,99,1,Middle,Down,0
385,base,cdopt,4,17,NaN,20,5,52,99,1,Outer,Up,0
385,base,cdopt,4,17,NaN,25,6,-104,66,2,Outer,Up,0
385,base,cdopt,4,17,NaN,33,14,104,66,1,Outer,Up,0
385,base,cdopt,4,17,NaN,39,17,-52,33,2,Inner,Up,0
385,base,cdopt,4,17,NaN,49,24,-130,0,3,Outer,Down,0
385,base,cdopt,4,17,NaN,54,29,0,0,1,Inner,Up,0
385,base,cdopt,4,17,NaN,57,32,78,0,1,Middle,Down,0
385,base,cdopt,4,17,NaN,59,34,130,0,1,Outer,Down,0
385,base,cdopt,4,17,NaN,75,44,-104,-66,3,Outer,Up,0
385,base,cdopt,4,17,NaN,76,45,-78,-66,3,Middle,Down,0
385,base,cdopt,4,17,NaN,80,49,26,-66,4,Inner,Down,0
385,base,cdopt,4,17,NaN,83,52,104,-66,4,Outer,Up,0
385,base,cdopt,4,17,NaN,89,54,-26,-99,3,Middle,Down,0
385,base,cdopt,4,17,NaN,91,56,26,-99,4,Middle,Down,0
386,base,ciopt,4,17,NaN,17,2,-26,99,2,Middle,Down,0
386,base,ciopt,4,17,NaN,18,3,0,99,2,Middle,Up,0
386,base,ciopt,4,17,NaN,19,4,26,99,1,Middle,Down,0
386,base,ciopt,4,17,NaN,25,6,-104,66,2,Outer,Up,0
386,base,ciopt,4,17,NaN,28,9,-26,66,2,Inner,Down,0
386,base,ciopt,4,17,NaN,33,14,104,66,1,Outer,Up,0
386,base,ciopt,4,17,NaN,49,24,-130,0,3,Outer,Down,0
386,base,ciopt,4,17,NaN,51,26,-78,0,3,Middle,Down,0
386,base,ciopt,4,17,NaN,54,29,0,0,1,Inner,Up,0
386,base,ciopt,4,17,NaN,56,31,52,0,1,Inner,Up,0
386,base,ciopt,4,17,NaN,59,34,130,0,1,Outer,Down,0
386,base,ciopt,4,17,NaN,75,44,-104,-66,3,Outer,Up,0
386,base,ciopt,4,17,NaN,83,52,104,-66,4,Outer,Up,0
386,base,ciopt,4,17,NaN,88,53,-52,-99,3,Outer,Up,0
386,base,ciopt,4,17,NaN,89,54,-26,-99,3,Middle,Down,0
386,base,ciopt,4,17,NaN,91,56,26,-99,4,Middle,Down,0
386,base,ciopt,4,17,NaN,92,57,52,-99,4,Outer,Up,0
387,mandatory,poisson_f,4,17,NaN,16,1,-52,99,2,Outer,Up,0
387,mandatory,poisson_f,4,17,NaN,18,3,0,99,2,Middle,Up,1
387,mandatory,poisson_f,4,17,NaN,26,7,-78,66,2,Middle,Down,0
387,mandatory,poisson_f,4,17,NaN,32,13,78,66,1,Middle,Down,0
387,mandatory,poisson_f,4,17,NaN,39,17,-52,33,2,Inner,Up,0
387,mandatory,poisson_f,4,17,NaN,42,20,26,33,1,Inner,Down,0
387,mandatory,poisson_f,4,17,NaN,49,24,-130,0,3,Outer,Down,0
387,mandatory,poisson_f,4,17,NaN,51,26,-78,0,3,Middle,Down,1
387,mandatory,poisson_f,4,17,NaN,54,29,0,0,1,Inner,Up,1
387,mandatory,poisson_f,4,17,NaN,57,32,78,0,1,Middle,Down,1
387,mandatory,poisson_f,4,17,NaN,65,37,-52,-33,3,Inner,Up,0
387,mandatory,poisson_f,4,17,NaN,75,44,-104,-66,3,Outer,Up,0
387,mandatory,poisson_f,4,17,NaN,80,49,26,-66,4,Inner,Down,0
387,mandatory,poisson_f,4,17,NaN,82,51,78,-66,4,Middle,Down,0
387,mandatory,poisson_f,4,17,NaN,88,53,-52,-99,3,Outer,Up,0
387,mandatory,poisson_f,4,17,NaN,90,55,0,-99,4,Middle,Up,1
387,mandatory,poisson_f,4,17,NaN,92,57,52,-99,4,Outer,Up,0
388,mandatory,human_f,4,17,NaN,18,3,0,99,2,Middle,Up,1
388,mandatory,human_f,4,17,NaN,19,4,26,99,1,Middle,Down,0
388,mandatory,human_f,4,17,NaN,26,7,-78,66,2,Middle,Down,0
388,mandatory,human_f,4,17,NaN,29,10,0,66,2,Inner,Up,0
388,mandatory,human_f,4,17,NaN,32,13,78,66,1,Middle,Down,0
388,mandatory,human_f,4,17,NaN,49,24,-130,0,3,Outer,Down,0
388,mandatory,human_f,4,17,NaN,51,26,-78,0,3,Middle,Down,1
388,mandatory,human_f,4,17,NaN,52,27,-52,0,3,Inner,Up,0
388,mandatory,human_f,4,17,NaN,54,29,0,0,1,Inner,Up,1
388,mandatory,human_f,4,17,NaN,56,31,52,0,1,Inner,Up,0
388,mandatory,human_f,4,17,NaN,57,32,78,0,1,Middle,Down,1
388,mandatory,human_f,4,17,NaN,58,33,104,0,1,Middle,Up,0
388,mandatory,human_f,4,17,NaN,76,45,-78,-66,3,Middle,Down,0
388,mandatory,human_f,4,17,NaN,79,48,0,-66,4,Inner,Up,0
388,mandatory,human_f,4,17,NaN,82,51,78,-66,4,Middle,Down,0
388,mandatory,human_f,4,17,NaN,89,54,-26,-99,3,Middle,Down,0
388,mandatory,human_f,4,17,NaN,90,55,0,-99,4,Middle,Up,1
389,mandatory,dopt_aug,4,17,NaN,16,1,-52,99,2,Outer,Up,0
389,mandatory,dopt_aug,4,17,NaN,18,3,0,99,2,Middle,Up,1
389,mandatory,dopt_aug,4,17,NaN,19,4,26,99,1,Middle,Down,0
389,mandatory,dopt_aug,4,17,NaN,20,5,52,99,1,Outer,Up,0
389,mandatory,dopt_aug,4,17,NaN,25,6,-104,66,2,Outer,Up,0
389,mandatory,dopt_aug,4,17,NaN,33,14,104,66,1,Outer,Up,0
389,mandatory,dopt_aug,4,17,NaN,49,24,-130,0,3,Outer,Down,0
389,mandatory,dopt_aug,4,17,NaN,51,26,-78,0,3,Middle,Down,1
389,mandatory,dopt_aug,4,17,NaN,54,29,0,0,1,Inner,Up,1
389,mandatory,dopt_aug,4,17,NaN,57,32,78,0,1,Middle,Down,1
389,mandatory,dopt_aug,4,17,NaN,59,34,130,0,1,Outer,Down,0
389,mandatory,dopt_aug,4,17,NaN,75,44,-104,-66,3,Outer,Up,0
389,mandatory,dopt_aug,4,17,NaN,83,52,104,-66,4,Outer,Up,0
389,mandatory,dopt_aug,4,17,NaN,88,53,-52,-99,3,Outer,Up,0
389,mandatory,dopt_aug,4,17,NaN,90,55,0,-99,4,Middle,Up,1
389,mandatory,dopt_aug,4,17,NaN,91,56,26,-99,4,Middle,Down,0
389,mandatory,dopt_aug,4,17,NaN,92,57,52,-99,4,Outer,Up,0
390,mandatory,iopt_aug,4,17,NaN,16,1,-52,99,2,Outer,Up,0
390,mandatory,iopt_aug,4,17,NaN,18,3,0,99,2,Middle,Up,1
390,mandatory,iopt_aug,4,17,NaN,19,4,26,99,1,Middle,Down,0
390,mandatory,iopt_aug,4,17,NaN,20,5,52,99,1,Outer,Up,0
390,mandatory,iopt_aug,4,17,NaN,25,6,-104,66,2,Outer,Up,0
390,mandatory,iopt_aug,4,17,NaN,33,14,104,66,1,Outer,Up,0
390,mandatory,iopt_aug,4,17,NaN,49,24,-130,0,3,Outer,Down,0
390,mandatory,iopt_aug,4,17,NaN,51,26,-78,0,3,Middle,Down,1
390,mandatory,iopt_aug,4,17,NaN,54,29,0,0,1,Inner,Up,1
390,mandatory,iopt_aug,4,17,NaN,57,32,78,0,1,Middle,Down,1
390,mandatory,iopt_aug,4,17,NaN,59,34,130,0,1,Outer,Down,0
390,mandatory,iopt_aug,4,17,NaN,75,44,-104,-66,3,Outer,Up,0
390,mandatory,iopt_aug,4,17,NaN,83,52,104,-66,4,Outer,Up,0
390,mandatory,iopt_aug,4,17,NaN,88,53,-52,-99,3,Outer,Up,0
390,mandatory,iopt_aug,4,17,NaN,90,55,0,-99,4,Middle,Up,1
390,mandatory,iopt_aug,4,17,NaN,91,56,26,-99,4,Middle,Down,0
390,mandatory,iopt_aug,4,17,NaN,92,57,52,-99,4,Outer,Up,0
391,mandatory,cdopt_naive,4,17,NaN,17,2,-26,99,2,Middle,Down,0
391,mandatory,cdopt_naive,4,17,NaN,18,3,0,99,2,Middle,Up,1
391,mandatory,cdopt_naive,4,17,NaN,20,5,52,99,1,Outer,Up,0
391,mandatory,cdopt_naive,4,17,NaN,25,6,-104,66,2,Outer,Up,0
391,mandatory,cdopt_naive,4,17,NaN,33,14,104,66,1,Outer,Up,0
391,mandatory,cdopt_naive,4,17,NaN,49,24,-130,0,3,Outer,Down,0
391,mandatory,cdopt_naive,4,17,NaN,51,26,-78,0,3,Middle,Down,1
391,mandatory,cdopt_naive,4,17,NaN,53,28,-26,0,3,Inner,Down,0
391,mandatory,cdopt_naive,4,17,NaN,54,29,0,0,1,Inner,Up,1
391,mandatory,cdopt_naive,4,17,NaN,55,30,26,0,1,Inner,Down,0
391,mandatory,cdopt_naive,4,17,NaN,57,32,78,0,1,Middle,Down,1
391,mandatory,cdopt_naive,4,17,NaN,59,34,130,0,1,Outer,Down,0
391,mandatory,cdopt_naive,4,17,NaN,75,44,-104,-66,3,Outer,Up,0
391,mandatory,cdopt_naive,4,17,NaN,83,52,104,-66,4,Outer,Up,0
391,mandatory,cdopt_naive,4,17,NaN,89,54,-26,-99,3,Middle,Down,0
391,mandatory,cdopt_naive,4,17,NaN,90,55,0,-99,4,Middle,Up,1
391,mandatory,cdopt_naive,4,17,NaN,92,57,52,-99,4,Outer,Up,0
392,mandatory,ciopt_naive,4,17,NaN,16,1,-52,99,2,Outer,Up,0
392,mandatory,ciopt_naive,4,17,NaN,18,3,0,99,2,Middle,Up,1
392,mandatory,ciopt_naive,4,17,NaN,19,4,26,99,1,Middle,Down,0
392,mandatory,ciopt_naive,4,17,NaN,25,6,-104,66,2,Outer,Up,0
392,mandatory,ciopt_naive,4,17,NaN,33,14,104,66,1,Outer,Up,0
392,mandatory,ciopt_naive,4,17,NaN,49,24,-130,0,3,Outer,Down,0
392,mandatory,ciopt_naive,4,17,NaN,51,26,-78,0,3,Middle,Down,1
392,mandatory,ciopt_naive,4,17,NaN,53,28,-26,0,3,Inner,Down,0
392,mandatory,ciopt_naive,4,17,NaN,54,29,0,0,1,Inner,Up,1
392,mandatory,ciopt_naive,4,17,NaN,55,30,26,0,1,Inner,Down,0
392,mandatory,ciopt_naive,4,17,NaN,57,32,78,0,1,Middle,Down,1
392,mandatory,ciopt_naive,4,17,NaN,59,34,130,0,1,Outer,Down,0
392,mandatory,ciopt_naive,4,17,NaN,75,44,-104,-66,3,Outer,Up,0
392,mandatory,ciopt_naive,4,17,NaN,83,52,104,-66,4,Outer,Up,0
392,mandatory,ciopt_naive,4,17,NaN,88,53,-52,-99,3,Outer,Up,0
392,mandatory,ciopt_naive,4,17,NaN,90,55,0,-99,4,Middle,Up,1
392,mandatory,ciopt_naive,4,17,NaN,91,56,26,-99,4,Middle,Down,0
393,mandatory,cdopt_aug,4,17,NaN,16,1,-52,99,2,Outer,Up,0
393,mandatory,cdopt_aug,4,17,NaN,18,3,0,99,2,Middle,Up,1
393,mandatory,cdopt_aug,4,17,NaN,19,4,26,99,1,Middle,Down,0
393,mandatory,cdopt_aug,4,17,NaN,25,6,-104,66,2,Outer,Up,0
393,mandatory,cdopt_aug,4,17,NaN,30,11,26,66,1,Inner,Down,0
393,mandatory,cdopt_aug,4,17,NaN,33,14,104,66,1,Outer,Up,0
393,mandatory,cdopt_aug,4,17,NaN,49,24,-130,0,3,Outer,Down,0
393,mandatory,cdopt_aug,4,17,NaN,51,26,-78,0,3,Middle,Down,1
393,mandatory,cdopt_aug,4,17,NaN,54,29,0,0,1,Inner,Up,1
393,mandatory,cdopt_aug,4,17,NaN,57,32,78,0,1,Middle,Down,1
393,mandatory,cdopt_aug,4,17,NaN,59,34,130,0,1,Outer,Down,0
393,mandatory,cdopt_aug,4,17,NaN,75,44,-104,-66,3,Outer,Up,0
393,mandatory,cdopt_aug,4,17,NaN,80,49,26,-66,4,Inner,Down,0
393,mandatory,cdopt_aug,4,17,NaN,83,52,104,-66,4,Outer,Up,0
393,mandatory,cdopt_aug,4,17,NaN,88,53,-52,-99,3,Outer,Up,0
393,mandatory,cdopt_aug,4,17,NaN,90,55,0,-99,4,Middle,Up,1
393,mandatory,cdopt_aug,4,17,NaN,91,56,26,-99,4,Middle,Down,0
394,mandatory,ciopt_aug,4,17,NaN,17,2,-26,99,2,Middle,Down,0
394,mandatory,ciopt_aug,4,17,NaN,18,3,0,99,2,Middle,Up,1
394,mandatory,ciopt_aug,4,17,NaN,20,5,52,99,1,Outer,Up,0
394,mandatory,ciopt_aug,4,17,NaN,25,6,-104,66,2,Outer,Up,0
394,mandatory,ciopt_aug,4,17,NaN,28,9,-26,66,2,Inner,Down,0
394,mandatory,ciopt_aug,4,17,NaN,33,14,104,66,1,Outer,Up,0
394,mandatory,ciopt_aug,4,17,NaN,49,24,-130,0,3,Outer,Down,0
394,mandatory,ciopt_aug,4,17,NaN,51,26,-78,0,3,Middle,Down,1
394,mandatory,ciopt_aug,4,17,NaN,54,29,0,0,1,Inner,Up,1
394,mandatory,ciopt_aug,4,17,NaN,57,32,78,0,1,Middle,Down,1
394,mandatory,ciopt_aug,4,17,NaN,59,34,130,0,1,Outer,Down,0
394,mandatory,ciopt_aug,4,17,NaN,75,44,-104,-66,3,Outer,Up,0
394,mandatory,ciopt_aug,4,17,NaN,78,47,-26,-66,3,Inner,Down,0
394,mandatory,ciopt_aug,4,17,NaN,83,52,104,-66,4,Outer,Up,0
394,mandatory,ciopt_aug,4,17,NaN,89,54,-26,-99,3,Middle,Down,0
394,mandatory,ciopt_aug,4,17,NaN,90,55,0,-99,4,Middle,Up,1
394,mandatory,ciopt_aug,4,17,NaN,92,57,52,-99,4,Outer,Up,0
395,base,poisson,4,18,NaN,18,3,0,99,2,Middle,Up,0
395,base,poisson,4,18,NaN,25,6,-104,66,2,Outer,Up,0
395,base,poisson,4,18,NaN,32,13,78,66,1,Middle,Down,0
395,base,poisson,4,18,NaN,38,16,-78,33,2,Middle,Down,0
395,base,poisson,4,18,NaN,42,20,26,33,1,Inner,Down,0
395,base,poisson,4,18,NaN,50,25,-104,0,3,Middle,Up,0
395,base,poisson,4,18,NaN,53,28,-26,0,3,Inner,Down,0
395,base,poisson,4,18,NaN,58,33,104,0,1,Middle,Up,0
395,base,poisson,4,18,NaN,65,37,-52,-33,3,Inner,Up,0
395,base,poisson,4,18,NaN,67,39,0,-33,4,Inner,Up,0
395,base,poisson,4,18,NaN,69,41,52,-33,4,Inner,Up,0
395,base,poisson,4,18,NaN,76,45,-78,-66,3,Middle,Down,0
395,base,poisson,4,18,NaN,78,47,-26,-66,3,Inner,Down,0
395,base,poisson,4,18,NaN,80,49,26,-66,4,Inner,Down,0
395,base,poisson,4,18,NaN,83,52,104,-66,4,Outer,Up,0
395,base,poisson,4,18,NaN,88,53,-52,-99,3,Outer,Up,0
395,base,poisson,4,18,NaN,90,55,0,-99,4,Middle,Up,0
395,base,poisson,4,18,NaN,92,57,52,-99,4,Outer,Up,0
396,base,human,4,18,NaN,16,1,-52,99,2,Outer,Up,0
396,base,human,4,18,NaN,19,4,26,99,1,Middle,Down,0
396,base,human,4,18,NaN,25,6,-104,66,2,Outer,Up,0
396,base,human,4,18,NaN,30,11,26,66,1,Inner,Down,0
396,base,human,4,18,NaN,32,13,78,66,1,Middle,Down,0
396,base,human,4,18,NaN,39,17,-52,33,2,Inner,Up,0
396,base,human,4,18,NaN,44,22,78,33,1,Middle,Down,0
396,base,human,4,18,NaN,45,23,104,33,1,Outer,Up,0
396,base,human,4,18,NaN,50,25,-104,0,3,Middle,Up,0
396,base,human,4,18,NaN,54,29,0,0,1,Inner,Up,0
396,base,human,4,18,NaN,64,36,-78,-33,3,Middle,Down,0
396,base,human,4,18,NaN,69,41,52,-33,4,Inner,Up,0
396,base,human,4,18,NaN,71,43,104,-33,4,Outer,Up,0
396,base,human,4,18,NaN,75,44,-104,-66,3,Outer,Up,0
396,base,human,4,18,NaN,78,47,-26,-66,3,Inner,Down,0
396,base,human,4,18,NaN,88,53,-52,-99,3,Outer,Up,0
396,base,human,4,18,NaN,90,55,0,-99,4,Middle,Up,0
396,base,human,4,18,NaN,92,57,52,-99,4,Outer,Up,0
397,base,dopt,4,18,NaN,16,1,-52,99,2,Outer,Up,0
397,base,dopt,4,18,NaN,17,2,-26,99,2,Middle,Down,0
397,base,dopt,4,18,NaN,19,4,26,99,1,Middle,Down,0
397,base,dopt,4,18,NaN,20,5,52,99,1,Outer,Up,0
397,base,dopt,4,18,NaN,25,6,-104,66,2,Outer,Up,0
397,base,dopt,4,18,NaN,33,14,104,66,1,Outer,Up,0
397,base,dopt,4,18,NaN,38,16,-78,33,2,Middle,Down,0
397,base,dopt,4,18,NaN,49,24,-130,0,3,Outer,Down,0
397,base,dopt,4,18,NaN,54,29,0,0,1,Inner,Up,0
397,base,dopt,4,18,NaN,57,32,78,0,1,Middle,Down,0
397,base,dopt,4,18,NaN,59,34,130,0,1,Outer,Down,0
397,base,dopt,4,18,NaN,64,36,-78,-33,3,Middle,Down,0
397,base,dopt,4,18,NaN,75,44,-104,-66,3,Outer,Up,0
397,base,dopt,4,18,NaN,83,52,104,-66,4,Outer,Up,0
397,base,dopt,4,18,NaN,88,53,-52,-99,3,Outer,Up,0
397,base,dopt,4,18,NaN,89,54,-26,-99,3,Middle,Down,0
397,base,dopt,4,18,NaN,91,56,26,-99,4,Middle,Down,0
397,base,dopt,4,18,NaN,92,57,52,-99,4,Outer,Up,0
398,base,iopt,4,18,NaN,16,1,-52,99,2,Outer,Up,0
398,base,iopt,4,18,NaN,17,2,-26,99,2,Middle,Down,0
398,base,iopt,4,18,NaN,19,4,26,99,1,Middle,Down,0
398,base,iopt,4,18,NaN,20,5,52,99,1,Outer,Up,0
398,base,iopt,4,18,NaN,25,6,-104,66,2,Outer,Up,0
398,base,iopt,4,18,NaN,33,14,104,66,1,Outer,Up,0
398,base,iopt,4,18,NaN,41,19,0,33,2,Inner,Up,0
398,base,iopt,4,18,NaN,49,24,-130,0,3,Outer,Down,0
398,base,iopt,4,18,NaN,51,26,-78,0,3,Middle,Down,0
398,base,iopt,4,18,NaN,57,32,78,0,1,Middle,Down,0
398,base,iopt,4,18,NaN,59,34,130,0,1,Outer,Down,0
398,base,iopt,4,18,NaN,67,39,0,-33,4,Inner,Up,0
398,base,iopt,4,18,NaN,75,44,-104,-66,3,Outer,Up,0
398,base,iopt,4,18,NaN,83,52,104,-66,4,Outer,Up,0
398,base,iopt,4,18,NaN,88,53,-52,-99,3,Outer,Up,0
398,base,iopt,4,18,NaN,89,54,-26,-99,3,Middle,Down,0
398,base,iopt,4,18,NaN,91,56,26,-99,4,Middle,Down,0
398,base,iopt,4,18,NaN,92,57,52,-99,4,Outer,Up,0
399,base,cdopt,4,18,NaN,16,1,-52,99,2,Outer,Up,0
399,base,cdopt,4,18,NaN,17,2,-26,99,2,Middle,Down,0
399,base,cdopt,4,18,NaN,19,4,26,99,1,Middle,Down,0
399,base,cdopt,4,18,NaN,20,5,52,99,1,Outer,Up,0
399,base,cdopt,4,18,NaN,25,6,-104,66,2,Outer,Up,0
399,base,cdopt,4,18,NaN,33,14,104,66,1,Outer,Up,0
399,base,cdopt,4,18,NaN,39,17,-52,33,2,Inner,Up,0
399,base,cdopt,4,18,NaN,43,21,52,33,1,Inner,Up,0
399,base,cdopt,4,18,NaN,49,24,-130,0,3,Outer,Down,0
399,base,cdopt,4,18,NaN,54,29,0,0,1,Inner,Up,0
399,base,cdopt,4,18,NaN,59,34,130,0,1,Outer,Down,0
399,base,cdopt,4,18,NaN,64,36,-78,-33,3,Middle,Down,0
399,base,cdopt,4,18,NaN,75,44,-104,-66,3,Outer,Up,0
399,base,cdopt,4,18,NaN,78,47,-26,-66,3,Inner,Down,0
399,base,cdopt,4,18,NaN,82,51,78,-66,4,Middle,Down,0
399,base,cdopt,4,18,NaN,83,52,104,-66,4,Outer,Up,0
399,base,cdopt,4,18,NaN,89,54,-26,-99,3,Middle,Down,0
399,base,cdopt,4,18,NaN,91,56,26,-99,4,Middle,Down,0
400,base,ciopt,4,18,NaN,17,2,-26,99,2,Middle,Down,0
400,base,ciopt,4,18,NaN,18,3,0,99,2,Middle,Up,0
400,base,ciopt,4,18,NaN,19,4,26,99,1,Middle,Down,0
400,base,ciopt,4,18,NaN,25,6,-104,66,2,Outer,Up,0
400,base,ciopt,4,18,NaN,30,11,26,66,1,Inner,Down,0
400,base,ciopt,4,18,NaN,33,14,104,66,1,Outer,Up,0
400,base,ciopt,4,18,NaN,39,17,-52,33,2,Inner,Up,0
400,base,ciopt,4,18,NaN,49,24,-130,0,3,Outer,Down,0
400,base,ciopt,4,18,NaN,55,30,26,0,1,Inner,Down,0
400,base,ciopt,4,18,NaN,57,32,78,0,1,Middle,Down,0
400,base,ciopt,4,18,NaN,59,34,130,0,1,Outer,Down,0
400,base,ciopt,4,18,NaN,65,37,-52,-33,3,Inner,Up,0
400,base,ciopt,4,18,NaN,75,44,-104,-66,3,Outer,Up,0
400,base,ciopt,4,18,NaN,83,52,104,-66,4,Outer,Up,0
400,base,ciopt,4,18,NaN,88,53,-52,-99,3,Outer,Up,0
400,base,ciopt,4,18,NaN,89,54,-26,-99,3,Middle,Down,0
400,base,ciopt,4,18,NaN,91,56,26,-99,4,Middle,Down,0
400,base,ciopt,4,18,NaN,92,57,52,-99,4,Outer,Up,0
401,mandatory,poisson_f,4,18,NaN,16,1,-52,99,2,Outer,Up,0
401,mandatory,poisson_f,4,18,NaN,18,3,0,99,2,Middle,Up,1
401,mandatory,poisson_f,4,18,NaN,20,5,52,99,1,Outer,Up,0
401,mandatory,poisson_f,4,18,NaN,26,7,-78,66,2,Middle,Down,0
401,mandatory,poisson_f,4,18,NaN,33,14,104,66,1,Outer,Up,0
401,mandatory,poisson_f,4,18,NaN,37,15,-104,33,2,Outer,Up,0
401,mandatory,poisson_f,4,18,NaN,40,18,-26,33,2,Inner,Down,0
401,mandatory,poisson_f,4,18,NaN,49,24,-130,0,3,Outer,Down,0
401,mandatory,poisson_f,4,18,NaN,51,26,-78,0,3,Middle,Down,1
401,mandatory,poisson_f,4,18,NaN,54,29,0,0,1,Inner,Up,1
401,mandatory,poisson_f,4,18,NaN,57,32,78,0,1,Middle,Down,1
401,mandatory,poisson_f,4,18,NaN,59,34,130,0,1,Outer,Down,0
401,mandatory,poisson_f,4,18,NaN,66,38,-26,-33,3,Inner,Down,0
401,mandatory,poisson_f,4,18,NaN,68,40,26,-33,4,Inner,Down,0
401,mandatory,poisson_f,4,18,NaN,71,43,104,-33,4,Outer,Up,0
401,mandatory,poisson_f,4,18,NaN,75,44,-104,-66,3,Outer,Up,0
401,mandatory,poisson_f,4,18,NaN,81,50,52,-66,4,Middle,Up,0
401,mandatory,poisson_f,4,18,NaN,90,55,0,-99,4,Middle,Up,1
402,mandatory,human_f,4,18,NaN,16,1,-52,99,2,Outer,Up,0
402,mandatory,human_f,4,18,NaN,18,3,0,99,2,Middle,Up,1
402,mandatory,human_f,4,18,NaN,19,4,26,99,1,Middle,Down,0
402,mandatory,human_f,4,18,NaN,29,10,0,66,2,Inner,Up,0
402,mandatory,human_f,4,18,NaN,32,13,78,66,1,Middle,Down,0
402,mandatory,human_f,4,18,NaN,37,15,-104,33,2,Outer,Up,0
402,mandatory,human_f,4,18,NaN,51,26,-78,0,3,Middle,Down,1
402,mandatory,human_f,4,18,NaN,52,27,-52,0,3,Inner,Up,0
402,mandatory,human_f,4,18,NaN,54,29,0,0,1,Inner,Up,1
402,mandatory,human_f,4,18,NaN,56,31,52,0,1,Inner,Up,0
402,mandatory,human_f,4,18,NaN,57,32,78,0,1,Middle,Down,1
402,mandatory,human_f,4,18,NaN,58,33,104,0,1,Middle,Up,0
402,mandatory,human_f,4,18,NaN,63,35,-104,-33,3,Outer,Up,0
402,mandatory,human_f,4,18,NaN,79,48,0,-66,4,Inner,Up,0
402,mandatory,human_f,4,18,NaN,83,52,104,-66,4,Outer,Up,0
402,mandatory,human_f,4,18,NaN,88,53,-52,-99,3,Outer,Up,0
402,mandatory,human_f,4,18,NaN,90,55,0,-99,4,Middle,Up,1
402,mandatory,human_f,4,18,NaN,91,56,26,-99,4,Middle,Down,0
403,mandatory,dopt_aug,4,18,NaN,16,1,-52,99,2,Outer,Up,0
403,mandatory,dopt_aug,4,18,NaN,17,2,-26,99,2,Middle,Down,0
403,mandatory,dopt_aug,4,18,NaN,18,3,0,99,2,Middle,Up,1
403,mandatory,dopt_aug,4,18,NaN,19,4,26,99,1,Middle,Down,0
403,mandatory,dopt_aug,4,18,NaN,20,5,52,99,1,Outer,Up,0
403,mandatory,dopt_aug,4,18,NaN,25,6,-104,66,2,Outer,Up,0
403,mandatory,dopt_aug,4,18,NaN,33,14,104,66,1,Outer,Up,0
403,mandatory,dopt_aug,4,18,NaN,49,24,-130,0,3,Outer,Down,0
403,mandatory,dopt_aug,4,18,NaN,51,26,-78,0,3,Middle,Down,1
403,mandatory,dopt_aug,4,18,NaN,54,29,0,0,1,Inner,Up,1
403,mandatory,dopt_aug,4,18,NaN,57,32,78,0,1,Middle,Down,1
403,mandatory,dopt_aug,4,18,NaN,59,34,130,0,1,Outer,Down,0
403,mandatory,dopt_aug,4,18,NaN,75,44,-104,-66,3,Outer,Up,0
403,mandatory,dopt_aug,4,18,NaN,83,52,104,-66,4,Outer,Up,0
403,mandatory,dopt_aug,4,18,NaN,88,53,-52,-99,3,Outer,Up,0
403,mandatory,dopt_aug,4,18,NaN,89,54,-26,-99,3,Middle,Down,0
403,mandatory,dopt_aug,4,18,NaN,90,55,0,-99,4,Middle,Up,1
403,mandatory,dopt_aug,4,18,NaN,92,57,52,-99,4,Outer,Up,0
404,mandatory,iopt_aug,4,18,NaN,16,1,-52,99,2,Outer,Up,0
404,mandatory,iopt_aug,4,18,NaN,17,2,-26,99,2,Middle,Down,0
404,mandatory,iopt_aug,4,18,NaN,18,3,0,99,2,Middle,Up,1
404,mandatory,iopt_aug,4,18,NaN,19,4,26,99,1,Middle,Down,0
404,mandatory,iopt_aug,4,18,NaN,20,5,52,99,1,Outer,Up,0
404,mandatory,iopt_aug,4,18,NaN,25,6,-104,66,2,Outer,Up,0
404,mandatory,iopt_aug,4,18,NaN,33,14,104,66,1,Outer,Up,0
404,mandatory,iopt_aug,4,18,NaN,49,24,-130,0,3,Outer,Down,0
404,mandatory,iopt_aug,4,18,NaN,51,26,-78,0,3,Middle,Down,1
404,mandatory,iopt_aug,4,18,NaN,54,29,0,0,1,Inner,Up,1
404,mandatory,iopt_aug,4,18,NaN,57,32,78,0,1,Middle,Down,1
404,mandatory,iopt_aug,4,18,NaN,59,34,130,0,1,Outer,Down,0
404,mandatory,iopt_aug,4,18,NaN,75,44,-104,-66,3,Outer,Up,0
404,mandatory,iopt_aug,4,18,NaN,83,52,104,-66,4,Outer,Up,0
404,mandatory,iopt_aug,4,18,NaN,88,53,-52,-99,3,Outer,Up,0
404,mandatory,iopt_aug,4,18,NaN,90,55,0,-99,4,Middle,Up,1
404,mandatory,iopt_aug,4,18,NaN,91,56,26,-99,4,Middle,Down,0
404,mandatory,iopt_aug,4,18,NaN,92,57,52,-99,4,Outer,Up,0
405,mandatory,cdopt_naive,4,18,NaN,16,1,-52,99,2,Outer,Up,0
405,mandatory,cdopt_naive,4,18,NaN,18,3,0,99,2,Middle,Up,1
405,mandatory,cdopt_naive,4,18,NaN,19,4,26,99,1,Middle,Down,0
405,mandatory,cdopt_naive,4,18,NaN,25,6,-104,66,2,Outer,Up,0
405,mandatory,cdopt_naive,4,18,NaN,30,11,26,66,1,Inner,Down,0
405,mandatory,cdopt_naive,4,18,NaN,33,14,104,66,1,Outer,Up,0
405,mandatory,cdopt_naive,4,18,NaN,49,24,-130,0,3,Outer,Down,0
405,mandatory,cdopt_naive,4,18,NaN,51,26,-78,0,3,Middle,Down,1
405,mandatory,cdopt_naive,4,18,NaN,53,28,-26,0,3,Inner,Down,0
405,mandatory,cdopt_naive,4,18,NaN,54,29,0,0,1,Inner,Up,1
405,mandatory,cdopt_naive,4,18,NaN,57,32,78,0,1,Middle,Down,1
405,mandatory,cdopt_naive,4,18,NaN,59,34,130,0,1,Outer,Down,0
405,mandatory,cdopt_naive,4,18,NaN,68,40,26,-33,4,Inner,Down,0
405,mandatory,cdopt_naive,4,18,NaN,75,44,-104,-66,3,Outer,Up,0
405,mandatory,cdopt_naive,4,18,NaN,83,52,104,-66,4,Outer,Up,0
405,mandatory,cdopt_naive,4,18,NaN,88,53,-52,-99,3,Outer,Up,0
405,mandatory,cdopt_naive,4,18,NaN,90,55,0,-99,4,Middle,Up,1
405,mandatory,cdopt_naive,4,18,NaN,91,56,26,-99,4,Middle,Down,0
406,mandatory,ciopt_naive,4,18,NaN,16,1,-52,99,2,Outer,Up,0
406,mandatory,ciopt_naive,4,18,NaN,18,3,0,99,2,Middle,Up,1
406,mandatory,ciopt_naive,4,18,NaN,19,4,26,99,1,Middle,Down,0
406,mandatory,ciopt_naive,4,18,NaN,25,6,-104,66,2,Outer,Up,0
406,mandatory,ciopt_naive,4,18,NaN,33,14,104,66,1,Outer,Up,0
406,mandatory,ciopt_naive,4,18,NaN,42,20,26,33,1,Inner,Down,0
406,mandatory,ciopt_naive,4,18,NaN,49,24,-130,0,3,Outer,Down,0
406,mandatory,ciopt_naive,4,18,NaN,51,26,-78,0,3,Middle,Down,1
406,mandatory,ciopt_naive,4,18,NaN,53,28,-26,0,3,Inner,Down,0
406,mandatory,ciopt_naive,4,18,NaN,54,29,0,0,1,Inner,Up,1
406,mandatory,ciopt_naive,4,18,NaN,57,32,78,0,1,Middle,Down,1
406,mandatory,ciopt_naive,4,18,NaN,59,34,130,0,1,Outer,Down,0
406,mandatory,ciopt_naive,4,18,NaN,75,44,-104,-66,3,Outer,Up,0
406,mandatory,ciopt_naive,4,18,NaN,80,49,26,-66,4,Inner,Down,0
406,mandatory,ciopt_naive,4,18,NaN,83,52,104,-66,4,Outer,Up,0
406,mandatory,ciopt_naive,4,18,NaN,88,53,-52,-99,3,Outer,Up,0
406,mandatory,ciopt_naive,4,18,NaN,90,55,0,-99,4,Middle,Up,1
406,mandatory,ciopt_naive,4,18,NaN,91,56,26,-99,4,Middle,Down,0
407,mandatory,cdopt_aug,4,18,NaN,16,1,-52,99,2,Outer,Up,0
407,mandatory,cdopt_aug,4,18,NaN,18,3,0,99,2,Middle,Up,1
407,mandatory,cdopt_aug,4,18,NaN,19,4,26,99,1,Middle,Down,0
407,mandatory,cdopt_aug,4,18,NaN,25,6,-104,66,2,Outer,Up,0
407,mandatory,cdopt_aug,4,18,NaN,30,11,26,66,1,Inner,Down,0
407,mandatory,cdopt_aug,4,18,NaN,33,14,104,66,1,Outer,Up,0
407,mandatory,cdopt_aug,4,18,NaN,49,24,-130,0,3,Outer,Down,0
407,mandatory,cdopt_aug,4,18,NaN,51,26,-78,0,3,Middle,Down,1
407,mandatory,cdopt_aug,4,18,NaN,53,28,-26,0,3,Inner,Down,0
407,mandatory,cdopt_aug,4,18,NaN,54,29,0,0,1,Inner,Up,1
407,mandatory,cdopt_aug,4,18,NaN,57,32,78,0,1,Middle,Down,1
407,mandatory,cdopt_aug,4,18,NaN,59,34,130,0,1,Outer,Down,0
407,mandatory,cdopt_aug,4,18,NaN,75,44,-104,-66,3,Outer,Up,0
407,mandatory,cdopt_aug,4,18,NaN,80,49,26,-66,4,Inner,Down,0
407,mandatory,cdopt_aug,4,18,NaN,83,52,104,-66,4,Outer,Up,0
407,mandatory,cdopt_aug,4,18,NaN,88,53,-52,-99,3,Outer,Up,0
407,mandatory,cdopt_aug,4,18,NaN,90,55,0,-99,4,Middle,Up,1
407,mandatory,cdopt_aug,4,18,NaN,91,56,26,-99,4,Middle,Down,0
408,mandatory,ciopt_aug,4,18,NaN,16,1,-52,99,2,Outer,Up,0
408,mandatory,ciopt_aug,4,18,NaN,18,3,0,99,2,Middle,Up,1
408,mandatory,ciopt_aug,4,18,NaN,19,4,26,99,1,Middle,Down,0
408,mandatory,ciopt_aug,4,18,NaN,25,6,-104,66,2,Outer,Up,0
408,mandatory,ciopt_aug,4,18,NaN,28,9,-26,66,2,Inner,Down,0
408,mandatory,ciopt_aug,4,18,NaN,33,14,104,66,1,Outer,Up,0
408,mandatory,ciopt_aug,4,18,NaN,42,20,26,33,1,Inner,Down,0
408,mandatory,ciopt_aug,4,18,NaN,49,24,-130,0,3,Outer,Down,0
408,mandatory,ciopt_aug,4,18,NaN,51,26,-78,0,3,Middle,Down,1
408,mandatory,ciopt_aug,4,18,NaN,54,29,0,0,1,Inner,Up,1
408,mandatory,ciopt_aug,4,18,NaN,57,32,78,0,1,Middle,Down,1
408,mandatory,ciopt_aug,4,18,NaN,59,34,130,0,1,Outer,Down,0
408,mandatory,ciopt_aug,4,18,NaN,75,44,-104,-66,3,Outer,Up,0
408,mandatory,ciopt_aug,4,18,NaN,80,49,26,-66,4,Inner,Down,0
408,mandatory,ciopt_aug,4,18,NaN,83,52,104,-66,4,Outer,Up,0
408,mandatory,ciopt_aug,4,18,NaN,88,53,-52,-99,3,Outer,Up,0
408,mandatory,ciopt_aug,4,18,NaN,90,55,0,-99,4,Middle,Up,1
408,mandatory,ciopt_aug,4,18,NaN,91,56,26,-99,4,Middle,Down,0
409,base,poisson,4,19,NaN,18,3,0,99,2,Middle,Up,0
409,base,poisson,4,19,NaN,25,6,-104,66,2,Outer,Up,0
409,base,poisson,4,19,NaN,27,8,-52,66,2,Middle,Up,0
409,base,poisson,4,19,NaN,31,12,52,66,1,Middle,Up,0
409,base,poisson,4,19,NaN,33,14,104,66,1,Outer,Up,0
409,base,poisson,4,19,NaN,38,16,-78,33,2,Middle,Down,0
409,base,poisson,4,19,NaN,41,19,0,33,2,Inner,Up,0
409,base,poisson,4,19,NaN,44,22,78,33,1,Middle,Down,0
409,base,poisson,4,19,NaN,50,25,-104,0,3,Middle,Up,0
409,base,poisson,4,19,NaN,52,27,-52,0,3,Inner,Up,0
409,base,poisson,4,19,NaN,59,34,130,0,1,Outer,Down,0
409,base,poisson,4,19,NaN,64,36,-78,-33,3,Middle,Down,0
409,base,poisson,4,19,NaN,66,38,-26,-33,3,Inner,Down,0
409,base,poisson,4,19,NaN,68,40,26,-33,4,Inner,Down,0
409,base,poisson,4,19,NaN,70,42,78,-33,4,Middle,Down,0
409,base,poisson,4,19,NaN,81,50,52,-66,4,Middle,Up,0
409,base,poisson,4,19,NaN,83,52,104,-66,4,Outer,Up,0
409,base,poisson,4,19,NaN,88,53,-52,-99,3,Outer,Up,0
409,base,poisson,4,19,NaN,90,55,0,-99,4,Middle,Up,0
410,base,human,4,19,NaN,17,2,-26,99,2,Middle,Down,0
410,base,human,4,19,NaN,19,4,26,99,1,Middle,Down,0
410,base,human,4,19,NaN,26,7,-78,66,2,Middle,Down,0
410,base,human,4,19,NaN,30,11,26,66,1,Inner,Down,0
410,base,human,4,19,NaN,32,13,78,66,1,Middle,Down,0
410,base,human,4,19,NaN,37,15,-104,33,2,Outer,Up,0
410,base,human,4,19,NaN,39,17,-52,33,2,Inner,Up,0
410,base,human,4,19,NaN,44,22,78,33,1,Middle,Down,0
410,base,human,4,19,NaN,45,23,104,33,1,Outer,Up,0
410,base,human,4,19,NaN,54,29,0,0,1,Inner,Up,0
410,base,human,4,19,NaN,63,35,-104,-33,3,Outer,Up,0
410,base,human,4,19,NaN,64,36,-78,-33,3,Middle,Down,0
410,base,human,4,19,NaN,69,41,52,-33,4,Inner,Up,0
410,base,human,4,19,NaN,71,43,104,-33,4,Outer,Up,0
410,base,human,4,19,NaN,76,45,-78,-66,3,Middle,Down,0
410,base,human,4,19,NaN,78,47,-26,-66,3,Inner,Down,0
410,base,human,4,19,NaN,82,51,78,-66,4,Middle,Down,0
410,base,human,4,19,NaN,89,54,-26,-99,3,Middle,Down,0
410,base,human,4,19,NaN,91,56,26,-99,4,Middle,Down,0
411,base,dopt,4,19,NaN,16,1,-52,99,2,Outer,Up,0
411,base,dopt,4,19,NaN,17,2,-26,99,2,Middle,Down,0
411,base,dopt,4,19,NaN,19,4,26,99,1,Middle,Down,0
411,base,dopt,4,19,NaN,20,5,52,99,1,Outer,Up,0
411,base,dopt,4,19,NaN,25,6,-104,66,2,Outer,Up,0
411,base,dopt,4,19,NaN,33,14,104,66,1,Outer,Up,0
411,base,dopt,4,19,NaN,38,16,-78,33,2,Middle,Down,0
411,base,dopt,4,19,NaN,44,22,78,33,1,Middle,Down,0
411,base,dopt,4,19,NaN,49,24,-130,0,3,Outer,Down,0
411,base,dopt,4,19,NaN,54,29,0,0,1,Inner,Up,0
411,base,dopt,4,19,NaN,59,34,130,0,1,Outer,Down,0
411,base,dopt,4,19,NaN,64,36,-78,-33,3,Middle,Down,0
411,base,dopt,4,19,NaN,70,42,78,-33,4,Middle,Down,0
411,base,dopt,4,19,NaN,75,44,-104,-66,3,Outer,Up,0
411,base,dopt,4,19,NaN,83,52,104,-66,4,Outer,Up,0
411,base,dopt,4,19,NaN,88,53,-52,-99,3,Outer,Up,0
411,base,dopt,4,19,NaN,89,54,-26,-99,3,Middle,Down,0
411,base,dopt,4,19,NaN,91,56,26,-99,4,Middle,Down,0
411,base,dopt,4,19,NaN,92,57,52,-99,4,Outer,Up,0
412,base,iopt,4,19,NaN,16,1,-52,99,2,Outer,Up,0
412,base,iopt,4,19,NaN,17,2,-26,99,2,Middle,Down,0
412,base,iopt,4,19,NaN,19,4,26,99,1,Middle,Down,0
412,base,iopt,4,19,NaN,20,5,52,99,1,Outer,Up,0
412,base,iopt,4,19,NaN,25,6,-104,66,2,Outer,Up,0
412,base,iopt,4,19,NaN,33,14,104,66,1,Outer,Up,0
412,base,iopt,4,19,NaN,39,17,-52,33,2,Inner,Up,0
412,base,iopt,4,19,NaN,44,22,78,33,1,Middle,Down,0
412,base,iopt,4,19,NaN,49,24,-130,0,3,Outer,Down,0
412,base,iopt,4,19,NaN,54,29,0,0,1,Inner,Up,0
412,base,iopt,4,19,NaN,59,34,130,0,1,Outer,Down,0
412,base,iopt,4,19,NaN,64,36,-78,-33,3,Middle,Down,0
412,base,iopt,4,19,NaN,69,41,52,-33,4,Inner,Up,0
412,base,iopt,4,19,NaN,75,44,-104,-66,3,Outer,Up,0
412,base,iopt,4,19,NaN,83,52,104,-66,4,Outer,Up,0
412,base,iopt,4,19,NaN,88,53,-52,-99,3,Outer,Up,0
412,base,iopt,4,19,NaN,89,54,-26,-99,3,Middle,Down,0
412,base,iopt,4,19,NaN,91,56,26,-99,4,Middle,Down,0
412,base,iopt,4,19,NaN,92,57,52,-99,4,Outer,Up,0
413,base,cdopt,4,19,NaN,16,1,-52,99,2,Outer,Up,0
413,base,cdopt,4,19,NaN,17,2,-26,99,2,Middle,Down,0
413,base,cdopt,4,19,NaN,19,4,26,99,1,Middle,Down,0
413,base,cdopt,4,19,NaN,20,5,52,99,1,Outer,Up,0
413,base,cdopt,4,19,NaN,25,6,-104,66,2,Outer,Up,0
413,base,cdopt,4,19,NaN,33,14,104,66,1,Outer,Up,0
413,base,cdopt,4,19,NaN,39,17,-52,33,2,Inner,Up,0
413,base,cdopt,4,19,NaN,43,21,52,33,1,Inner,Up,0
413,base,cdopt,4,19,NaN,49,24,-130,0,3,Outer,Down,0
413,base,cdopt,4,19,NaN,54,29,0,0,1,Inner,Up,0
413,base,cdopt,4,19,NaN,59,34,130,0,1,Outer,Down,0
413,base,cdopt,4,19,NaN,64,36,-78,-33,3,Middle,Down,0
413,base,cdopt,4,19,NaN,70,42,78,-33,4,Middle,Down,0
413,base,cdopt,4,19,NaN,75,44,-104,-66,3,Outer,Up,0
413,base,cdopt,4,19,NaN,78,47,-26,-66,3,Inner,Down,0
413,base,cdopt,4,19,NaN,83,52,104,-66,4,Outer,Up,0
413,base,cdopt,4,19,NaN,89,54,-26,-99,3,Middle,Down,0
413,base,cdopt,4,19,NaN,91,56,26,-99,4,Middle,Down,0
413,base,cdopt,4,19,NaN,92,57,52,-99,4,Outer,Up,0
414,base,ciopt,4,19,NaN,16,1,-52,99,2,Outer,Up,0
414,base,ciopt,4,19,NaN,17,2,-26,99,2,Middle,Down,0
414,base,ciopt,4,19,NaN,19,4,26,99,1,Middle,Down,0
414,base,ciopt,4,19,NaN,20,5,52,99,1,Outer,Up,0
414,base,ciopt,4,19,NaN,25,6,-104,66,2,Outer,Up,0
414,base,ciopt,4,19,NaN,33,14,104,66,1,Outer,Up,0
414,base,ciopt,4,19,NaN,40,18,-26,33,2,Inner,Down,0
414,base,ciopt,4,19,NaN,43,21,52,33,1,Inner,Up,0
414,base,ciopt,4,19,NaN,49,24,-130,0,3,Outer,Down,0
414,base,ciopt,4,19,NaN,51,26,-78,0,3,Middle,Down,0
414,base,ciopt,4,19,NaN,59,34,130,0,1,Outer,Down,0
414,base,ciopt,4,19,NaN,66,38,-26,-33,3,Inner,Down,0
414,base,ciopt,4,19,NaN,69,41,52,-33,4,Inner,Up,0
414,base,ciopt,4,19,NaN,75,44,-104,-66,3,Outer,Up,0
414,base,ciopt,4,19,NaN,83,52,104,-66,4,Outer,Up,0
414,base,ciopt,4,19,NaN,88,53,-52,-99,3,Outer,Up,0
414,base,ciopt,4,19,NaN,89,54,-26,-99,3,Middle,Down,0
414,base,ciopt,4,19,NaN,90,55,0,-99,4,Middle,Up,0
414,base,ciopt,4,19,NaN,91,56,26,-99,4,Middle,Down,0
415,mandatory,poisson_f,4,19,NaN,18,3,0,99,2,Middle,Up,1
415,mandatory,poisson_f,4,19,NaN,20,5,52,99,1,Outer,Up,0
415,mandatory,poisson_f,4,19,NaN,26,7,-78,66,2,Middle,Down,0
415,mandatory,poisson_f,4,19,NaN,30,11,26,66,1,Inner,Down,0
415,mandatory,poisson_f,4,19,NaN,32,13,78,66,1,Middle,Down,0
415,mandatory,poisson_f,4,19,NaN,37,15,-104,33,2,Outer,Up,0
415,mandatory,poisson_f,4,19,NaN,39,17,-52,33,2,Inner,Up,0
415,mandatory,poisson_f,4,19,NaN,45,23,104,33,1,Outer,Up,0
415,mandatory,poisson_f,4,19,NaN,51,26,-78,0,3,Middle,Down,1
415,mandatory,poisson_f,4,19,NaN,54,29,0,0,1,Inner,Up,1
415,mandatory,poisson_f,4,19,NaN,57,32,78,0,1,Middle,Down,1
415,mandatory,poisson_f,4,19,NaN,63,35,-104,-33,3,Outer,Up,0
415,mandatory,poisson_f,4,19,NaN,65,37,-52,-33,3,Inner,Up,0
415,mandatory,poisson_f,4,19,NaN,69,41,52,-33,4,Inner,Up,0
415,mandatory,poisson_f,4,19,NaN,80,49,26,-66,4,Inner,Down,0
415,mandatory,poisson_f,4,19,NaN,83,52,104,-66,4,Outer,Up,0
415,mandatory,poisson_f,4,19,NaN,88,53,-52,-99,3,Outer,Up,0
415,mandatory,poisson_f,4,19,NaN,90,55,0,-99,4,Middle,Up,1
415,mandatory,poisson_f,4,19,NaN,92,57,52,-99,4,Outer,Up,0
416,mandatory,human_f,4,19,NaN,16,1,-52,99,2,Outer,Up,0
416,mandatory,human_f,4,19,NaN,18,3,0,99,2,Middle,Up,1
416,mandatory,human_f,4,19,NaN,19,4,26,99,1,Middle,Down,0
416,mandatory,human_f,4,19,NaN,29,10,0,66,2,Inner,Up,0
416,mandatory,human_f,4,19,NaN,32,13,78,66,1,Middle,Down,0
416,mandatory,human_f,4,19,NaN,37,15,-104,33,2,Outer,Up,0
416,mandatory,human_f,4,19,NaN,39,17,-52,33,2,Inner,Up,0
416,mandatory,human_f,4,19,NaN,51,26,-78,0,3,Middle,Down,1
416,mandatory,human_f,4,19,NaN,54,29,0,0,1,Inner,Up,1
416,mandatory,human_f,4,19,NaN,56,31,52,0,1,Inner,Up,0
416,mandatory,human_f,4,19,NaN,57,32,78,0,1,Middle,Down,1
416,mandatory,human_f,4,19,NaN,58,33,104,0,1,Middle,Up,0
416,mandatory,human_f,4,19,NaN,63,35,-104,-33,3,Outer,Up,0
416,mandatory,human_f,4,19,NaN,65,37,-52,-33,3,Inner,Up,0
416,mandatory,human_f,4,19,NaN,80,49,26,-66,4,Inner,Down,0
416,mandatory,human_f,4,19,NaN,83,52,104,-66,4,Outer,Up,0
416,mandatory,human_f,4,19,NaN,88,53,-52,-99,3,Outer,Up,0
416,mandatory,human_f,4,19,NaN,90,55,0,-99,4,Middle,Up,1
416,mandatory,human_f,4,19,NaN,91,56,26,-99,4,Middle,Down,0
417,mandatory,dopt_aug,4,19,NaN,16,1,-52,99,2,Outer,Up,0
417,mandatory,dopt_aug,4,19,NaN,17,2,-26,99,2,Middle,Down,0
417,mandatory,dopt_aug,4,19,NaN,18,3,0,99,2,Middle,Up,1
417,mandatory,dopt_aug,4,19,NaN,19,4,26,99,1,Middle,Down,0
417,mandatory,dopt_aug,4,19,NaN,20,5,52,99,1,Outer,Up,0
417,mandatory,dopt_aug,4,19,NaN,25,6,-104,66,2,Outer,Up,0
417,mandatory,dopt_aug,4,19,NaN,33,14,104,66,1,Outer,Up,0
417,mandatory,dopt_aug,4,19,NaN,49,24,-130,0,3,Outer,Down,0
417,mandatory,dopt_aug,4,19,NaN,51,26,-78,0,3,Middle,Down,1
417,mandatory,dopt_aug,4,19,NaN,54,29,0,0,1,Inner,Up,1
417,mandatory,dopt_aug,4,19,NaN,57,32,78,0,1,Middle,Down,1
417,mandatory,dopt_aug,4,19,NaN,59,34,130,0,1,Outer,Down,0
417,mandatory,dopt_aug,4,19,NaN,75,44,-104,-66,3,Outer,Up,0
417,mandatory,dopt_aug,4,19,NaN,83,52,104,-66,4,Outer,Up,0
417,mandatory,dopt_aug,4,19,NaN,88,53,-52,-99,3,Outer,Up,0
417,mandatory,dopt_aug,4,19,NaN,89,54,-26,-99,3,Middle,Down,0
417,mandatory,dopt_aug,4,19,NaN,90,55,0,-99,4,Middle,Up,1
417,mandatory,dopt_aug,4,19,NaN,91,56,26,-99,4,Middle,Down,0
417,mandatory,dopt_aug,4,19,NaN,92,57,52,-99,4,Outer,Up,0
418,mandatory,iopt_aug,4,19,NaN,16,1,-52,99,2,Outer,Up,0
418,mandatory,iopt_aug,4,19,NaN,17,2,-26,99,2,Middle,Down,0
418,mandatory,iopt_aug,4,19,NaN,18,3,0,99,2,Middle,Up,1
418,mandatory,iopt_aug,4,19,NaN,19,4,26,99,1,Middle,Down,0
418,mandatory,iopt_aug,4,19,NaN,20,5,52,99,1,Outer,Up,0
418,mandatory,iopt_aug,4,19,NaN,25,6,-104,66,2,Outer,Up,0
418,mandatory,iopt_aug,4,19,NaN,33,14,104,66,1,Outer,Up,0
418,mandatory,iopt_aug,4,19,NaN,49,24,-130,0,3,Outer,Down,0
418,mandatory,iopt_aug,4,19,NaN,51,26,-78,0,3,Middle,Down,1
418,mandatory,iopt_aug,4,19,NaN,54,29,0,0,1,Inner,Up,1
418,mandatory,iopt_aug,4,19,NaN,57,32,78,0,1,Middle,Down,1
418,mandatory,iopt_aug,4,19,NaN,59,34,130,0,1,Outer,Down,0
418,mandatory,iopt_aug,4,19,NaN,75,44,-104,-66,3,Outer,Up,0
418,mandatory,iopt_aug,4,19,NaN,83,52,104,-66,4,Outer,Up,0
418,mandatory,iopt_aug,4,19,NaN,88,53,-52,-99,3,Outer,Up,0
418,mandatory,iopt_aug,4,19,NaN,89,54,-26,-99,3,Middle,Down,0
418,mandatory,iopt_aug,4,19,NaN,90,55,0,-99,4,Middle,Up,1
418,mandatory,iopt_aug,4,19,NaN,91,56,26,-99,4,Middle,Down,0
418,mandatory,iopt_aug,4,19,NaN,92,57,52,-99,4,Outer,Up,0
419,mandatory,cdopt_naive,4,19,NaN,16,1,-52,99,2,Outer,Up,0
419,mandatory,cdopt_naive,4,19,NaN,17,2,-26,99,2,Middle,Down,0
419,mandatory,cdopt_naive,4,19,NaN,18,3,0,99,2,Middle,Up,1
419,mandatory,cdopt_naive,4,19,NaN,20,5,52,99,1,Outer,Up,0
419,mandatory,cdopt_naive,4,19,NaN,25,6,-104,66,2,Outer,Up,0
419,mandatory,cdopt_naive,4,19,NaN,33,14,104,66,1,Outer,Up,0
419,mandatory,cdopt_naive,4,19,NaN,42,20,26,33,1,Inner,Down,0
419,mandatory,cdopt_naive,4,19,NaN,49,24,-130,0,3,Outer,Down,0
419,mandatory,cdopt_naive,4,19,NaN,51,26,-78,0,3,Middle,Down,1
419,mandatory,cdopt_naive,4,19,NaN,53,28,-26,0,3,Inner,Down,0
419,mandatory,cdopt_naive,4,19,NaN,54,29,0,0,1,Inner,Up,1
419,mandatory,cdopt_naive,4,19,NaN,57,32,78,0,1,Middle,Down,1
419,mandatory,cdopt_naive,4,19,NaN,59,34,130,0,1,Outer,Down,0
419,mandatory,cdopt_naive,4,19,NaN,75,44,-104,-66,3,Outer,Up,0
419,mandatory,cdopt_naive,4,19,NaN,80,49,26,-66,4,Inner,Down,0
419,mandatory,cdopt_naive,4,19,NaN,83,52,104,-66,4,Outer,Up,0
419,mandatory,cdopt_naive,4,19,NaN,88,53,-52,-99,3,Outer,Up,0
419,mandatory,cdopt_naive,4,19,NaN,90,55,0,-99,4,Middle,Up,1
419,mandatory,cdopt_naive,4,19,NaN,91,56,26,-99,4,Middle,Down,0
420,mandatory,ciopt_naive,4,19,NaN,16,1,-52,99,2,Outer,Up,0
420,mandatory,ciopt_naive,4,19,NaN,17,2,-26,99,2,Middle,Down,0
420,mandatory,ciopt_naive,4,19,NaN,18,3,0,99,2,Middle,Up,1
420,mandatory,ciopt_naive,4,19,NaN,20,5,52,99,1,Outer,Up,0
420,mandatory,ciopt_naive,4,19,NaN,25,6,-104,66,2,Outer,Up,0
420,mandatory,ciopt_naive,4,19,NaN,33,14,104,66,1,Outer,Up,0
420,mandatory,ciopt_naive,4,19,NaN,42,20,26,33,1,Inner,Down,0
420,mandatory,ciopt_naive,4,19,NaN,49,24,-130,0,3,Outer,Down,0
420,mandatory,ciopt_naive,4,19,NaN,51,26,-78,0,3,Middle,Down,1
420,mandatory,ciopt_naive,4,19,NaN,53,28,-26,0,3,Inner,Down,0
420,mandatory,ciopt_naive,4,19,NaN,54,29,0,0,1,Inner,Up,1
420,mandatory,ciopt_naive,4,19,NaN,57,32,78,0,1,Middle,Down,1
420,mandatory,ciopt_naive,4,19,NaN,59,34,130,0,1,Outer,Down,0
420,mandatory,ciopt_naive,4,19,NaN,75,44,-104,-66,3,Outer,Up,0
420,mandatory,ciopt_naive,4,19,NaN,80,49,26,-66,4,Inner,Down,0
420,mandatory,ciopt_naive,4,19,NaN,83,52,104,-66,4,Outer,Up,0
420,mandatory,ciopt_naive,4,19,NaN,88,53,-52,-99,3,Outer,Up,0
420,mandatory,ciopt_naive,4,19,NaN,90,55,0,-99,4,Middle,Up,1
420,mandatory,ciopt_naive,4,19,NaN,91,56,26,-99,4,Middle,Down,0
421,mandatory,cdopt_aug,4,19,NaN,16,1,-52,99,2,Outer,Up,0
421,mandatory,cdopt_aug,4,19,NaN,18,3,0,99,2,Middle,Up,1
421,mandatory,cdopt_aug,4,19,NaN,20,5,52,99,1,Outer,Up,0
421,mandatory,cdopt_aug,4,19,NaN,25,6,-104,66,2,Outer,Up,0
421,mandatory,cdopt_aug,4,19,NaN,28,9,-26,66,2,Inner,Down,0
421,mandatory,cdopt_aug,4,19,NaN,33,14,104,66,1,Outer,Up,0
421,mandatory,cdopt_aug,4,19,NaN,42,20,26,33,1,Inner,Down,0
421,mandatory,cdopt_aug,4,19,NaN,49,24,-130,0,3,Outer,Down,0
421,mandatory,cdopt_aug,4,19,NaN,51,26,-78,0,3,Middle,Down,1
421,mandatory,cdopt_aug,4,19,NaN,54,29,0,0,1,Inner,Up,1
421,mandatory,cdopt_aug,4,19,NaN,57,32,78,0,1,Middle,Down,1
421,mandatory,cdopt_aug,4,19,NaN,59,34,130,0,1,Outer,Down,0
421,mandatory,cdopt_aug,4,19,NaN,75,44,-104,-66,3,Outer,Up,0
421,mandatory,cdopt_aug,4,19,NaN,78,47,-26,-66,3,Inner,Down,0
421,mandatory,cdopt_aug,4,19,NaN,82,51,78,-66,4,Middle,Down,0
421,mandatory,cdopt_aug,4,19,NaN,83,52,104,-66,4,Outer,Up,0
421,mandatory,cdopt_aug,4,19,NaN,88,53,-52,-99,3,Outer,Up,0
421,mandatory,cdopt_aug,4,19,NaN,90,55,0,-99,4,Middle,Up,1
421,mandatory,cdopt_aug,4,19,NaN,91,56,26,-99,4,Middle,Down,0
422,mandatory,ciopt_aug,4,19,NaN,16,1,-52,99,2,Outer,Up,0
422,mandatory,ciopt_aug,4,19,NaN,17,2,-26,99,2,Middle,Down,0
422,mandatory,ciopt_aug,4,19,NaN,18,3,0,99,2,Middle,Up,1
422,mandatory,ciopt_aug,4,19,NaN,20,5,52,99,1,Outer,Up,0
422,mandatory,ciopt_aug,4,19,NaN,25,6,-104,66,2,Outer,Up,0
422,mandatory,ciopt_aug,4,19,NaN,33,14,104,66,1,Outer,Up,0
422,mandatory,ciopt_aug,4,19,NaN,42,20,26,33,1,Inner,Down,0
422,mandatory,ciopt_aug,4,19,NaN,49,24,-130,0,3,Outer,Down,0
422,mandatory,ciopt_aug,4,19,NaN,51,26,-78,0,3,Middle,Down,1
422,mandatory,ciopt_aug,4,19,NaN,54,29,0,0,1,Inner,Up,1
422,mandatory,ciopt_aug,4,19,NaN,57,32,78,0,1,Middle,Down,1
422,mandatory,ciopt_aug,4,19,NaN,59,34,130,0,1,Outer,Down,0
422,mandatory,ciopt_aug,4,19,NaN,75,44,-104,-66,3,Outer,Up,0
422,mandatory,ciopt_aug,4,19,NaN,78,47,-26,-66,3,Inner,Down,0
422,mandatory,ciopt_aug,4,19,NaN,80,49,26,-66,4,Inner,Down,0
422,mandatory,ciopt_aug,4,19,NaN,83,52,104,-66,4,Outer,Up,0
422,mandatory,ciopt_aug,4,19,NaN,88,53,-52,-99,3,Outer,Up,0
422,mandatory,ciopt_aug,4,19,NaN,90,55,0,-99,4,Middle,Up,1
422,mandatory,ciopt_aug,4,19,NaN,91,56,26,-99,4,Middle,Down,0
423,base,poisson,5,6,NaN,20,5,52,99,1,Outer,Up,0
423,base,poisson,5,6,NaN,25,6,-104,66,2,Outer,Up,0
423,base,poisson,5,6,NaN,55,30,26,0,1,Inner,Down,0
423,base,poisson,5,6,NaN,59,34,130,0,1,Outer,Down,0
423,base,poisson,5,6,NaN,64,36,-78,-33,3,Middle,Down,0
423,base,poisson,5,6,NaN,92,57,52,-99,4,Outer,Up,0
424,base,human,5,6,NaN,26,7,-78,66,2,Middle,Down,0
424,base,human,5,6,NaN,32,13,78,66,1,Middle,Down,0
424,base,human,5,6,NaN,54,29,0,0,1,Inner,Up,0
424,base,human,5,6,NaN,65,37,-52,-33,3,Inner,Up,0
424,base,human,5,6,NaN,76,45,-78,-66,3,Middle,Down,0
424,base,human,5,6,NaN,82,51,78,-66,4,Middle,Down,0
425,base,dopt,5,6,NaN,16,1,-52,99,2,Outer,Up,0
425,base,dopt,5,6,NaN,20,5,52,99,1,Outer,Up,0
425,base,dopt,5,6,NaN,49,24,-130,0,3,Outer,Down,0
425,base,dopt,5,6,NaN,59,34,130,0,1,Outer,Down,0
425,base,dopt,5,6,NaN,88,53,-52,-99,3,Outer,Up,0
425,base,dopt,5,6,NaN,92,57,52,-99,4,Outer,Up,0
426,base,iopt,5,6,NaN,18,3,0,99,2,Middle,Up,0
426,base,iopt,5,6,NaN,25,6,-104,66,2,Outer,Up,0
426,base,iopt,5,6,NaN,33,14,104,66,1,Outer,Up,0
426,base,iopt,5,6,NaN,75,44,-104,-66,3,Outer,Up,0
426,base,iopt,5,6,NaN,83,52,104,-66,4,Outer,Up,0
426,base,iopt,5,6,NaN,90,55,0,-99,4,Middle,Up,0
427,base,cdopt,5,6,NaN,17,2,-26,99,2,Middle,Down,0
427,base,cdopt,5,6,NaN,33,14,104,66,1,Outer,Up,0
427,base,cdopt,5,6,NaN,49,24,-130,0,3,Outer,Down,0
427,base,cdopt,5,6,NaN,54,29,0,0,1,Inner,Up,0
427,base,cdopt,5,6,NaN,83,52,104,-66,4,Outer,Up,0
427,base,cdopt,5,6,NaN,89,54,-26,-99,3,Middle,Down,0
428,base,ciopt,5,6,NaN,19,4,26,99,1,Middle,Down,0
428,base,ciopt,5,6,NaN,25,6,-104,66,2,Outer,Up,0
428,base,ciopt,5,6,NaN,54,29,0,0,1,Inner,Up,0
428,base,ciopt,5,6,NaN,59,34,130,0,1,Outer,Down,0
428,base,ciopt,5,6,NaN,75,44,-104,-66,3,Outer,Up,0
428,base,ciopt,5,6,NaN,91,56,26,-99,4,Middle,Down,0
429,mandatory,poisson_f,5,6,NaN,18,3,0,99,2,Middle,Up,1
429,mandatory,poisson_f,5,6,NaN,51,26,-78,0,3,Middle,Down,1
429,mandatory,poisson_f,5,6,NaN,54,29,0,0,1,Inner,Up,1
429,mandatory,poisson_f,5,6,NaN,57,32,78,0,1,Middle,Down,1
429,mandatory,poisson_f,5,6,NaN,83,52,104,-66,4,Outer,Up,0
429,mandatory,poisson_f,5,6,NaN,90,55,0,-99,4,Middle,Up,1
430,mandatory,human_f,5,6,NaN,18,3,0,99,2,Middle,Up,1
430,mandatory,human_f,5,6,NaN,32,13,78,66,1,Middle,Down,0
430,mandatory,human_f,5,6,NaN,51,26,-78,0,3,Middle,Down,1
430,mandatory,human_f,5,6,NaN,54,29,0,0,1,Inner,Up,1
430,mandatory,human_f,5,6,NaN,57,32,78,0,1,Middle,Down,1
430,mandatory,human_f,5,6,NaN,90,55,0,-99,4,Middle,Up,1
431,mandatory,dopt_aug,5,6,NaN,18,3,0,99,2,Middle,Up,1
431,mandatory,dopt_aug,5,6,NaN,25,6,-104,66,2,Outer,Up,0
431,mandatory,dopt_aug,5,6,NaN,51,26,-78,0,3,Middle,Down,1
431,mandatory,dopt_aug,5,6,NaN,54,29,0,0,1,Inner,Up,1
431,mandatory,dopt_aug,5,6,NaN,57,32,78,0,1,Middle,Down,1
431,mandatory,dopt_aug,5,6,NaN,90,55,0,-99,4,Middle,Up,1
432,mandatory,iopt_aug,5,6,NaN,18,3,0,99,2,Middle,Up,1
432,mandatory,iopt_aug,5,6,NaN,25,6,-104,66,2,Outer,Up,0
432,mandatory,iopt_aug,5,6,NaN,51,26,-78,0,3,Middle,Down,1
432,mandatory,iopt_aug,5,6,NaN,54,29,0,0,1,Inner,Up,1
432,mandatory,iopt_aug,5,6,NaN,57,32,78,0,1,Middle,Down,1
432,mandatory,iopt_aug,5,6,NaN,90,55,0,-99,4,Middle,Up,1
437,base,poisson,5,7,NaN,18,3,0,99,2,Middle,Up,0
437,base,poisson,5,7,NaN,25,6,-104,66,2,Outer,Up,0
437,base,poisson,5,7,NaN,44,22,78,33,1,Middle,Down,0
437,base,poisson,5,7,NaN,53,28,-26,0,3,Inner,Down,0
437,base,poisson,5,7,NaN,75,44,-104,-66,3,Outer,Up,0
437,base,poisson,5,7,NaN,83,52,104,-66,4,Outer,Up,0
437,base,poisson,5,7,NaN,90,55,0,-99,4,Middle,Up,0
438,base,human,5,7,NaN,26,7,-78,66,2,Middle,Down,0
438,base,human,5,7,NaN,32,13,78,66,1,Middle,Down,0
438,base,human,5,7,NaN,39,17,-52,33,2,Inner,Up,0
438,base,human,5,7,NaN,54,29,0,0,1,Inner,Up,0
438,base,human,5,7,NaN,69,41,52,-33,4,Inner,Up,0
438,base,human,5,7,NaN,76,45,-78,-66,3,Middle,Down,0
438,base,human,5,7,NaN,82,51,78,-66,4,Middle,Down,0
439,base,dopt,5,7,NaN,16,1,-52,99,2,Outer,Up,0
439,base,dopt,5,7,NaN,20,5,52,99,1,Outer,Up,0
439,base,dopt,5,7,NaN,49,24,-130,0,3,Outer,Down,0
439,base,dopt,5,7,NaN,54,29,0,0,1,Inner,Up,0
439,base,dopt,5,7,NaN,59,34,130,0,1,Outer,Down,0
439,base,dopt,5,7,NaN,88,53,-52,-99,3,Outer,Up,0
439,base,dopt,5,7,NaN,92,57,52,-99,4,Outer,Up,0
440,base,iopt,5,7,NaN,16,1,-52,99,2,Outer,Up,0
440,base,iopt,5,7,NaN,20,5,52,99,1,Outer,Up,0
440,base,iopt,5,7,NaN,49,24,-130,0,3,Outer,Down,0
440,base,iopt,5,7,NaN,54,29,0,0,1,Inner,Up,0
440,base,iopt,5,7,NaN,59,34,130,0,1,Outer,Down,0
440,base,iopt,5,7,NaN,88,53,-52,-99,3,Outer,Up,0
440,base,iopt,5,7,NaN,92,57,52,-99,4,Outer,Up,0
441,base,cdopt,5,7,NaN,16,1,-52,99,2,Outer,Up,0
441,base,cdopt,5,7,NaN,19,4,26,99,1,Middle,Down,0
441,base,cdopt,5,7,NaN,33,14,104,66,1,Outer,Up,0
441,base,cdopt,5,7,NaN,49,24,-130,0,3,Outer,Down,0
441,base,cdopt,5,7,NaN,54,29,0,0,1,Inner,Up,0
441,base,cdopt,5,7,NaN,83,52,104,-66,4,Outer,Up,0
441,base,cdopt,5,7,NaN,89,54,-26,-99,3,Middle,Down,0
442,base,ciopt,5,7,NaN,16,1,-52,99,2,Outer,Up,0
442,base,ciopt,5,7,NaN,20,5,52,99,1,Outer,Up,0
442,base,ciopt,5,7,NaN,49,24,-130,0,3,Outer,Down,0
442,base,ciopt,5,7,NaN,54,29,0,0,1,Inner,Up,0
442,base,ciopt,5,7,NaN,59,34,130,0,1,Outer,Down,0
442,base,ciopt,5,7,NaN,89,54,-26,-99,3,Middle,Down,0
442,base,ciopt,5,7,NaN,91,56,26,-99,4,Middle,Down,0
443,mandatory,poisson_f,5,7,NaN,18,3,0,99,2,Middle,Up,1
443,mandatory,poisson_f,5,7,NaN,33,14,104,66,1,Outer,Up,0
443,mandatory,poisson_f,5,7,NaN,51,26,-78,0,3,Middle,Down,1
443,mandatory,poisson_f,5,7,NaN,54,29,0,0,1,Inner,Up,1
443,mandatory,poisson_f,5,7,NaN,57,32,78,0,1,Middle,Down,1
443,mandatory,poisson_f,5,7,NaN,75,44,-104,-66,3,Outer,Up,0
443,mandatory,poisson_f,5,7,NaN,90,55,0,-99,4,Middle,Up,1
444,mandatory,human_f,5,7,NaN,18,3,0,99,2,Middle,Up,1
444,mandatory,human_f,5,7,NaN,32,13,78,66,1,Middle,Down,0
444,mandatory,human_f,5,7,NaN,51,26,-78,0,3,Middle,Down,1
444,mandatory,human_f,5,7,NaN,54,29,0,0,1,Inner,Up,1
444,mandatory,human_f,5,7,NaN,57,32,78,0,1,Middle,Down,1
444,mandatory,human_f,5,7,NaN,76,45,-78,-66,3,Middle,Down,0
444,mandatory,human_f,5,7,NaN,90,55,0,-99,4,Middle,Up,1
445,mandatory,dopt_aug,5,7,NaN,18,3,0,99,2,Middle,Up,1
445,mandatory,dopt_aug,5,7,NaN,51,26,-78,0,3,Middle,Down,1
445,mandatory,dopt_aug,5,7,NaN,54,29,0,0,1,Inner,Up,1
445,mandatory,dopt_aug,5,7,NaN,57,32,78,0,1,Middle,Down,1
445,mandatory,dopt_aug,5,7,NaN,75,44,-104,-66,3,Outer,Up,0
445,mandatory,dopt_aug,5,7,NaN,83,52,104,-66,4,Outer,Up,0
445,mandatory,dopt_aug,5,7,NaN,90,55,0,-99,4,Middle,Up,1
446,mandatory,iopt_aug,5,7,NaN,18,3,0,99,2,Middle,Up,1
446,mandatory,iopt_aug,5,7,NaN,51,26,-78,0,3,Middle,Down,1
446,mandatory,iopt_aug,5,7,NaN,54,29,0,0,1,Inner,Up,1
446,mandatory,iopt_aug,5,7,NaN,57,32,78,0,1,Middle,Down,1
446,mandatory,iopt_aug,5,7,NaN,75,44,-104,-66,3,Outer,Up,0
446,mandatory,iopt_aug,5,7,NaN,83,52,104,-66,4,Outer,Up,0
446,mandatory,iopt_aug,5,7,NaN,90,55,0,-99,4,Middle,Up,1
447,mandatory,cdopt_naive,5,7,NaN,18,3,0,99,2,Middle,Up,1
447,mandatory,cdopt_naive,5,7,NaN,49,24,-130,0,3,Outer,Down,0
447,mandatory,cdopt_naive,5,7,NaN,51,26,-78,0,3,Middle,Down,1
447,mandatory,cdopt_naive,5,7,NaN,54,29,0,0,1,Inner,Up,1
447,mandatory,cdopt_naive,5,7,NaN,57,32,78,0,1,Middle,Down,1
447,mandatory,cdopt_naive,5,7,NaN,59,34,130,0,1,Outer,Down,0
447,mandatory,cdopt_naive,5,7,NaN,90,55,0,-99,4,Middle,Up,1
448,mandatory,ciopt_naive,5,7,NaN,18,3,0,99,2,Middle,Up,1
448,mandatory,ciopt_naive,5,7,NaN,49,24,-130,0,3,Outer,Down,0
448,mandatory,ciopt_naive,5,7,NaN,51,26,-78,0,3,Middle,Down,1
448,mandatory,ciopt_naive,5,7,NaN,54,29,0,0,1,Inner,Up,1
448,mandatory,ciopt_naive,5,7,NaN,57,32,78,0,1,Middle,Down,1
448,mandatory,ciopt_naive,5,7,NaN,88,53,-52,-99,3,Outer,Up,0
448,mandatory,ciopt_naive,5,7,NaN,90,55,0,-99,4,Middle,Up,1
449,mandatory,cdopt_aug,5,7,NaN,18,3,0,99,2,Middle,Up,1
449,mandatory,cdopt_aug,5,7,NaN,25,6,-104,66,2,Outer,Up,0
449,mandatory,cdopt_aug,5,7,NaN,51,26,-78,0,3,Middle,Down,1
449,mandatory,cdopt_aug,5,7,NaN,54,29,0,0,1,Inner,Up,1
449,mandatory,cdopt_aug,5,7,NaN,57,32,78,0,1,Middle,Down,1
449,mandatory,cdopt_aug,5,7,NaN,59,34,130,0,1,Outer,Down,0
449,mandatory,cdopt_aug,5,7,NaN,90,55,0,-99,4,Middle,Up,1
450,mandatory,ciopt_aug,5,7,NaN,18,3,0,99,2,Middle,Up,1
450,mandatory,ciopt_aug,5,7,NaN,25,6,-104,66,2,Outer,Up,0
450,mandatory,ciopt_aug,5,7,NaN,49,24,-130,0,3,Outer,Down,0
450,mandatory,ciopt_aug,5,7,NaN,51,26,-78,0,3,Middle,Down,1
450,mandatory,ciopt_aug,5,7,NaN,54,29,0,0,1,Inner,Up,1
450,mandatory,ciopt_aug,5,7,NaN,57,32,78,0,1,Middle,Down,1
450,mandatory,ciopt_aug,5,7,NaN,90,55,0,-99,4,Middle,Up,1
451,base,poisson,5,8,NaN,16,1,-52,99,2,Outer,Up,0
451,base,poisson,5,8,NaN,20,5,52,99,1,Outer,Up,0
451,base,poisson,5,8,NaN,45,23,104,33,1,Outer,Up,0
451,base,poisson,5,8,NaN,50,25,-104,0,3,Middle,Up,0
451,base,poisson,5,8,NaN,55,30,26,0,1,Inner,Down,0
451,base,poisson,5,8,NaN,77,46,-52,-66,3,Middle,Up,0
451,base,poisson,5,8,NaN,83,52,104,-66,4,Outer,Up,0
451,base,poisson,5,8,NaN,91,56,26,-99,4,Middle,Down,0
452,base,human,5,8,NaN,16,1,-52,99,2,Outer,Up,0
452,base,human,5,8,NaN,32,13,78,66,1,Middle,Down,0
452,base,human,5,8,NaN,39,17,-52,33,2,Inner,Up,0
452,base,human,5,8,NaN,54,29,0,0,1,Inner,Up,0
452,base,human,5,8,NaN,63,35,-104,-33,3,Outer,Up,0
452,base,human,5,8,NaN,69,41,52,-33,4,Inner,Up,0
452,base,human,5,8,NaN,83,52,104,-66,4,Outer,Up,0
452,base,human,5,8,NaN,89,54,-26,-99,3,Middle,Down,0
453,base,dopt,5,8,NaN,16,1,-52,99,2,Outer,Up,0
453,base,dopt,5,8,NaN,20,5,52,99,1,Outer,Up,0
453,base,dopt,5,8,NaN,49,24,-130,0,3,Outer,Down,0
453,base,dopt,5,8,NaN,54,29,0,0,1,Inner,Up,0
453,base,dopt,5,8,NaN,59,34,130,0,1,Outer,Down,0
453,base,dopt,5,8,NaN,83,52,104,-66,4,Outer,Up,0
453,base,dopt,5,8,NaN,88,53,-52,-99,3,Outer,Up,0
453,base,dopt,5,8,NaN,92,57,52,-99,4,Outer,Up,0
454,base,iopt,5,8,NaN,16,1,-52,99,2,Outer,Up,0
454,base,iopt,5,8,NaN,20,5,52,99,1,Outer,Up,0
454,base,iopt,5,8,NaN,33,14,104,66,1,Outer,Up,0
454,base,iopt,5,8,NaN,49,24,-130,0,3,Outer,Down,0
454,base,iopt,5,8,NaN,54,29,0,0,1,Inner,Up,0
454,base,iopt,5,8,NaN,83,52,104,-66,4,Outer,Up,0
454,base,iopt,5,8,NaN,88,53,-52,-99,3,Outer,Up,0
454,base,iopt,5,8,NaN,92,57,52,-99,4,Outer,Up,0
455,base,cdopt,5,8,NaN,19,4,26,99,1,Middle,Down,0
455,base,cdopt,5,8,NaN,26,7,-78,66,2,Middle,Down,0
455,base,cdopt,5,8,NaN,33,14,104,66,1,Outer,Up,0
455,base,cdopt,5,8,NaN,49,24,-130,0,3,Outer,Down,0
455,base,cdopt,5,8,NaN,54,29,0,0,1,Inner,Up,0
455,base,cdopt,5,8,NaN,83,52,104,-66,4,Outer,Up,0
455,base,cdopt,5,8,NaN,88,53,-52,-99,3,Outer,Up,0
455,base,cdopt,5,8,NaN,91,56,26,-99,4,Middle,Down,0
456,base,ciopt,5,8,NaN,18,3,0,99,2,Middle,Up,0
456,base,ciopt,5,8,NaN,26,7,-78,66,2,Middle,Down,0
456,base,ciopt,5,8,NaN,32,13,78,66,1,Middle,Down,0
456,base,ciopt,5,8,NaN,49,24,-130,0,3,Outer,Down,0
456,base,ciopt,5,8,NaN,54,29,0,0,1,Inner,Up,0
456,base,ciopt,5,8,NaN,59,34,130,0,1,Outer,Down,0
456,base,ciopt,5,8,NaN,88,53,-52,-99,3,Outer,Up,0
456,base,ciopt,5,8,NaN,92,57,52,-99,4,Outer,Up,0
457,mandatory,poisson_f,5,8,NaN,18,3,0,99,2,Middle,Up,1
457,mandatory,poisson_f,5,8,NaN,25,6,-104,66,2,Outer,Up,0
457,mandatory,poisson_f,5,8,NaN,51,26,-78,0,3,Middle,Down,1
457,mandatory,poisson_f,5,8,NaN,54,29,0,0,1,Inner,Up,1
457,mandatory,poisson_f,5,8,NaN,57,32,78,0,1,Middle,Down,1
457,mandatory,poisson_f,5,8,NaN,75,44,-104,-66,3,Outer,Up,0
457,mandatory,poisson_f,5,8,NaN,83,52,104,-66,4,Outer,Up,0
457,mandatory,poisson_f,5,8,NaN,90,55,0,-99,4,Middle,Up,1
458,mandatory,human_f,5,8,NaN,18,3,0,99,2,Middle,Up,1
458,mandatory,human_f,5,8,NaN,32,13,78,66,1,Middle,Down,0
458,mandatory,human_f,5,8,NaN,51,26,-78,0,3,Middle,Down,1
458,mandatory,human_f,5,8,NaN,54,29,0,0,1,Inner,Up,1
458,mandatory,human_f,5,8,NaN,57,32,78,0,1,Middle,Down,1
458,mandatory,human_f,5,8,NaN,65,37,-52,-33,3,Inner,Up,0
458,mandatory,human_f,5,8,NaN,76,45,-78,-66,3,Middle,Down,0
458,mandatory,human_f,5,8,NaN,90,55,0,-99,4,Middle,Up,1
459,mandatory,dopt_aug,5,8,NaN,18,3,0,99,2,Middle,Up,1
459,mandatory,dopt_aug,5,8,NaN,25,6,-104,66,2,Outer,Up,0
459,mandatory,dopt_aug,5,8,NaN,51,26,-78,0,3,Middle,Down,1
459,mandatory,dopt_aug,5,8,NaN,54,29,0,0,1,Inner,Up,1
459,mandatory,dopt_aug,5,8,NaN,57,32,78,0,1,Middle,Down,1
459,mandatory,dopt_aug,5,8,NaN,75,44,-104,-66,3,Outer,Up,0
459,mandatory,dopt_aug,5,8,NaN,83,52,104,-66,4,Outer,Up,0
459,mandatory,dopt_aug,5,8,NaN,90,55,0,-99,4,Middle,Up,1
460,mandatory,iopt_aug,5,8,NaN,18,3,0,99,2,Middle,Up,1
460,mandatory,iopt_aug,5,8,NaN,25,6,-104,66,2,Outer,Up,0
460,mandatory,iopt_aug,5,8,NaN,51,26,-78,0,3,Middle,Down,1
460,mandatory,iopt_aug,5,8,NaN,54,29,0,0,1,Inner,Up,1
460,mandatory,iopt_aug,5,8,NaN,57,32,78,0,1,Middle,Down,1
460,mandatory,iopt_aug,5,8,NaN,75,44,-104,-66,3,Outer,Up,0
460,mandatory,iopt_aug,5,8,NaN,83,52,104,-66,4,Outer,Up,0
460,mandatory,iopt_aug,5,8,NaN,90,55,0,-99,4,Middle,Up,1
461,mandatory,cdopt_naive,5,8,NaN,18,3,0,99,2,Middle,Up,1
461,mandatory,cdopt_naive,5,8,NaN,49,24,-130,0,3,Outer,Down,0
461,mandatory,cdopt_naive,5,8,NaN,51,26,-78,0,3,Middle,Down,1
461,mandatory,cdopt_naive,5,8,NaN,54,29,0,0,1,Inner,Up,1
461,mandatory,cdopt_naive,5,8,NaN,57,32,78,0,1,Middle,Down,1
461,mandatory,cdopt_naive,5,8,NaN,59,34,130,0,1,Outer,Down,0
461,mandatory,cdopt_naive,5,8,NaN,88,53,-52,-99,3,Outer,Up,0
461,mandatory,cdopt_naive,5,8,NaN,90,55,0,-99,4,Middle,Up,1
462,mandatory,ciopt_naive,5,8,NaN,16,1,-52,99,2,Outer,Up,0
462,mandatory,ciopt_naive,5,8,NaN,18,3,0,99,2,Middle,Up,1
462,mandatory,ciopt_naive,5,8,NaN,49,24,-130,0,3,Outer,Down,0
462,mandatory,ciopt_naive,5,8,NaN,51,26,-78,0,3,Middle,Down,1
462,mandatory,ciopt_naive,5,8,NaN,54,29,0,0,1,Inner,Up,1
462,mandatory,ciopt_naive,5,8,NaN,55,30,26,0,1,Inner,Down,0
462,mandatory,ciopt_naive,5,8,NaN,57,32,78,0,1,Middle,Down,1
462,mandatory,ciopt_naive,5,8,NaN,90,55,0,-99,4,Middle,Up,1
463,mandatory,cdopt_aug,5,8,NaN,18,3,0,99,2,Middle,Up,1
463,mandatory,cdopt_aug,5,8,NaN,25,6,-104,66,2,Outer,Up,0
463,mandatory,cdopt_aug,5,8,NaN,49,24,-130,0,3,Outer,Down,0
463,mandatory,cdopt_aug,5,8,NaN,51,26,-78,0,3,Middle,Down,1
463,mandatory,cdopt_aug,5,8,NaN,54,29,0,0,1,Inner,Up,1
463,mandatory,cdopt_aug,5,8,NaN,57,32,78,0,1,Middle,Down,1
463,mandatory,cdopt_aug,5,8,NaN,59,34,130,0,1,Outer,Down,0
463,mandatory,cdopt_aug,5,8,NaN,90,55,0,-99,4,Middle,Up,1
464,mandatory,ciopt_aug,5,8,NaN,18,3,0,99,2,Middle,Up,1
464,mandatory,ciopt_aug,5,8,NaN,25,6,-104,66,2,Outer,Up,0
464,mandatory,ciopt_aug,5,8,NaN,49,24,-130,0,3,Outer,Down,0
464,mandatory,ciopt_aug,5,8,NaN,51,26,-78,0,3,Middle,Down,1
464,mandatory,ciopt_aug,5,8,NaN,54,29,0,0,1,Inner,Up,1
464,mandatory,ciopt_aug,5,8,NaN,57,32,78,0,1,Middle,Down,1
464,mandatory,ciopt_aug,5,8,NaN,80,49,26,-66,4,Inner,Down,0
464,mandatory,ciopt_aug,5,8,NaN,90,55,0,-99,4,Middle,Up,1
465,base,poisson,5,9,NaN,25,6,-104,66,2,Outer,Up,0
465,base,poisson,5,9,NaN,29,10,0,66,2,Inner,Up,0
465,base,poisson,5,9,NaN,32,13,78,66,1,Middle,Down,0
465,base,poisson,5,9,NaN,49,24,-130,0,3,Outer,Down,0
465,base,poisson,5,9,NaN,52,27,-52,0,3,Inner,Up,0
465,base,poisson,5,9,NaN,58,33,104,0,1,Middle,Up,0
465,base,poisson,5,9,NaN,68,40,26,-33,4,Inner,Down,0
465,base,poisson,5,9,NaN,75,44,-104,-66,3,Outer,Up,0
465,base,poisson,5,9,NaN,90,55,0,-99,4,Middle,Up,0
466,base,human,5,9,NaN,17,2,-26,99,2,Middle,Down,0
466,base,human,5,9,NaN,32,13,78,66,1,Middle,Down,0
466,base,human,5,9,NaN,37,15,-104,33,2,Outer,Up,0
466,base,human,5,9,NaN,39,17,-52,33,2,Inner,Up,0
466,base,human,5,9,NaN,54,29,0,0,1,Inner,Up,0
466,base,human,5,9,NaN,69,41,52,-33,4,Inner,Up,0
466,base,human,5,9,NaN,71,43,104,-33,4,Outer,Up,0
466,base,human,5,9,NaN,76,45,-78,-66,3,Middle,Down,0
466,base,human,5,9,NaN,91,56,26,-99,4,Middle,Down,0
467,base,dopt,5,9,NaN,16,1,-52,99,2,Outer,Up,0
467,base,dopt,5,9,NaN,20,5,52,99,1,Outer,Up,0
467,base,dopt,5,9,NaN,49,24,-130,0,3,Outer,Down,0
467,base,dopt,5,9,NaN,54,29,0,0,1,Inner,Up,0
467,base,dopt,5,9,NaN,59,34,130,0,1,Outer,Down,0
467,base,dopt,5,9,NaN,75,44,-104,-66,3,Outer,Up,0
467,base,dopt,5,9,NaN,83,52,104,-66,4,Outer,Up,0
467,base,dopt,5,9,NaN,88,53,-52,-99,3,Outer,Up,0
467,base,dopt,5,9,NaN,92,57,52,-99,4,Outer,Up,0
468,base,iopt,5,9,NaN,16,1,-52,99,2,Outer,Up,0
468,base,iopt,5,9,NaN,20,5,52,99,1,Outer,Up,0
468,base,iopt,5,9,NaN,25,6,-104,66,2,Outer,Up,0
468,base,iopt,5,9,NaN,33,14,104,66,1,Outer,Up,0
468,base,iopt,5,9,NaN,54,29,0,0,1,Inner,Up,0
468,base,iopt,5,9,NaN,59,34,130,0,1,Outer,Down,0
468,base,iopt,5,9,NaN,75,44,-104,-66,3,Outer,Up,0
468,base,iopt,5,9,NaN,88,53,-52,-99,3,Outer,Up,0
468,base,iopt,5,9,NaN,92,57,52,-99,4,Outer,Up,0
469,base,cdopt,5,9,NaN,17,2,-26,99,2,Middle,Down,0
469,base,cdopt,5,9,NaN,25,6,-104,66,2,Outer,Up,0
469,base,cdopt,5,9,NaN,32,13,78,66,1,Middle,Down,0
469,base,cdopt,5,9,NaN,52,27,-52,0,3,Inner,Up,0
469,base,cdopt,5,9,NaN,55,30,26,0,1,Inner,Down,0
469,base,cdopt,5,9,NaN,59,34,130,0,1,Outer,Down,0
469,base,cdopt,5,9,NaN,75,44,-104,-66,3,Outer,Up,0
469,base,cdopt,5,9,NaN,89,54,-26,-99,3,Middle,Down,0
469,base,cdopt,5,9,NaN,92,57,52,-99,4,Outer,Up,0
470,base,ciopt,5,9,NaN,18,3,0,99,2,Middle,Up,0
470,base,ciopt,5,9,NaN,25,6,-104,66,2,Outer,Up,0
470,base,ciopt,5,9,NaN,32,13,78,66,1,Middle,Down,0
470,base,ciopt,5,9,NaN,53,28,-26,0,3,Inner,Down,0
470,base,ciopt,5,9,NaN,55,30,26,0,1,Inner,Down,0
470,base,ciopt,5,9,NaN,59,34,130,0,1,Outer,Down,0
470,base,ciopt,5,9,NaN,75,44,-104,-66,3,Outer,Up,0
470,base,ciopt,5,9,NaN,89,54,-26,-99,3,Middle,Down,0
470,base,ciopt,5,9,NaN,92,57,52,-99,4,Outer,Up,0
471,mandatory,poisson_f,5,9,NaN,18,3,0,99,2,Middle,Up,1
471,mandatory,poisson_f,5,9,NaN,25,6,-104,66,2,Outer,Up,0
471,mandatory,poisson_f,5,9,NaN,33,14,104,66,1,Outer,Up,0
471,mandatory,poisson_f,5,9,NaN,51,26,-78,0,3,Middle,Down,1
471,mandatory,poisson_f,5,9,NaN,54,29,0,0,1,Inner,Up,1
471,mandatory,poisson_f,5,9,NaN,57,32,78,0,1,Middle,Down,1
471,mandatory,poisson_f,5,9,NaN,75,44,-104,-66,3,Outer,Up,0
471,mandatory,poisson_f,5,9,NaN,83,52,104,-66,4,Outer,Up,0
471,mandatory,poisson_f,5,9,NaN,90,55,0,-99,4,Middle,Up,1
472,mandatory,human_f,5,9,NaN,18,3,0,99,2,Middle,Up,1
472,mandatory,human_f,5,9,NaN,32,13,78,66,1,Middle,Down,0
472,mandatory,human_f,5,9,NaN,37,15,-104,33,2,Outer,Up,0
472,mandatory,human_f,5,9,NaN,51,26,-78,0,3,Middle,Down,1
472,mandatory,human_f,5,9,NaN,54,29,0,0,1,Inner,Up,1
472,mandatory,human_f,5,9,NaN,57,32,78,0,1,Middle,Down,1
472,mandatory,human_f,5,9,NaN,65,37,-52,-33,3,Inner,Up,0
472,mandatory,human_f,5,9,NaN,90,55,0,-99,4,Middle,Up,1
472,mandatory,human_f,5,9,NaN,91,56,26,-99,4,Middle,Down,0
473,mandatory,dopt_aug,5,9,NaN,18,3,0,99,2,Middle,Up,1
473,mandatory,dopt_aug,5,9,NaN,25,6,-104,66,2,Outer,Up,0
473,mandatory,dopt_aug,5,9,NaN,33,14,104,66,1,Outer,Up,0
473,mandatory,dopt_aug,5,9,NaN,51,26,-78,0,3,Middle,Down,1
473,mandatory,dopt_aug,5,9,NaN,54,29,0,0,1,Inner,Up,1
473,mandatory,dopt_aug,5,9,NaN,57,32,78,0,1,Middle,Down,1
473,mandatory,dopt_aug,5,9,NaN,75,44,-104,-66,3,Outer,Up,0
473,mandatory,dopt_aug,5,9,NaN,83,52,104,-66,4,Outer,Up,0
473,mandatory,dopt_aug,5,9,NaN,90,55,0,-99,4,Middle,Up,1
474,mandatory,iopt_aug,5,9,NaN,18,3,0,99,2,Middle,Up,1
474,mandatory,iopt_aug,5,9,NaN,25,6,-104,66,2,Outer,Up,0
474,mandatory,iopt_aug,5,9,NaN,33,14,104,66,1,Outer,Up,0
474,mandatory,iopt_aug,5,9,NaN,51,26,-78,0,3,Middle,Down,1
474,mandatory,iopt_aug,5,9,NaN,54,29,0,0,1,Inner,Up,1
474,mandatory,iopt_aug,5,9,NaN,57,32,78,0,1,Middle,Down,1
474,mandatory,iopt_aug,5,9,NaN,75,44,-104,-66,3,Outer,Up,0
474,mandatory,iopt_aug,5,9,NaN,83,52,104,-66,4,Outer,Up,0
474,mandatory,iopt_aug,5,9,NaN,90,55,0,-99,4,Middle,Up,1
475,mandatory,cdopt_naive,5,9,NaN,18,3,0,99,2,Middle,Up,1
475,mandatory,cdopt_naive,5,9,NaN,29,10,0,66,2,Inner,Up,0
475,mandatory,cdopt_naive,5,9,NaN,49,24,-130,0,3,Outer,Down,0
475,mandatory,cdopt_naive,5,9,NaN,51,26,-78,0,3,Middle,Down,1
475,mandatory,cdopt_naive,5,9,NaN,54,29,0,0,1,Inner,Up,1
475,mandatory,cdopt_naive,5,9,NaN,57,32,78,0,1,Middle,Down,1
475,mandatory,cdopt_naive,5,9,NaN,59,34,130,0,1,Outer,Down,0
475,mandatory,cdopt_naive,5,9,NaN,88,53,-52,-99,3,Outer,Up,0
475,mandatory,cdopt_naive,5,9,NaN,90,55,0,-99,4,Middle,Up,1
476,mandatory,ciopt_naive,5,9,NaN,18,3,0,99,2,Middle,Up,1
476,mandatory,ciopt_naive,5,9,NaN,20,5,52,99,1,Outer,Up,0
476,mandatory,ciopt_naive,5,9,NaN,49,24,-130,0,3,Outer,Down,0
476,mandatory,ciopt_naive,5,9,NaN,51,26,-78,0,3,Middle,Down,1
476,mandatory,ciopt_naive,5,9,NaN,54,29,0,0,1,Inner,Up,1
476,mandatory,ciopt_naive,5,9,NaN,57,32,78,0,1,Middle,Down,1
476,mandatory,ciopt_naive,5,9,NaN,68,40,26,-33,4,Inner,Down,0
476,mandatory,ciopt_naive,5,9,NaN,90,55,0,-99,4,Middle,Up,1
476,mandatory,ciopt_naive,5,9,NaN,92,57,52,-99,4,Outer,Up,0
477,mandatory,cdopt_aug,5,9,NaN,18,3,0,99,2,Middle,Up,1
477,mandatory,cdopt_aug,5,9,NaN,25,6,-104,66,2,Outer,Up,0
477,mandatory,cdopt_aug,5,9,NaN,30,11,26,66,1,Inner,Down,0
477,mandatory,cdopt_aug,5,9,NaN,51,26,-78,0,3,Middle,Down,1
477,mandatory,cdopt_aug,5,9,NaN,54,29,0,0,1,Inner,Up,1
477,mandatory,cdopt_aug,5,9,NaN,57,32,78,0,1,Middle,Down,1
477,mandatory,cdopt_aug,5,9,NaN,59,34,130,0,1,Outer,Down,0
477,mandatory,cdopt_aug,5,9,NaN,75,44,-104,-66,3,Outer,Up,0
477,mandatory,cdopt_aug,5,9,NaN,90,55,0,-99,4,Middle,Up,1
478,mandatory,ciopt_aug,5,9,NaN,18,3,0,99,2,Middle,Up,1
478,mandatory,ciopt_aug,5,9,NaN,25,6,-104,66,2,Outer,Up,0
478,mandatory,ciopt_aug,5,9,NaN,51,26,-78,0,3,Middle,Down,1
478,mandatory,ciopt_aug,5,9,NaN,54,29,0,0,1,Inner,Up,1
478,mandatory,ciopt_aug,5,9,NaN,57,32,78,0,1,Middle,Down,1
478,mandatory,ciopt_aug,5,9,NaN,59,34,130,0,1,Outer,Down,0
478,mandatory,ciopt_aug,5,9,NaN,75,44,-104,-66,3,Outer,Up,0
478,mandatory,ciopt_aug,5,9,NaN,80,49,26,-66,4,Inner,Down,0
478,mandatory,ciopt_aug,5,9,NaN,90,55,0,-99,4,Middle,Up,1
479,base,poisson,5,10,NaN,18,3,0,99,2,Middle,Up,0
479,base,poisson,5,10,NaN,26,7,-78,66,2,Middle,Down,0
479,base,poisson,5,10,NaN,32,13,78,66,1,Middle,Down,0
479,base,poisson,5,10,NaN,49,24,-130,0,3,Outer,Down,0
479,base,poisson,5,10,NaN,52,27,-52,0,3,Inner,Up,0
479,base,poisson,5,10,NaN,68,40,26,-33,4,Inner,Down,0
479,base,poisson,5,10,NaN,71,43,104,-33,4,Outer,Up,0
479,base,poisson,5,10,NaN,75,44,-104,-66,3,Outer,Up,0
479,base,poisson,5,10,NaN,89,54,-26,-99,3,Middle,Down,0
479,base,poisson,5,10,NaN,92,57,52,-99,4,Outer,Up,0
480,base,human,5,10,NaN,17,2,-26,99,2,Middle,Down,0
480,base,human,5,10,NaN,28,9,-26,66,2,Inner,Down,0
480,base,human,5,10,NaN,32,13,78,66,1,Middle,Down,0
480,base,human,5,10,NaN,37,15,-104,33,2,Outer,Up,0
480,base,human,5,10,NaN,54,29,0,0,1,Inner,Up,0
480,base,human,5,10,NaN,65,37,-52,-33,3,Inner,Up,0
480,base,human,5,10,NaN,70,42,78,-33,4,Middle,Down,0
480,base,human,5,10,NaN,71,43,104,-33,4,Outer,Up,0
480,base,human,5,10,NaN,76,45,-78,-66,3,Middle,Down,0
480,base,human,5,10,NaN,91,56,26,-99,4,Middle,Down,0
481,base,dopt,5,10,NaN,16,1,-52,99,2,Outer,Up,0
481,base,dopt,5,10,NaN,20,5,52,99,1,Outer,Up,0
481,base,dopt,5,10,NaN,25,6,-104,66,2,Outer,Up,0
481,base,dopt,5,10,NaN,33,14,104,66,1,Outer,Up,0
481,base,dopt,5,10,NaN,49,24,-130,0,3,Outer,Down,0
481,base,dopt,5,10,NaN,54,29,0,0,1,Inner,Up,0
481,base,dopt,5,10,NaN,59,34,130,0,1,Outer,Down,0
481,base,dopt,5,10,NaN,75,44,-104,-66,3,Outer,Up,0
481,base,dopt,5,10,NaN,88,53,-52,-99,3,Outer,Up,0
481,base,dopt,5,10,NaN,92,57,52,-99,4,Outer,Up,0
482,base,iopt,5,10,NaN,16,1,-52,99,2,Outer,Up,0
482,base,iopt,5,10,NaN,20,5,52,99,1,Outer,Up,0
482,base,iopt,5,10,NaN,25,6,-104,66,2,Outer,Up,0
482,base,iopt,5,10,NaN,33,14,104,66,1,Outer,Up,0
482,base,iopt,5,10,NaN,54,29,0,0,1,Inner,Up,0
482,base,iopt,5,10,NaN,59,34,130,0,1,Outer,Down,0
482,base,iopt,5,10,NaN,75,44,-104,-66,3,Outer,Up,0
482,base,iopt,5,10,NaN,83,52,104,-66,4,Outer,Up,0
482,base,iopt,5,10,NaN,88,53,-52,-99,3,Outer,Up,0
482,base,iopt,5,10,NaN,92,57,52,-99,4,Outer,Up,0
483,base,cdopt,5,10,NaN,17,2,-26,99,2,Middle,Down,0
483,base,cdopt,5,10,NaN,20,5,52,99,1,Outer,Up,0
483,base,cdopt,5,10,NaN,25,6,-104,66,2,Outer,Up,0
483,base,cdopt,5,10,NaN,52,27,-52,0,3,Inner,Up,0
483,base,cdopt,5,10,NaN,55,30,26,0,1,Inner,Down,0
483,base,cdopt,5,10,NaN,59,34,130,0,1,Outer,Down,0
483,base,cdopt,5,10,NaN,75,44,-104,-66,3,Outer,Up,0
483,base,cdopt,5,10,NaN,83,52,104,-66,4,Outer,Up,0
483,base,cdopt,5,10,NaN,89,54,-26,-99,3,Middle,Down,0
483,base,cdopt,5,10,NaN,91,56,26,-99,4,Middle,Down,0
484,base,ciopt,5,10,NaN,16,1,-52,99,2,Outer,Up,0
484,base,ciopt,5,10,NaN,19,4,26,99,1,Middle,Down,0
484,base,ciopt,5,10,NaN,33,14,104,66,1,Outer,Up,0
484,base,ciopt,5,10,NaN,49,24,-130,0,3,Outer,Down,0
484,base,ciopt,5,10,NaN,53,28,-26,0,3,Inner,Down,0
484,base,ciopt,5,10,NaN,56,31,52,0,1,Inner,Up,0
484,base,ciopt,5,10,NaN,76,45,-78,-66,3,Middle,Down,0
484,base,ciopt,5,10,NaN,83,52,104,-66,4,Outer,Up,0
484,base,ciopt,5,10,NaN,88,53,-52,-99,3,Outer,Up,0
484,base,ciopt,5,10,NaN,91,56,26,-99,4,Middle,Down,0
485,mandatory,poisson_f,5,10,NaN,18,3,0,99,2,Middle,Up,1
485,mandatory,poisson_f,5,10,NaN,25,6,-104,66,2,Outer,Up,0
485,mandatory,poisson_f,5,10,NaN,33,14,104,66,1,Outer,Up,0
485,mandatory,poisson_f,5,10,NaN,49,24,-130,0,3,Outer,Down,0
485,mandatory,poisson_f,5,10,NaN,51,26,-78,0,3,Middle,Down,1
485,mandatory,poisson_f,5,10,NaN,54,29,0,0,1,Inner,Up,1
485,mandatory,poisson_f,5,10,NaN,57,32,78,0,1,Middle,Down,1
485,mandatory,poisson_f,5,10,NaN,76,45,-78,-66,3,Middle,Down,0
485,mandatory,poisson_f,5,10,NaN,83,52,104,-66,4,Outer,Up,0
485,mandatory,poisson_f,5,10,NaN,90,55,0,-99,4,Middle,Up,1
486,mandatory,human_f,5,10,NaN,18,3,0,99,2,Middle,Up,1
486,mandatory,human_f,5,10,NaN,26,7,-78,66,2,Middle,Down,0
486,mandatory,human_f,5,10,NaN,32,13,78,66,1,Middle,Down,0
486,mandatory,human_f,5,10,NaN,51,26,-78,0,3,Middle,Down,1
486,mandatory,human_f,5,10,NaN,54,29,0,0,1,Inner,Up,1
486,mandatory,human_f,5,10,NaN,57,32,78,0,1,Middle,Down,1
486,mandatory,human_f,5,10,NaN,65,37,-52,-33,3,Inner,Up,0
486,mandatory,human_f,5,10,NaN,76,45,-78,-66,3,Middle,Down,0
486,mandatory,human_f,5,10,NaN,82,51,78,-66,4,Middle,Down,0
486,mandatory,human_f,5,10,NaN,90,55,0,-99,4,Middle,Up,1
487,mandatory,dopt_aug,5,10,NaN,18,3,0,99,2,Middle,Up,1
487,mandatory,dopt_aug,5,10,NaN,25,6,-104,66,2,Outer,Up,0
487,mandatory,dopt_aug,5,10,NaN,33,14,104,66,1,Outer,Up,0
487,mandatory,dopt_aug,5,10,NaN,51,26,-78,0,3,Middle,Down,1
487,mandatory,dopt_aug,5,10,NaN,54,29,0,0,1,Inner,Up,1
487,mandatory,dopt_aug,5,10,NaN,57,32,78,0,1,Middle,Down,1
487,mandatory,dopt_aug,5,10,NaN,59,34,130,0,1,Outer,Down,0
487,mandatory,dopt_aug,5,10,NaN,75,44,-104,-66,3,Outer,Up,0
487,mandatory,dopt_aug,5,10,NaN,83,52,104,-66,4,Outer,Up,0
487,mandatory,dopt_aug,5,10,NaN,90,55,0,-99,4,Middle,Up,1
488,mandatory,iopt_aug,5,10,NaN,16,1,-52,99,2,Outer,Up,0
488,mandatory,iopt_aug,5,10,NaN,18,3,0,99,2,Middle,Up,1
488,mandatory,iopt_aug,5,10,NaN,33,14,104,66,1,Outer,Up,0
488,mandatory,iopt_aug,5,10,NaN,49,24,-130,0,3,Outer,Down,0
488,mandatory,iopt_aug,5,10,NaN,51,26,-78,0,3,Middle,Down,1
488,mandatory,iopt_aug,5,10,NaN,54,29,0,0,1,Inner,Up,1
488,mandatory,iopt_aug,5,10,NaN,57,32,78,0,1,Middle,Down,1
488,mandatory,iopt_aug,5,10,NaN,83,52,104,-66,4,Outer,Up,0
488,mandatory,iopt_aug,5,10,NaN,88,53,-52,-99,3,Outer,Up,0
488,mandatory,iopt_aug,5,10,NaN,90,55,0,-99,4,Middle,Up,1
489,mandatory,cdopt_naive,5,10,NaN,18,3,0,99,2,Middle,Up,1
489,mandatory,cdopt_naive,5,10,NaN,19,4,26,99,1,Middle,Down,0
489,mandatory,cdopt_naive,5,10,NaN,25,6,-104,66,2,Outer,Up,0
489,mandatory,cdopt_naive,5,10,NaN,51,26,-78,0,3,Middle,Down,1
489,mandatory,cdopt_naive,5,10,NaN,54,29,0,0,1,Inner,Up,1
489,mandatory,cdopt_naive,5,10,NaN,57,32,78,0,1,Middle,Down,1
489,mandatory,cdopt_naive,5,10,NaN,59,34,130,0,1,Outer,Down,0
489,mandatory,cdopt_naive,5,10,NaN,75,44,-104,-66,3,Outer,Up,0
489,mandatory,cdopt_naive,5,10,NaN,80,49,26,-66,4,Inner,Down,0
489,mandatory,cdopt_naive,5,10,NaN,90,55,0,-99,4,Middle,Up,1
490,mandatory,ciopt_naive,5,10,NaN,18,3,0,99,2,Middle,Up,1
490,mandatory,ciopt_naive,5,10,NaN,20,5,52,99,1,Outer,Up,0
490,mandatory,ciopt_naive,5,10,NaN,26,7,-78,66,2,Middle,Down,0
490,mandatory,ciopt_naive,5,10,NaN,51,26,-78,0,3,Middle,Down,1
490,mandatory,ciopt_naive,5,10,NaN,54,29,0,0,1,Inner,Up,1
490,mandatory,ciopt_naive,5,10,NaN,57,32,78,0,1,Middle,Down,1
490,mandatory,ciopt_naive,5,10,NaN,59,34,130,0,1,Outer,Down,0
490,mandatory,ciopt_naive,5,10,NaN,75,44,-104,-66,3,Outer,Up,0
490,mandatory,ciopt_naive,5,10,NaN,80,49,26,-66,4,Inner,Down,0
490,mandatory,ciopt_naive,5,10,NaN,90,55,0,-99,4,Middle,Up,1
491,mandatory,cdopt_aug,5,10,NaN,18,3,0,99,2,Middle,Up,1
491,mandatory,cdopt_aug,5,10,NaN,25,6,-104,66,2,Outer,Up,0
491,mandatory,cdopt_aug,5,10,NaN,32,13,78,66,1,Middle,Down,0
491,mandatory,cdopt_aug,5,10,NaN,51,26,-78,0,3,Middle,Down,1
491,mandatory,cdopt_aug,5,10,NaN,54,29,0,0,1,Inner,Up,1
491,mandatory,cdopt_aug,5,10,NaN,57,32,78,0,1,Middle,Down,1
491,mandatory,cdopt_aug,5,10,NaN,59,34,130,0,1,Outer,Down,0
491,mandatory,cdopt_aug,5,10,NaN,75,44,-104,-66,3,Outer,Up,0
491,mandatory,cdopt_aug,5,10,NaN,80,49,26,-66,4,Inner,Down,0
491,mandatory,cdopt_aug,5,10,NaN,90,55,0,-99,4,Middle,Up,1
492,mandatory,ciopt_aug,5,10,NaN,18,3,0,99,2,Middle,Up,1
492,mandatory,ciopt_aug,5,10,NaN,28,9,-26,66,2,Inner,Down,0
492,mandatory,ciopt_aug,5,10,NaN,33,14,104,66,1,Outer,Up,0
492,mandatory,ciopt_aug,5,10,NaN,49,24,-130,0,3,Outer,Down,0
492,mandatory,ciopt_aug,5,10,NaN,51,26,-78,0,3,Middle,Down,1
492,mandatory,ciopt_aug,5,10,NaN,54,29,0,0,1,Inner,Up,1
492,mandatory,ciopt_aug,5,10,NaN,57,32,78,0,1,Middle,Down,1
492,mandatory,ciopt_aug,5,10,NaN,76,45,-78,-66,3,Middle,Down,0
492,mandatory,ciopt_aug,5,10,NaN,83,52,104,-66,4,Outer,Up,0
492,mandatory,ciopt_aug,5,10,NaN,90,55,0,-99,4,Middle,Up,1
493,base,poisson,5,11,NaN,20,5,52,99,1,Outer,Up,0
493,base,poisson,5,11,NaN,26,7,-78,66,2,Middle,Down,0
493,base,poisson,5,11,NaN,29,10,0,66,2,Inner,Up,0
493,base,poisson,5,11,NaN,33,14,104,66,1,Outer,Up,0
493,base,poisson,5,11,NaN,43,21,52,33,1,Inner,Up,0
493,base,poisson,5,11,NaN,51,26,-78,0,3,Middle,Down,0
493,base,poisson,5,11,NaN,54,29,0,0,1,Inner,Up,0
493,base,poisson,5,11,NaN,59,34,130,0,1,Outer,Down,0
493,base,poisson,5,11,NaN,70,42,78,-33,4,Middle,Down,0
493,base,poisson,5,11,NaN,75,44,-104,-66,3,Outer,Up,0
493,base,poisson,5,11,NaN,88,53,-52,-99,3,Outer,Up,0
494,base,human,5,11,NaN,17,2,-26,99,2,Middle,Down,0
494,base,human,5,11,NaN,25,6,-104,66,2,Outer,Up,0
494,base,human,5,11,NaN,28,9,-26,66,2,Inner,Down,0
494,base,human,5,11,NaN,32,13,78,66,1,Middle,Down,0
494,base,human,5,11,NaN,54,29,0,0,1,Inner,Up,0
494,base,human,5,11,NaN,58,33,104,0,1,Middle,Up,0
494,base,human,5,11,NaN,63,35,-104,-33,3,Outer,Up,0
494,base,human,5,11,NaN,65,37,-52,-33,3,Inner,Up,0
494,base,human,5,11,NaN,70,42,78,-33,4,Middle,Down,0
494,base,human,5,11,NaN,89,54,-26,-99,3,Middle,Down,0
494,base,human,5,11,NaN,92,57,52,-99,4,Outer,Up,0
495,base,dopt,5,11,NaN,16,1,-52,99,2,Outer,Up,0
495,base,dopt,5,11,NaN,20,5,52,99,1,Outer,Up,0
495,base,dopt,5,11,NaN,25,6,-104,66,2,Outer,Up,0
495,base,dopt,5,11,NaN,33,14,104,66,1,Outer,Up,0
495,base,dopt,5,11,NaN,49,24,-130,0,3,Outer,Down,0
495,base,dopt,5,11,NaN,54,29,0,0,1,Inner,Up,0
495,base,dopt,5,11,NaN,59,34,130,0,1,Outer,Down,0
495,base,dopt,5,11,NaN,75,44,-104,-66,3,Outer,Up,0
495,base,dopt,5,11,NaN,83,52,104,-66,4,Outer,Up,0
495,base,dopt,5,11,NaN,88,53,-52,-99,3,Outer,Up,0
495,base,dopt,5,11,NaN,92,57,52,-99,4,Outer,Up,0
496,base,iopt,5,11,NaN,16,1,-52,99,2,Outer,Up,0
496,base,iopt,5,11,NaN,20,5,52,99,1,Outer,Up,0
496,base,iopt,5,11,NaN,25,6,-104,66,2,Outer,Up,0
496,base,iopt,5,11,NaN,33,14,104,66,1,Outer,Up,0
496,base,iopt,5,11,NaN,49,24,-130,0,3,Outer,Down,0
496,base,iopt,5,11,NaN,53,28,-26,0,3,Inner,Down,0
496,base,iopt,5,11,NaN,55,30,26,0,1,Inner,Down,0
496,base,iopt,5,11,NaN,59,34,130,0,1,Outer,Down,0
496,base,iopt,5,11,NaN,83,52,104,-66,4,Outer,Up,0
496,base,iopt,5,11,NaN,88,53,-52,-99,3,Outer,Up,0
496,base,iopt,5,11,NaN,92,57,52,-99,4,Outer,Up,0
497,base,cdopt,5,11,NaN,17,2,-26,99,2,Middle,Down,0
497,base,cdopt,5,11,NaN,19,4,26,99,1,Middle,Down,0
497,base,cdopt,5,11,NaN,25,6,-104,66,2,Outer,Up,0
497,base,cdopt,5,11,NaN,33,14,104,66,1,Outer,Up,0
497,base,cdopt,5,11,NaN,52,27,-52,0,3,Inner,Up,0
497,base,cdopt,5,11,NaN,55,30,26,0,1,Inner,Down,0
497,base,cdopt,5,11,NaN,59,34,130,0,1,Outer,Down,0
497,base,cdopt,5,11,NaN,75,44,-104,-66,3,Outer,Up,0
497,base,cdopt,5,11,NaN,83,52,104,-66,4,Outer,Up,0
497,base,cdopt,5,11,NaN,89,54,-26,-99,3,Middle,Down,0
497,base,cdopt,5,11,NaN,91,56,26,-99,4,Middle,Down,0
498,base,ciopt,5,11,NaN,17,2,-26,99,2,Middle,Down,0
498,base,ciopt,5,11,NaN,20,5,52,99,1,Outer,Up,0
498,base,ciopt,5,11,NaN,25,6,-104,66,2,Outer,Up,0
498,base,ciopt,5,11,NaN,32,13,78,66,1,Middle,Down,0
498,base,ciopt,5,11,NaN,52,27,-52,0,3,Inner,Up,0
498,base,ciopt,5,11,NaN,55,30,26,0,1,Inner,Down,0
498,base,ciopt,5,11,NaN,59,34,130,0,1,Outer,Down,0
498,base,ciopt,5,11,NaN,75,44,-104,-66,3,Outer,Up,0
498,base,ciopt,5,11,NaN,82,51,78,-66,4,Middle,Down,0
498,base,ciopt,5,11,NaN,89,54,-26,-99,3,Middle,Down,0
498,base,ciopt,5,11,NaN,92,57,52,-99,4,Outer,Up,0
499,mandatory,poisson_f,5,11,NaN,18,3,0,99,2,Middle,Up,1
499,mandatory,poisson_f,5,11,NaN,25,6,-104,66,2,Outer,Up,0
499,mandatory,poisson_f,5,11,NaN,33,14,104,66,1,Outer,Up,0
499,mandatory,poisson_f,5,11,NaN,51,26,-78,0,3,Middle,Down,1
499,mandatory,poisson_f,5,11,NaN,54,29,0,0,1,Inner,Up,1
499,mandatory,poisson_f,5,11,NaN,57,32,78,0,1,Middle,Down,1
499,mandatory,poisson_f,5,11,NaN,59,34,130,0,1,Outer,Down,0
499,mandatory,poisson_f,5,11,NaN,75,44,-104,-66,3,Outer,Up,0
499,mandatory,poisson_f,5,11,NaN,77,46,-52,-66,3,Middle,Up,0
499,mandatory,poisson_f,5,11,NaN,82,51,78,-66,4,Middle,Down,0
499,mandatory,poisson_f,5,11,NaN,90,55,0,-99,4,Middle,Up,1
500,mandatory,human_f,5,11,NaN,18,3,0,99,2,Middle,Up,1
500,mandatory,human_f,5,11,NaN,26,7,-78,66,2,Middle,Down,0
500,mandatory,human_f,5,11,NaN,32,13,78,66,1,Middle,Down,0
500,mandatory,human_f,5,11,NaN,39,17,-52,33,2,Inner,Up,0
500,mandatory,human_f,5,11,NaN,51,26,-78,0,3,Middle,Down,1
500,mandatory,human_f,5,11,NaN,54,29,0,0,1,Inner,Up,1
500,mandatory,human_f,5,11,NaN,57,32,78,0,1,Middle,Down,1
500,mandatory,human_f,5,11,NaN,69,41,52,-33,4,Inner,Up,0
500,mandatory,human_f,5,11,NaN,76,45,-78,-66,3,Middle,Down,0
500,mandatory,human_f,5,11,NaN,82,51,78,-66,4,Middle,Down,0
500,mandatory,human_f,5,11,NaN,90,55,0,-99,4,Middle,Up,1
501,mandatory,dopt_aug,5,11,NaN,18,3,0,99,2,Middle,Up,1
501,mandatory,dopt_aug,5,11,NaN,25,6,-104,66,2,Outer,Up,0
501,mandatory,dopt_aug,5,11,NaN,33,14,104,66,1,Outer,Up,0
501,mandatory,dopt_aug,5,11,NaN,49,24,-130,0,3,Outer,Down,0
501,mandatory,dopt_aug,5,11,NaN,51,26,-78,0,3,Middle,Down,1
501,mandatory,dopt_aug,5,11,NaN,54,29,0,0,1,Inner,Up,1
501,mandatory,dopt_aug,5,11,NaN,57,32,78,0,1,Middle,Down,1
501,mandatory,dopt_aug,5,11,NaN,59,34,130,0,1,Outer,Down,0
501,mandatory,dopt_aug,5,11,NaN,75,44,-104,-66,3,Outer,Up,0
501,mandatory,dopt_aug,5,11,NaN,83,52,104,-66,4,Outer,Up,0
501,mandatory,dopt_aug,5,11,NaN,90,55,0,-99,4,Middle,Up,1
502,mandatory,iopt_aug,5,11,NaN,16,1,-52,99,2,Outer,Up,0
502,mandatory,iopt_aug,5,11,NaN,18,3,0,99,2,Middle,Up,1
502,mandatory,iopt_aug,5,11,NaN,20,5,52,99,1,Outer,Up,0
502,mandatory,iopt_aug,5,11,NaN,49,24,-130,0,3,Outer,Down,0
502,mandatory,iopt_aug,5,11,NaN,51,26,-78,0,3,Middle,Down,1
502,mandatory,iopt_aug,5,11,NaN,54,29,0,0,1,Inner,Up,1
502,mandatory,iopt_aug,5,11,NaN,57,32,78,0,1,Middle,Down,1
502,mandatory,iopt_aug,5,11,NaN,59,34,130,0,1,Outer,Down,0
502,mandatory,iopt_aug,5,11,NaN,88,53,-52,-99,3,Outer,Up,0
502,mandatory,iopt_aug,5,11,NaN,90,55,0,-99,4,Middle,Up,1
502,mandatory,iopt_aug,5,11,NaN,92,57,52,-99,4,Outer,Up,0
503,mandatory,cdopt_naive,5,11,NaN,16,1,-52,99,2,Outer,Up,0
503,mandatory,cdopt_naive,5,11,NaN,18,3,0,99,2,Middle,Up,1
503,mandatory,cdopt_naive,5,11,NaN,33,14,104,66,1,Outer,Up,0
503,mandatory,cdopt_naive,5,11,NaN,49,24,-130,0,3,Outer,Down,0
503,mandatory,cdopt_naive,5,11,NaN,51,26,-78,0,3,Middle,Down,1
503,mandatory,cdopt_naive,5,11,NaN,53,28,-26,0,3,Inner,Down,0
503,mandatory,cdopt_naive,5,11,NaN,54,29,0,0,1,Inner,Up,1
503,mandatory,cdopt_naive,5,11,NaN,57,32,78,0,1,Middle,Down,1
503,mandatory,cdopt_naive,5,11,NaN,83,52,104,-66,4,Outer,Up,0
503,mandatory,cdopt_naive,5,11,NaN,89,54,-26,-99,3,Middle,Down,0
503,mandatory,cdopt_naive,5,11,NaN,90,55,0,-99,4,Middle,Up,1
504,mandatory,ciopt_naive,5,11,NaN,17,2,-26,99,2,Middle,Down,0
504,mandatory,ciopt_naive,5,11,NaN,18,3,0,99,2,Middle,Up,1
504,mandatory,ciopt_naive,5,11,NaN,33,14,104,66,1,Outer,Up,0
504,mandatory,ciopt_naive,5,11,NaN,49,24,-130,0,3,Outer,Down,0
504,mandatory,ciopt_naive,5,11,NaN,51,26,-78,0,3,Middle,Down,1
504,mandatory,ciopt_naive,5,11,NaN,53,28,-26,0,3,Inner,Down,0
504,mandatory,ciopt_naive,5,11,NaN,54,29,0,0,1,Inner,Up,1
504,mandatory,ciopt_naive,5,11,NaN,57,32,78,0,1,Middle,Down,1
504,mandatory,ciopt_naive,5,11,NaN,83,52,104,-66,4,Outer,Up,0
504,mandatory,ciopt_naive,5,11,NaN,88,53,-52,-99,3,Outer,Up,0
504,mandatory,ciopt_naive,5,11,NaN,90,55,0,-99,4,Middle,Up,1
505,mandatory,cdopt_aug,5,11,NaN,18,3,0,99,2,Middle,Up,1
505,mandatory,cdopt_aug,5,11,NaN,25,6,-104,66,2,Outer,Up,0
505,mandatory,cdopt_aug,5,11,NaN,33,14,104,66,1,Outer,Up,0
505,mandatory,cdopt_aug,5,11,NaN,49,24,-130,0,3,Outer,Down,0
505,mandatory,cdopt_aug,5,11,NaN,51,26,-78,0,3,Middle,Down,1
505,mandatory,cdopt_aug,5,11,NaN,54,29,0,0,1,Inner,Up,1
505,mandatory,cdopt_aug,5,11,NaN,57,32,78,0,1,Middle,Down,1
505,mandatory,cdopt_aug,5,11,NaN,59,34,130,0,1,Outer,Down,0
505,mandatory,cdopt_aug,5,11,NaN,78,47,-26,-66,3,Inner,Down,0
505,mandatory,cdopt_aug,5,11,NaN,83,52,104,-66,4,Outer,Up,0
505,mandatory,cdopt_aug,5,11,NaN,90,55,0,-99,4,Middle,Up,1
506,mandatory,ciopt_aug,5,11,NaN,16,1,-52,99,2,Outer,Up,0
506,mandatory,ciopt_aug,5,11,NaN,18,3,0,99,2,Middle,Up,1
506,mandatory,ciopt_aug,5,11,NaN,33,14,104,66,1,Outer,Up,0
506,mandatory,ciopt_aug,5,11,NaN,49,24,-130,0,3,Outer,Down,0
506,mandatory,ciopt_aug,5,11,NaN,51,26,-78,0,3,Middle,Down,1
506,mandatory,ciopt_aug,5,11,NaN,54,29,0,0,1,Inner,Up,1
506,mandatory,ciopt_aug,5,11,NaN,57,32,78,0,1,Middle,Down,1
506,mandatory,ciopt_aug,5,11,NaN,76,45,-78,-66,3,Middle,Down,0
506,mandatory,ciopt_aug,5,11,NaN,80,49,26,-66,4,Inner,Down,0
506,mandatory,ciopt_aug,5,11,NaN,83,52,104,-66,4,Outer,Up,0
506,mandatory,ciopt_aug,5,11,NaN,90,55,0,-99,4,Middle,Up,1
507,base,poisson,5,12,NaN,16,1,-52,99,2,Outer,Up,0
507,base,poisson,5,12,NaN,20,5,52,99,1,Outer,Up,0
507,base,poisson,5,12,NaN,29,10,0,66,2,Inner,Up,0
507,base,poisson,5,12,NaN,33,14,104,66,1,Outer,Up,0
507,base,poisson,5,12,NaN,37,15,-104,33,2,Outer,Up,0
507,base,poisson,5,12,NaN,43,21,52,33,1,Inner,Up,0
507,base,poisson,5,12,NaN,54,29,0,0,1,Inner,Up,0
507,base,poisson,5,12,NaN,59,34,130,0,1,Outer,Down,0
507,base,poisson,5,12,NaN,69,41,52,-33,4,Inner,Up,0
507,base,poisson,5,12,NaN,75,44,-104,-66,3,Outer,Up,0
507,base,poisson,5,12,NaN,83,52,104,-66,4,Outer,Up,0
507,base,poisson,5,12,NaN,91,56,26,-99,4,Middle,Down,0
508,base,human,5,12,NaN,17,2,-26,99,2,Middle,Down,0
508,base,human,5,12,NaN,25,6,-104,66,2,Outer,Up,0
508,base,human,5,12,NaN,29,10,0,66,2,Inner,Up,0
508,base,human,5,12,NaN,32,13,78,66,1,Middle,Down,0
508,base,human,5,12,NaN,51,26,-78,0,3,Middle,Down,0
508,base,human,5,12,NaN,54,29,0,0,1,Inner,Up,0
508,base,human,5,12,NaN,57,32,78,0,1,Middle,Down,0
508,base,human,5,12,NaN,58,33,104,0,1,Middle,Up,0
508,base,human,5,12,NaN,63,35,-104,-33,3,Outer,Up,0
508,base,human,5,12,NaN,79,48,0,-66,4,Inner,Up,0
508,base,human,5,12,NaN,89,54,-26,-99,3,Middle,Down,0
508,base,human,5,12,NaN,92,57,52,-99,4,Outer,Up,0
509,base,dopt,5,12,NaN,16,1,-52,99,2,Outer,Up,0
509,base,dopt,5,12,NaN,20,5,52,99,1,Outer,Up,0
509,base,dopt,5,12,NaN,25,6,-104,66,2,Outer,Up,0
509,base,dopt,5,12,NaN,33,14,104,66,1,Outer,Up,0
509,base,dopt,5,12,NaN,49,24,-130,0,3,Outer,Down,0
509,base,dopt,5,12,NaN,53,28,-26,0,3,Inner,Down,0
509,base,dopt,5,12,NaN,56,31,52,0,1,Inner,Up,0
509,base,dopt,5,12,NaN,59,34,130,0,1,Outer,Down,0
509,base,dopt,5,12,NaN,75,44,-104,-66,3,Outer,Up,0
509,base,dopt,5,12,NaN,83,52,104,-66,4,Outer,Up,0
509,base,dopt,5,12,NaN,88,53,-52,-99,3,Outer,Up,0
509,base,dopt,5,12,NaN,92,57,52,-99,4,Outer,Up,0
510,base,iopt,5,12,NaN,16,1,-52,99,2,Outer,Up,0
510,base,iopt,5,12,NaN,20,5,52,99,1,Outer,Up,0
510,base,iopt,5,12,NaN,25,6,-104,66,2,Outer,Up,0
510,base,iopt,5,12,NaN,33,14,104,66,1,Outer,Up,0
510,base,iopt,5,12,NaN,49,24,-130,0,3,Outer,Down,0
510,base,iopt,5,12,NaN,53,28,-26,0,3,Inner,Down,0
510,base,iopt,5,12,NaN,55,30,26,0,1,Inner,Down,0
510,base,iopt,5,12,NaN,59,34,130,0,1,Outer,Down,0
510,base,iopt,5,12,NaN,75,44,-104,-66,3,Outer,Up,0
510,base,iopt,5,12,NaN,83,52,104,-66,4,Outer,Up,0
510,base,iopt,5,12,NaN,88,53,-52,-99,3,Outer,Up,0
510,base,iopt,5,12,NaN,92,57,52,-99,4,Outer,Up,0
511,base,cdopt,5,12,NaN,17,2,-26,99,2,Middle,Down,0
511,base,cdopt,5,12,NaN,19,4,26,99,1,Middle,Down,0
511,base,cdopt,5,12,NaN,25,6,-104,66,2,Outer,Up,0
511,base,cdopt,5,12,NaN,33,14,104,66,1,Outer,Up,0
511,base,cdopt,5,12,NaN,49,24,-130,0,3,Outer,Down,0
511,base,cdopt,5,12,NaN,52,27,-52,0,3,Inner,Up,0
511,base,cdopt,5,12,NaN,56,31,52,0,1,Inner,Up,0
511,base,cdopt,5,12,NaN,59,34,130,0,1,Outer,Down,0
511,base,cdopt,5,12,NaN,75,44,-104,-66,3,Outer,Up,0
511,base,cdopt,5,12,NaN,83,52,104,-66,4,Outer,Up,0
511,base,cdopt,5,12,NaN,89,54,-26,-99,3,Middle,Down,0
511,base,cdopt,5,12,NaN,91,56,26,-99,4,Middle,Down,0
512,base,ciopt,5,12,NaN,16,1,-52,99,2,Outer,Up,0
512,base,ciopt,5,12,NaN,19,4,26,99,1,Middle,Down,0
512,base,ciopt,5,12,NaN,26,7,-78,66,2,Middle,Down,0
512,base,ciopt,5,12,NaN,33,14,104,66,1,Outer,Up,0
512,base,ciopt,5,12,NaN,49,24,-130,0,3,Outer,Down,0
512,base,ciopt,5,12,NaN,52,27,-52,0,3,Inner,Up,0
512,base,ciopt,5,12,NaN,56,31,52,0,1,Inner,Up,0
512,base,ciopt,5,12,NaN,59,34,130,0,1,Outer,Down,0
512,base,ciopt,5,12,NaN,76,45,-78,-66,3,Middle,Down,0
512,base,ciopt,5,12,NaN,83,52,104,-66,4,Outer,Up,0
512,base,ciopt,5,12,NaN,88,53,-52,-99,3,Outer,Up,0
512,base,ciopt,5,12,NaN,91,56,26,-99,4,Middle,Down,0
513,mandatory,poisson_f,5,12,NaN,16,1,-52,99,2,Outer,Up,0
513,mandatory,poisson_f,5,12,NaN,18,3,0,99,2,Middle,Up,1
513,mandatory,poisson_f,5,12,NaN,25,6,-104,66,2,Outer,Up,0
513,mandatory,poisson_f,5,12,NaN,31,12,52,66,1,Middle,Up,0
513,mandatory,poisson_f,5,12,NaN,49,24,-130,0,3,Outer,Down,0
513,mandatory,poisson_f,5,12,NaN,51,26,-78,0,3,Middle,Down,1
513,mandatory,poisson_f,5,12,NaN,54,29,0,0,1,Inner,Up,1
513,mandatory,poisson_f,5,12,NaN,57,32,78,0,1,Middle,Down,1
513,mandatory,poisson_f,5,12,NaN,59,34,130,0,1,Outer,Down,0
513,mandatory,poisson_f,5,12,NaN,75,44,-104,-66,3,Outer,Up,0
513,mandatory,poisson_f,5,12,NaN,83,52,104,-66,4,Outer,Up,0
513,mandatory,poisson_f,5,12,NaN,90,55,0,-99,4,Middle,Up,1
514,mandatory,human_f,5,12,NaN,16,1,-52,99,2,Outer,Up,0
514,mandatory,human_f,5,12,NaN,18,3,0,99,2,Middle,Up,1
514,mandatory,human_f,5,12,NaN,32,13,78,66,1,Middle,Down,0
514,mandatory,human_f,5,12,NaN,39,17,-52,33,2,Inner,Up,0
514,mandatory,human_f,5,12,NaN,51,26,-78,0,3,Middle,Down,1
514,mandatory,human_f,5,12,NaN,54,29,0,0,1,Inner,Up,1
514,mandatory,human_f,5,12,NaN,57,32,78,0,1,Middle,Down,1
514,mandatory,human_f,5,12,NaN,63,35,-104,-33,3,Outer,Up,0
514,mandatory,human_f,5,12,NaN,69,41,52,-33,4,Inner,Up,0
514,mandatory,human_f,5,12,NaN,83,52,104,-66,4,Outer,Up,0
514,mandatory,human_f,5,12,NaN,89,54,-26,-99,3,Middle,Down,0
514,mandatory,human_f,5,12,NaN,90,55,0,-99,4,Middle,Up,1
515,mandatory,dopt_aug,5,12,NaN,16,1,-52,99,2,Outer,Up,0
515,mandatory,dopt_aug,5,12,NaN,18,3,0,99,2,Middle,Up,1
515,mandatory,dopt_aug,5,12,NaN,25,6,-104,66,2,Outer,Up,0
515,mandatory,dopt_aug,5,12,NaN,33,14,104,66,1,Outer,Up,0
515,mandatory,dopt_aug,5,12,NaN,49,24,-130,0,3,Outer,Down,0
515,mandatory,dopt_aug,5,12,NaN,51,26,-78,0,3,Middle,Down,1
515,mandatory,dopt_aug,5,12,NaN,54,29,0,0,1,Inner,Up,1
515,mandatory,dopt_aug,5,12,NaN,57,32,78,0,1,Middle,Down,1
515,mandatory,dopt_aug,5,12,NaN,59,34,130,0,1,Outer,Down,0
515,mandatory,dopt_aug,5,12,NaN,75,44,-104,-66,3,Outer,Up,0
515,mandatory,dopt_aug,5,12,NaN,83,52,104,-66,4,Outer,Up,0
515,mandatory,dopt_aug,5,12,NaN,90,55,0,-99,4,Middle,Up,1
516,mandatory,iopt_aug,5,12,NaN,16,1,-52,99,2,Outer,Up,0
516,mandatory,iopt_aug,5,12,NaN,18,3,0,99,2,Middle,Up,1
516,mandatory,iopt_aug,5,12,NaN,20,5,52,99,1,Outer,Up,0
516,mandatory,iopt_aug,5,12,NaN,25,6,-104,66,2,Outer,Up,0
516,mandatory,iopt_aug,5,12,NaN,51,26,-78,0,3,Middle,Down,1
516,mandatory,iopt_aug,5,12,NaN,54,29,0,0,1,Inner,Up,1
516,mandatory,iopt_aug,5,12,NaN,57,32,78,0,1,Middle,Down,1
516,mandatory,iopt_aug,5,12,NaN,59,34,130,0,1,Outer,Down,0
516,mandatory,iopt_aug,5,12,NaN,75,44,-104,-66,3,Outer,Up,0
516,mandatory,iopt_aug,5,12,NaN,88,53,-52,-99,3,Outer,Up,0
516,mandatory,iopt_aug,5,12,NaN,90,55,0,-99,4,Middle,Up,1
516,mandatory,iopt_aug,5,12,NaN,92,57,52,-99,4,Outer,Up,0
517,mandatory,cdopt_naive,5,12,NaN,16,1,-52,99,2,Outer,Up,0
517,mandatory,cdopt_naive,5,12,NaN,18,3,0,99,2,Middle,Up,1
517,mandatory,cdopt_naive,5,12,NaN,19,4,26,99,1,Middle,Down,0
517,mandatory,cdopt_naive,5,12,NaN,49,24,-130,0,3,Outer,Down,0
517,mandatory,cdopt_naive,5,12,NaN,51,26,-78,0,3,Middle,Down,1
517,mandatory,cdopt_naive,5,12,NaN,53,28,-26,0,3,Inner,Down,0
517,mandatory,cdopt_naive,5,12,NaN,54,29,0,0,1,Inner,Up,1
517,mandatory,cdopt_naive,5,12,NaN,57,32,78,0,1,Middle,Down,1
517,mandatory,cdopt_naive,5,12,NaN,59,34,130,0,1,Outer,Down,0
517,mandatory,cdopt_naive,5,12,NaN,88,53,-52,-99,3,Outer,Up,0
517,mandatory,cdopt_naive,5,12,NaN,90,55,0,-99,4,Middle,Up,1
517,mandatory,cdopt_naive,5,12,NaN,92,57,52,-99,4,Outer,Up,0
518,mandatory,ciopt_naive,5,12,NaN,17,2,-26,99,2,Middle,Down,0
518,mandatory,ciopt_naive,5,12,NaN,18,3,0,99,2,Middle,Up,1
518,mandatory,ciopt_naive,5,12,NaN,20,5,52,99,1,Outer,Up,0
518,mandatory,ciopt_naive,5,12,NaN,49,24,-130,0,3,Outer,Down,0
518,mandatory,ciopt_naive,5,12,NaN,51,26,-78,0,3,Middle,Down,1
518,mandatory,ciopt_naive,5,12,NaN,53,28,-26,0,3,Inner,Down,0
518,mandatory,ciopt_naive,5,12,NaN,54,29,0,0,1,Inner,Up,1
518,mandatory,ciopt_naive,5,12,NaN,57,32,78,0,1,Middle,Down,1
518,mandatory,ciopt_naive,5,12,NaN,59,34,130,0,1,Outer,Down,0
518,mandatory,ciopt_naive,5,12,NaN,88,53,-52,-99,3,Outer,Up,0
518,mandatory,ciopt_naive,5,12,NaN,90,55,0,-99,4,Middle,Up,1
518,mandatory,ciopt_naive,5,12,NaN,92,57,52,-99,4,Outer,Up,0
519,mandatory,cdopt_aug,5,12,NaN,18,3,0,99,2,Middle,Up,1
519,mandatory,cdopt_aug,5,12,NaN,25,6,-104,66,2,Outer,Up,0
519,mandatory,cdopt_aug,5,12,NaN,28,9,-26,66,2,Inner,Down,0
519,mandatory,cdopt_aug,5,12,NaN,32,13,78,66,1,Middle,Down,0
519,mandatory,cdopt_aug,5,12,NaN,49,24,-130,0,3,Outer,Down,0
519,mandatory,cdopt_aug,5,12,NaN,51,26,-78,0,3,Middle,Down,1
519,mandatory,cdopt_aug,5,12,NaN,54,29,0,0,1,Inner,Up,1
519,mandatory,cdopt_aug,5,12,NaN,57,32,78,0,1,Middle,Down,1
519,mandatory,cdopt_aug,5,12,NaN,59,34,130,0,1,Outer,Down,0
519,mandatory,cdopt_aug,5,12,NaN,75,44,-104,-66,3,Outer,Up,0
519,mandatory,cdopt_aug,5,12,NaN,83,52,104,-66,4,Outer,Up,0
519,mandatory,cdopt_aug,5,12,NaN,90,55,0,-99,4,Middle,Up,1
520,mandatory,ciopt_aug,5,12,NaN,16,1,-52,99,2,Outer,Up,0
520,mandatory,ciopt_aug,5,12,NaN,18,3,0,99,2,Middle,Up,1
520,mandatory,ciopt_aug,5,12,NaN,20,5,52,99,1,Outer,Up,0
520,mandatory,ciopt_aug,5,12,NaN,49,24,-130,0,3,Outer,Down,0
520,mandatory,ciopt_aug,5,12,NaN,51,26,-78,0,3,Middle,Down,1
520,mandatory,ciopt_aug,5,12,NaN,54,29,0,0,1,Inner,Up,1
520,mandatory,ciopt_aug,5,12,NaN,57,32,78,0,1,Middle,Down,1
520,mandatory,ciopt_aug,5,12,NaN,59,34,130,0,1,Outer,Down,0
520,mandatory,ciopt_aug,5,12,NaN,76,45,-78,-66,3,Middle,Down,0
520,mandatory,ciopt_aug,5,12,NaN,80,49,26,-66,4,Inner,Down,0
520,mandatory,ciopt_aug,5,12,NaN,90,55,0,-99,4,Middle,Up,1
520,mandatory,ciopt_aug,5,12,NaN,92,57,52,-99,4,Outer,Up,0
521,base,poisson,5,13,NaN,16,1,-52,99,2,Outer,Up,0
521,base,poisson,5,13,NaN,20,5,52,99,1,Outer,Up,0
521,base,poisson,5,13,NaN,25,6,-104,66,2,Outer,Up,0
521,base,poisson,5,13,NaN,29,10,0,66,2,Inner,Up,0
521,base,poisson,5,13,NaN,33,14,104,66,1,Outer,Up,0
521,base,poisson,5,13,NaN,39,17,-52,33,2,Inner,Up,0
521,base,poisson,5,13,NaN,50,25,-104,0,3,Middle,Up,0
521,base,poisson,5,13,NaN,55,30,26,0,1,Inner,Down,0
521,base,poisson,5,13,NaN,58,33,104,0,1,Middle,Up,0
521,base,poisson,5,13,NaN,66,38,-26,-33,3,Inner,Down,0
521,base,poisson,5,13,NaN,75,44,-104,-66,3,Outer,Up,0
521,base,poisson,5,13,NaN,81,50,52,-66,4,Middle,Up,0
521,base,poisson,5,13,NaN,88,53,-52,-99,3,Outer,Up,0
522,base,human,5,13,NaN,18,3,0,99,2,Middle,Up,0
522,base,human,5,13,NaN,26,7,-78,66,2,Middle,Down,0
522,base,human,5,13,NaN,29,10,0,66,2,Inner,Up,0
522,base,human,5,13,NaN,32,13,78,66,1,Middle,Down,0
522,base,human,5,13,NaN,49,24,-130,0,3,Outer,Down,0
522,base,human,5,13,NaN,51,26,-78,0,3,Middle,Down,0
522,base,human,5,13,NaN,54,29,0,0,1,Inner,Up,0
522,base,human,5,13,NaN,57,32,78,0,1,Middle,Down,0
522,base,human,5,13,NaN,58,33,104,0,1,Middle,Up,0
522,base,human,5,13,NaN,76,45,-78,-66,3,Middle,Down,0
522,base,human,5,13,NaN,79,48,0,-66,4,Inner,Up,0
522,base,human,5,13,NaN,82,51,78,-66,4,Middle,Down,0
522,base,human,5,13,NaN,90,55,0,-99,4,Middle,Up,0
523,base,dopt,5,13,NaN,16,1,-52,99,2,Outer,Up,0
523,base,dopt,5,13,NaN,20,5,52,99,1,Outer,Up,0
523,base,dopt,5,13,NaN,25,6,-104,66,2,Outer,Up,0
523,base,dopt,5,13,NaN,33,14,104,66,1,Outer,Up,0
523,base,dopt,5,13,NaN,40,18,-26,33,2,Inner,Down,0
523,base,dopt,5,13,NaN,49,24,-130,0,3,Outer,Down,0
523,base,dopt,5,13,NaN,56,31,52,0,1,Inner,Up,0
523,base,dopt,5,13,NaN,59,34,130,0,1,Outer,Down,0
523,base,dopt,5,13,NaN,66,38,-26,-33,3,Inner,Down,0
523,base,dopt,5,13,NaN,75,44,-104,-66,3,Outer,Up,0
523,base,dopt,5,13,NaN,83,52,104,-66,4,Outer,Up,0
523,base,dopt,5,13,NaN,88,53,-52,-99,3,Outer,Up,0
523,base,dopt,5,13,NaN,92,57,52,-99,4,Outer,Up,0
524,base,iopt,5,13,NaN,16,1,-52,99,2,Outer,Up,0
524,base,iopt,5,13,NaN,20,5,52,99,1,Outer,Up,0
524,base,iopt,5,13,NaN,25,6,-104,66,2,Outer,Up,0
524,base,iopt,5,13,NaN,33,14,104,66,1,Outer,Up,0
524,base,iopt,5,13,NaN,42,20,26,33,1,Inner,Down,0
524,base,iopt,5,13,NaN,49,24,-130,0,3,Outer,Down,0
524,base,iopt,5,13,NaN,52,27,-52,0,3,Inner,Up,0
524,base,iopt,5,13,NaN,59,34,130,0,1,Outer,Down,0
524,base,iopt,5,13,NaN,68,40,26,-33,4,Inner,Down,0
524,base,iopt,5,13,NaN,75,44,-104,-66,3,Outer,Up,0
524,base,iopt,5,13,NaN,83,52,104,-66,4,Outer,Up,0
524,base,iopt,5,13,NaN,88,53,-52,-99,3,Outer,Up,0
524,base,iopt,5,13,NaN,92,57,52,-99,4,Outer,Up,0
525,base,cdopt,5,13,NaN,17,2,-26,99,2,Middle,Down,0
525,base,cdopt,5,13,NaN,19,4,26,99,1,Middle,Down,0
525,base,cdopt,5,13,NaN,25,6,-104,66,2,Outer,Up,0
525,base,cdopt,5,13,NaN,33,14,104,66,1,Outer,Up,0
525,base,cdopt,5,13,NaN,43,21,52,33,1,Inner,Up,0
525,base,cdopt,5,13,NaN,49,24,-130,0,3,Outer,Down,0
525,base,cdopt,5,13,NaN,52,27,-52,0,3,Inner,Up,0
525,base,cdopt,5,13,NaN,59,34,130,0,1,Outer,Down,0
525,base,cdopt,5,13,NaN,68,40,26,-33,4,Inner,Down,0
525,base,cdopt,5,13,NaN,75,44,-104,-66,3,Outer,Up,0
525,base,cdopt,5,13,NaN,83,52,104,-66,4,Outer,Up,0
525,base,cdopt,5,13,NaN,89,54,-26,-99,3,Middle,Down,0
525,base,cdopt,5,13,NaN,91,56,26,-99,4,Middle,Down,0
526,base,ciopt,5,13,NaN,16,1,-52,99,2,Outer,Up,0
526,base,ciopt,5,13,NaN,19,4,26,99,1,Middle,Down,0
526,base,ciopt,5,13,NaN,26,7,-78,66,2,Middle,Down,0
526,base,ciopt,5,13,NaN,33,14,104,66,1,Outer,Up,0
526,base,ciopt,5,13,NaN,49,24,-130,0,3,Outer,Down,0
526,base,ciopt,5,13,NaN,53,28,-26,0,3,Inner,Down,0
526,base,ciopt,5,13,NaN,56,31,52,0,1,Inner,Up,0
526,base,ciopt,5,13,NaN,59,34,130,0,1,Outer,Down,0
526,base,ciopt,5,13,NaN,76,45,-78,-66,3,Middle,Down,0
526,base,ciopt,5,13,NaN,79,48,0,-66,4,Inner,Up,0
526,base,ciopt,5,13,NaN,83,52,104,-66,4,Outer,Up,0
526,base,ciopt,5,13,NaN,88,53,-52,-99,3,Outer,Up,0
526,base,ciopt,5,13,NaN,91,56,26,-99,4,Middle,Down,0
527,mandatory,poisson_f,5,13,NaN,16,1,-52,99,2,Outer,Up,0
527,mandatory,poisson_f,5,13,NaN,18,3,0,99,2,Middle,Up,1
527,mandatory,poisson_f,5,13,NaN,20,5,52,99,1,Outer,Up,0
527,mandatory,poisson_f,5,13,NaN,25,6,-104,66,2,Outer,Up,0
527,mandatory,poisson_f,5,13,NaN,33,14,104,66,1,Outer,Up,0
527,mandatory,poisson_f,5,13,NaN,49,24,-130,0,3,Outer,Down,0
527,mandatory,poisson_f,5,13,NaN,51,26,-78,0,3,Middle,Down,1
527,mandatory,poisson_f,5,13,NaN,54,29,0,0,1,Inner,Up,1
527,mandatory,poisson_f,5,13,NaN,57,32,78,0,1,Middle,Down,1
527,mandatory,poisson_f,5,13,NaN,59,34,130,0,1,Outer,Down,0
527,mandatory,poisson_f,5,13,NaN,75,44,-104,-66,3,Outer,Up,0
527,mandatory,poisson_f,5,13,NaN,82,51,78,-66,4,Middle,Down,0
527,mandatory,poisson_f,5,13,NaN,90,55,0,-99,4,Middle,Up,1
528,mandatory,human_f,5,13,NaN,17,2,-26,99,2,Middle,Down,0
528,mandatory,human_f,5,13,NaN,18,3,0,99,2,Middle,Up,1
528,mandatory,human_f,5,13,NaN,32,13,78,66,1,Middle,Down,0
528,mandatory,human_f,5,13,NaN,37,15,-104,33,2,Outer,Up,0
528,mandatory,human_f,5,13,NaN,39,17,-52,33,2,Inner,Up,0
528,mandatory,human_f,5,13,NaN,51,26,-78,0,3,Middle,Down,1
528,mandatory,human_f,5,13,NaN,54,29,0,0,1,Inner,Up,1
528,mandatory,human_f,5,13,NaN,57,32,78,0,1,Middle,Down,1
528,mandatory,human_f,5,13,NaN,69,41,52,-33,4,Inner,Up,0
528,mandatory,human_f,5,13,NaN,71,43,104,-33,4,Outer,Up,0
528,mandatory,human_f,5,13,NaN,76,45,-78,-66,3,Middle,Down,0
528,mandatory,human_f,5,13,NaN,90,55,0,-99,4,Middle,Up,1
528,mandatory,human_f,5,13,NaN,91,56,26,-99,4,Middle,Down,0
529,mandatory,dopt_aug,5,13,NaN,16,1,-52,99,2,Outer,Up,0
529,mandatory,dopt_aug,5,13,NaN,18,3,0,99,2,Middle,Up,1
529,mandatory,dopt_aug,5,13,NaN,25,6,-104,66,2,Outer,Up,0
529,mandatory,dopt_aug,5,13,NaN,33,14,104,66,1,Outer,Up,0
529,mandatory,dopt_aug,5,13,NaN,49,24,-130,0,3,Outer,Down,0
529,mandatory,dopt_aug,5,13,NaN,51,26,-78,0,3,Middle,Down,1
529,mandatory,dopt_aug,5,13,NaN,54,29,0,0,1,Inner,Up,1
529,mandatory,dopt_aug,5,13,NaN,57,32,78,0,1,Middle,Down,1
529,mandatory,dopt_aug,5,13,NaN,59,34,130,0,1,Outer,Down,0
529,mandatory,dopt_aug,5,13,NaN,75,44,-104,-66,3,Outer,Up,0
529,mandatory,dopt_aug,5,13,NaN,83,52,104,-66,4,Outer,Up,0
529,mandatory,dopt_aug,5,13,NaN,88,53,-52,-99,3,Outer,Up,0
529,mandatory,dopt_aug,5,13,NaN,90,55,0,-99,4,Middle,Up,1
530,mandatory,iopt_aug,5,13,NaN,16,1,-52,99,2,Outer,Up,0
530,mandatory,iopt_aug,5,13,NaN,18,3,0,99,2,Middle,Up,1
530,mandatory,iopt_aug,5,13,NaN,20,5,52,99,1,Outer,Up,0
530,mandatory,iopt_aug,5,13,NaN,33,14,104,66,1,Outer,Up,0
530,mandatory,iopt_aug,5,13,NaN,49,24,-130,0,3,Outer,Down,0
530,mandatory,iopt_aug,5,13,NaN,51,26,-78,0,3,Middle,Down,1
530,mandatory,iopt_aug,5,13,NaN,54,29,0,0,1,Inner,Up,1
530,mandatory,iopt_aug,5,13,NaN,57,32,78,0,1,Middle,Down,1
530,mandatory,iopt_aug,5,13,NaN,59,34,130,0,1,Outer,Down,0
530,mandatory,iopt_aug,5,13,NaN,83,52,104,-66,4,Outer,Up,0
530,mandatory,iopt_aug,5,13,NaN,88,53,-52,-99,3,Outer,Up,0
530,mandatory,iopt_aug,5,13,NaN,90,55,0,-99,4,Middle,Up,1
530,mandatory,iopt_aug,5,13,NaN,92,57,52,-99,4,Outer,Up,0
531,mandatory,cdopt_naive,5,13,NaN,16,1,-52,99,2,Outer,Up,0
531,mandatory,cdopt_naive,5,13,NaN,18,3,0,99,2,Middle,Up,1
531,mandatory,cdopt_naive,5,13,NaN,20,5,52,99,1,Outer,Up,0
531,mandatory,cdopt_naive,5,13,NaN,49,24,-130,0,3,Outer,Down,0
531,mandatory,cdopt_naive,5,13,NaN,51,26,-78,0,3,Middle,Down,1
531,mandatory,cdopt_naive,5,13,NaN,53,28,-26,0,3,Inner,Down,0
531,mandatory,cdopt_naive,5,13,NaN,54,29,0,0,1,Inner,Up,1
531,mandatory,cdopt_naive,5,13,NaN,55,30,26,0,1,Inner,Down,0
531,mandatory,cdopt_naive,5,13,NaN,57,32,78,0,1,Middle,Down,1
531,mandatory,cdopt_naive,5,13,NaN,59,34,130,0,1,Outer,Down,0
531,mandatory,cdopt_naive,5,13,NaN,88,53,-52,-99,3,Outer,Up,0
531,mandatory,cdopt_naive,5,13,NaN,90,55,0,-99,4,Middle,Up,1
531,mandatory,cdopt_naive,5,13,NaN,92,57,52,-99,4,Outer,Up,0
532,mandatory,ciopt_naive,5,13,NaN,16,1,-52,99,2,Outer,Up,0
532,mandatory,ciopt_naive,5,13,NaN,18,3,0,99,2,Middle,Up,1
532,mandatory,ciopt_naive,5,13,NaN,20,5,52,99,1,Outer,Up,0
532,mandatory,ciopt_naive,5,13,NaN,49,24,-130,0,3,Outer,Down,0
532,mandatory,ciopt_naive,5,13,NaN,51,26,-78,0,3,Middle,Down,1
532,mandatory,ciopt_naive,5,13,NaN,53,28,-26,0,3,Inner,Down,0
532,mandatory,ciopt_naive,5,13,NaN,54,29,0,0,1,Inner,Up,1
532,mandatory,ciopt_naive,5,13,NaN,55,30,26,0,1,Inner,Down,0
532,mandatory,ciopt_naive,5,13,NaN,57,32,78,0,1,Middle,Down,1
532,mandatory,ciopt_naive,5,13,NaN,59,34,130,0,1,Outer,Down,0
532,mandatory,ciopt_naive,5,13,NaN,88,53,-52,-99,3,Outer,Up,0
532,mandatory,ciopt_naive,5,13,NaN,90,55,0,-99,4,Middle,Up,1
532,mandatory,ciopt_naive,5,13,NaN,92,57,52,-99,4,Outer,Up,0
533,mandatory,cdopt_aug,5,13,NaN,18,3,0,99,2,Middle,Up,1
533,mandatory,cdopt_aug,5,13,NaN,25,6,-104,66,2,Outer,Up,0
533,mandatory,cdopt_aug,5,13,NaN,28,9,-26,66,2,Inner,Down,0
533,mandatory,cdopt_aug,5,13,NaN,33,14,104,66,1,Outer,Up,0
533,mandatory,cdopt_aug,5,13,NaN,49,24,-130,0,3,Outer,Down,0
533,mandatory,cdopt_aug,5,13,NaN,51,26,-78,0,3,Middle,Down,1
533,mandatory,cdopt_aug,5,13,NaN,54,29,0,0,1,Inner,Up,1
533,mandatory,cdopt_aug,5,13,NaN,57,32,78,0,1,Middle,Down,1
533,mandatory,cdopt_aug,5,13,NaN,59,34,130,0,1,Outer,Down,0
533,mandatory,cdopt_aug,5,13,NaN,75,44,-104,-66,3,Outer,Up,0
533,mandatory,cdopt_aug,5,13,NaN,78,47,-26,-66,3,Inner,Down,0
533,mandatory,cdopt_aug,5,13,NaN,83,52,104,-66,4,Outer,Up,0
533,mandatory,cdopt_aug,5,13,NaN,90,55,0,-99,4,Middle,Up,1
534,mandatory,ciopt_aug,5,13,NaN,16,1,-52,99,2,Outer,Up,0
534,mandatory,ciopt_aug,5,13,NaN,18,3,0,99,2,Middle,Up,1
534,mandatory,ciopt_aug,5,13,NaN,28,9,-26,66,2,Inner,Down,0
534,mandatory,ciopt_aug,5,13,NaN,33,14,104,66,1,Outer,Up,0
534,mandatory,ciopt_aug,5,13,NaN,49,24,-130,0,3,Outer,Down,0
534,mandatory,ciopt_aug,5,13,NaN,51,26,-78,0,3,Middle,Down,1
534,mandatory,ciopt_aug,5,13,NaN,54,29,0,0,1,Inner,Up,1
534,mandatory,ciopt_aug,5,13,NaN,57,32,78,0,1,Middle,Down,1
534,mandatory,ciopt_aug,5,13,NaN,59,34,130,0,1,Outer,Down,0
534,mandatory,ciopt_aug,5,13,NaN,78,47,-26,-66,3,Inner,Down,0
534,mandatory,ciopt_aug,5,13,NaN,88,53,-52,-99,3,Outer,Up,0
534,mandatory,ciopt_aug,5,13,NaN,90,55,0,-99,4,Middle,Up,1
534,mandatory,ciopt_aug,5,13,NaN,92,57,52,-99,4,Outer,Up,0
535,base,poisson,5,14,NaN,16,1,-52,99,2,Outer,Up,0
535,base,poisson,5,14,NaN,20,5,52,99,1,Outer,Up,0
535,base,poisson,5,14,NaN,29,10,0,66,2,Inner,Up,0
535,base,poisson,5,14,NaN,33,14,104,66,1,Outer,Up,0
535,base,poisson,5,14,NaN,38,16,-78,33,2,Middle,Down,0
535,base,poisson,5,14,NaN,43,21,52,33,1,Inner,Up,0
535,base,poisson,5,14,NaN,49,24,-130,0,3,Outer,Down,0
535,base,poisson,5,14,NaN,59,34,130,0,1,Outer,Down,0
535,base,poisson,5,14,NaN,65,37,-52,-33,3,Inner,Up,0
535,base,poisson,5,14,NaN,68,40,26,-33,4,Inner,Down,0
535,base,poisson,5,14,NaN,75,44,-104,-66,3,Outer,Up,0
535,base,poisson,5,14,NaN,82,51,78,-66,4,Middle,Down,0
535,base,poisson,5,14,NaN,88,53,-52,-99,3,Outer,Up,0
535,base,poisson,5,14,NaN,91,56,26,-99,4,Middle,Down,0
536,base,human,5,14,NaN,16,1,-52,99,2,Outer,Up,0
536,base,human,5,14,NaN,18,3,0,99,2,Middle,Up,0
536,base,human,5,14,NaN,29,10,0,66,2,Inner,Up,0
536,base,human,5,14,NaN,32,13,78,66,1,Middle,Down,0
536,base,human,5,14,NaN,37,15,-104,33,2,Outer,Up,0
536,base,human,5,14,NaN,51,26,-78,0,3,Middle,Down,0
536,base,human,5,14,NaN,54,29,0,0,1,Inner,Up,0
536,base,human,5,14,NaN,57,32,78,0,1,Middle,Down,0
536,base,human,5,14,NaN,58,33,104,0,1,Middle,Up,0
536,base,human,5,14,NaN,63,35,-104,-33,3,Outer,Up,0
536,base,human,5,14,NaN,79,48,0,-66,4,Inner,Up,0
536,base,human,5,14,NaN,83,52,104,-66,4,Outer,Up,0
536,base,human,5,14,NaN,88,53,-52,-99,3,Outer,Up,0
536,base,human,5,14,NaN,91,56,26,-99,4,Middle,Down,0
537,base,dopt,5,14,NaN,16,1,-52,99,2,Outer,Up,0
537,base,dopt,5,14,NaN,18,3,0,99,2,Middle,Up,0
537,base,dopt,5,14,NaN,20,5,52,99,1,Outer,Up,0
537,base,dopt,5,14,NaN,25,6,-104,66,2,Outer,Up,0
537,base,dopt,5,14,NaN,33,14,104,66,1,Outer,Up,0
537,base,dopt,5,14,NaN,49,24,-130,0,3,Outer,Down,0
537,base,dopt,5,14,NaN,52,27,-52,0,3,Inner,Up,0
537,base,dopt,5,14,NaN,56,31,52,0,1,Inner,Up,0
537,base,dopt,5,14,NaN,59,34,130,0,1,Outer,Down,0
537,base,dopt,5,14,NaN,75,44,-104,-66,3,Outer,Up,0
537,base,dopt,5,14,NaN,79,48,0,-66,4,Inner,Up,0
537,base,dopt,5,14,NaN,83,52,104,-66,4,Outer,Up,0
537,base,dopt,5,14,NaN,88,53,-52,-99,3,Outer,Up,0
537,base,dopt,5,14,NaN,92,57,52,-99,4,Outer,Up,0
538,base,iopt,5,14,NaN,16,1,-52,99,2,Outer,Up,0
538,base,iopt,5,14,NaN,20,5,52,99,1,Outer,Up,0
538,base,iopt,5,14,NaN,25,6,-104,66,2,Outer,Up,0
538,base,iopt,5,14,NaN,29,10,0,66,2,Inner,Up,0
538,base,iopt,5,14,NaN,33,14,104,66,1,Outer,Up,0
538,base,iopt,5,14,NaN,49,24,-130,0,3,Outer,Down,0
538,base,iopt,5,14,NaN,52,27,-52,0,3,Inner,Up,0
538,base,iopt,5,14,NaN,56,31,52,0,1,Inner,Up,0
538,base,iopt,5,14,NaN,59,34,130,0,1,Outer,Down,0
538,base,iopt,5,14,NaN,75,44,-104,-66,3,Outer,Up,0
538,base,iopt,5,14,NaN,79,48,0,-66,4,Inner,Up,0
538,base,iopt,5,14,NaN,83,52,104,-66,4,Outer,Up,0
538,base,iopt,5,14,NaN,88,53,-52,-99,3,Outer,Up,0
538,base,iopt,5,14,NaN,92,57,52,-99,4,Outer,Up,0
539,base,cdopt,5,14,NaN,16,1,-52,99,2,Outer,Up,0
539,base,cdopt,5,14,NaN,18,3,0,99,2,Middle,Up,0
539,base,cdopt,5,14,NaN,19,4,26,99,1,Middle,Down,0
539,base,cdopt,5,14,NaN,25,6,-104,66,2,Outer,Up,0
539,base,cdopt,5,14,NaN,33,14,104,66,1,Outer,Up,0
539,base,cdopt,5,14,NaN,40,18,-26,33,2,Inner,Down,0
539,base,cdopt,5,14,NaN,49,24,-130,0,3,Outer,Down,0
539,base,cdopt,5,14,NaN,56,31,52,0,1,Inner,Up,0
539,base,cdopt,5,14,NaN,59,34,130,0,1,Outer,Down,0
539,base,cdopt,5,14,NaN,66,38,-26,-33,3,Inner,Down,0
539,base,cdopt,5,14,NaN,75,44,-104,-66,3,Outer,Up,0
539,base,cdopt,5,14,NaN,83,52,104,-66,4,Outer,Up,0
539,base,cdopt,5,14,NaN,89,54,-26,-99,3,Middle,Down,0
539,base,cdopt,5,14,NaN,91,56,26,-99,4,Middle,Down,0
540,base,ciopt,5,14,NaN,17,2,-26,99,2,Middle,Down,0
540,base,ciopt,5,14,NaN,19,4,26,99,1,Middle,Down,0
540,base,ciopt,5,14,NaN,25,6,-104,66,2,Outer,Up,0
540,base,ciopt,5,14,NaN,33,14,104,66,1,Outer,Up,0
540,base,ciopt,5,14,NaN,42,20,26,33,1,Inner,Down,0
540,base,ciopt,5,14,NaN,49,24,-130,0,3,Outer,Down,0
540,base,ciopt,5,14,NaN,52,27,-52,0,3,Inner,Up,0
540,base,ciopt,5,14,NaN,59,34,130,0,1,Outer,Down,0
540,base,ciopt,5,14,NaN,68,40,26,-33,4,Inner,Down,0
540,base,ciopt,5,14,NaN,75,44,-104,-66,3,Outer,Up,0
540,base,ciopt,5,14,NaN,82,51,78,-66,4,Middle,Down,0
540,base,ciopt,5,14,NaN,88,53,-52,-99,3,Outer,Up,0
540,base,ciopt,5,14,NaN,90,55,0,-99,4,Middle,Up,0
540,base,ciopt,5,14,NaN,92,57,52,-99,4,Outer,Up,0
541,mandatory,poisson_f,5,14,NaN,18,3,0,99,2,Middle,Up,1
541,mandatory,poisson_f,5,14,NaN,25,6,-104,66,2,Outer,Up,0
541,mandatory,poisson_f,5,14,NaN,27,8,-52,66,2,Middle,Up,0
541,mandatory,poisson_f,5,14,NaN,33,14,104,66,1,Outer,Up,0
541,mandatory,poisson_f,5,14,NaN,49,24,-130,0,3,Outer,Down,0
541,mandatory,poisson_f,5,14,NaN,51,26,-78,0,3,Middle,Down,1
541,mandatory,poisson_f,5,14,NaN,54,29,0,0,1,Inner,Up,1
541,mandatory,poisson_f,5,14,NaN,57,32,78,0,1,Middle,Down,1
541,mandatory,poisson_f,5,14,NaN,59,34,130,0,1,Outer,Down,0
541,mandatory,poisson_f,5,14,NaN,75,44,-104,-66,3,Outer,Up,0
541,mandatory,poisson_f,5,14,NaN,81,50,52,-66,4,Middle,Up,0
541,mandatory,poisson_f,5,14,NaN,83,52,104,-66,4,Outer,Up,0
541,mandatory,poisson_f,5,14,NaN,88,53,-52,-99,3,Outer,Up,0
541,mandatory,poisson_f,5,14,NaN,90,55,0,-99,4,Middle,Up,1
542,mandatory,human_f,5,14,NaN,17,2,-26,99,2,Middle,Down,0
542,mandatory,human_f,5,14,NaN,18,3,0,99,2,Middle,Up,1
542,mandatory,human_f,5,14,NaN,28,9,-26,66,2,Inner,Down,0
542,mandatory,human_f,5,14,NaN,32,13,78,66,1,Middle,Down,0
542,mandatory,human_f,5,14,NaN,37,15,-104,33,2,Outer,Up,0
542,mandatory,human_f,5,14,NaN,51,26,-78,0,3,Middle,Down,1
542,mandatory,human_f,5,14,NaN,54,29,0,0,1,Inner,Up,1
542,mandatory,human_f,5,14,NaN,57,32,78,0,1,Middle,Down,1
542,mandatory,human_f,5,14,NaN,65,37,-52,-33,3,Inner,Up,0
542,mandatory,human_f,5,14,NaN,70,42,78,-33,4,Middle,Down,0
542,mandatory,human_f,5,14,NaN,71,43,104,-33,4,Outer,Up,0
542,mandatory,human_f,5,14,NaN,76,45,-78,-66,3,Middle,Down,0
542,mandatory,human_f,5,14,NaN,90,55,0,-99,4,Middle,Up,1
542,mandatory,human_f,5,14,NaN,91,56,26,-99,4,Middle,Down,0
543,mandatory,dopt_aug,5,14,NaN,16,1,-52,99,2,Outer,Up,0
543,mandatory,dopt_aug,5,14,NaN,18,3,0,99,2,Middle,Up,1
543,mandatory,dopt_aug,5,14,NaN,20,5,52,99,1,Outer,Up,0
543,mandatory,dopt_aug,5,14,NaN,25,6,-104,66,2,Outer,Up,0
543,mandatory,dopt_aug,5,14,NaN,33,14,104,66,1,Outer,Up,0
543,mandatory,dopt_aug,5,14,NaN,49,24,-130,0,3,Outer,Down,0
543,mandatory,dopt_aug,5,14,NaN,51,26,-78,0,3,Middle,Down,1
543,mandatory,dopt_aug,5,14,NaN,54,29,0,0,1,Inner,Up,1
543,mandatory,dopt_aug,5,14,NaN,57,32,78,0,1,Middle,Down,1
543,mandatory,dopt_aug,5,14,NaN,59,34,130,0,1,Outer,Down,0
543,mandatory,dopt_aug,5,14,NaN,75,44,-104,-66,3,Outer,Up,0
543,mandatory,dopt_aug,5,14,NaN,83,52,104,-66,4,Outer,Up,0
543,mandatory,dopt_aug,5,14,NaN,90,55,0,-99,4,Middle,Up,1
543,mandatory,dopt_aug,5,14,NaN,92,57,52,-99,4,Outer,Up,0
544,mandatory,iopt_aug,5,14,NaN,16,1,-52,99,2,Outer,Up,0
544,mandatory,iopt_aug,5,14,NaN,18,3,0,99,2,Middle,Up,1
544,mandatory,iopt_aug,5,14,NaN,20,5,52,99,1,Outer,Up,0
544,mandatory,iopt_aug,5,14,NaN,25,6,-104,66,2,Outer,Up,0
544,mandatory,iopt_aug,5,14,NaN,33,14,104,66,1,Outer,Up,0
544,mandatory,iopt_aug,5,14,NaN,51,26,-78,0,3,Middle,Down,1
544,mandatory,iopt_aug,5,14,NaN,54,29,0,0,1,Inner,Up,1
544,mandatory,iopt_aug,5,14,NaN,57,32,78,0,1,Middle,Down,1
544,mandatory,iopt_aug,5,14,NaN,59,34,130,0,1,Outer,Down,0
544,mandatory,iopt_aug,5,14,NaN,75,44,-104,-66,3,Outer,Up,0
544,mandatory,iopt_aug,5,14,NaN,83,52,104,-66,4,Outer,Up,0
544,mandatory,iopt_aug,5,14,NaN,88,53,-52,-99,3,Outer,Up,0
544,mandatory,iopt_aug,5,14,NaN,90,55,0,-99,4,Middle,Up,1
544,mandatory,iopt_aug,5,14,NaN,92,57,52,-99,4,Outer,Up,0
545,mandatory,cdopt_naive,5,14,NaN,17,2,-26,99,2,Middle,Down,0
545,mandatory,cdopt_naive,5,14,NaN,18,3,0,99,2,Middle,Up,1
545,mandatory,cdopt_naive,5,14,NaN,20,5,52,99,1,Outer,Up,0
545,mandatory,cdopt_naive,5,14,NaN,25,6,-104,66,2,Outer,Up,0
545,mandatory,cdopt_naive,5,14,NaN,49,24,-130,0,3,Outer,Down,0
545,mandatory,cdopt_naive,5,14,NaN,51,26,-78,0,3,Middle,Down,1
545,mandatory,cdopt_naive,5,14,NaN,53,28,-26,0,3,Inner,Down,0
545,mandatory,cdopt_naive,5,14,NaN,54,29,0,0,1,Inner,Up,1
545,mandatory,cdopt_naive,5,14,NaN,55,30,26,0,1,Inner,Down,0
545,mandatory,cdopt_naive,5,14,NaN,57,32,78,0,1,Middle,Down,1
545,mandatory,cdopt_naive,5,14,NaN,59,34,130,0,1,Outer,Down,0
545,mandatory,cdopt_naive,5,14,NaN,88,53,-52,-99,3,Outer,Up,0
545,mandatory,cdopt_naive,5,14,NaN,90,55,0,-99,4,Middle,Up,1
545,mandatory,cdopt_naive,5,14,NaN,92,57,52,-99,4,Outer,Up,0
546,mandatory,ciopt_naive,5,14,NaN,16,1,-52,99,2,Outer,Up,0
546,mandatory,ciopt_naive,5,14,NaN,18,3,0,99,2,Middle,Up,1
546,mandatory,ciopt_naive,5,14,NaN,20,5,52,99,1,Outer,Up,0
546,mandatory,ciopt_naive,5,14,NaN,49,24,-130,0,3,Outer,Down,0
546,mandatory,ciopt_naive,5,14,NaN,51,26,-78,0,3,Middle,Down,1
546,mandatory,ciopt_naive,5,14,NaN,53,28,-26,0,3,Inner,Down,0
546,mandatory,ciopt_naive,5,14,NaN,54,29,0,0,1,Inner,Up,1
546,mandatory,ciopt_naive,5,14,NaN,55,30,26,0,1,Inner,Down,0
546,mandatory,ciopt_naive,5,14,NaN,57,32,78,0,1,Middle,Down,1
546,mandatory,ciopt_naive,5,14,NaN,59,34,130,0,1,Outer,Down,0
546,mandatory,ciopt_naive,5,14,NaN,83,52,104,-66,4,Outer,Up,0
546,mandatory,ciopt_naive,5,14,NaN,88,53,-52,-99,3,Outer,Up,0
546,mandatory,ciopt_naive,5,14,NaN,90,55,0,-99,4,Middle,Up,1
546,mandatory,ciopt_naive,5,14,NaN,91,56,26,-99,4,Middle,Down,0
547,mandatory,cdopt_aug,5,14,NaN,18,3,0,99,2,Middle,Up,1
547,mandatory,cdopt_aug,5,14,NaN,25,6,-104,66,2,Outer,Up,0
547,mandatory,cdopt_aug,5,14,NaN,30,11,26,66,1,Inner,Down,0
547,mandatory,cdopt_aug,5,14,NaN,33,14,104,66,1,Outer,Up,0
547,mandatory,cdopt_aug,5,14,NaN,49,24,-130,0,3,Outer,Down,0
547,mandatory,cdopt_aug,5,14,NaN,51,26,-78,0,3,Middle,Down,1
547,mandatory,cdopt_aug,5,14,NaN,54,29,0,0,1,Inner,Up,1
547,mandatory,cdopt_aug,5,14,NaN,57,32,78,0,1,Middle,Down,1
547,mandatory,cdopt_aug,5,14,NaN,59,34,130,0,1,Outer,Down,0
547,mandatory,cdopt_aug,5,14,NaN,75,44,-104,-66,3,Outer,Up,0
547,mandatory,cdopt_aug,5,14,NaN,80,49,26,-66,4,Inner,Down,0
547,mandatory,cdopt_aug,5,14,NaN,83,52,104,-66,4,Outer,Up,0
547,mandatory,cdopt_aug,5,14,NaN,89,54,-26,-99,3,Middle,Down,0
547,mandatory,cdopt_aug,5,14,NaN,90,55,0,-99,4,Middle,Up,1
548,mandatory,ciopt_aug,5,14,NaN,17,2,-26,99,2,Middle,Down,0
548,mandatory,ciopt_aug,5,14,NaN,18,3,0,99,2,Middle,Up,1
548,mandatory,ciopt_aug,5,14,NaN,20,5,52,99,1,Outer,Up,0
548,mandatory,ciopt_aug,5,14,NaN,25,6,-104,66,2,Outer,Up,0
548,mandatory,ciopt_aug,5,14,NaN,42,20,26,33,1,Inner,Down,0
548,mandatory,ciopt_aug,5,14,NaN,49,24,-130,0,3,Outer,Down,0
548,mandatory,ciopt_aug,5,14,NaN,51,26,-78,0,3,Middle,Down,1
548,mandatory,ciopt_aug,5,14,NaN,54,29,0,0,1,Inner,Up,1
548,mandatory,ciopt_aug,5,14,NaN,57,32,78,0,1,Middle,Down,1
548,mandatory,ciopt_aug,5,14,NaN,59,34,130,0,1,Outer,Down,0
548,mandatory,ciopt_aug,5,14,NaN,68,40,26,-33,4,Inner,Down,0
548,mandatory,ciopt_aug,5,14,NaN,88,53,-52,-99,3,Outer,Up,0
548,mandatory,ciopt_aug,5,14,NaN,90,55,0,-99,4,Middle,Up,1
548,mandatory,ciopt_aug,5,14,NaN,92,57,52,-99,4,Outer,Up,0
549,base,poisson,5,15,NaN,16,1,-52,99,2,Outer,Up,0
549,base,poisson,5,15,NaN,20,5,52,99,1,Outer,Up,0
549,base,poisson,5,15,NaN,25,6,-104,66,2,Outer,Up,0
549,base,poisson,5,15,NaN,29,10,0,66,2,Inner,Up,0
549,base,poisson,5,15,NaN,33,14,104,66,1,Outer,Up,0
549,base,poisson,5,15,NaN,39,17,-52,33,2,Inner,Up,0
549,base,poisson,5,15,NaN,49,24,-130,0,3,Outer,Down,0
549,base,poisson,5,15,NaN,56,31,52,0,1,Inner,Up,0
549,base,poisson,5,15,NaN,59,34,130,0,1,Outer,Down,0
549,base,poisson,5,15,NaN,65,37,-52,-33,3,Inner,Up,0
549,base,poisson,5,15,NaN,75,44,-104,-66,3,Outer,Up,0
549,base,poisson,5,15,NaN,79,48,0,-66,4,Inner,Up,0
549,base,poisson,5,15,NaN,83,52,104,-66,4,Outer,Up,0
549,base,poisson,5,15,NaN,88,53,-52,-99,3,Outer,Up,0
549,base,poisson,5,15,NaN,92,57,52,-99,4,Outer,Up,0
550,base,human,5,15,NaN,16,1,-52,99,2,Outer,Up,0
550,base,human,5,15,NaN,18,3,0,99,2,Middle,Up,0
550,base,human,5,15,NaN,29,10,0,66,2,Inner,Up,0
550,base,human,5,15,NaN,32,13,78,66,1,Middle,Down,0
550,base,human,5,15,NaN,37,15,-104,33,2,Outer,Up,0
550,base,human,5,15,NaN,39,17,-52,33,2,Inner,Up,0
550,base,human,5,15,NaN,54,29,0,0,1,Inner,Up,0
550,base,human,5,15,NaN,57,32,78,0,1,Middle,Down,0
550,base,human,5,15,NaN,58,33,104,0,1,Middle,Up,0
550,base,human,5,15,NaN,63,35,-104,-33,3,Outer,Up,0
550,base,human,5,15,NaN,65,37,-52,-33,3,Inner,Up,0
550,base,human,5,15,NaN,80,49,26,-66,4,Inner,Down,0
550,base,human,5,15,NaN,83,52,104,-66,4,Outer,Up,0
550,base,human,5,15,NaN,88,53,-52,-99,3,Outer,Up,0
550,base,human,5,15,NaN,91,56,26,-99,4,Middle,Down,0
551,base,dopt,5,15,NaN,16,1,-52,99,2,Outer,Up,0
551,base,dopt,5,15,NaN,18,3,0,99,2,Middle,Up,0
551,base,dopt,5,15,NaN,20,5,52,99,1,Outer,Up,0
551,base,dopt,5,15,NaN,25,6,-104,66,2,Outer,Up,0
551,base,dopt,5,15,NaN,33,14,104,66,1,Outer,Up,0
551,base,dopt,5,15,NaN,42,20,26,33,1,Inner,Down,0
551,base,dopt,5,15,NaN,49,24,-130,0,3,Outer,Down,0
551,base,dopt,5,15,NaN,52,27,-52,0,3,Inner,Up,0
551,base,dopt,5,15,NaN,59,34,130,0,1,Outer,Down,0
551,base,dopt,5,15,NaN,68,40,26,-33,4,Inner,Down,0
551,base,dopt,5,15,NaN,75,44,-104,-66,3,Outer,Up,0
551,base,dopt,5,15,NaN,83,52,104,-66,4,Outer,Up,0
551,base,dopt,5,15,NaN,88,53,-52,-99,3,Outer,Up,0
551,base,dopt,5,15,NaN,90,55,0,-99,4,Middle,Up,0
551,base,dopt,5,15,NaN,92,57,52,-99,4,Outer,Up,0
552,base,iopt,5,15,NaN,16,1,-52,99,2,Outer,Up,0
552,base,iopt,5,15,NaN,18,3,0,99,2,Middle,Up,0
552,base,iopt,5,15,NaN,20,5,52,99,1,Outer,Up,0
552,base,iopt,5,15,NaN,25,6,-104,66,2,Outer,Up,0
552,base,iopt,5,15,NaN,33,14,104,66,1,Outer,Up,0
552,base,iopt,5,15,NaN,42,20,26,33,1,Inner,Down,0
552,base,iopt,5,15,NaN,49,24,-130,0,3,Outer,Down,0
552,base,iopt,5,15,NaN,52,27,-52,0,3,Inner,Up,0
552,base,iopt,5,15,NaN,59,34,130,0,1,Outer,Down,0
552,base,iopt,5,15,NaN,68,40,26,-33,4,Inner,Down,0
552,base,iopt,5,15,NaN,75,44,-104,-66,3,Outer,Up,0
552,base,iopt,5,15,NaN,83,52,104,-66,4,Outer,Up,0
552,base,iopt,5,15,NaN,88,53,-52,-99,3,Outer,Up,0
552,base,iopt,5,15,NaN,90,55,0,-99,4,Middle,Up,0
552,base,iopt,5,15,NaN,92,57,52,-99,4,Outer,Up,0
553,base,cdopt,5,15,NaN,16,1,-52,99,2,Outer,Up,0
553,base,cdopt,5,15,NaN,18,3,0,99,2,Middle,Up,0
553,base,cdopt,5,15,NaN,19,4,26,99,1,Middle,Down,0
553,base,cdopt,5,15,NaN,25,6,-104,66,2,Outer,Up,0
553,base,cdopt,5,15,NaN,33,14,104,66,1,Outer,Up,0
553,base,cdopt,5,15,NaN,40,18,-26,33,2,Inner,Down,0
553,base,cdopt,5,15,NaN,43,21,52,33,1,Inner,Up,0
553,base,cdopt,5,15,NaN,49,24,-130,0,3,Outer,Down,0
553,base,cdopt,5,15,NaN,59,34,130,0,1,Outer,Down,0
553,base,cdopt,5,15,NaN,65,37,-52,-33,3,Inner,Up,0
553,base,cdopt,5,15,NaN,68,40,26,-33,4,Inner,Down,0
553,base,cdopt,5,15,NaN,75,44,-104,-66,3,Outer,Up,0
553,base,cdopt,5,15,NaN,83,52,104,-66,4,Outer,Up,0
553,base,cdopt,5,15,NaN,89,54,-26,-99,3,Middle,Down,0
553,base,cdopt,5,15,NaN,91,56,26,-99,4,Middle,Down,0
554,base,ciopt,5,15,NaN,16,1,-52,99,2,Outer,Up,0
554,base,ciopt,5,15,NaN,18,3,0,99,2,Middle,Up,0
554,base,ciopt,5,15,NaN,20,5,52,99,1,Outer,Up,0
554,base,ciopt,5,15,NaN,26,7,-78,66,2,Middle,Down,0
554,base,ciopt,5,15,NaN,33,14,104,66,1,Outer,Up,0
554,base,ciopt,5,15,NaN,40,18,-26,33,2,Inner,Down,0
554,base,ciopt,5,15,NaN,49,24,-130,0,3,Outer,Down,0
554,base,ciopt,5,15,NaN,56,31,52,0,1,Inner,Up,0
554,base,ciopt,5,15,NaN,59,34,130,0,1,Outer,Down,0
554,base,ciopt,5,15,NaN,66,38,-26,-33,3,Inner,Down,0
554,base,ciopt,5,15,NaN,76,45,-78,-66,3,Middle,Down,0
554,base,ciopt,5,15,NaN,83,52,104,-66,4,Outer,Up,0
554,base,ciopt,5,15,NaN,88,53,-52,-99,3,Outer,Up,0
554,base,ciopt,5,15,NaN,90,55,0,-99,4,Middle,Up,0
554,base,ciopt,5,15,NaN,91,56,26,-99,4,Middle,Down,0
555,mandatory,poisson_f,5,15,NaN,16,1,-52,99,2,Outer,Up,0
555,mandatory,poisson_f,5,15,NaN,18,3,0,99,2,Middle,Up,1
555,mandatory,poisson_f,5,15,NaN,25,6,-104,66,2,Outer,Up,0
555,mandatory,poisson_f,5,15,NaN,31,12,52,66,1,Middle,Up,0
555,mandatory,poisson_f,5,15,NaN,33,14,104,66,1,Outer,Up,0
555,mandatory,poisson_f,5,15,NaN,49,24,-130,0,3,Outer,Down,0
555,mandatory,poisson_f,5,15,NaN,51,26,-78,0,3,Middle,Down,1
555,mandatory,poisson_f,5,15,NaN,54,29,0,0,1,Inner,Up,1
555,mandatory,poisson_f,5,15,NaN,57,32,78,0,1,Middle,Down,1
555,mandatory,poisson_f,5,15,NaN,59,34,130,0,1,Outer,Down,0
555,mandatory,poisson_f,5,15,NaN,75,44,-104,-66,3,Outer,Up,0
555,mandatory,poisson_f,5,15,NaN,83,52,104,-66,4,Outer,Up,0
555,mandatory,poisson_f,5,15,NaN,88,53,-52,-99,3,Outer,Up,0
555,mandatory,poisson_f,5,15,NaN,90,55,0,-99,4,Middle,Up,1
555,mandatory,poisson_f,5,15,NaN,92,57,52,-99,4,Outer,Up,0
556,mandatory,human_f,5,15,NaN,17,2,-26,99,2,Middle,Down,0
556,mandatory,human_f,5,15,NaN,18,3,0,99,2,Middle,Up,1
556,mandatory,human_f,5,15,NaN,25,6,-104,66,2,Outer,Up,0
556,mandatory,human_f,5,15,NaN,28,9,-26,66,2,Inner,Down,0
556,mandatory,human_f,5,15,NaN,32,13,78,66,1,Middle,Down,0
556,mandatory,human_f,5,15,NaN,51,26,-78,0,3,Middle,Down,1
556,mandatory,human_f,5,15,NaN,54,29,0,0,1,Inner,Up,1
556,mandatory,human_f,5,15,NaN,57,32,78,0,1,Middle,Down,1
556,mandatory,human_f,5,15,NaN,58,33,104,0,1,Middle,Up,0
556,mandatory,human_f,5,15,NaN,63,35,-104,-33,3,Outer,Up,0
556,mandatory,human_f,5,15,NaN,65,37,-52,-33,3,Inner,Up,0
556,mandatory,human_f,5,15,NaN,70,42,78,-33,4,Middle,Down,0
556,mandatory,human_f,5,15,NaN,89,54,-26,-99,3,Middle,Down,0
556,mandatory,human_f,5,15,NaN,90,55,0,-99,4,Middle,Up,1
556,mandatory,human_f,5,15,NaN,92,57,52,-99,4,Outer,Up,0
557,mandatory,dopt_aug,5,15,NaN,16,1,-52,99,2,Outer,Up,0
557,mandatory,dopt_aug,5,15,NaN,18,3,0,99,2,Middle,Up,1
557,mandatory,dopt_aug,5,15,NaN,20,5,52,99,1,Outer,Up,0
557,mandatory,dopt_aug,5,15,NaN,25,6,-104,66,2,Outer,Up,0
557,mandatory,dopt_aug,5,15,NaN,33,14,104,66,1,Outer,Up,0
557,mandatory,dopt_aug,5,15,NaN,49,24,-130,0,3,Outer,Down,0
557,mandatory,dopt_aug,5,15,NaN,51,26,-78,0,3,Middle,Down,1
557,mandatory,dopt_aug,5,15,NaN,54,29,0,0,1,Inner,Up,1
557,mandatory,dopt_aug,5,15,NaN,57,32,78,0,1,Middle,Down,1
557,mandatory,dopt_aug,5,15,NaN,59,34,130,0,1,Outer,Down,0
557,mandatory,dopt_aug,5,15,NaN,75,44,-104,-66,3,Outer,Up,0
557,mandatory,dopt_aug,5,15,NaN,83,52,104,-66,4,Outer,Up,0
557,mandatory,dopt_aug,5,15,NaN,88,53,-52,-99,3,Outer,Up,0
557,mandatory,dopt_aug,5,15,NaN,90,55,0,-99,4,Middle,Up,1
557,mandatory,dopt_aug,5,15,NaN,92,57,52,-99,4,Outer,Up,0
558,mandatory,iopt_aug,5,15,NaN,16,1,-52,99,2,Outer,Up,0
558,mandatory,iopt_aug,5,15,NaN,18,3,0,99,2,Middle,Up,1
558,mandatory,iopt_aug,5,15,NaN,20,5,52,99,1,Outer,Up,0
558,mandatory,iopt_aug,5,15,NaN,25,6,-104,66,2,Outer,Up,0
558,mandatory,iopt_aug,5,15,NaN,33,14,104,66,1,Outer,Up,0
558,mandatory,iopt_aug,5,15,NaN,49,24,-130,0,3,Outer,Down,0
558,mandatory,iopt_aug,5,15,NaN,51,26,-78,0,3,Middle,Down,1
558,mandatory,iopt_aug,5,15,NaN,54,29,0,0,1,Inner,Up,1
558,mandatory,iopt_aug,5,15,NaN,57,32,78,0,1,Middle,Down,1
558,mandatory,iopt_aug,5,15,NaN,59,34,130,0,1,Outer,Down,0
558,mandatory,iopt_aug,5,15,NaN,75,44,-104,-66,3,Outer,Up,0
558,mandatory,iopt_aug,5,15,NaN,83,52,104,-66,4,Outer,Up,0
558,mandatory,iopt_aug,5,15,NaN,88,53,-52,-99,3,Outer,Up,0
558,mandatory,iopt_aug,5,15,NaN,90,55,0,-99,4,Middle,Up,1
558,mandatory,iopt_aug,5,15,NaN,92,57,52,-99,4,Outer,Up,0
559,mandatory,cdopt_naive,5,15,NaN,16,1,-52,99,2,Outer,Up,0
559,mandatory,cdopt_naive,5,15,NaN,18,3,0,99,2,Middle,Up,1
559,mandatory,cdopt_naive,5,15,NaN,20,5,52,99,1,Outer,Up,0
559,mandatory,cdopt_naive,5,15,NaN,49,24,-130,0,3,Outer,Down,0
559,mandatory,cdopt_naive,5,15,NaN,51,26,-78,0,3,Middle,Down,1
559,mandatory,cdopt_naive,5,15,NaN,53,28,-26,0,3,Inner,Down,0
559,mandatory,cdopt_naive,5,15,NaN,54,29,0,0,1,Inner,Up,1
559,mandatory,cdopt_naive,5,15,NaN,55,30,26,0,1,Inner,Down,0
559,mandatory,cdopt_naive,5,15,NaN,57,32,78,0,1,Middle,Down,1
559,mandatory,cdopt_naive,5,15,NaN,59,34,130,0,1,Outer,Down,0
559,mandatory,cdopt_naive,5,15,NaN,75,44,-104,-66,3,Outer,Up,0
559,mandatory,cdopt_naive,5,15,NaN,83,52,104,-66,4,Outer,Up,0
559,mandatory,cdopt_naive,5,15,NaN,88,53,-52,-99,3,Outer,Up,0
559,mandatory,cdopt_naive,5,15,NaN,90,55,0,-99,4,Middle,Up,1
559,mandatory,cdopt_naive,5,15,NaN,91,56,26,-99,4,Middle,Down,0
560,mandatory,ciopt_naive,5,15,NaN,16,1,-52,99,2,Outer,Up,0
560,mandatory,ciopt_naive,5,15,NaN,18,3,0,99,2,Middle,Up,1
560,mandatory,ciopt_naive,5,15,NaN,20,5,52,99,1,Outer,Up,0
560,mandatory,ciopt_naive,5,15,NaN,49,24,-130,0,3,Outer,Down,0
560,mandatory,ciopt_naive,5,15,NaN,51,26,-78,0,3,Middle,Down,1
560,mandatory,ciopt_naive,5,15,NaN,53,28,-26,0,3,Inner,Down,0
560,mandatory,ciopt_naive,5,15,NaN,54,29,0,0,1,Inner,Up,1
560,mandatory,ciopt_naive,5,15,NaN,55,30,26,0,1,Inner,Down,0
560,mandatory,ciopt_naive,5,15,NaN,57,32,78,0,1,Middle,Down,1
560,mandatory,ciopt_naive,5,15,NaN,59,34,130,0,1,Outer,Down,0
560,mandatory,ciopt_naive,5,15,NaN,75,44,-104,-66,3,Outer,Up,0
560,mandatory,ciopt_naive,5,15,NaN,83,52,104,-66,4,Outer,Up,0
560,mandatory,ciopt_naive,5,15,NaN,89,54,-26,-99,3,Middle,Down,0
560,mandatory,ciopt_naive,5,15,NaN,90,55,0,-99,4,Middle,Up,1
560,mandatory,ciopt_naive,5,15,NaN,92,57,52,-99,4,Outer,Up,0
561,mandatory,cdopt_aug,5,15,NaN,17,2,-26,99,2,Middle,Down,0
561,mandatory,cdopt_aug,5,15,NaN,18,3,0,99,2,Middle,Up,1
561,mandatory,cdopt_aug,5,15,NaN,25,6,-104,66,2,Outer,Up,0
561,mandatory,cdopt_aug,5,15,NaN,30,11,26,66,1,Inner,Down,0
561,mandatory,cdopt_aug,5,15,NaN,33,14,104,66,1,Outer,Up,0
561,mandatory,cdopt_aug,5,15,NaN,49,24,-130,0,3,Outer,Down,0
561,mandatory,cdopt_aug,5,15,NaN,51,26,-78,0,3,Middle,Down,1
561,mandatory,cdopt_aug,5,15,NaN,54,29,0,0,1,Inner,Up,1
561,mandatory,cdopt_aug,5,15,NaN,57,32,78,0,1,Middle,Down,1
561,mandatory,cdopt_aug,5,15,NaN,59,34,130,0,1,Outer,Down,0
561,mandatory,cdopt_aug,5,15,NaN,75,44,-104,-66,3,Outer,Up,0
561,mandatory,cdopt_aug,5,15,NaN,80,49,26,-66,4,Inner,Down,0
561,mandatory,cdopt_aug,5,15,NaN,83,52,104,-66,4,Outer,Up,0
561,mandatory,cdopt_aug,5,15,NaN,88,53,-52,-99,3,Outer,Up,0
561,mandatory,cdopt_aug,5,15,NaN,90,55,0,-99,4,Middle,Up,1
562,mandatory,ciopt_aug,5,15,NaN,17,2,-26,99,2,Middle,Down,0
562,mandatory,ciopt_aug,5,15,NaN,18,3,0,99,2,Middle,Up,1
562,mandatory,ciopt_aug,5,15,NaN,20,5,52,99,1,Outer,Up,0
562,mandatory,ciopt_aug,5,15,NaN,25,6,-104,66,2,Outer,Up,0
562,mandatory,ciopt_aug,5,15,NaN,42,20,26,33,1,Inner,Down,0
562,mandatory,ciopt_aug,5,15,NaN,49,24,-130,0,3,Outer,Down,0
562,mandatory,ciopt_aug,5,15,NaN,51,26,-78,0,3,Middle,Down,1
562,mandatory,ciopt_aug,5,15,NaN,54,29,0,0,1,Inner,Up,1
562,mandatory,ciopt_aug,5,15,NaN,57,32,78,0,1,Middle,Down,1
562,mandatory,ciopt_aug,5,15,NaN,59,34,130,0,1,Outer,Down,0
562,mandatory,ciopt_aug,5,15,NaN,68,40,26,-33,4,Inner,Down,0
562,mandatory,ciopt_aug,5,15,NaN,75,44,-104,-66,3,Outer,Up,0
562,mandatory,ciopt_aug,5,15,NaN,88,53,-52,-99,3,Outer,Up,0
562,mandatory,ciopt_aug,5,15,NaN,90,55,0,-99,4,Middle,Up,1
562,mandatory,ciopt_aug,5,15,NaN,92,57,52,-99,4,Outer,Up,0
563,base,poisson,5,16,NaN,17,2,-26,99,2,Middle,Down,0
563,base,poisson,5,16,NaN,19,4,26,99,1,Middle,Down,0
563,base,poisson,5,16,NaN,27,8,-52,66,2,Middle,Up,0
563,base,poisson,5,16,NaN,29,10,0,66,2,Inner,Up,0
563,base,poisson,5,16,NaN,31,12,52,66,1,Middle,Up,0
563,base,poisson,5,16,NaN,37,15,-104,33,2,Outer,Up,0
563,base,poisson,5,16,NaN,40,18,-26,33,2,Inner,Down,0
563,base,poisson,5,16,NaN,45,23,104,33,1,Outer,Up,0
563,base,poisson,5,16,NaN,51,26,-78,0,3,Middle,Down,0
563,base,poisson,5,16,NaN,56,31,52,0,1,Inner,Up,0
563,base,poisson,5,16,NaN,63,35,-104,-33,3,Outer,Up,0
563,base,poisson,5,16,NaN,76,45,-78,-66,3,Middle,Down,0
563,base,poisson,5,16,NaN,81,50,52,-66,4,Middle,Up,0
563,base,poisson,5,16,NaN,83,52,104,-66,4,Outer,Up,0
563,base,poisson,5,16,NaN,89,54,-26,-99,3,Middle,Down,0
563,base,poisson,5,16,NaN,91,56,26,-99,4,Middle,Down,0
564,base,human,5,16,NaN,16,1,-52,99,2,Outer,Up,0
564,base,human,5,16,NaN,19,4,26,99,1,Middle,Down,0
564,base,human,5,16,NaN,25,6,-104,66,2,Outer,Up,0
564,base,human,5,16,NaN,29,10,0,66,2,Inner,Up,0
564,base,human,5,16,NaN,32,13,78,66,1,Middle,Down,0
564,base,human,5,16,NaN,39,17,-52,33,2,Inner,Up,0
564,base,human,5,16,NaN,45,23,104,33,1,Outer,Up,0
564,base,human,5,16,NaN,54,29,0,0,1,Inner,Up,0
564,base,human,5,16,NaN,57,32,78,0,1,Middle,Down,0
564,base,human,5,16,NaN,63,35,-104,-33,3,Outer,Up,0
564,base,human,5,16,NaN,65,37,-52,-33,3,Inner,Up,0
564,base,human,5,16,NaN,76,45,-78,-66,3,Middle,Down,0
564,base,human,5,16,NaN,80,49,26,-66,4,Inner,Down,0
564,base,human,5,16,NaN,83,52,104,-66,4,Outer,Up,0
564,base,human,5,16,NaN,89,54,-26,-99,3,Middle,Down,0
564,base,human,5,16,NaN,92,57,52,-99,4,Outer,Up,0
565,base,dopt,5,16,NaN,16,1,-52,99,2,Outer,Up,0
565,base,dopt,5,16,NaN,18,3,0,99,2,Middle,Up,0
565,base,dopt,5,16,NaN,20,5,52,99,1,Outer,Up,0
565,base,dopt,5,16,NaN,25,6,-104,66,2,Outer,Up,0
565,base,dopt,5,16,NaN,33,14,104,66,1,Outer,Up,0
565,base,dopt,5,16,NaN,42,20,26,33,1,Inner,Down,0
565,base,dopt,5,16,NaN,49,24,-130,0,3,Outer,Down,0
565,base,dopt,5,16,NaN,52,27,-52,0,3,Inner,Up,0
565,base,dopt,5,16,NaN,58,33,104,0,1,Middle,Up,0
565,base,dopt,5,16,NaN,59,34,130,0,1,Outer,Down,0
565,base,dopt,5,16,NaN,68,40,26,-33,4,Inner,Down,0
565,base,dopt,5,16,NaN,75,44,-104,-66,3,Outer,Up,0
565,base,dopt,5,16,NaN,83,52,104,-66,4,Outer,Up,0
565,base,dopt,5,16,NaN,88,53,-52,-99,3,Outer,Up,0
565,base,dopt,5,16,NaN,90,55,0,-99,4,Middle,Up,0
565,base,dopt,5,16,NaN,92,57,52,-99,4,Outer,Up,0
566,base,iopt,5,16,NaN,16,1,-52,99,2,Outer,Up,0
566,base,iopt,5,16,NaN,18,3,0,99,2,Middle,Up,0
566,base,iopt,5,16,NaN,20,5,52,99,1,Outer,Up,0
566,base,iopt,5,16,NaN,25,6,-104,66,2,Outer,Up,0
566,base,iopt,5,16,NaN,33,14,104,66,1,Outer,Up,0
566,base,iopt,5,16,NaN,41,19,0,33,2,Inner,Up,0
566,base,iopt,5,16,NaN,49,24,-130,0,3,Outer,Down,0
566,base,iopt,5,16,NaN,52,27,-52,0,3,Inner,Up,0
566,base,iopt,5,16,NaN,56,31,52,0,1,Inner,Up,0
566,base,iopt,5,16,NaN,59,34,130,0,1,Outer,Down,0
566,base,iopt,5,16,NaN,67,39,0,-33,4,Inner,Up,0
566,base,iopt,5,16,NaN,75,44,-104,-66,3,Outer,Up,0
566,base,iopt,5,16,NaN,83,52,104,-66,4,Outer,Up,0
566,base,iopt,5,16,NaN,88,53,-52,-99,3,Outer,Up,0
566,base,iopt,5,16,NaN,90,55,0,-99,4,Middle,Up,0
566,base,iopt,5,16,NaN,92,57,52,-99,4,Outer,Up,0
567,base,cdopt,5,16,NaN,17,2,-26,99,2,Middle,Down,0
567,base,cdopt,5,16,NaN,19,4,26,99,1,Middle,Down,0
567,base,cdopt,5,16,NaN,25,6,-104,66,2,Outer,Up,0
567,base,cdopt,5,16,NaN,26,7,-78,66,2,Middle,Down,0
567,base,cdopt,5,16,NaN,33,14,104,66,1,Outer,Up,0
567,base,cdopt,5,16,NaN,40,18,-26,33,2,Inner,Down,0
567,base,cdopt,5,16,NaN,43,21,52,33,1,Inner,Up,0
567,base,cdopt,5,16,NaN,49,24,-130,0,3,Outer,Down,0
567,base,cdopt,5,16,NaN,59,34,130,0,1,Outer,Down,0
567,base,cdopt,5,16,NaN,65,37,-52,-33,3,Inner,Up,0
567,base,cdopt,5,16,NaN,68,40,26,-33,4,Inner,Down,0
567,base,cdopt,5,16,NaN,75,44,-104,-66,3,Outer,Up,0
567,base,cdopt,5,16,NaN,83,52,104,-66,4,Outer,Up,0
567,base,cdopt,5,16,NaN,89,54,-26,-99,3,Middle,Down,0
567,base,cdopt,5,16,NaN,90,55,0,-99,4,Middle,Up,0
567,base,cdopt,5,16,NaN,92,57,52,-99,4,Outer,Up,0
568,base,ciopt,5,16,NaN,16,1,-52,99,2,Outer,Up,0
568,base,ciopt,5,16,NaN,18,3,0,99,2,Middle,Up,0
568,base,ciopt,5,16,NaN,20,5,52,99,1,Outer,Up,0
568,base,ciopt,5,16,NaN,26,7,-78,66,2,Middle,Down,0
568,base,ciopt,5,16,NaN,33,14,104,66,1,Outer,Up,0
568,base,ciopt,5,16,NaN,40,18,-26,33,2,Inner,Down,0
568,base,ciopt,5,16,NaN,49,24,-130,0,3,Outer,Down,0
568,base,ciopt,5,16,NaN,56,31,52,0,1,Inner,Up,0
568,base,ciopt,5,16,NaN,59,34,130,0,1,Outer,Down,0
568,base,ciopt,5,16,NaN,66,38,-26,-33,3,Inner,Down,0
568,base,ciopt,5,16,NaN,76,45,-78,-66,3,Middle,Down,0
568,base,ciopt,5,16,NaN,80,49,26,-66,4,Inner,Down,0
568,base,ciopt,5,16,NaN,83,52,104,-66,4,Outer,Up,0
568,base,ciopt,5,16,NaN,88,53,-52,-99,3,Outer,Up,0
568,base,ciopt,5,16,NaN,90,55,0,-99,4,Middle,Up,0
568,base,ciopt,5,16,NaN,91,56,26,-99,4,Middle,Down,0
569,mandatory,poisson_f,5,16,NaN,16,1,-52,99,2,Outer,Up,0
569,mandatory,poisson_f,5,16,NaN,18,3,0,99,2,Middle,Up,1
569,mandatory,poisson_f,5,16,NaN,20,5,52,99,1,Outer,Up,0
569,mandatory,poisson_f,5,16,NaN,26,7,-78,66,2,Middle,Down,0
569,mandatory,poisson_f,5,16,NaN,32,13,78,66,1,Middle,Down,0
569,mandatory,poisson_f,5,16,NaN,37,15,-104,33,2,Outer,Up,0
569,mandatory,poisson_f,5,16,NaN,39,17,-52,33,2,Inner,Up,0
569,mandatory,poisson_f,5,16,NaN,49,24,-130,0,3,Outer,Down,0
569,mandatory,poisson_f,5,16,NaN,51,26,-78,0,3,Middle,Down,1
569,mandatory,poisson_f,5,16,NaN,54,29,0,0,1,Inner,Up,1
569,mandatory,poisson_f,5,16,NaN,57,32,78,0,1,Middle,Down,1
569,mandatory,poisson_f,5,16,NaN,59,34,130,0,1,Outer,Down,0
569,mandatory,poisson_f,5,16,NaN,63,35,-104,-33,3,Outer,Up,0
569,mandatory,poisson_f,5,16,NaN,66,38,-26,-33,3,Inner,Down,0
569,mandatory,poisson_f,5,16,NaN,68,40,26,-33,4,Inner,Down,0
569,mandatory,poisson_f,5,16,NaN,90,55,0,-99,4,Middle,Up,1
570,mandatory,human_f,5,16,NaN,17,2,-26,99,2,Middle,Down,0
570,mandatory,human_f,5,16,NaN,18,3,0,99,2,Middle,Up,1
570,mandatory,human_f,5,16,NaN,25,6,-104,66,2,Outer,Up,0
570,mandatory,human_f,5,16,NaN,29,10,0,66,2,Inner,Up,0
570,mandatory,human_f,5,16,NaN,32,13,78,66,1,Middle,Down,0
570,mandatory,human_f,5,16,NaN,51,26,-78,0,3,Middle,Down,1
570,mandatory,human_f,5,16,NaN,52,27,-52,0,3,Inner,Up,0
570,mandatory,human_f,5,16,NaN,54,29,0,0,1,Inner,Up,1
570,mandatory,human_f,5,16,NaN,56,31,52,0,1,Inner,Up,0
570,mandatory,human_f,5,16,NaN,57,32,78,0,1,Middle,Down,1
570,mandatory,human_f,5,16,NaN,58,33,104,0,1,Middle,Up,0
570,mandatory,human_f,5,16,NaN,63,35,-104,-33,3,Outer,Up,0
570,mandatory,human_f,5,16,NaN,79,48,0,-66,4,Inner,Up,0
570,mandatory,human_f,5,16,NaN,89,54,-26,-99,3,Middle,Down,0
570,mandatory,human_f,5,16,NaN,90,55,0,-99,4,Middle,Up,1
570,mandatory,human_f,5,16,NaN,92,57,52,-99,4,Outer,Up,0
571,mandatory,dopt_aug,5,16,NaN,16,1,-52,99,2,Outer,Up,0
571,mandatory,dopt_aug,5,16,NaN,18,3,0,99,2,Middle,Up,1
571,mandatory,dopt_aug,5,16,NaN,20,5,52,99,1,Outer,Up,0
571,mandatory,dopt_aug,5,16,NaN,25,6,-104,66,2,Outer,Up,0
571,mandatory,dopt_aug,5,16,NaN,33,14,104,66,1,Outer,Up,0
571,mandatory,dopt_aug,5,16,NaN,41,19,0,33,2,Inner,Up,0
571,mandatory,dopt_aug,5,16,NaN,49,24,-130,0,3,Outer,Down,0
571,mandatory,dopt_aug,5,16,NaN,51,26,-78,0,3,Middle,Down,1
571,mandatory,dopt_aug,5,16,NaN,54,29,0,0,1,Inner,Up,1
571,mandatory,dopt_aug,5,16,NaN,57,32,78,0,1,Middle,Down,1
571,mandatory,dopt_aug,5,16,NaN,59,34,130,0,1,Outer,Down,0
571,mandatory,dopt_aug,5,16,NaN,75,44,-104,-66,3,Outer,Up,0
571,mandatory,dopt_aug,5,16,NaN,83,52,104,-66,4,Outer,Up,0
571,mandatory,dopt_aug,5,16,NaN,88,53,-52,-99,3,Outer,Up,0
571,mandatory,dopt_aug,5,16,NaN,90,55,0,-99,4,Middle,Up,1
571,mandatory,dopt_aug,5,16,NaN,92,57,52,-99,4,Outer,Up,0
572,mandatory,iopt_aug,5,16,NaN,16,1,-52,99,2,Outer,Up,0
572,mandatory,iopt_aug,5,16,NaN,18,3,0,99,2,Middle,Up,1
572,mandatory,iopt_aug,5,16,NaN,20,5,52,99,1,Outer,Up,0
572,mandatory,iopt_aug,5,16,NaN,25,6,-104,66,2,Outer,Up,0
572,mandatory,iopt_aug,5,16,NaN,33,14,104,66,1,Outer,Up,0
572,mandatory,iopt_aug,5,16,NaN,41,19,0,33,2,Inner,Up,0
572,mandatory,iopt_aug,5,16,NaN,49,24,-130,0,3,Outer,Down,0
572,mandatory,iopt_aug,5,16,NaN,51,26,-78,0,3,Middle,Down,1
572,mandatory,iopt_aug,5,16,NaN,54,29,0,0,1,Inner,Up,1
572,mandatory,iopt_aug,5,16,NaN,57,32,78,0,1,Middle,Down,1
572,mandatory,iopt_aug,5,16,NaN,59,34,130,0,1,Outer,Down,0
572,mandatory,iopt_aug,5,16,NaN,75,44,-104,-66,3,Outer,Up,0
572,mandatory,iopt_aug,5,16,NaN,83,52,104,-66,4,Outer,Up,0
572,mandatory,iopt_aug,5,16,NaN,88,53,-52,-99,3,Outer,Up,0
572,mandatory,iopt_aug,5,16,NaN,90,55,0,-99,4,Middle,Up,1
572,mandatory,iopt_aug,5,16,NaN,92,57,52,-99,4,Outer,Up,0
573,mandatory,cdopt_naive,5,16,NaN,17,2,-26,99,2,Middle,Down,0
573,mandatory,cdopt_naive,5,16,NaN,18,3,0,99,2,Middle,Up,1
573,mandatory,cdopt_naive,5,16,NaN,20,5,52,99,1,Outer,Up,0
573,mandatory,cdopt_naive,5,16,NaN,25,6,-104,66,2,Outer,Up,0
573,mandatory,cdopt_naive,5,16,NaN,49,24,-130,0,3,Outer,Down,0
573,mandatory,cdopt_naive,5,16,NaN,51,26,-78,0,3,Middle,Down,1
573,mandatory,cdopt_naive,5,16,NaN,53,28,-26,0,3,Inner,Down,0
573,mandatory,cdopt_naive,5,16,NaN,54,29,0,0,1,Inner,Up,1
573,mandatory,cdopt_naive,5,16,NaN,55,30,26,0,1,Inner,Down,0
573,mandatory,cdopt_naive,5,16,NaN,57,32,78,0,1,Middle,Down,1
573,mandatory,cdopt_naive,5,16,NaN,59,34,130,0,1,Outer,Down,0
573,mandatory,cdopt_naive,5,16,NaN,75,44,-104,-66,3,Outer,Up,0
573,mandatory,cdopt_naive,5,16,NaN,83,52,104,-66,4,Outer,Up,0
573,mandatory,cdopt_naive,5,16,NaN,89,54,-26,-99,3,Middle,Down,0
573,mandatory,cdopt_naive,5,16,NaN,90,55,0,-99,4,Middle,Up,1
573,mandatory,cdopt_naive,5,16,NaN,92,57,52,-99,4,Outer,Up,0
574,mandatory,ciopt_naive,5,16,NaN,17,2,-26,99,2,Middle,Down,0
574,mandatory,ciopt_naive,5,16,NaN,18,3,0,99,2,Middle,Up,1
574,mandatory,ciopt_naive,5,16,NaN,20,5,52,99,1,Outer,Up,0
574,mandatory,ciopt_naive,5,16,NaN,25,6,-104,66,2,Outer,Up,0
574,mandatory,ciopt_naive,5,16,NaN,49,24,-130,0,3,Outer,Down,0
574,mandatory,ciopt_naive,5,16,NaN,51,26,-78,0,3,Middle,Down,1
574,mandatory,ciopt_naive,5,16,NaN,53,28,-26,0,3,Inner,Down,0
574,mandatory,ciopt_naive,5,16,NaN,54,29,0,0,1,Inner,Up,1
574,mandatory,ciopt_naive,5,16,NaN,55,30,26,0,1,Inner,Down,0
574,mandatory,ciopt_naive,5,16,NaN,57,32,78,0,1,Middle,Down,1
574,mandatory,ciopt_naive,5,16,NaN,59,34,130,0,1,Outer,Down,0
574,mandatory,ciopt_naive,5,16,NaN,75,44,-104,-66,3,Outer,Up,0
574,mandatory,ciopt_naive,5,16,NaN,82,51,78,-66,4,Middle,Down,0
574,mandatory,ciopt_naive,5,16,NaN,88,53,-52,-99,3,Outer,Up,0
574,mandatory,ciopt_naive,5,16,NaN,90,55,0,-99,4,Middle,Up,1
574,mandatory,ciopt_naive,5,16,NaN,92,57,52,-99,4,Outer,Up,0
575,mandatory,cdopt_aug,5,16,NaN,17,2,-26,99,2,Middle,Down,0
575,mandatory,cdopt_aug,5,16,NaN,18,3,0,99,2,Middle,Up,1
575,mandatory,cdopt_aug,5,16,NaN,20,5,52,99,1,Outer,Up,0
575,mandatory,cdopt_aug,5,16,NaN,25,6,-104,66,2,Outer,Up,0
575,mandatory,cdopt_aug,5,16,NaN,33,14,104,66,1,Outer,Up,0
575,mandatory,cdopt_aug,5,16,NaN,40,18,-26,33,2,Inner,Down,0
575,mandatory,cdopt_aug,5,16,NaN,49,24,-130,0,3,Outer,Down,0
575,mandatory,cdopt_aug,5,16,NaN,51,26,-78,0,3,Middle,Down,1
575,mandatory,cdopt_aug,5,16,NaN,54,29,0,0,1,Inner,Up,1
575,mandatory,cdopt_aug,5,16,NaN,57,32,78,0,1,Middle,Down,1
575,mandatory,cdopt_aug,5,16,NaN,59,34,130,0,1,Outer,Down,0
575,mandatory,cdopt_aug,5,16,NaN,75,44,-104,-66,3,Outer,Up,0
575,mandatory,cdopt_aug,5,16,NaN,78,47,-26,-66,3,Inner,Down,0
575,mandatory,cdopt_aug,5,16,NaN,83,52,104,-66,4,Outer,Up,0
575,mandatory,cdopt_aug,5,16,NaN,90,55,0,-99,4,Middle,Up,1
575,mandatory,cdopt_aug,5,16,NaN,91,56,26,-99,4,Middle,Down,0
576,mandatory,ciopt_aug,5,16,NaN,16,1,-52,99,2,Outer,Up,0
576,mandatory,ciopt_aug,5,16,NaN,18,3,0,99,2,Middle,Up,1
576,mandatory,ciopt_aug,5,16,NaN,20,5,52,99,1,Outer,Up,0
576,mandatory,ciopt_aug,5,16,NaN,26,7,-78,66,2,Middle,Down,0
576,mandatory,ciopt_aug,5,16,NaN,33,14,104,66,1,Outer,Up,0
576,mandatory,ciopt_aug,5,16,NaN,40,18,-26,33,2,Inner,Down,0
576,mandatory,ciopt_aug,5,16,NaN,49,24,-130,0,3,Outer,Down,0
576,mandatory,ciopt_aug,5,16,NaN,51,26,-78,0,3,Middle,Down,1
576,mandatory,ciopt_aug,5,16,NaN,54,29,0,0,1,Inner,Up,1
576,mandatory,ciopt_aug,5,16,NaN,57,32,78,0,1,Middle,Down,1
576,mandatory,ciopt_aug,5,16,NaN,59,34,130,0,1,Outer,Down,0
576,mandatory,ciopt_aug,5,16,NaN,66,38,-26,-33,3,Inner,Down,0
576,mandatory,ciopt_aug,5,16,NaN,83,52,104,-66,4,Outer,Up,0
576,mandatory,ciopt_aug,5,16,NaN,88,53,-52,-99,3,Outer,Up,0
576,mandatory,ciopt_aug,5,16,NaN,90,55,0,-99,4,Middle,Up,1
576,mandatory,ciopt_aug,5,16,NaN,91,56,26,-99,4,Middle,Down,0
577,base,poisson,5,17,NaN,16,1,-52,99,2,Outer,Up,0
577,base,poisson,5,17,NaN,20,5,52,99,1,Outer,Up,0
577,base,poisson,5,17,NaN,26,7,-78,66,2,Middle,Down,0
577,base,poisson,5,17,NaN,33,14,104,66,1,Outer,Up,0
577,base,poisson,5,17,NaN,37,15,-104,33,2,Outer,Up,0
577,base,poisson,5,17,NaN,40,18,-26,33,2,Inner,Down,0
577,base,poisson,5,17,NaN,42,20,26,33,1,Inner,Down,0
577,base,poisson,5,17,NaN,49,24,-130,0,3,Outer,Down,0
577,base,poisson,5,17,NaN,52,27,-52,0,3,Inner,Up,0
577,base,poisson,5,17,NaN,64,36,-78,-33,3,Middle,Down,0
577,base,poisson,5,17,NaN,70,42,78,-33,4,Middle,Down,0
577,base,poisson,5,17,NaN,75,44,-104,-66,3,Outer,Up,0
577,base,poisson,5,17,NaN,78,47,-26,-66,3,Inner,Down,0
577,base,poisson,5,17,NaN,80,49,26,-66,4,Inner,Down,0
577,base,poisson,5,17,NaN,83,52,104,-66,4,Outer,Up,0
577,base,poisson,5,17,NaN,88,53,-52,-99,3,Outer,Up,0
577,base,poisson,5,17,NaN,92,57,52,-99,4,Outer,Up,0
578,base,human,5,17,NaN,16,1,-52,99,2,Outer,Up,0
578,base,human,5,17,NaN,19,4,26,99,1,Middle,Down,0
578,base,human,5,17,NaN,25,6,-104,66,2,Outer,Up,0
578,base,human,5,17,NaN,29,10,0,66,2,Inner,Up,0
578,base,human,5,17,NaN,32,13,78,66,1,Middle,Down,0
578,base,human,5,17,NaN,39,17,-52,33,2,Inner,Up,0
578,base,human,5,17,NaN,45,23,104,33,1,Outer,Up,0
578,base,human,5,17,NaN,50,25,-104,0,3,Middle,Up,0
578,base,human,5,17,NaN,54,29,0,0,1,Inner,Up,0
578,base,human,5,17,NaN,57,32,78,0,1,Middle,Down,0
578,base,human,5,17,NaN,65,37,-52,-33,3,Inner,Up,0
578,base,human,5,17,NaN,71,43,104,-33,4,Outer,Up,0
578,base,human,5,17,NaN,75,44,-104,-66,3,Outer,Up,0
578,base,human,5,17,NaN,80,49,26,-66,4,Inner,Down,0
578,base,human,5,17,NaN,88,53,-52,-99,3,Outer,Up,0
578,base,human,5,17,NaN,90,55,0,-99,4,Middle,Up,0
578,base,human,5,17,NaN,92,57,52,-99,4,Outer,Up,0
579,base,dopt,5,17,NaN,16,1,-52,99,2,Outer,Up,0
579,base,dopt,5,17,NaN,18,3,0,99,2,Middle,Up,0
579,base,dopt,5,17,NaN,20,5,52,99,1,Outer,Up,0
579,base,dopt,5,17,NaN,25,6,-104,66,2,Outer,Up,0
579,base,dopt,5,17,NaN,33,14,104,66,1,Outer,Up,0
579,base,dopt,5,17,NaN,40,18,-26,33,2,Inner,Down,0
579,base,dopt,5,17,NaN,43,21,52,33,1,Inner,Up,0
579,base,dopt,5,17,NaN,49,24,-130,0,3,Outer,Down,0
579,base,dopt,5,17,NaN,50,25,-104,0,3,Middle,Up,0
579,base,dopt,5,17,NaN,59,34,130,0,1,Outer,Down,0
579,base,dopt,5,17,NaN,66,38,-26,-33,3,Inner,Down,0
579,base,dopt,5,17,NaN,69,41,52,-33,4,Inner,Up,0
579,base,dopt,5,17,NaN,75,44,-104,-66,3,Outer,Up,0
579,base,dopt,5,17,NaN,83,52,104,-66,4,Outer,Up,0
579,base,dopt,5,17,NaN,88,53,-52,-99,3,Outer,Up,0
579,base,dopt,5,17,NaN,90,55,0,-99,4,Middle,Up,0
579,base,dopt,5,17,NaN,92,57,52,-99,4,Outer,Up,0
580,base,iopt,5,17,NaN,16,1,-52,99,2,Outer,Up,0
580,base,iopt,5,17,NaN,17,2,-26,99,2,Middle,Down,0
580,base,iopt,5,17,NaN,19,4,26,99,1,Middle,Down,0
580,base,iopt,5,17,NaN,20,5,52,99,1,Outer,Up,0
580,base,iopt,5,17,NaN,25,6,-104,66,2,Outer,Up,0
580,base,iopt,5,17,NaN,33,14,104,66,1,Outer,Up,0
580,base,iopt,5,17,NaN,41,19,0,33,2,Inner,Up,0
580,base,iopt,5,17,NaN,49,24,-130,0,3,Outer,Down,0
580,base,iopt,5,17,NaN,52,27,-52,0,3,Inner,Up,0
580,base,iopt,5,17,NaN,56,31,52,0,1,Inner,Up,0
580,base,iopt,5,17,NaN,59,34,130,0,1,Outer,Down,0
580,base,iopt,5,17,NaN,67,39,0,-33,4,Inner,Up,0
580,base,iopt,5,17,NaN,75,44,-104,-66,3,Outer,Up,0
580,base,iopt,5,17,NaN,83,52,104,-66,4,Outer,Up,0
580,base,iopt,5,17,NaN,88,53,-52,-99,3,Outer,Up,0
580,base,iopt,5,17,NaN,90,55,0,-99,4,Middle,Up,0
580,base,iopt,5,17,NaN,92,57,52,-99,4,Outer,Up,0
581,base,cdopt,5,17,NaN,17,2,-26,99,2,Middle,Down,0
581,base,cdopt,5,17,NaN,18,3,0,99,2,Middle,Up,0
581,base,cdopt,5,17,NaN,20,5,52,99,1,Outer,Up,0
581,base,cdopt,5,17,NaN,25,6,-104,66,2,Outer,Up,0
581,base,cdopt,5,17,NaN,26,7,-78,66,2,Middle,Down,0
581,base,cdopt,5,17,NaN,33,14,104,66,1,Outer,Up,0
581,base,cdopt,5,17,NaN,42,20,26,33,1,Inner,Down,0
581,base,cdopt,5,17,NaN,49,24,-130,0,3,Outer,Down,0
581,base,cdopt,5,17,NaN,52,27,-52,0,3,Inner,Up,0
581,base,cdopt,5,17,NaN,59,34,130,0,1,Outer,Down,0
581,base,cdopt,5,17,NaN,68,40,26,-33,4,Inner,Down,0
581,base,cdopt,5,17,NaN,75,44,-104,-66,3,Outer,Up,0
581,base,cdopt,5,17,NaN,76,45,-78,-66,3,Middle,Down,0
581,base,cdopt,5,17,NaN,83,52,104,-66,4,Outer,Up,0
581,base,cdopt,5,17,NaN,89,54,-26,-99,3,Middle,Down,0
581,base,cdopt,5,17,NaN,90,55,0,-99,4,Middle,Up,0
581,base,cdopt,5,17,NaN,92,57,52,-99,4,Outer,Up,0
582,base,ciopt,5,17,NaN,16,1,-52,99,2,Outer,Up,0
582,base,ciopt,5,17,NaN,17,2,-26,99,2,Middle,Down,0
582,base,ciopt,5,17,NaN,19,4,26,99,1,Middle,Down,0
582,base,ciopt,5,17,NaN,20,5,52,99,1,Outer,Up,0
582,base,ciopt,5,17,NaN,26,7,-78,66,2,Middle,Down,0
582,base,ciopt,5,17,NaN,33,14,104,66,1,Outer,Up,0
582,base,ciopt,5,17,NaN,40,18,-26,33,2,Inner,Down,0
582,base,ciopt,5,17,NaN,43,21,52,33,1,Inner,Up,0
582,base,ciopt,5,17,NaN,49,24,-130,0,3,Outer,Down,0
582,base,ciopt,5,17,NaN,59,34,130,0,1,Outer,Down,0
582,base,ciopt,5,17,NaN,65,37,-52,-33,3,Inner,Up,0
582,base,ciopt,5,17,NaN,68,40,26,-33,4,Inner,Down,0
582,base,ciopt,5,17,NaN,76,45,-78,-66,3,Middle,Down,0
582,base,ciopt,5,17,NaN,83,52,104,-66,4,Outer,Up,0
582,base,ciopt,5,17,NaN,88,53,-52,-99,3,Outer,Up,0
582,base,ciopt,5,17,NaN,90,55,0,-99,4,Middle,Up,0
582,base,ciopt,5,17,NaN,92,57,52,-99,4,Outer,Up,0
583,mandatory,poisson_f,5,17,NaN,16,1,-52,99,2,Outer,Up,0
583,mandatory,poisson_f,5,17,NaN,18,3,0,99,2,Middle,Up,1
583,mandatory,poisson_f,5,17,NaN,26,7,-78,66,2,Middle,Down,0
583,mandatory,poisson_f,5,17,NaN,32,13,78,66,1,Middle,Down,0
583,mandatory,poisson_f,5,17,NaN,39,17,-52,33,2,Inner,Up,0
583,mandatory,poisson_f,5,17,NaN,42,20,26,33,1,Inner,Down,0
583,mandatory,poisson_f,5,17,NaN,49,24,-130,0,3,Outer,Down,0
583,mandatory,poisson_f,5,17,NaN,51,26,-78,0,3,Middle,Down,1
583,mandatory,poisson_f,5,17,NaN,54,29,0,0,1,Inner,Up,1
583,mandatory,poisson_f,5,17,NaN,57,32,78,0,1,Middle,Down,1
583,mandatory,poisson_f,5,17,NaN,65,37,-52,-33,3,Inner,Up,0
583,mandatory,poisson_f,5,17,NaN,75,44,-104,-66,3,Outer,Up,0
583,mandatory,poisson_f,5,17,NaN,80,49,26,-66,4,Inner,Down,0
583,mandatory,poisson_f,5,17,NaN,82,51,78,-66,4,Middle,Down,0
583,mandatory,poisson_f,5,17,NaN,88,53,-52,-99,3,Outer,Up,0
583,mandatory,poisson_f,5,17,NaN,90,55,0,-99,4,Middle,Up,1
583,mandatory,poisson_f,5,17,NaN,92,57,52,-99,4,Outer,Up,0
584,mandatory,human_f,5,17,NaN,18,3,0,99,2,Middle,Up,1
584,mandatory,human_f,5,17,NaN,19,4,26,99,1,Middle,Down,0
584,mandatory,human_f,5,17,NaN,26,7,-78,66,2,Middle,Down,0
584,mandatory,human_f,5,17,NaN,29,10,0,66,2,Inner,Up,0
584,mandatory,human_f,5,17,NaN,32,13,78,66,1,Middle,Down,0
584,mandatory,human_f,5,17,NaN,49,24,-130,0,3,Outer,Down,0
584,mandatory,human_f,5,17,NaN,51,26,-78,0,3,Middle,Down,1
584,mandatory,human_f,5,17,NaN,52,27,-52,0,3,Inner,Up,0
584,mandatory,human_f,5,17,NaN,54,29,0,0,1,Inner,Up,1
584,mandatory,human_f,5,17,NaN,56,31,52,0,1,Inner,Up,0
584,mandatory,human_f,5,17,NaN,57,32,78,0,1,Middle,Down,1
584,mandatory,human_f,5,17,NaN,58,33,104,0,1,Middle,Up,0
584,mandatory,human_f,5,17,NaN,76,45,-78,-66,3,Middle,Down,0
584,mandatory,human_f,5,17,NaN,79,48,0,-66,4,Inner,Up,0
584,mandatory,human_f,5,17,NaN,82,51,78,-66,4,Middle,Down,0
584,mandatory,human_f,5,17,NaN,89,54,-26,-99,3,Middle,Down,0
584,mandatory,human_f,5,17,NaN,90,55,0,-99,4,Middle,Up,1
585,mandatory,dopt_aug,5,17,NaN,16,1,-52,99,2,Outer,Up,0
585,mandatory,dopt_aug,5,17,NaN,18,3,0,99,2,Middle,Up,1
585,mandatory,dopt_aug,5,17,NaN,20,5,52,99,1,Outer,Up,0
585,mandatory,dopt_aug,5,17,NaN,25,6,-104,66,2,Outer,Up,0
585,mandatory,dopt_aug,5,17,NaN,33,14,104,66,1,Outer,Up,0
585,mandatory,dopt_aug,5,17,NaN,41,19,0,33,2,Inner,Up,0
585,mandatory,dopt_aug,5,17,NaN,49,24,-130,0,3,Outer,Down,0
585,mandatory,dopt_aug,5,17,NaN,51,26,-78,0,3,Middle,Down,1
585,mandatory,dopt_aug,5,17,NaN,54,29,0,0,1,Inner,Up,1
585,mandatory,dopt_aug,5,17,NaN,57,32,78,0,1,Middle,Down,1
585,mandatory,dopt_aug,5,17,NaN,59,34,130,0,1,Outer,Down,0
585,mandatory,dopt_aug,5,17,NaN,67,39,0,-33,4,Inner,Up,0
585,mandatory,dopt_aug,5,17,NaN,75,44,-104,-66,3,Outer,Up,0
585,mandatory,dopt_aug,5,17,NaN,83,52,104,-66,4,Outer,Up,0
585,mandatory,dopt_aug,5,17,NaN,88,53,-52,-99,3,Outer,Up,0
585,mandatory,dopt_aug,5,17,NaN,90,55,0,-99,4,Middle,Up,1
585,mandatory,dopt_aug,5,17,NaN,92,57,52,-99,4,Outer,Up,0
586,mandatory,iopt_aug,5,17,NaN,16,1,-52,99,2,Outer,Up,0
586,mandatory,iopt_aug,5,17,NaN,18,3,0,99,2,Middle,Up,1
586,mandatory,iopt_aug,5,17,NaN,20,5,52,99,1,Outer,Up,0
586,mandatory,iopt_aug,5,17,NaN,25,6,-104,66,2,Outer,Up,0
586,mandatory,iopt_aug,5,17,NaN,33,14,104,66,1,Outer,Up,0
586,mandatory,iopt_aug,5,17,NaN,41,19,0,33,2,Inner,Up,0
586,mandatory,iopt_aug,5,17,NaN,49,24,-130,0,3,Outer,Down,0
586,mandatory,iopt_aug,5,17,NaN,51,26,-78,0,3,Middle,Down,1
586,mandatory,iopt_aug,5,17,NaN,54,29,0,0,1,Inner,Up,1
586,mandatory,iopt_aug,5,17,NaN,57,32,78,0,1,Middle,Down,1
586,mandatory,iopt_aug,5,17,NaN,59,34,130,0,1,Outer,Down,0
586,mandatory,iopt_aug,5,17,NaN,67,39,0,-33,4,Inner,Up,0
586,mandatory,iopt_aug,5,17,NaN,75,44,-104,-66,3,Outer,Up,0
586,mandatory,iopt_aug,5,17,NaN,83,52,104,-66,4,Outer,Up,0
586,mandatory,iopt_aug,5,17,NaN,88,53,-52,-99,3,Outer,Up,0
586,mandatory,iopt_aug,5,17,NaN,90,55,0,-99,4,Middle,Up,1
586,mandatory,iopt_aug,5,17,NaN,92,57,52,-99,4,Outer,Up,0
587,mandatory,cdopt_naive,5,17,NaN,16,1,-52,99,2,Outer,Up,0
587,mandatory,cdopt_naive,5,17,NaN,18,3,0,99,2,Middle,Up,1
587,mandatory,cdopt_naive,5,17,NaN,19,4,26,99,1,Middle,Down,0
587,mandatory,cdopt_naive,5,17,NaN,25,6,-104,66,2,Outer,Up,0
587,mandatory,cdopt_naive,5,17,NaN,33,14,104,66,1,Outer,Up,0
587,mandatory,cdopt_naive,5,17,NaN,49,24,-130,0,3,Outer,Down,0
587,mandatory,cdopt_naive,5,17,NaN,51,26,-78,0,3,Middle,Down,1
587,mandatory,cdopt_naive,5,17,NaN,53,28,-26,0,3,Inner,Down,0
587,mandatory,cdopt_naive,5,17,NaN,54,29,0,0,1,Inner,Up,1
587,mandatory,cdopt_naive,5,17,NaN,55,30,26,0,1,Inner,Down,0
587,mandatory,cdopt_naive,5,17,NaN,57,32,78,0,1,Middle,Down,1
587,mandatory,cdopt_naive,5,17,NaN,59,34,130,0,1,Outer,Down,0
587,mandatory,cdopt_naive,5,17,NaN,75,44,-104,-66,3,Outer,Up,0
587,mandatory,cdopt_naive,5,17,NaN,83,52,104,-66,4,Outer,Up,0
587,mandatory,cdopt_naive,5,17,NaN,88,53,-52,-99,3,Outer,Up,0
587,mandatory,cdopt_naive,5,17,NaN,90,55,0,-99,4,Middle,Up,1
587,mandatory,cdopt_naive,5,17,NaN,91,56,26,-99,4,Middle,Down,0
588,mandatory,ciopt_naive,5,17,NaN,16,1,-52,99,2,Outer,Up,0
588,mandatory,ciopt_naive,5,17,NaN,18,3,0,99,2,Middle,Up,1
588,mandatory,ciopt_naive,5,17,NaN,20,5,52,99,1,Outer,Up,0
588,mandatory,ciopt_naive,5,17,NaN,26,7,-78,66,2,Middle,Down,0
588,mandatory,ciopt_naive,5,17,NaN,33,14,104,66,1,Outer,Up,0
588,mandatory,ciopt_naive,5,17,NaN,49,24,-130,0,3,Outer,Down,0
588,mandatory,ciopt_naive,5,17,NaN,51,26,-78,0,3,Middle,Down,1
588,mandatory,ciopt_naive,5,17,NaN,53,28,-26,0,3,Inner,Down,0
588,mandatory,ciopt_naive,5,17,NaN,54,29,0,0,1,Inner,Up,1
588,mandatory,ciopt_naive,5,17,NaN,55,30,26,0,1,Inner,Down,0
588,mandatory,ciopt_naive,5,17,NaN,57,32,78,0,1,Middle,Down,1
588,mandatory,ciopt_naive,5,17,NaN,59,34,130,0,1,Outer,Down,0
588,mandatory,ciopt_naive,5,17,NaN,76,45,-78,-66,3,Middle,Down,0
588,mandatory,ciopt_naive,5,17,NaN,83,52,104,-66,4,Outer,Up,0
588,mandatory,ciopt_naive,5,17,NaN,88,53,-52,-99,3,Outer,Up,0
588,mandatory,ciopt_naive,5,17,NaN,90,55,0,-99,4,Middle,Up,1
588,mandatory,ciopt_naive,5,17,NaN,92,57,52,-99,4,Outer,Up,0
589,mandatory,cdopt_aug,5,17,NaN,17,2,-26,99,2,Middle,Down,0
589,mandatory,cdopt_aug,5,17,NaN,18,3,0,99,2,Middle,Up,1
589,mandatory,cdopt_aug,5,17,NaN,20,5,52,99,1,Outer,Up,0
589,mandatory,cdopt_aug,5,17,NaN,25,6,-104,66,2,Outer,Up,0
589,mandatory,cdopt_aug,5,17,NaN,33,14,104,66,1,Outer,Up,0
589,mandatory,cdopt_aug,5,17,NaN,42,20,26,33,1,Inner,Down,0
589,mandatory,cdopt_aug,5,17,NaN,49,24,-130,0,3,Outer,Down,0
589,mandatory,cdopt_aug,5,17,NaN,51,26,-78,0,3,Middle,Down,1
589,mandatory,cdopt_aug,5,17,NaN,54,29,0,0,1,Inner,Up,1
589,mandatory,cdopt_aug,5,17,NaN,57,32,78,0,1,Middle,Down,1
589,mandatory,cdopt_aug,5,17,NaN,59,34,130,0,1,Outer,Down,0
589,mandatory,cdopt_aug,5,17,NaN,68,40,26,-33,4,Inner,Down,0
589,mandatory,cdopt_aug,5,17,NaN,75,44,-104,-66,3,Outer,Up,0
589,mandatory,cdopt_aug,5,17,NaN,83,52,104,-66,4,Outer,Up,0
589,mandatory,cdopt_aug,5,17,NaN,89,54,-26,-99,3,Middle,Down,0
589,mandatory,cdopt_aug,5,17,NaN,90,55,0,-99,4,Middle,Up,1
589,mandatory,cdopt_aug,5,17,NaN,92,57,52,-99,4,Outer,Up,0
590,mandatory,ciopt_aug,5,17,NaN,16,1,-52,99,2,Outer,Up,0
590,mandatory,ciopt_aug,5,17,NaN,18,3,0,99,2,Middle,Up,1
590,mandatory,ciopt_aug,5,17,NaN,20,5,52,99,1,Outer,Up,0
590,mandatory,ciopt_aug,5,17,NaN,26,7,-78,66,2,Middle,Down,0
590,mandatory,ciopt_aug,5,17,NaN,30,11,26,66,1,Inner,Down,0
590,mandatory,ciopt_aug,5,17,NaN,33,14,104,66,1,Outer,Up,0
590,mandatory,ciopt_aug,5,17,NaN,49,24,-130,0,3,Outer,Down,0
590,mandatory,ciopt_aug,5,17,NaN,51,26,-78,0,3,Middle,Down,1
590,mandatory,ciopt_aug,5,17,NaN,54,29,0,0,1,Inner,Up,1
590,mandatory,ciopt_aug,5,17,NaN,57,32,78,0,1,Middle,Down,1
590,mandatory,ciopt_aug,5,17,NaN,59,34,130,0,1,Outer,Down,0
590,mandatory,ciopt_aug,5,17,NaN,76,45,-78,-66,3,Middle,Down,0
590,mandatory,ciopt_aug,5,17,NaN,80,49,26,-66,4,Inner,Down,0
590,mandatory,ciopt_aug,5,17,NaN,83,52,104,-66,4,Outer,Up,0
590,mandatory,ciopt_aug,5,17,NaN,88,53,-52,-99,3,Outer,Up,0
590,mandatory,ciopt_aug,5,17,NaN,90,55,0,-99,4,Middle,Up,1
590,mandatory,ciopt_aug,5,17,NaN,92,57,52,-99,4,Outer,Up,0
591,base,poisson,5,18,NaN,18,3,0,99,2,Middle,Up,0
591,base,poisson,5,18,NaN,25,6,-104,66,2,Outer,Up,0
591,base,poisson,5,18,NaN,32,13,78,66,1,Middle,Down,0
591,base,poisson,5,18,NaN,38,16,-78,33,2,Middle,Down,0
591,base,poisson,5,18,NaN,42,20,26,33,1,Inner,Down,0
591,base,poisson,5,18,NaN,50,25,-104,0,3,Middle,Up,0
591,base,poisson,5,18,NaN,53,28,-26,0,3,Inner,Down,0
591,base,poisson,5,18,NaN,58,33,104,0,1,Middle,Up,0
591,base,poisson,5,18,NaN,65,37,-52,-33,3,Inner,Up,0
591,base,poisson,5,18,NaN,67,39,0,-33,4,Inner,Up,0
591,base,poisson,5,18,NaN,69,41,52,-33,4,Inner,Up,0
591,base,poisson,5,18,NaN,76,45,-78,-66,3,Middle,Down,0
591,base,poisson,5,18,NaN,78,47,-26,-66,3,Inner,Down,0
591,base,poisson,5,18,NaN,80,49,26,-66,4,Inner,Down,0
591,base,poisson,5,18,NaN,83,52,104,-66,4,Outer,Up,0
591,base,poisson,5,18,NaN,88,53,-52,-99,3,Outer,Up,0
591,base,poisson,5,18,NaN,90,55,0,-99,4,Middle,Up,0
591,base,poisson,5,18,NaN,92,57,52,-99,4,Outer,Up,0
592,base,human,5,18,NaN,16,1,-52,99,2,Outer,Up,0
592,base,human,5,18,NaN,19,4,26,99,1,Middle,Down,0
592,base,human,5,18,NaN,25,6,-104,66,2,Outer,Up,0
592,base,human,5,18,NaN,30,11,26,66,1,Inner,Down,0
592,base,human,5,18,NaN,32,13,78,66,1,Middle,Down,0
592,base,human,5,18,NaN,39,17,-52,33,2,Inner,Up,0
592,base,human,5,18,NaN,44,22,78,33,1,Middle,Down,0
592,base,human,5,18,NaN,45,23,104,33,1,Outer,Up,0
592,base,human,5,18,NaN,50,25,-104,0,3,Middle,Up,0
592,base,human,5,18,NaN,54,29,0,0,1,Inner,Up,0
592,base,human,5,18,NaN,64,36,-78,-33,3,Middle,Down,0
592,base,human,5,18,NaN,69,41,52,-33,4,Inner,Up,0
592,base,human,5,18,NaN,71,43,104,-33,4,Outer,Up,0
592,base,human,5,18,NaN,75,44,-104,-66,3,Outer,Up,0
592,base,human,5,18,NaN,78,47,-26,-66,3,Inner,Down,0
592,base,human,5,18,NaN,88,53,-52,-99,3,Outer,Up,0
592,base,human,5,18,NaN,90,55,0,-99,4,Middle,Up,0
592,base,human,5,18,NaN,92,57,52,-99,4,Outer,Up,0
593,base,dopt,5,18,NaN,16,1,-52,99,2,Outer,Up,0
593,base,dopt,5,18,NaN,17,2,-26,99,2,Middle,Down,0
593,base,dopt,5,18,NaN,19,4,26,99,1,Middle,Down,0
593,base,dopt,5,18,NaN,20,5,52,99,1,Outer,Up,0
593,base,dopt,5,18,NaN,25,6,-104,66,2,Outer,Up,0
593,base,dopt,5,18,NaN,33,14,104,66,1,Outer,Up,0
593,base,dopt,5,18,NaN,40,18,-26,33,2,Inner,Down,0
593,base,dopt,5,18,NaN,49,24,-130,0,3,Outer,Down,0
593,base,dopt,5,18,NaN,51,26,-78,0,3,Middle,Down,0
593,base,dopt,5,18,NaN,56,31,52,0,1,Inner,Up,0
593,base,dopt,5,18,NaN,59,34,130,0,1,Outer,Down,0
593,base,dopt,5,18,NaN,67,39,0,-33,4,Inner,Up,0
593,base,dopt,5,18,NaN,75,44,-104,-66,3,Outer,Up,0
593,base,dopt,5,18,NaN,83,52,104,-66,4,Outer,Up,0
593,base,dopt,5,18,NaN,88,53,-52,-99,3,Outer,Up,0
593,base,dopt,5,18,NaN,89,54,-26,-99,3,Middle,Down,0
593,base,dopt,5,18,NaN,91,56,26,-99,4,Middle,Down,0
593,base,dopt,5,18,NaN,92,57,52,-99,4,Outer,Up,0
594,base,iopt,5,18,NaN,16,1,-52,99,2,Outer,Up,0
594,base,iopt,5,18,NaN,17,2,-26,99,2,Middle,Down,0
594,base,iopt,5,18,NaN,19,4,26,99,1,Middle,Down,0
594,base,iopt,5,18,NaN,20,5,52,99,1,Outer,Up,0
594,base,iopt,5,18,NaN,25,6,-104,66,2,Outer,Up,0
594,base,iopt,5,18,NaN,33,14,104,66,1,Outer,Up,0
594,base,iopt,5,18,NaN,41,19,0,33,2,Inner,Up,0
594,base,iopt,5,18,NaN,49,24,-130,0,3,Outer,Down,0
594,base,iopt,5,18,NaN,52,27,-52,0,3,Inner,Up,0
594,base,iopt,5,18,NaN,56,31,52,0,1,Inner,Up,0
594,base,iopt,5,18,NaN,59,34,130,0,1,Outer,Down,0
594,base,iopt,5,18,NaN,67,39,0,-33,4,Inner,Up,0
594,base,iopt,5,18,NaN,75,44,-104,-66,3,Outer,Up,0
594,base,iopt,5,18,NaN,83,52,104,-66,4,Outer,Up,0
594,base,iopt,5,18,NaN,88,53,-52,-99,3,Outer,Up,0
594,base,iopt,5,18,NaN,89,54,-26,-99,3,Middle,Down,0
594,base,iopt,5,18,NaN,91,56,26,-99,4,Middle,Down,0
594,base,iopt,5,18,NaN,92,57,52,-99,4,Outer,Up,0
595,base,cdopt,5,18,NaN,17,2,-26,99,2,Middle,Down,0
595,base,cdopt,5,18,NaN,18,3,0,99,2,Middle,Up,0
595,base,cdopt,5,18,NaN,20,5,52,99,1,Outer,Up,0
595,base,cdopt,5,18,NaN,25,6,-104,66,2,Outer,Up,0
595,base,cdopt,5,18,NaN,26,7,-78,66,2,Middle,Down,0
595,base,cdopt,5,18,NaN,33,14,104,66,1,Outer,Up,0
595,base,cdopt,5,18,NaN,40,18,-26,33,2,Inner,Down,0
595,base,cdopt,5,18,NaN,43,21,52,33,1,Inner,Up,0
595,base,cdopt,5,18,NaN,49,24,-130,0,3,Outer,Down,0
595,base,cdopt,5,18,NaN,59,34,130,0,1,Outer,Down,0
595,base,cdopt,5,18,NaN,66,38,-26,-33,3,Inner,Down,0
595,base,cdopt,5,18,NaN,69,41,52,-33,4,Inner,Up,0
595,base,cdopt,5,18,NaN,75,44,-104,-66,3,Outer,Up,0
595,base,cdopt,5,18,NaN,76,45,-78,-66,3,Middle,Down,0
595,base,cdopt,5,18,NaN,83,52,104,-66,4,Outer,Up,0
595,base,cdopt,5,18,NaN,89,54,-26,-99,3,Middle,Down,0
595,base,cdopt,5,18,NaN,91,56,26,-99,4,Middle,Down,0
595,base,cdopt,5,18,NaN,92,57,52,-99,4,Outer,Up,0
596,base,ciopt,5,18,NaN,16,1,-52,99,2,Outer,Up,0
596,base,ciopt,5,18,NaN,17,2,-26,99,2,Middle,Down,0
596,base,ciopt,5,18,NaN,19,4,26,99,1,Middle,Down,0
596,base,ciopt,5,18,NaN,20,5,52,99,1,Outer,Up,0
596,base,ciopt,5,18,NaN,25,6,-104,66,2,Outer,Up,0
596,base,ciopt,5,18,NaN,32,13,78,66,1,Middle,Down,0
596,base,ciopt,5,18,NaN,42,20,26,33,1,Inner,Down,0
596,base,ciopt,5,18,NaN,49,24,-130,0,3,Outer,Down,0
596,base,ciopt,5,18,NaN,52,27,-52,0,3,Inner,Up,0
596,base,ciopt,5,18,NaN,59,34,130,0,1,Outer,Down,0
596,base,ciopt,5,18,NaN,67,39,0,-33,4,Inner,Up,0
596,base,ciopt,5,18,NaN,69,41,52,-33,4,Inner,Up,0
596,base,ciopt,5,18,NaN,75,44,-104,-66,3,Outer,Up,0
596,base,ciopt,5,18,NaN,82,51,78,-66,4,Middle,Down,0
596,base,ciopt,5,18,NaN,88,53,-52,-99,3,Outer,Up,0
596,base,ciopt,5,18,NaN,89,54,-26,-99,3,Middle,Down,0
596,base,ciopt,5,18,NaN,91,56,26,-99,4,Middle,Down,0
596,base,ciopt,5,18,NaN,92,57,52,-99,4,Outer,Up,0
597,mandatory,poisson_f,5,18,NaN,16,1,-52,99,2,Outer,Up,0
597,mandatory,poisson_f,5,18,NaN,18,3,0,99,2,Middle,Up,1
597,mandatory,poisson_f,5,18,NaN,20,5,52,99,1,Outer,Up,0
597,mandatory,poisson_f,5,18,NaN,26,7,-78,66,2,Middle,Down,0
597,mandatory,poisson_f,5,18,NaN,33,14,104,66,1,Outer,Up,0
597,mandatory,poisson_f,5,18,NaN,37,15,-104,33,2,Outer,Up,0
597,mandatory,poisson_f,5,18,NaN,40,18,-26,33,2,Inner,Down,0
597,mandatory,poisson_f,5,18,NaN,49,24,-130,0,3,Outer,Down,0
597,mandatory,poisson_f,5,18,NaN,51,26,-78,0,3,Middle,Down,1
597,mandatory,poisson_f,5,18,NaN,54,29,0,0,1,Inner,Up,1
597,mandatory,poisson_f,5,18,NaN,57,32,78,0,1,Middle,Down,1
597,mandatory,poisson_f,5,18,NaN,59,34,130,0,1,Outer,Down,0
597,mandatory,poisson_f,5,18,NaN,66,38,-26,-33,3,Inner,Down,0
597,mandatory,poisson_f,5,18,NaN,68,40,26,-33,4,Inner,Down,0
597,mandatory,poisson_f,5,18,NaN,71,43,104,-33,4,Outer,Up,0
597,mandatory,poisson_f,5,18,NaN,75,44,-104,-66,3,Outer,Up,0
597,mandatory,poisson_f,5,18,NaN,81,50,52,-66,4,Middle,Up,0
597,mandatory,poisson_f,5,18,NaN,90,55,0,-99,4,Middle,Up,1
598,mandatory,human_f,5,18,NaN,16,1,-52,99,2,Outer,Up,0
598,mandatory,human_f,5,18,NaN,18,3,0,99,2,Middle,Up,1
598,mandatory,human_f,5,18,NaN,19,4,26,99,1,Middle,Down,0
598,mandatory,human_f,5,18,NaN,29,10,0,66,2,Inner,Up,0
598,mandatory,human_f,5,18,NaN,32,13,78,66,1,Middle,Down,0
598,mandatory,human_f,5,18,NaN,37,15,-104,33,2,Outer,Up,0
598,mandatory,human_f,5,18,NaN,51,26,-78,0,3,Middle,Down,1
598,mandatory,human_f,5,18,NaN,52,27,-52,0,3,Inner,Up,0
598,mandatory,human_f,5,18,NaN,54,29,0,0,1,Inner,Up,1
598,mandatory,human_f,5,18,NaN,56,31,52,0,1,Inner,Up,0
598,mandatory,human_f,5,18,NaN,57,32,78,0,1,Middle,Down,1
598,mandatory,human_f,5,18,NaN,58,33,104,0,1,Middle,Up,0
598,mandatory,human_f,5,18,NaN,63,35,-104,-33,3,Outer,Up,0
598,mandatory,human_f,5,18,NaN,79,48,0,-66,4,Inner,Up,0
598,mandatory,human_f,5,18,NaN,83,52,104,-66,4,Outer,Up,0
598,mandatory,human_f,5,18,NaN,88,53,-52,-99,3,Outer,Up,0
598,mandatory,human_f,5,18,NaN,90,55,0,-99,4,Middle,Up,1
598,mandatory,human_f,5,18,NaN,91,56,26,-99,4,Middle,Down,0
599,mandatory,dopt_aug,5,18,NaN,16,1,-52,99,2,Outer,Up,0
599,mandatory,dopt_aug,5,18,NaN,18,3,0,99,2,Middle,Up,1
599,mandatory,dopt_aug,5,18,NaN,20,5,52,99,1,Outer,Up,0
599,mandatory,dopt_aug,5,18,NaN,25,6,-104,66,2,Outer,Up,0
599,mandatory,dopt_aug,5,18,NaN,27,8,-52,66,2,Middle,Up,0
599,mandatory,dopt_aug,5,18,NaN,33,14,104,66,1,Outer,Up,0
599,mandatory,dopt_aug,5,18,NaN,42,20,26,33,1,Inner,Down,0
599,mandatory,dopt_aug,5,18,NaN,49,24,-130,0,3,Outer,Down,0
599,mandatory,dopt_aug,5,18,NaN,51,26,-78,0,3,Middle,Down,1
599,mandatory,dopt_aug,5,18,NaN,54,29,0,0,1,Inner,Up,1
599,mandatory,dopt_aug,5,18,NaN,57,32,78,0,1,Middle,Down,1
599,mandatory,dopt_aug,5,18,NaN,59,34,130,0,1,Outer,Down,0
599,mandatory,dopt_aug,5,18,NaN,75,44,-104,-66,3,Outer,Up,0
599,mandatory,dopt_aug,5,18,NaN,79,48,0,-66,4,Inner,Up,0
599,mandatory,dopt_aug,5,18,NaN,83,52,104,-66,4,Outer,Up,0
599,mandatory,dopt_aug,5,18,NaN,88,53,-52,-99,3,Outer,Up,0
599,mandatory,dopt_aug,5,18,NaN,90,55,0,-99,4,Middle,Up,1
599,mandatory,dopt_aug,5,18,NaN,92,57,52,-99,4,Outer,Up,0
600,mandatory,iopt_aug,5,18,NaN,16,1,-52,99,2,Outer,Up,0
600,mandatory,iopt_aug,5,18,NaN,17,2,-26,99,2,Middle,Down,0
600,mandatory,iopt_aug,5,18,NaN,18,3,0,99,2,Middle,Up,1
600,mandatory,iopt_aug,5,18,NaN,20,5,52,99,1,Outer,Up,0
600,mandatory,iopt_aug,5,18,NaN,25,6,-104,66,2,Outer,Up,0
600,mandatory,iopt_aug,5,18,NaN,33,14,104,66,1,Outer,Up,0
600,mandatory,iopt_aug,5,18,NaN,41,19,0,33,2,Inner,Up,0
600,mandatory,iopt_aug,5,18,NaN,49,24,-130,0,3,Outer,Down,0
600,mandatory,iopt_aug,5,18,NaN,51,26,-78,0,3,Middle,Down,1
600,mandatory,iopt_aug,5,18,NaN,54,29,0,0,1,Inner,Up,1
600,mandatory,iopt_aug,5,18,NaN,57,32,78,0,1,Middle,Down,1
600,mandatory,iopt_aug,5,18,NaN,59,34,130,0,1,Outer,Down,0
600,mandatory,iopt_aug,5,18,NaN,67,39,0,-33,4,Inner,Up,0
600,mandatory,iopt_aug,5,18,NaN,75,44,-104,-66,3,Outer,Up,0
600,mandatory,iopt_aug,5,18,NaN,83,52,104,-66,4,Outer,Up,0
600,mandatory,iopt_aug,5,18,NaN,88,53,-52,-99,3,Outer,Up,0
600,mandatory,iopt_aug,5,18,NaN,90,55,0,-99,4,Middle,Up,1
600,mandatory,iopt_aug,5,18,NaN,92,57,52,-99,4,Outer,Up,0
601,mandatory,cdopt_naive,5,18,NaN,17,2,-26,99,2,Middle,Down,0
601,mandatory,cdopt_naive,5,18,NaN,18,3,0,99,2,Middle,Up,1
601,mandatory,cdopt_naive,5,18,NaN,20,5,52,99,1,Outer,Up,0
601,mandatory,cdopt_naive,5,18,NaN,25,6,-104,66,2,Outer,Up,0
601,mandatory,cdopt_naive,5,18,NaN,33,14,104,66,1,Outer,Up,0
601,mandatory,cdopt_naive,5,18,NaN,42,20,26,33,1,Inner,Down,0
601,mandatory,cdopt_naive,5,18,NaN,49,24,-130,0,3,Outer,Down,0
601,mandatory,cdopt_naive,5,18,NaN,51,26,-78,0,3,Middle,Down,1
601,mandatory,cdopt_naive,5,18,NaN,53,28,-26,0,3,Inner,Down,0
601,mandatory,cdopt_naive,5,18,NaN,54,29,0,0,1,Inner,Up,1
601,mandatory,cdopt_naive,5,18,NaN,57,32,78,0,1,Middle,Down,1
601,mandatory,cdopt_naive,5,18,NaN,59,34,130,0,1,Outer,Down,0
601,mandatory,cdopt_naive,5,18,NaN,68,40,26,-33,4,Inner,Down,0
601,mandatory,cdopt_naive,5,18,NaN,75,44,-104,-66,3,Outer,Up,0
601,mandatory,cdopt_naive,5,18,NaN,83,52,104,-66,4,Outer,Up,0
601,mandatory,cdopt_naive,5,18,NaN,89,54,-26,-99,3,Middle,Down,0
601,mandatory,cdopt_naive,5,18,NaN,90,55,0,-99,4,Middle,Up,1
601,mandatory,cdopt_naive,5,18,NaN,92,57,52,-99,4,Outer,Up,0
602,mandatory,ciopt_naive,5,18,NaN,17,2,-26,99,2,Middle,Down,0
602,mandatory,ciopt_naive,5,18,NaN,18,3,0,99,2,Middle,Up,1
602,mandatory,ciopt_naive,5,18,NaN,20,5,52,99,1,Outer,Up,0
602,mandatory,ciopt_naive,5,18,NaN,25,6,-104,66,2,Outer,Up,0
602,mandatory,ciopt_naive,5,18,NaN,33,14,104,66,1,Outer,Up,0
602,mandatory,ciopt_naive,5,18,NaN,42,20,26,33,1,Inner,Down,0
602,mandatory,ciopt_naive,5,18,NaN,49,24,-130,0,3,Outer,Down,0
602,mandatory,ciopt_naive,5,18,NaN,51,26,-78,0,3,Middle,Down,1
602,mandatory,ciopt_naive,5,18,NaN,53,28,-26,0,3,Inner,Down,0
602,mandatory,ciopt_naive,5,18,NaN,54,29,0,0,1,Inner,Up,1
602,mandatory,ciopt_naive,5,18,NaN,57,32,78,0,1,Middle,Down,1
602,mandatory,ciopt_naive,5,18,NaN,59,34,130,0,1,Outer,Down,0
602,mandatory,ciopt_naive,5,18,NaN,68,40,26,-33,4,Inner,Down,0
602,mandatory,ciopt_naive,5,18,NaN,75,44,-104,-66,3,Outer,Up,0
602,mandatory,ciopt_naive,5,18,NaN,83,52,104,-66,4,Outer,Up,0
602,mandatory,ciopt_naive,5,18,NaN,89,54,-26,-99,3,Middle,Down,0
602,mandatory,ciopt_naive,5,18,NaN,90,55,0,-99,4,Middle,Up,1
602,mandatory,ciopt_naive,5,18,NaN,92,57,52,-99,4,Outer,Up,0
603,mandatory,cdopt_aug,5,18,NaN,16,1,-52,99,2,Outer,Up,0
603,mandatory,cdopt_aug,5,18,NaN,18,3,0,99,2,Middle,Up,1
603,mandatory,cdopt_aug,5,18,NaN,19,4,26,99,1,Middle,Down,0
603,mandatory,cdopt_aug,5,18,NaN,25,6,-104,66,2,Outer,Up,0
603,mandatory,cdopt_aug,5,18,NaN,30,11,26,66,1,Inner,Down,0
603,mandatory,cdopt_aug,5,18,NaN,33,14,104,66,1,Outer,Up,0
603,mandatory,cdopt_aug,5,18,NaN,40,18,-26,33,2,Inner,Down,0
603,mandatory,cdopt_aug,5,18,NaN,49,24,-130,0,3,Outer,Down,0
603,mandatory,cdopt_aug,5,18,NaN,51,26,-78,0,3,Middle,Down,1
603,mandatory,cdopt_aug,5,18,NaN,54,29,0,0,1,Inner,Up,1
603,mandatory,cdopt_aug,5,18,NaN,57,32,78,0,1,Middle,Down,1
603,mandatory,cdopt_aug,5,18,NaN,59,34,130,0,1,Outer,Down,0
603,mandatory,cdopt_aug,5,18,NaN,68,40,26,-33,4,Inner,Down,0
603,mandatory,cdopt_aug,5,18,NaN,75,44,-104,-66,3,Outer,Up,0
603,mandatory,cdopt_aug,5,18,NaN,83,52,104,-66,4,Outer,Up,0
603,mandatory,cdopt_aug,5,18,NaN,88,53,-52,-99,3,Outer,Up,0
603,mandatory,cdopt_aug,5,18,NaN,90,55,0,-99,4,Middle,Up,1
603,mandatory,cdopt_aug,5,18,NaN,91,56,26,-99,4,Middle,Down,0
604,mandatory,ciopt_aug,5,18,NaN,16,1,-52,99,2,Outer,Up,0
604,mandatory,ciopt_aug,5,18,NaN,18,3,0,99,2,Middle,Up,1
604,mandatory,ciopt_aug,5,18,NaN,20,5,52,99,1,Outer,Up,0
604,mandatory,ciopt_aug,5,18,NaN,26,7,-78,66,2,Middle,Down,0
604,mandatory,ciopt_aug,5,18,NaN,30,11,26,66,1,Inner,Down,0
604,mandatory,ciopt_aug,5,18,NaN,33,14,104,66,1,Outer,Up,0
604,mandatory,ciopt_aug,5,18,NaN,49,24,-130,0,3,Outer,Down,0
604,mandatory,ciopt_aug,5,18,NaN,51,26,-78,0,3,Middle,Down,1
604,mandatory,ciopt_aug,5,18,NaN,53,28,-26,0,3,Inner,Down,0
604,mandatory,ciopt_aug,5,18,NaN,54,29,0,0,1,Inner,Up,1
604,mandatory,ciopt_aug,5,18,NaN,57,32,78,0,1,Middle,Down,1
604,mandatory,ciopt_aug,5,18,NaN,59,34,130,0,1,Outer,Down,0
604,mandatory,ciopt_aug,5,18,NaN,76,45,-78,-66,3,Middle,Down,0
604,mandatory,ciopt_aug,5,18,NaN,80,49,26,-66,4,Inner,Down,0
604,mandatory,ciopt_aug,5,18,NaN,83,52,104,-66,4,Outer,Up,0
604,mandatory,ciopt_aug,5,18,NaN,88,53,-52,-99,3,Outer,Up,0
604,mandatory,ciopt_aug,5,18,NaN,90,55,0,-99,4,Middle,Up,1
604,mandatory,ciopt_aug,5,18,NaN,92,57,52,-99,4,Outer,Up,0
605,base,poisson,5,19,NaN,18,3,0,99,2,Middle,Up,0
605,base,poisson,5,19,NaN,25,6,-104,66,2,Outer,Up,0
605,base,poisson,5,19,NaN,27,8,-52,66,2,Middle,Up,0
605,base,poisson,5,19,NaN,31,12,52,66,1,Middle,Up,0
605,base,poisson,5,19,NaN,33,14,104,66,1,Outer,Up,0
605,base,poisson,5,19,NaN,38,16,-78,33,2,Middle,Down,0
605,base,poisson,5,19,NaN,41,19,0,33,2,Inner,Up,0
605,base,poisson,5,19,NaN,44,22,78,33,1,Middle,Down,0
605,base,poisson,5,19,NaN,50,25,-104,0,3,Middle,Up,0
605,base,poisson,5,19,NaN,52,27,-52,0,3,Inner,Up,0
605,base,poisson,5,19,NaN,59,34,130,0,1,Outer,Down,0
605,base,poisson,5,19,NaN,64,36,-78,-33,3,Middle,Down,0
605,base,poisson,5,19,NaN,66,38,-26,-33,3,Inner,Down,0
605,base,poisson,5,19,NaN,68,40,26,-33,4,Inner,Down,0
605,base,poisson,5,19,NaN,70,42,78,-33,4,Middle,Down,0
605,base,poisson,5,19,NaN,81,50,52,-66,4,Middle,Up,0
605,base,poisson,5,19,NaN,83,52,104,-66,4,Outer,Up,0
605,base,poisson,5,19,NaN,88,53,-52,-99,3,Outer,Up,0
605,base,poisson,5,19,NaN,90,55,0,-99,4,Middle,Up,0
606,base,human,5,19,NaN,17,2,-26,99,2,Middle,Down,0
606,base,human,5,19,NaN,19,4,26,99,1,Middle,Down,0
606,base,human,5,19,NaN,26,7,-78,66,2,Middle,Down,0
606,base,human,5,19,NaN,30,11,26,66,1,Inner,Down,0
606,base,human,5,19,NaN,32,13,78,66,1,Middle,Down,0
606,base,human,5,19,NaN,37,15,-104,33,2,Outer,Up,0
606,base,human,5,19,NaN,39,17,-52,33,2,Inner,Up,0
606,base,human,5,19,NaN,44,22,78,33,1,Middle,Down,0
606,base,human,5,19,NaN,45,23,104,33,1,Outer,Up,0
606,base,human,5,19,NaN,54,29,0,0,1,Inner,Up,0
606,base,human,5,19,NaN,63,35,-104,-33,3,Outer,Up,0
606,base,human,5,19,NaN,64,36,-78,-33,3,Middle,Down,0
606,base,human,5,19,NaN,69,41,52,-33,4,Inner,Up,0
606,base,human,5,19,NaN,71,43,104,-33,4,Outer,Up,0
606,base,human,5,19,NaN,76,45,-78,-66,3,Middle,Down,0
606,base,human,5,19,NaN,78,47,-26,-66,3,Inner,Down,0
606,base,human,5,19,NaN,82,51,78,-66,4,Middle,Down,0
606,base,human,5,19,NaN,89,54,-26,-99,3,Middle,Down,0
606,base,human,5,19,NaN,91,56,26,-99,4,Middle,Down,0
607,base,dopt,5,19,NaN,16,1,-52,99,2,Outer,Up,0
607,base,dopt,5,19,NaN,17,2,-26,99,2,Middle,Down,0
607,base,dopt,5,19,NaN,19,4,26,99,1,Middle,Down,0
607,base,dopt,5,19,NaN,20,5,52,99,1,Outer,Up,0
607,base,dopt,5,19,NaN,25,6,-104,66,2,Outer,Up,0
607,base,dopt,5,19,NaN,33,14,104,66,1,Outer,Up,0
607,base,dopt,5,19,NaN,39,17,-52,33,2,Inner,Up,0
607,base,dopt,5,19,NaN,42,20,26,33,1,Inner,Down,0
607,base,dopt,5,19,NaN,49,24,-130,0,3,Outer,Down,0
607,base,dopt,5,19,NaN,58,33,104,0,1,Middle,Up,0
607,base,dopt,5,19,NaN,59,34,130,0,1,Outer,Down,0
607,base,dopt,5,19,NaN,65,37,-52,-33,3,Inner,Up,0
607,base,dopt,5,19,NaN,68,40,26,-33,4,Inner,Down,0
607,base,dopt,5,19,NaN,75,44,-104,-66,3,Outer,Up,0
607,base,dopt,5,19,NaN,83,52,104,-66,4,Outer,Up,0
607,base,dopt,5,19,NaN,88,53,-52,-99,3,Outer,Up,0
607,base,dopt,5,19,NaN,89,54,-26,-99,3,Middle,Down,0
607,base,dopt,5,19,NaN,91,56,26,-99,4,Middle,Down,0
607,base,dopt,5,19,NaN,92,57,52,-99,4,Outer,Up,0
608,base,iopt,5,19,NaN,16,1,-52,99,2,Outer,Up,0
608,base,iopt,5,19,NaN,17,2,-26,99,2,Middle,Down,0
608,base,iopt,5,19,NaN,19,4,26,99,1,Middle,Down,0
608,base,iopt,5,19,NaN,20,5,52,99,1,Outer,Up,0
608,base,iopt,5,19,NaN,25,6,-104,66,2,Outer,Up,0
608,base,iopt,5,19,NaN,33,14,104,66,1,Outer,Up,0
608,base,iopt,5,19,NaN,39,17,-52,33,2,Inner,Up,0
608,base,iopt,5,19,NaN,42,20,26,33,1,Inner,Down,0
608,base,iopt,5,19,NaN,49,24,-130,0,3,Outer,Down,0
608,base,iopt,5,19,NaN,57,32,78,0,1,Middle,Down,0
608,base,iopt,5,19,NaN,59,34,130,0,1,Outer,Down,0
608,base,iopt,5,19,NaN,65,37,-52,-33,3,Inner,Up,0
608,base,iopt,5,19,NaN,68,40,26,-33,4,Inner,Down,0
608,base,iopt,5,19,NaN,75,44,-104,-66,3,Outer,Up,0
608,base,iopt,5,19,NaN,83,52,104,-66,4,Outer,Up,0
608,base,iopt,5,19,NaN,88,53,-52,-99,3,Outer,Up,0
608,base,iopt,5,19,NaN,89,54,-26,-99,3,Middle,Down,0
608,base,iopt,5,19,NaN,91,56,26,-99,4,Middle,Down,0
608,base,iopt,5,19,NaN,92,57,52,-99,4,Outer,Up,0
609,base,cdopt,5,19,NaN,16,1,-52,99,2,Outer,Up,0
609,base,cdopt,5,19,NaN,17,2,-26,99,2,Middle,Down,0
609,base,cdopt,5,19,NaN,19,4,26,99,1,Middle,Down,0
609,base,cdopt,5,19,NaN,20,5,52,99,1,Outer,Up,0
609,base,cdopt,5,19,NaN,25,6,-104,66,2,Outer,Up,0
609,base,cdopt,5,19,NaN,33,14,104,66,1,Outer,Up,0
609,base,cdopt,5,19,NaN,39,17,-52,33,2,Inner,Up,0
609,base,cdopt,5,19,NaN,42,20,26,33,1,Inner,Down,0
609,base,cdopt,5,19,NaN,49,24,-130,0,3,Outer,Down,0
609,base,cdopt,5,19,NaN,58,33,104,0,1,Middle,Up,0
609,base,cdopt,5,19,NaN,59,34,130,0,1,Outer,Down,0
609,base,cdopt,5,19,NaN,65,37,-52,-33,3,Inner,Up,0
609,base,cdopt,5,19,NaN,68,40,26,-33,4,Inner,Down,0
609,base,cdopt,5,19,NaN,75,44,-104,-66,3,Outer,Up,0
609,base,cdopt,5,19,NaN,82,51,78,-66,4,Middle,Down,0
609,base,cdopt,5,19,NaN,83,52,104,-66,4,Outer,Up,0
609,base,cdopt,5,19,NaN,88,53,-52,-99,3,Outer,Up,0
609,base,cdopt,5,19,NaN,89,54,-26,-99,3,Middle,Down,0
609,base,cdopt,5,19,NaN,91,56,26,-99,4,Middle,Down,0
610,base,ciopt,5,19,NaN,16,1,-52,99,2,Outer,Up,0
610,base,ciopt,5,19,NaN,17,2,-26,99,2,Middle,Down,0
610,base,ciopt,5,19,NaN,19,4,26,99,1,Middle,Down,0
610,base,ciopt,5,19,NaN,20,5,52,99,1,Outer,Up,0
610,base,ciopt,5,19,NaN,25,6,-104,66,2,Outer,Up,0
610,base,ciopt,5,19,NaN,32,13,78,66,1,Middle,Down,0
610,base,ciopt,5,19,NaN,40,18,-26,33,2,Inner,Down,0
610,base,ciopt,5,19,NaN,43,21,52,33,1,Inner,Up,0
610,base,ciopt,5,19,NaN,49,24,-130,0,3,Outer,Down,0
610,base,ciopt,5,19,NaN,51,26,-78,0,3,Middle,Down,0
610,base,ciopt,5,19,NaN,59,34,130,0,1,Outer,Down,0
610,base,ciopt,5,19,NaN,66,38,-26,-33,3,Inner,Down,0
610,base,ciopt,5,19,NaN,69,41,52,-33,4,Inner,Up,0
610,base,ciopt,5,19,NaN,75,44,-104,-66,3,Outer,Up,0
610,base,ciopt,5,19,NaN,83,52,104,-66,4,Outer,Up,0
610,base,ciopt,5,19,NaN,88,53,-52,-99,3,Outer,Up,0
610,base,ciopt,5,19,NaN,89,54,-26,-99,3,Middle,Down,0
610,base,ciopt,5,19,NaN,91,56,26,-99,4,Middle,Down,0
610,base,ciopt,5,19,NaN,92,57,52,-99,4,Outer,Up,0
611,mandatory,poisson_f,5,19,NaN,18,3,0,99,2,Middle,Up,1
611,mandatory,poisson_f,5,19,NaN,20,5,52,99,1,Outer,Up,0
611,mandatory,poisson_f,5,19,NaN,26,7,-78,66,2,Middle,Down,0
611,mandatory,poisson_f,5,19,NaN,30,11,26,66,1,Inner,Down,0
611,mandatory,poisson_f,5,19,NaN,32,13,78,66,1,Middle,Down,0
611,mandatory,poisson_f,5,19,NaN,37,15,-104,33,2,Outer,Up,0
611,mandatory,poisson_f,5,19,NaN,39,17,-52,33,2,Inner,Up,0
611,mandatory,poisson_f,5,19,NaN,45,23,104,33,1,Outer,Up,0
611,mandatory,poisson_f,5,19,NaN,51,26,-78,0,3,Middle,Down,1
611,mandatory,poisson_f,5,19,NaN,54,29,0,0,1,Inner,Up,1
611,mandatory,poisson_f,5,19,NaN,57,32,78,0,1,Middle,Down,1
611,mandatory,poisson_f,5,19,NaN,63,35,-104,-33,3,Outer,Up,0
611,mandatory,poisson_f,5,19,NaN,65,37,-52,-33,3,Inner,Up,0
611,mandatory,poisson_f,5,19,NaN,69,41,52,-33,4,Inner,Up,0
611,mandatory,poisson_f,5,19,NaN,80,49,26,-66,4,Inner,Down,0
611,mandatory,poisson_f,5,19,NaN,83,52,104,-66,4,Outer,Up,0
611,mandatory,poisson_f,5,19,NaN,88,53,-52,-99,3,Outer,Up,0
611,mandatory,poisson_f,5,19,NaN,90,55,0,-99,4,Middle,Up,1
611,mandatory,poisson_f,5,19,NaN,92,57,52,-99,4,Outer,Up,0
612,mandatory,human_f,5,19,NaN,16,1,-52,99,2,Outer,Up,0
612,mandatory,human_f,5,19,NaN,18,3,0,99,2,Middle,Up,1
612,mandatory,human_f,5,19,NaN,19,4,26,99,1,Middle,Down,0
612,mandatory,human_f,5,19,NaN,29,10,0,66,2,Inner,Up,0
612,mandatory,human_f,5,19,NaN,32,13,78,66,1,Middle,Down,0
612,mandatory,human_f,5,19,NaN,37,15,-104,33,2,Outer,Up,0
612,mandatory,human_f,5,19,NaN,39,17,-52,33,2,Inner,Up,0
612,mandatory,human_f,5,19,NaN,51,26,-78,0,3,Middle,Down,1
612,mandatory,human_f,5,19,NaN,54,29,0,0,1,Inner,Up,1
612,mandatory,human_f,5,19,NaN,56,31,52,0,1,Inner,Up,0
612,mandatory,human_f,5,19,NaN,57,32,78,0,1,Middle,Down,1
612,mandatory,human_f,5,19,NaN,58,33,104,0,1,Middle,Up,0
612,mandatory,human_f,5,19,NaN,63,35,-104,-33,3,Outer,Up,0
612,mandatory,human_f,5,19,NaN,65,37,-52,-33,3,Inner,Up,0
612,mandatory,human_f,5,19,NaN,80,49,26,-66,4,Inner,Down,0
612,mandatory,human_f,5,19,NaN,83,52,104,-66,4,Outer,Up,0
612,mandatory,human_f,5,19,NaN,88,53,-52,-99,3,Outer,Up,0
612,mandatory,human_f,5,19,NaN,90,55,0,-99,4,Middle,Up,1
612,mandatory,human_f,5,19,NaN,91,56,26,-99,4,Middle,Down,0
613,mandatory,dopt_aug,5,19,NaN,16,1,-52,99,2,Outer,Up,0
613,mandatory,dopt_aug,5,19,NaN,18,3,0,99,2,Middle,Up,1
613,mandatory,dopt_aug,5,19,NaN,20,5,52,99,1,Outer,Up,0
613,mandatory,dopt_aug,5,19,NaN,25,6,-104,66,2,Outer,Up,0
613,mandatory,dopt_aug,5,19,NaN,31,12,52,66,1,Middle,Up,0
613,mandatory,dopt_aug,5,19,NaN,33,14,104,66,1,Outer,Up,0
613,mandatory,dopt_aug,5,19,NaN,40,18,-26,33,2,Inner,Down,0
613,mandatory,dopt_aug,5,19,NaN,49,24,-130,0,3,Outer,Down,0
613,mandatory,dopt_aug,5,19,NaN,51,26,-78,0,3,Middle,Down,1
613,mandatory,dopt_aug,5,19,NaN,54,29,0,0,1,Inner,Up,1
613,mandatory,dopt_aug,5,19,NaN,57,32,78,0,1,Middle,Down,1
613,mandatory,dopt_aug,5,19,NaN,59,34,130,0,1,Outer,Down,0
613,mandatory,dopt_aug,5,19,NaN,68,40,26,-33,4,Inner,Down,0
613,mandatory,dopt_aug,5,19,NaN,75,44,-104,-66,3,Outer,Up,0
613,mandatory,dopt_aug,5,19,NaN,77,46,-52,-66,3,Middle,Up,0
613,mandatory,dopt_aug,5,19,NaN,83,52,104,-66,4,Outer,Up,0
613,mandatory,dopt_aug,5,19,NaN,88,53,-52,-99,3,Outer,Up,0
613,mandatory,dopt_aug,5,19,NaN,90,55,0,-99,4,Middle,Up,1
613,mandatory,dopt_aug,5,19,NaN,92,57,52,-99,4,Outer,Up,0
614,mandatory,iopt_aug,5,19,NaN,16,1,-52,99,2,Outer,Up,0
614,mandatory,iopt_aug,5,19,NaN,17,2,-26,99,2,Middle,Down,0
614,mandatory,iopt_aug,5,19,NaN,18,3,0,99,2,Middle,Up,1
614,mandatory,iopt_aug,5,19,NaN,20,5,52,99,1,Outer,Up,0
614,mandatory,iopt_aug,5,19,NaN,25,6,-104,66,2,Outer,Up,0
614,mandatory,iopt_aug,5,19,NaN,33,14,104,66,1,Outer,Up,0
614,mandatory,iopt_aug,5,19,NaN,41,19,0,33,2,Inner,Up,0
614,mandatory,iopt_aug,5,19,NaN,49,24,-130,0,3,Outer,Down,0
614,mandatory,iopt_aug,5,19,NaN,51,26,-78,0,3,Middle,Down,1
614,mandatory,iopt_aug,5,19,NaN,54,29,0,0,1,Inner,Up,1
614,mandatory,iopt_aug,5,19,NaN,57,32,78,0,1,Middle,Down,1
614,mandatory,iopt_aug,5,19,NaN,59,34,130,0,1,Outer,Down,0
614,mandatory,iopt_aug,5,19,NaN,67,39,0,-33,4,Inner,Up,0
614,mandatory,iopt_aug,5,19,NaN,75,44,-104,-66,3,Outer,Up,0
614,mandatory,iopt_aug,5,19,NaN,83,52,104,-66,4,Outer,Up,0
614,mandatory,iopt_aug,5,19,NaN,88,53,-52,-99,3,Outer,Up,0
614,mandatory,iopt_aug,5,19,NaN,89,54,-26,-99,3,Middle,Down,0
614,mandatory,iopt_aug,5,19,NaN,90,55,0,-99,4,Middle,Up,1
614,mandatory,iopt_aug,5,19,NaN,92,57,52,-99,4,Outer,Up,0
615,mandatory,cdopt_naive,5,19,NaN,17,2,-26,99,2,Middle,Down,0
615,mandatory,cdopt_naive,5,19,NaN,18,3,0,99,2,Middle,Up,1
615,mandatory,cdopt_naive,5,19,NaN,20,5,52,99,1,Outer,Up,0
615,mandatory,cdopt_naive,5,19,NaN,25,6,-104,66,2,Outer,Up,0
615,mandatory,cdopt_naive,5,19,NaN,33,14,104,66,1,Outer,Up,0
615,mandatory,cdopt_naive,5,19,NaN,42,20,26,33,1,Inner,Down,0
615,mandatory,cdopt_naive,5,19,NaN,49,24,-130,0,3,Outer,Down,0
615,mandatory,cdopt_naive,5,19,NaN,51,26,-78,0,3,Middle,Down,1
615,mandatory,cdopt_naive,5,19,NaN,53,28,-26,0,3,Inner,Down,0
615,mandatory,cdopt_naive,5,19,NaN,54,29,0,0,1,Inner,Up,1
615,mandatory,cdopt_naive,5,19,NaN,57,32,78,0,1,Middle,Down,1
615,mandatory,cdopt_naive,5,19,NaN,59,34,130,0,1,Outer,Down,0
615,mandatory,cdopt_naive,5,19,NaN,68,40,26,-33,4,Inner,Down,0
615,mandatory,cdopt_naive,5,19,NaN,75,44,-104,-66,3,Outer,Up,0
615,mandatory,cdopt_naive,5,19,NaN,83,52,104,-66,4,Outer,Up,0
615,mandatory,cdopt_naive,5,19,NaN,88,53,-52,-99,3,Outer,Up,0
615,mandatory,cdopt_naive,5,19,NaN,89,54,-26,-99,3,Middle,Down,0
615,mandatory,cdopt_naive,5,19,NaN,90,55,0,-99,4,Middle,Up,1
615,mandatory,cdopt_naive,5,19,NaN,92,57,52,-99,4,Outer,Up,0
616,mandatory,ciopt_naive,5,19,NaN,16,1,-52,99,2,Outer,Up,0
616,mandatory,ciopt_naive,5,19,NaN,17,2,-26,99,2,Middle,Down,0
616,mandatory,ciopt_naive,5,19,NaN,18,3,0,99,2,Middle,Up,1
616,mandatory,ciopt_naive,5,19,NaN,20,5,52,99,1,Outer,Up,0
616,mandatory,ciopt_naive,5,19,NaN,26,7,-78,66,2,Middle,Down,0
616,mandatory,ciopt_naive,5,19,NaN,33,14,104,66,1,Outer,Up,0
616,mandatory,ciopt_naive,5,19,NaN,42,20,26,33,1,Inner,Down,0
616,mandatory,ciopt_naive,5,19,NaN,49,24,-130,0,3,Outer,Down,0
616,mandatory,ciopt_naive,5,19,NaN,51,26,-78,0,3,Middle,Down,1
616,mandatory,ciopt_naive,5,19,NaN,53,28,-26,0,3,Inner,Down,0
616,mandatory,ciopt_naive,5,19,NaN,54,29,0,0,1,Inner,Up,1
616,mandatory,ciopt_naive,5,19,NaN,57,32,78,0,1,Middle,Down,1
616,mandatory,ciopt_naive,5,19,NaN,59,34,130,0,1,Outer,Down,0
616,mandatory,ciopt_naive,5,19,NaN,68,40,26,-33,4,Inner,Down,0
616,mandatory,ciopt_naive,5,19,NaN,75,44,-104,-66,3,Outer,Up,0
616,mandatory,ciopt_naive,5,19,NaN,83,52,104,-66,4,Outer,Up,0
616,mandatory,ciopt_naive,5,19,NaN,88,53,-52,-99,3,Outer,Up,0
616,mandatory,ciopt_naive,5,19,NaN,90,55,0,-99,4,Middle,Up,1
616,mandatory,ciopt_naive,5,19,NaN,92,57,52,-99,4,Outer,Up,0
617,mandatory,cdopt_aug,5,19,NaN,16,1,-52,99,2,Outer,Up,0
617,mandatory,cdopt_aug,5,19,NaN,18,3,0,99,2,Middle,Up,1
617,mandatory,cdopt_aug,5,19,NaN,20,5,52,99,1,Outer,Up,0
617,mandatory,cdopt_aug,5,19,NaN,25,6,-104,66,2,Outer,Up,0
617,mandatory,cdopt_aug,5,19,NaN,30,11,26,66,1,Inner,Down,0
617,mandatory,cdopt_aug,5,19,NaN,33,14,104,66,1,Outer,Up,0
617,mandatory,cdopt_aug,5,19,NaN,40,18,-26,33,2,Inner,Down,0
617,mandatory,cdopt_aug,5,19,NaN,49,24,-130,0,3,Outer,Down,0
617,mandatory,cdopt_aug,5,19,NaN,51,26,-78,0,3,Middle,Down,1
617,mandatory,cdopt_aug,5,19,NaN,54,29,0,0,1,Inner,Up,1
617,mandatory,cdopt_aug,5,19,NaN,57,32,78,0,1,Middle,Down,1
617,mandatory,cdopt_aug,5,19,NaN,59,34,130,0,1,Outer,Down,0
617,mandatory,cdopt_aug,5,19,NaN,68,40,26,-33,4,Inner,Down,0
617,mandatory,cdopt_aug,5,19,NaN,75,44,-104,-66,3,Outer,Up,0
617,mandatory,cdopt_aug,5,19,NaN,76,45,-78,-66,3,Middle,Down,0
617,mandatory,cdopt_aug,5,19,NaN,83,52,104,-66,4,Outer,Up,0
617,mandatory,cdopt_aug,5,19,NaN,89,54,-26,-99,3,Middle,Down,0
617,mandatory,cdopt_aug,5,19,NaN,90,55,0,-99,4,Middle,Up,1
617,mandatory,cdopt_aug,5,19,NaN,92,57,52,-99,4,Outer,Up,0
618,mandatory,ciopt_aug,5,19,NaN,16,1,-52,99,2,Outer,Up,0
618,mandatory,ciopt_aug,5,19,NaN,18,3,0,99,2,Middle,Up,1
618,mandatory,ciopt_aug,5,19,NaN,20,5,52,99,1,Outer,Up,0
618,mandatory,ciopt_aug,5,19,NaN,25,6,-104,66,2,Outer,Up,0
618,mandatory,ciopt_aug,5,19,NaN,28,9,-26,66,2,Inner,Down,0
618,mandatory,ciopt_aug,5,19,NaN,33,14,104,66,1,Outer,Up,0
618,mandatory,ciopt_aug,5,19,NaN,42,20,26,33,1,Inner,Down,0
618,mandatory,ciopt_aug,5,19,NaN,49,24,-130,0,3,Outer,Down,0
618,mandatory,ciopt_aug,5,19,NaN,51,26,-78,0,3,Middle,Down,1
618,mandatory,ciopt_aug,5,19,NaN,54,29,0,0,1,Inner,Up,1
618,mandatory,ciopt_aug,5,19,NaN,57,32,78,0,1,Middle,Down,1
618,mandatory,ciopt_aug,5,19,NaN,59,34,130,0,1,Outer,Down,0
618,mandatory,ciopt_aug,5,19,NaN,68,40,26,-33,4,Inner,Down,0
618,mandatory,ciopt_aug,5,19,NaN,76,45,-78,-66,3,Middle,Down,0
618,mandatory,ciopt_aug,5,19,NaN,83,52,104,-66,4,Outer,Up,0
618,mandatory,ciopt_aug,5,19,NaN,88,53,-52,-99,3,Outer,Up,0
618,mandatory,ciopt_aug,5,19,NaN,90,55,0,-99,4,Middle,Up,1
618,mandatory,ciopt_aug,5,19,NaN,91,56,26,-99,4,Middle,Down,0
618,mandatory,ciopt_aug,5,19,NaN,92,57,52,-99,4,Outer,Up,0
619,base,random,3,3,44,19,4,26,99,1,Middle,Down,0
619,base,random,3,3,44,79,48,0,-66,4,Inner,Up,0
619,base,random,3,3,44,81,50,52,-66,4,Middle,Up,0
620,base,random,3,4,84,29,10,0,66,2,Inner,Up,0
620,base,random,3,4,84,37,15,-104,33,2,Outer,Up,0
620,base,random,3,4,84,54,29,0,0,1,Inner,Up,0
620,base,random,3,4,84,67,39,0,-33,4,Inner,Up,0
621,base,random,3,5,190,18,3,0,99,2,Middle,Up,0
621,base,random,3,5,190,42,20,26,33,1,Inner,Down,0
621,base,random,3,5,190,67,39,0,-33,4,Inner,Up,0
621,base,random,3,5,190,76,45,-78,-66,3,Middle,Down,0
621,base,random,3,5,190,80,49,26,-66,4,Inner,Down,0
622,base,random,3,6,93,33,14,104,66,1,Outer,Up,0
622,base,random,3,6,93,49,24,-130,0,3,Outer,Down,0
622,base,random,3,6,93,51,26,-78,0,3,Middle,Down,0
622,base,random,3,6,93,57,32,78,0,1,Middle,Down,0
622,base,random,3,6,93,65,37,-52,-33,3,Inner,Up,0
622,base,random,3,6,93,77,46,-52,-66,3,Middle,Up,0
623,mandatory,random_f,3,6,60,18,3,0,99,2,Middle,Up,1
623,mandatory,random_f,3,6,60,27,8,-52,66,2,Middle,Up,0
623,mandatory,random_f,3,6,60,51,26,-78,0,3,Middle,Down,1
623,mandatory,random_f,3,6,60,54,29,0,0,1,Inner,Up,1
623,mandatory,random_f,3,6,60,57,32,78,0,1,Middle,Down,1
623,mandatory,random_f,3,6,60,90,55,0,-99,4,Middle,Up,1
624,base,random,3,7,152,26,7,-78,66,2,Middle,Down,0
624,base,random,3,7,152,39,17,-52,33,2,Inner,Up,0
624,base,random,3,7,152,51,26,-78,0,3,Middle,Down,0
624,base,random,3,7,152,65,37,-52,-33,3,Inner,Up,0
624,base,random,3,7,152,71,43,104,-33,4,Outer,Up,0
624,base,random,3,7,152,88,53,-52,-99,3,Outer,Up,0
624,base,random,3,7,152,91,56,26,-99,4,Middle,Down,0
625,mandatory,random_f,3,7,15,18,3,0,99,2,Middle,Up,1
625,mandatory,random_f,3,7,15,32,13,78,66,1,Middle,Down,0
625,mandatory,random_f,3,7,15,44,22,78,33,1,Middle,Down,0
625,mandatory,random_f,3,7,15,51,26,-78,0,3,Middle,Down,1
625,mandatory,random_f,3,7,15,54,29,0,0,1,Inner,Up,1
625,mandatory,random_f,3,7,15,57,32,78,0,1,Middle,Down,1
625,mandatory,random_f,3,7,15,90,55,0,-99,4,Middle,Up,1
626,base,random,3,8,172,41,19,0,33,2,Inner,Up,0
626,base,random,3,8,172,43,21,52,33,1,Inner,Up,0
626,base,random,3,8,172,50,25,-104,0,3,Middle,Up,0
626,base,random,3,8,172,77,46,-52,-66,3,Middle,Up,0
626,base,random,3,8,172,80,49,26,-66,4,Inner,Down,0
626,base,random,3,8,172,83,52,104,-66,4,Outer,Up,0
626,base,random,3,8,172,90,55,0,-99,4,Middle,Up,0
626,base,random,3,8,172,92,57,52,-99,4,Outer,Up,0
627,mandatory,random_f,3,8,87,18,3,0,99,2,Middle,Up,1
627,mandatory,random_f,3,8,87,29,10,0,66,2,Inner,Up,0
627,mandatory,random_f,3,8,87,37,15,-104,33,2,Outer,Up,0
627,mandatory,random_f,3,8,87,51,26,-78,0,3,Middle,Down,1
627,mandatory,random_f,3,8,87,52,27,-52,0,3,Inner,Up,0
627,mandatory,random_f,3,8,87,54,29,0,0,1,Inner,Up,1
627,mandatory,random_f,3,8,87,57,32,78,0,1,Middle,Down,1
627,mandatory,random_f,3,8,87,90,55,0,-99,4,Middle,Up,1
628,base,random,3,9,22,16,1,-52,99,2,Outer,Up,0
628,base,random,3,9,22,18,3,0,99,2,Middle,Up,0
628,base,random,3,9,22,63,35,-104,-33,3,Outer,Up,0
628,base,random,3,9,22,64,36,-78,-33,3,Middle,Down,0
628,base,random,3,9,22,65,37,-52,-33,3,Inner,Up,0
628,base,random,3,9,22,75,44,-104,-66,3,Outer,Up,0
628,base,random,3,9,22,82,51,78,-66,4,Middle,Down,0
628,base,random,3,9,22,89,54,-26,-99,3,Middle,Down,0
628,base,random,3,9,22,91,56,26,-99,4,Middle,Down,0
629,mandatory,random_f,3,9,85,18,3,0,99,2,Middle,Up,1
629,mandatory,random_f,3,9,85,45,23,104,33,1,Outer,Up,0
629,mandatory,random_f,3,9,85,51,26,-78,0,3,Middle,Down,1
629,mandatory,random_f,3,9,85,54,29,0,0,1,Inner,Up,1
629,mandatory,random_f,3,9,85,57,32,78,0,1,Middle,Down,1
629,mandatory,random_f,3,9,85,66,38,-26,-33,3,Inner,Down,0
629,mandatory,random_f,3,9,85,89,54,-26,-99,3,Middle,Down,0
629,mandatory,random_f,3,9,85,90,55,0,-99,4,Middle,Up,1
629,mandatory,random_f,3,9,85,91,56,26,-99,4,Middle,Down,0
630,base,random,3,10,97,20,5,52,99,1,Outer,Up,0
630,base,random,3,10,97,26,7,-78,66,2,Middle,Down,0
630,base,random,3,10,97,27,8,-52,66,2,Middle,Up,0
630,base,random,3,10,97,28,9,-26,66,2,Inner,Down,0
630,base,random,3,10,97,33,14,104,66,1,Outer,Up,0
630,base,random,3,10,97,38,16,-78,33,2,Middle,Down,0
630,base,random,3,10,97,55,30,26,0,1,Inner,Down,0
630,base,random,3,10,97,79,48,0,-66,4,Inner,Up,0
630,base,random,3,10,97,80,49,26,-66,4,Inner,Down,0
630,base,random,3,10,97,89,54,-26,-99,3,Middle,Down,0
631,mandatory,random_f,3,10,122,17,2,-26,99,2,Middle,Down,0
631,mandatory,random_f,3,10,122,18,3,0,99,2,Middle,Up,1
631,mandatory,random_f,3,10,122,20,5,52,99,1,Outer,Up,0
631,mandatory,random_f,3,10,122,33,14,104,66,1,Outer,Up,0
631,mandatory,random_f,3,10,122,38,16,-78,33,2,Middle,Down,0
631,mandatory,random_f,3,10,122,51,26,-78,0,3,Middle,Down,1
631,mandatory,random_f,3,10,122,54,29,0,0,1,Inner,Up,1
631,mandatory,random_f,3,10,122,57,32,78,0,1,Middle,Down,1
631,mandatory,random_f,3,10,122,90,55,0,-99,4,Middle,Up,1
631,mandatory,random_f,3,10,122,91,56,26,-99,4,Middle,Down,0
632,base,random,3,11,89,25,6,-104,66,2,Outer,Up,0
632,base,random,3,11,89,45,23,104,33,1,Outer,Up,0
632,base,random,3,11,89,49,24,-130,0,3,Outer,Down,0
632,base,random,3,11,89,55,30,26,0,1,Inner,Down,0
632,base,random,3,11,89,57,32,78,0,1,Middle,Down,0
632,base,random,3,11,89,68,40,26,-33,4,Inner,Down,0
632,base,random,3,11,89,69,41,52,-33,4,Inner,Up,0
632,base,random,3,11,89,75,44,-104,-66,3,Outer,Up,0
632,base,random,3,11,89,79,48,0,-66,4,Inner,Up,0
632,base,random,3,11,89,81,50,52,-66,4,Middle,Up,0
632,base,random,3,11,89,83,52,104,-66,4,Outer,Up,0
633,mandatory,random_f,3,11,172,16,1,-52,99,2,Outer,Up,0
633,mandatory,random_f,3,11,172,18,3,0,99,2,Middle,Up,1
633,mandatory,random_f,3,11,172,19,4,26,99,1,Middle,Down,0
633,mandatory,random_f,3,11,172,51,26,-78,0,3,Middle,Down,1
633,mandatory,random_f,3,11,172,54,29,0,0,1,Inner,Up,1
633,mandatory,random_f,3,11,172,57,32,78,0,1,Middle,Down,1
633,mandatory,random_f,3,11,172,59,34,130,0,1,Outer,Down,0
633,mandatory,random_f,3,11,172,66,38,-26,-33,3,Inner,Down,0
633,mandatory,random_f,3,11,172,67,39,0,-33,4,Inner,Up,0
633,mandatory,random_f,3,11,172,78,47,-26,-66,3,Inner,Down,0
633,mandatory,random_f,3,11,172,90,55,0,-99,4,Middle,Up,1
634,base,random,3,12,68,27,8,-52,66,2,Middle,Up,0
634,base,random,3,12,68,29,10,0,66,2,Inner,Up,0
634,base,random,3,12,68,43,21,52,33,1,Inner,Up,0
634,base,random,3,12,68,51,26,-78,0,3,Middle,Down,0
634,base,random,3,12,68,58,33,104,0,1,Middle,Up,0
634,base,random,3,12,68,63,35,-104,-33,3,Outer,Up,0
634,base,random,3,12,68,65,37,-52,-33,3,Inner,Up,0
634,base,random,3,12,68,70,42,78,-33,4,Middle,Down,0
634,base,random,3,12,68,76,45,-78,-66,3,Middle,Down,0
634,base,random,3,12,68,81,50,52,-66,4,Middle,Up,0
634,base,random,3,12,68,82,51,78,-66,4,Middle,Down,0
634,base,random,3,12,68,92,57,52,-99,4,Outer,Up,0
635,mandatory,random_f,3,12,153,18,3,0,99,2,Middle,Up,1
635,mandatory,random_f,3,12,153,25,6,-104,66,2,Outer,Up,0
635,mandatory,random_f,3,12,153,26,7,-78,66,2,Middle,Down,0
635,mandatory,random_f,3,12,153,32,13,78,66,1,Middle,Down,0
635,mandatory,random_f,3,12,153,39,17,-52,33,2,Inner,Up,0
635,mandatory,random_f,3,12,153,41,19,0,33,2,Inner,Up,0
635,mandatory,random_f,3,12,153,49,24,-130,0,3,Outer,Down,0
635,mandatory,random_f,3,12,153,51,26,-78,0,3,Middle,Down,1
635,mandatory,random_f,3,12,153,54,29,0,0,1,Inner,Up,1
635,mandatory,random_f,3,12,153,57,32,78,0,1,Middle,Down,1
635,mandatory,random_f,3,12,153,68,40,26,-33,4,Inner,Down,0
635,mandatory,random_f,3,12,153,90,55,0,-99,4,Middle,Up,1
636,base,random,3,13,20,16,1,-52,99,2,Outer,Up,0
636,base,random,3,13,20,20,5,52,99,1,Outer,Up,0
636,base,random,3,13,20,25,6,-104,66,2,Outer,Up,0
636,base,random,3,13,20,32,13,78,66,1,Middle,Down,0
636,base,random,3,13,20,38,16,-78,33,2,Middle,Down,0
636,base,random,3,13,20,39,17,-52,33,2,Inner,Up,0
636,base,random,3,13,20,45,23,104,33,1,Outer,Up,0
636,base,random,3,13,20,51,26,-78,0,3,Middle,Down,0
636,base,random,3,13,20,52,27,-52,0,3,Inner,Up,0
636,base,random,3,13,20,53,28,-26,0,3,Inner,Down,0
636,base,random,3,13,20,63,35,-104,-33,3,Outer,Up,0
636,base,random,3,13,20,68,40,26,-33,4,Inner,Down,0
636,base,random,3,13,20,82,51,78,-66,4,Middle,Down,0
637,mandatory,random_f,3,13,93,17,2,-26,99,2,Middle,Down,0
637,mandatory,random_f,3,13,93,18,3,0,99,2,Middle,Up,1
637,mandatory,random_f,3,13,93,20,5,52,99,1,Outer,Up,0
637,mandatory,random_f,3,13,93,41,19,0,33,2,Inner,Up,0
637,mandatory,random_f,3,13,93,51,26,-78,0,3,Middle,Down,1
637,mandatory,random_f,3,13,93,54,29,0,0,1,Inner,Up,1
637,mandatory,random_f,3,13,93,55,30,26,0,1,Inner,Down,0
637,mandatory,random_f,3,13,93,57,32,78,0,1,Middle,Down,1
637,mandatory,random_f,3,13,93,59,34,130,0,1,Outer,Down,0
637,mandatory,random_f,3,13,93,71,43,104,-33,4,Outer,Up,0
637,mandatory,random_f,3,13,93,88,53,-52,-99,3,Outer,Up,0
637,mandatory,random_f,3,13,93,90,55,0,-99,4,Middle,Up,1
637,mandatory,random_f,3,13,93,92,57,52,-99,4,Outer,Up,0
638,base,random,3,14,95,19,4,26,99,1,Middle,Down,0
638,base,random,3,14,95,25,6,-104,66,2,Outer,Up,0
638,base,random,3,14,95,28,9,-26,66,2,Inner,Down,0
638,base,random,3,14,95,30,11,26,66,1,Inner,Down,0
638,base,random,3,14,95,31,12,52,66,1,Middle,Up,0
638,base,random,3,14,95,37,15,-104,33,2,Outer,Up,0
638,base,random,3,14,95,40,18,-26,33,2,Inner,Down,0
638,base,random,3,14,95,43,21,52,33,1,Inner,Up,0
638,base,random,3,14,95,54,29,0,0,1,Inner,Up,0
638,base,random,3,14,95,55,30,26,0,1,Inner,Down,0
638,base,random,3,14,95,71,43,104,-33,4,Outer,Up,0
638,base,random,3,14,95,77,46,-52,-66,3,Middle,Up,0
638,base,random,3,14,95,80,49,26,-66,4,Inner,Down,0
638,base,random,3,14,95,92,57,52,-99,4,Outer,Up,0
639,mandatory,random_f,3,14,152,16,1,-52,99,2,Outer,Up,0
639,mandatory,random_f,3,14,152,18,3,0,99,2,Middle,Up,1
639,mandatory,random_f,3,14,152,39,17,-52,33,2,Inner,Up,0
639,mandatory,random_f,3,14,152,40,18,-26,33,2,Inner,Down,0
639,mandatory,random_f,3,14,152,41,19,0,33,2,Inner,Up,0
639,mandatory,random_f,3,14,152,45,23,104,33,1,Outer,Up,0
639,mandatory,random_f,3,14,152,50,25,-104,0,3,Middle,Up,0
639,mandatory,random_f,3,14,152,51,26,-78,0,3,Middle,Down,1
639,mandatory,random_f,3,14,152,54,29,0,0,1,Inner,Up,1
639,mandatory,random_f,3,14,152,55,30,26,0,1,Inner,Down,0
639,mandatory,random_f,3,14,152,57,32,78,0,1,Middle,Down,1
639,mandatory,random_f,3,14,152,64,36,-78,-33,3,Middle,Down,0
639,mandatory,random_f,3,14,152,77,46,-52,-66,3,Middle,Up,0
639,mandatory,random_f,3,14,152,90,55,0,-99,4,Middle,Up,1
640,base,random,3,15,30,28,9,-26,66,2,Inner,Down,0
640,base,random,3,15,30,29,10,0,66,2,Inner,Up,0
640,base,random,3,15,30,31,12,52,66,1,Middle,Up,0
640,base,random,3,15,30,32,13,78,66,1,Middle,Down,0
640,base,random,3,15,30,33,14,104,66,1,Outer,Up,0
640,base,random,3,15,30,38,16,-78,33,2,Middle,Down,0
640,base,random,3,15,30,41,19,0,33,2,Inner,Up,0
640,base,random,3,15,30,45,23,104,33,1,Outer,Up,0
640,base,random,3,15,30,50,25,-104,0,3,Middle,Up,0
640,base,random,3,15,30,51,26,-78,0,3,Middle,Down,0
640,base,random,3,15,30,56,31,52,0,1,Inner,Up,0
640,base,random,3,15,30,63,35,-104,-33,3,Outer,Up,0
640,base,random,3,15,30,79,48,0,-66,4,Inner,Up,0
640,base,random,3,15,30,90,55,0,-99,4,Middle,Up,0
640,base,random,3,15,30,92,57,52,-99,4,Outer,Up,0
641,mandatory,random_f,3,15,83,16,1,-52,99,2,Outer,Up,0
641,mandatory,random_f,3,15,83,17,2,-26,99,2,Middle,Down,0
641,mandatory,random_f,3,15,83,18,3,0,99,2,Middle,Up,1
641,mandatory,random_f,3,15,83,19,4,26,99,1,Middle,Down,0
641,mandatory,random_f,3,15,83,20,5,52,99,1,Outer,Up,0
641,mandatory,random_f,3,15,83,25,6,-104,66,2,Outer,Up,0
641,mandatory,random_f,3,15,83,40,18,-26,33,2,Inner,Down,0
641,mandatory,random_f,3,15,83,51,26,-78,0,3,Middle,Down,1
641,mandatory,random_f,3,15,83,54,29,0,0,1,Inner,Up,1
641,mandatory,random_f,3,15,83,57,32,78,0,1,Middle,Down,1
641,mandatory,random_f,3,15,83,64,36,-78,-33,3,Middle,Down,0
641,mandatory,random_f,3,15,83,69,41,52,-33,4,Inner,Up,0
641,mandatory,random_f,3,15,83,70,42,78,-33,4,Middle,Down,0
641,mandatory,random_f,3,15,83,90,55,0,-99,4,Middle,Up,1
641,mandatory,random_f,3,15,83,91,56,26,-99,4,Middle,Down,0
642,base,random,3,16,84,18,3,0,99,2,Middle,Up,0
642,base,random,3,16,84,27,8,-52,66,2,Middle,Up,0
642,base,random,3,16,84,30,11,26,66,1,Inner,Down,0
642,base,random,3,16,84,33,14,104,66,1,Outer,Up,0
642,base,random,3,16,84,38,16,-78,33,2,Middle,Down,0
642,base,random,3,16,84,39,17,-52,33,2,Inner,Up,0
642,base,random,3,16,84,40,18,-26,33,2,Inner,Down,0
642,base,random,3,16,84,42,20,26,33,1,Inner,Down,0
642,base,random,3,16,84,50,25,-104,0,3,Middle,Up,0
642,base,random,3,16,84,55,30,26,0,1,Inner,Down,0
642,base,random,3,16,84,69,41,52,-33,4,Inner,Up,0
642,base,random,3,16,84,76,45,-78,-66,3,Middle,Down,0
642,base,random,3,16,84,89,54,-26,-99,3,Middle,Down,0
642,base,random,3,16,84,90,55,0,-99,4,Middle,Up,0
642,base,random,3,16,84,91,56,26,-99,4,Middle,Down,0
642,base,random,3,16,84,92,57,52,-99,4,Outer,Up,0
643,mandatory,random_f,3,16,138,18,3,0,99,2,Middle,Up,1
643,mandatory,random_f,3,16,138,30,11,26,66,1,Inner,Down,0
643,mandatory,random_f,3,16,138,37,15,-104,33,2,Outer,Up,0
643,mandatory,random_f,3,16,138,43,21,52,33,1,Inner,Up,0
643,mandatory,random_f,3,16,138,45,23,104,33,1,Outer,Up,0
643,mandatory,random_f,3,16,138,51,26,-78,0,3,Middle,Down,1
643,mandatory,random_f,3,16,138,54,29,0,0,1,Inner,Up,1
643,mandatory,random_f,3,16,138,55,30,26,0,1,Inner,Down,0
643,mandatory,random_f,3,16,138,57,32,78,0,1,Middle,Down,1
643,mandatory,random_f,3,16,138,59,34,130,0,1,Outer,Down,0
643,mandatory,random_f,3,16,138,65,37,-52,-33,3,Inner,Up,0
643,mandatory,random_f,3,16,138,70,42,78,-33,4,Middle,Down,0
643,mandatory,random_f,3,16,138,78,47,-26,-66,3,Inner,Down,0
643,mandatory,random_f,3,16,138,90,55,0,-99,4,Middle,Up,1
643,mandatory,random_f,3,16,138,91,56,26,-99,4,Middle,Down,0
643,mandatory,random_f,3,16,138,92,57,52,-99,4,Outer,Up,0
644,base,random,3,17,141,16,1,-52,99,2,Outer,Up,0
644,base,random,3,17,141,17,2,-26,99,2,Middle,Down,0
644,base,random,3,17,141,19,4,26,99,1,Middle,Down,0
644,base,random,3,17,141,20,5,52,99,1,Outer,Up,0
644,base,random,3,17,141,31,12,52,66,1,Middle,Up,0
644,base,random,3,17,141,37,15,-104,33,2,Outer,Up,0
644,base,random,3,17,141,40,18,-26,33,2,Inner,Down,0
644,base,random,3,17,141,44,22,78,33,1,Middle,Down,0
644,base,random,3,17,141,49,24,-130,0,3,Outer,Down,0
644,base,random,3,17,141,51,26,-78,0,3,Middle,Down,0
644,base,random,3,17,141,55,30,26,0,1,Inner,Down,0
644,base,random,3,17,141,56,31,52,0,1,Inner,Up,0
644,base,random,3,17,141,66,38,-26,-33,3,Inner,Down,0
644,base,random,3,17,141,67,39,0,-33,4,Inner,Up,0
644,base,random,3,17,141,76,45,-78,-66,3,Middle,Down,0
644,base,random,3,17,141,90,55,0,-99,4,Middle,Up,0
644,base,random,3,17,141,92,57,52,-99,4,Outer,Up,0
645,mandatory,random_f,3,17,172,18,3,0,99,2,Middle,Up,1
645,mandatory,random_f,3,17,172,20,5,52,99,1,Outer,Up,0
645,mandatory,random_f,3,17,172,29,10,0,66,2,Inner,Up,0
645,mandatory,random_f,3,17,172,30,11,26,66,1,Inner,Down,0
645,mandatory,random_f,3,17,172,33,14,104,66,1,Outer,Up,0
645,mandatory,random_f,3,17,172,39,17,-52,33,2,Inner,Up,0
645,mandatory,random_f,3,17,172,51,26,-78,0,3,Middle,Down,1
645,mandatory,random_f,3,17,172,54,29,0,0,1,Inner,Up,1
645,mandatory,random_f,3,17,172,55,30,26,0,1,Inner,Down,0
645,mandatory,random_f,3,17,172,57,32,78,0,1,Middle,Down,1
645,mandatory,random_f,3,17,172,64,36,-78,-33,3,Middle,Down,0
645,mandatory,random_f,3,17,172,75,44,-104,-66,3,Outer,Up,0
645,mandatory,random_f,3,17,172,78,47,-26,-66,3,Inner,Down,0
645,mandatory,random_f,3,17,172,80,49,26,-66,4,Inner,Down,0
645,mandatory,random_f,3,17,172,82,51,78,-66,4,Middle,Down,0
645,mandatory,random_f,3,17,172,83,52,104,-66,4,Outer,Up,0
645,mandatory,random_f,3,17,172,90,55,0,-99,4,Middle,Up,1
646,base,random,3,18,195,25,6,-104,66,2,Outer,Up,0
646,base,random,3,18,195,27,8,-52,66,2,Middle,Up,0
646,base,random,3,18,195,32,13,78,66,1,Middle,Down,0
646,base,random,3,18,195,33,14,104,66,1,Outer,Up,0
646,base,random,3,18,195,40,18,-26,33,2,Inner,Down,0
646,base,random,3,18,195,41,19,0,33,2,Inner,Up,0
646,base,random,3,18,195,42,20,26,33,1,Inner,Down,0
646,base,random,3,18,195,45,23,104,33,1,Outer,Up,0
646,base,random,3,18,195,49,24,-130,0,3,Outer,Down,0
646,base,random,3,18,195,52,27,-52,0,3,Inner,Up,0
646,base,random,3,18,195,53,28,-26,0,3,Inner,Down,0
646,base,random,3,18,195,63,35,-104,-33,3,Outer,Up,0
646,base,random,3,18,195,65,37,-52,-33,3,Inner,Up,0
646,base,random,3,18,195,66,38,-26,-33,3,Inner,Down,0
646,base,random,3,18,195,67,39,0,-33,4,Inner,Up,0
646,base,random,3,18,195,75,44,-104,-66,3,Outer,Up,0
646,base,random,3,18,195,78,47,-26,-66,3,Inner,Down,0
646,base,random,3,18,195,83,52,104,-66,4,Outer,Up,0
647,mandatory,random_f,3,18,28,18,3,0,99,2,Middle,Up,1
647,mandatory,random_f,3,18,28,20,5,52,99,1,Outer,Up,0
647,mandatory,random_f,3,18,28,37,15,-104,33,2,Outer,Up,0
647,mandatory,random_f,3,18,28,42,20,26,33,1,Inner,Down,0
647,mandatory,random_f,3,18,28,44,22,78,33,1,Middle,Down,0
647,mandatory,random_f,3,18,28,51,26,-78,0,3,Middle,Down,1
647,mandatory,random_f,3,18,28,54,29,0,0,1,Inner,Up,1
647,mandatory,random_f,3,18,28,55,30,26,0,1,Inner,Down,0
647,mandatory,random_f,3,18,28,56,31,52,0,1,Inner,Up,0
647,mandatory,random_f,3,18,28,57,32,78,0,1,Middle,Down,1
647,mandatory,random_f,3,18,28,59,34,130,0,1,Outer,Down,0
647,mandatory,random_f,3,18,28,71,43,104,-33,4,Outer,Up,0
647,mandatory,random_f,3,18,28,79,48,0,-66,4,Inner,Up,0
647,mandatory,random_f,3,18,28,82,51,78,-66,4,Middle,Down,0
647,mandatory,random_f,3,18,28,89,54,-26,-99,3,Middle,Down,0
647,mandatory,random_f,3,18,28,90,55,0,-99,4,Middle,Up,1
647,mandatory,random_f,3,18,28,91,56,26,-99,4,Middle,Down,0
647,mandatory,random_f,3,18,28,92,57,52,-99,4,Outer,Up,0
648,base,random,3,19,76,17,2,-26,99,2,Middle,Down,0
648,base,random,3,19,76,19,4,26,99,1,Middle,Down,0
648,base,random,3,19,76,27,8,-52,66,2,Middle,Up,0
648,base,random,3,19,76,29,10,0,66,2,Inner,Up,0
648,base,random,3,19,76,32,13,78,66,1,Middle,Down,0
648,base,random,3,19,76,39,17,-52,33,2,Inner,Up,0
648,base,random,3,19,76,40,18,-26,33,2,Inner,Down,0
648,base,random,3,19,76,45,23,104,33,1,Outer,Up,0
648,base,random,3,19,76,50,25,-104,0,3,Middle,Up,0
648,base,random,3,19,76,57,32,78,0,1,Middle,Down,0
648,base,random,3,19,76,58,33,104,0,1,Middle,Up,0
648,base,random,3,19,76,63,35,-104,-33,3,Outer,Up,0
648,base,random,3,19,76,66,38,-26,-33,3,Inner,Down,0
648,base,random,3,19,76,67,39,0,-33,4,Inner,Up,0
648,base,random,3,19,76,68,40,26,-33,4,Inner,Down,0
648,base,random,3,19,76,70,42,78,-33,4,Middle,Down,0
648,base,random,3,19,76,76,45,-78,-66,3,Middle,Down,0
648,base,random,3,19,76,77,46,-52,-66,3,Middle,Up,0
648,base,random,3,19,76,91,56,26,-99,4,Middle,Down,0
649,mandatory,random_f,3,19,107,17,2,-26,99,2,Middle,Down,0
649,mandatory,random_f,3,19,107,18,3,0,99,2,Middle,Up,1
649,mandatory,random_f,3,19,107,27,8,-52,66,2,Middle,Up,0
649,mandatory,random_f,3,19,107,28,9,-26,66,2,Inner,Down,0
649,mandatory,random_f,3,19,107,31,12,52,66,1,Middle,Up,0
649,mandatory,random_f,3,19,107,37,15,-104,33,2,Outer,Up,0
649,mandatory,random_f,3,19,107,40,18,-26,33,2,Inner,Down,0
649,mandatory,random_f,3,19,107,51,26,-78,0,3,Middle,Down,1
649,mandatory,random_f,3,19,107,53,28,-26,0,3,Inner,Down,0
649,mandatory,random_f,3,19,107,54,29,0,0,1,Inner,Up,1
649,mandatory,random_f,3,19,107,55,30,26,0,1,Inner,Down,0
649,mandatory,random_f,3,19,107,57,32,78,0,1,Middle,Down,1
649,mandatory,random_f,3,19,107,69,41,52,-33,4,Inner,Up,0
649,mandatory,random_f,3,19,107,75,44,-104,-66,3,Outer,Up,0
649,mandatory,random_f,3,19,107,80,49,26,-66,4,Inner,Down,0
649,mandatory,random_f,3,19,107,83,52,104,-66,4,Outer,Up,0
649,mandatory,random_f,3,19,107,88,53,-52,-99,3,Outer,Up,0
649,mandatory,random_f,3,19,107,89,54,-26,-99,3,Middle,Down,0
649,mandatory,random_f,3,19,107,90,55,0,-99,4,Middle,Up,1
650,base,random,4,4,43,18,3,0,99,2,Middle,Up,0
650,base,random,4,4,43,38,16,-78,33,2,Middle,Down,0
650,base,random,4,4,43,42,20,26,33,1,Inner,Down,0
650,base,random,4,4,43,49,24,-130,0,3,Outer,Down,0
651,base,random,4,5,17,25,6,-104,66,2,Outer,Up,0
651,base,random,4,5,17,30,11,26,66,1,Inner,Down,0
651,base,random,4,5,17,52,27,-52,0,3,Inner,Up,0
651,base,random,4,5,17,53,28,-26,0,3,Inner,Down,0
651,base,random,4,5,17,67,39,0,-33,4,Inner,Up,0
652,base,random,4,6,43,27,8,-52,66,2,Middle,Up,0
652,base,random,4,6,43,50,25,-104,0,3,Middle,Up,0
652,base,random,4,6,43,55,30,26,0,1,Inner,Down,0
652,base,random,4,6,43,58,33,104,0,1,Middle,Up,0
652,base,random,4,6,43,76,45,-78,-66,3,Middle,Down,0
652,base,random,4,6,43,77,46,-52,-66,3,Middle,Up,0
653,mandatory,random_f,4,6,156,18,3,0,99,2,Middle,Up,1
653,mandatory,random_f,4,6,156,38,16,-78,33,2,Middle,Down,0
653,mandatory,random_f,4,6,156,51,26,-78,0,3,Middle,Down,1
653,mandatory,random_f,4,6,156,54,29,0,0,1,Inner,Up,1
653,mandatory,random_f,4,6,156,57,32,78,0,1,Middle,Down,1
653,mandatory,random_f,4,6,156,90,55,0,-99,4,Middle,Up,1
654,base,random,4,7,96,30,11,26,66,1,Inner,Down,0
654,base,random,4,7,96,31,12,52,66,1,Middle,Up,0
654,base,random,4,7,96,40,18,-26,33,2,Inner,Down,0
654,base,random,4,7,96,42,20,26,33,1,Inner,Down,0
654,base,random,4,7,96,59,34,130,0,1,Outer,Down,0
654,base,random,4,7,96,70,42,78,-33,4,Middle,Down,0
654,base,random,4,7,96,75,44,-104,-66,3,Outer,Up,0
655,mandatory,random_f,4,7,78,18,3,0,99,2,Middle,Up,1
655,mandatory,random_f,4,7,78,30,11,26,66,1,Inner,Down,0
655,mandatory,random_f,4,7,78,51,26,-78,0,3,Middle,Down,1
655,mandatory,random_f,4,7,78,54,29,0,0,1,Inner,Up,1
655,mandatory,random_f,4,7,78,57,32,78,0,1,Middle,Down,1
655,mandatory,random_f,4,7,78,64,36,-78,-33,3,Middle,Down,0
655,mandatory,random_f,4,7,78,90,55,0,-99,4,Middle,Up,1
656,base,random,4,8,142,17,2,-26,99,2,Middle,Down,0
656,base,random,4,8,142,19,4,26,99,1,Middle,Down,0
656,base,random,4,8,142,28,9,-26,66,2,Inner,Down,0
656,base,random,4,8,142,37,15,-104,33,2,Outer,Up,0
656,base,random,4,8,142,41,19,0,33,2,Inner,Up,0
656,base,random,4,8,142,57,32,78,0,1,Middle,Down,0
656,base,random,4,8,142,66,38,-26,-33,3,Inner,Down,0
656,base,random,4,8,142,76,45,-78,-66,3,Middle,Down,0
657,mandatory,random_f,4,8,107,18,3,0,99,2,Middle,Up,1
657,mandatory,random_f,4,8,107,26,7,-78,66,2,Middle,Down,0
657,mandatory,random_f,4,8,107,29,10,0,66,2,Inner,Up,0
657,mandatory,random_f,4,8,107,51,26,-78,0,3,Middle,Down,1
657,mandatory,random_f,4,8,107,54,29,0,0,1,Inner,Up,1
657,mandatory,random_f,4,8,107,57,32,78,0,1,Middle,Down,1
657,mandatory,random_f,4,8,107,90,55,0,-99,4,Middle,Up,1
657,mandatory,random_f,4,8,107,92,57,52,-99,4,Outer,Up,0
658,base,random,4,9,22,16,1,-52,99,2,Outer,Up,0
658,base,random,4,9,22,18,3,0,99,2,Middle,Up,0
658,base,random,4,9,22,43,21,52,33,1,Inner,Up,0
658,base,random,4,9,22,56,31,52,0,1,Inner,Up,0
658,base,random,4,9,22,57,32,78,0,1,Middle,Down,0
658,base,random,4,9,22,80,49,26,-66,4,Inner,Down,0
658,base,random,4,9,22,82,51,78,-66,4,Middle,Down,0
658,base,random,4,9,22,88,53,-52,-99,3,Outer,Up,0
658,base,random,4,9,22,90,55,0,-99,4,Middle,Up,0
659,mandatory,random_f,4,9,58,18,3,0,99,2,Middle,Up,1
659,mandatory,random_f,4,9,58,19,4,26,99,1,Middle,Down,0
659,mandatory,random_f,4,9,58,33,14,104,66,1,Outer,Up,0
659,mandatory,random_f,4,9,58,51,26,-78,0,3,Middle,Down,1
659,mandatory,random_f,4,9,58,54,29,0,0,1,Inner,Up,1
659,mandatory,random_f,4,9,58,56,31,52,0,1,Inner,Up,0
659,mandatory,random_f,4,9,58,57,32,78,0,1,Middle,Down,1
659,mandatory,random_f,4,9,58,81,50,52,-66,4,Middle,Up,0
659,mandatory,random_f,4,9,58,90,55,0,-99,4,Middle,Up,1
660,base,random,4,10,136,17,2,-26,99,2,Middle,Down,0
660,base,random,4,10,136,26,7,-78,66,2,Middle,Down,0
660,base,random,4,10,136,29,10,0,66,2,Inner,Up,0
660,base,random,4,10,136,30,11,26,66,1,Inner,Down,0
660,base,random,4,10,136,33,14,104,66,1,Outer,Up,0
660,base,random,4,10,136,41,19,0,33,2,Inner,Up,0
660,base,random,4,10,136,63,35,-104,-33,3,Outer,Up,0
660,base,random,4,10,136,65,37,-52,-33,3,Inner,Up,0
660,base,random,4,10,136,66,38,-26,-33,3,Inner,Down,0
660,base,random,4,10,136,90,55,0,-99,4,Middle,Up,0
661,mandatory,random_f,4,10,169,18,3,0,99,2,Middle,Up,1
661,mandatory,random_f,4,10,169,20,5,52,99,1,Outer,Up,0
661,mandatory,random_f,4,10,169,44,22,78,33,1,Middle,Down,0
661,mandatory,random_f,4,10,169,51,26,-78,0,3,Middle,Down,1
661,mandatory,random_f,4,10,169,54,29,0,0,1,Inner,Up,1
661,mandatory,random_f,4,10,169,56,31,52,0,1,Inner,Up,0
661,mandatory,random_f,4,10,169,57,32,78,0,1,Middle,Down,1
661,mandatory,random_f,4,10,169,65,37,-52,-33,3,Inner,Up,0
661,mandatory,random_f,4,10,169,82,51,78,-66,4,Middle,Down,0
661,mandatory,random_f,4,10,169,90,55,0,-99,4,Middle,Up,1
662,base,random,4,11,179,28,9,-26,66,2,Inner,Down,0
662,base,random,4,11,179,30,11,26,66,1,Inner,Down,0
662,base,random,4,11,179,37,15,-104,33,2,Outer,Up,0
662,base,random,4,11,179,49,24,-130,0,3,Outer,Down,0
662,base,random,4,11,179,65,37,-52,-33,3,Inner,Up,0
662,base,random,4,11,179,67,39,0,-33,4,Inner,Up,0
662,base,random,4,11,179,68,40,26,-33,4,Inner,Down,0
662,base,random,4,11,179,70,42,78,-33,4,Middle,Down,0
662,base,random,4,11,179,81,50,52,-66,4,Middle,Up,0
662,base,random,4,11,179,82,51,78,-66,4,Middle,Down,0
662,base,random,4,11,179,88,53,-52,-99,3,Outer,Up,0
663,mandatory,random_f,4,11,195,18,3,0,99,2,Middle,Up,1
663,mandatory,random_f,4,11,195,40,18,-26,33,2,Inner,Down,0
663,mandatory,random_f,4,11,195,50,25,-104,0,3,Middle,Up,0
663,mandatory,random_f,4,11,195,51,26,-78,0,3,Middle,Down,1
663,mandatory,random_f,4,11,195,54,29,0,0,1,Inner,Up,1
663,mandatory,random_f,4,11,195,57,32,78,0,1,Middle,Down,1
663,mandatory,random_f,4,11,195,65,37,-52,-33,3,Inner,Up,0
663,mandatory,random_f,4,11,195,68,40,26,-33,4,Inner,Down,0
663,mandatory,random_f,4,11,195,70,42,78,-33,4,Middle,Down,0
663,mandatory,random_f,4,11,195,75,44,-104,-66,3,Outer,Up,0
663,mandatory,random_f,4,11,195,90,55,0,-99,4,Middle,Up,1
664,base,random,4,12,176,17,2,-26,99,2,Middle,Down,0
664,base,random,4,12,176,27,8,-52,66,2,Middle,Up,0
664,base,random,4,12,176,28,9,-26,66,2,Inner,Down,0
664,base,random,4,12,176,50,25,-104,0,3,Middle,Up,0
664,base,random,4,12,176,51,26,-78,0,3,Middle,Down,0
664,base,random,4,12,176,55,30,26,0,1,Inner,Down,0
664,base,random,4,12,176,57,32,78,0,1,Middle,Down,0
664,base,random,4,12,176,59,34,130,0,1,Outer,Down,0
664,base,random,4,12,176,63,35,-104,-33,3,Outer,Up,0
664,base,random,4,12,176,64,36,-78,-33,3,Middle,Down,0
664,base,random,4,12,176,71,43,104,-33,4,Outer,Up,0
664,base,random,4,12,176,79,48,0,-66,4,Inner,Up,0
665,mandatory,random_f,4,12,174,18,3,0,99,2,Middle,Up,1
665,mandatory,random_f,4,12,174,19,4,26,99,1,Middle,Down,0
665,mandatory,random_f,4,12,174,25,6,-104,66,2,Outer,Up,0
665,mandatory,random_f,4,12,174,31,12,52,66,1,Middle,Up,0
665,mandatory,random_f,4,12,174,32,13,78,66,1,Middle,Down,0
665,mandatory,random_f,4,12,174,40,18,-26,33,2,Inner,Down,0
665,mandatory,random_f,4,12,174,50,25,-104,0,3,Middle,Up,0
665,mandatory,random_f,4,12,174,51,26,-78,0,3,Middle,Down,1
665,mandatory,random_f,4,12,174,54,29,0,0,1,Inner,Up,1
665,mandatory,random_f,4,12,174,57,32,78,0,1,Middle,Down,1
665,mandatory,random_f,4,12,174,69,41,52,-33,4,Inner,Up,0
665,mandatory,random_f,4,12,174,90,55,0,-99,4,Middle,Up,1
666,base,random,4,13,12,16,1,-52,99,2,Outer,Up,0
666,base,random,4,13,12,26,7,-78,66,2,Middle,Down,0
666,base,random,4,13,12,30,11,26,66,1,Inner,Down,0
666,base,random,4,13,12,32,13,78,66,1,Middle,Down,0
666,base,random,4,13,12,39,17,-52,33,2,Inner,Up,0
666,base,random,4,13,12,42,20,26,33,1,Inner,Down,0
666,base,random,4,13,12,54,29,0,0,1,Inner,Up,0
666,base,random,4,13,12,67,39,0,-33,4,Inner,Up,0
666,base,random,4,13,12,69,41,52,-33,4,Inner,Up,0
666,base,random,4,13,12,71,43,104,-33,4,Outer,Up,0
666,base,random,4,13,12,77,46,-52,-66,3,Middle,Up,0
666,base,random,4,13,12,81,50,52,-66,4,Middle,Up,0
666,base,random,4,13,12,88,53,-52,-99,3,Outer,Up,0
667,mandatory,random_f,4,13,180,18,3,0,99,2,Middle,Up,1
667,mandatory,random_f,4,13,180,25,6,-104,66,2,Outer,Up,0
667,mandatory,random_f,4,13,180,32,13,78,66,1,Middle,Down,0
667,mandatory,random_f,4,13,180,38,16,-78,33,2,Middle,Down,0
667,mandatory,random_f,4,13,180,39,17,-52,33,2,Inner,Up,0
667,mandatory,random_f,4,13,180,42,20,26,33,1,Inner,Down,0
667,mandatory,random_f,4,13,180,51,26,-78,0,3,Middle,Down,1
667,mandatory,random_f,4,13,180,54,29,0,0,1,Inner,Up,1
667,mandatory,random_f,4,13,180,55,30,26,0,1,Inner,Down,0
667,mandatory,random_f,4,13,180,57,32,78,0,1,Middle,Down,1
667,mandatory,random_f,4,13,180,64,36,-78,-33,3,Middle,Down,0
667,mandatory,random_f,4,13,180,76,45,-78,-66,3,Middle,Down,0
667,mandatory,random_f,4,13,180,90,55,0,-99,4,Middle,Up,1
668,base,random,4,14,138,25,6,-104,66,2,Outer,Up,0
668,base,random,4,14,138,27,8,-52,66,2,Middle,Up,0
668,base,random,4,14,138,37,15,-104,33,2,Outer,Up,0
668,base,random,4,14,138,45,23,104,33,1,Outer,Up,0
668,base,random,4,14,138,53,28,-26,0,3,Inner,Down,0
668,base,random,4,14,138,58,33,104,0,1,Middle,Up,0
668,base,random,4,14,138,64,36,-78,-33,3,Middle,Down,0
668,base,random,4,14,138,66,38,-26,-33,3,Inner,Down,0
668,base,random,4,14,138,68,40,26,-33,4,Inner,Down,0
668,base,random,4,14,138,82,51,78,-66,4,Middle,Down,0
668,base,random,4,14,138,88,53,-52,-99,3,Outer,Up,0
668,base,random,4,14,138,89,54,-26,-99,3,Middle,Down,0
668,base,random,4,14,138,90,55,0,-99,4,Middle,Up,0
668,base,random,4,14,138,91,56,26,-99,4,Middle,Down,0
669,mandatory,random_f,4,14,186,18,3,0,99,2,Middle,Up,1
669,mandatory,random_f,4,14,186,28,9,-26,66,2,Inner,Down,0
669,mandatory,random_f,4,14,186,50,25,-104,0,3,Middle,Up,0
669,mandatory,random_f,4,14,186,51,26,-78,0,3,Middle,Down,1
669,mandatory,random_f,4,14,186,52,27,-52,0,3,Inner,Up,0
669,mandatory,random_f,4,14,186,54,29,0,0,1,Inner,Up,1
669,mandatory,random_f,4,14,186,57,32,78,0,1,Middle,Down,1
669,mandatory,random_f,4,14,186,59,34,130,0,1,Outer,Down,0
669,mandatory,random_f,4,14,186,68,40,26,-33,4,Inner,Down,0
669,mandatory,random_f,4,14,186,78,47,-26,-66,3,Inner,Down,0
669,mandatory,random_f,4,14,186,81,50,52,-66,4,Middle,Up,0
669,mandatory,random_f,4,14,186,82,51,78,-66,4,Middle,Down,0
669,mandatory,random_f,4,14,186,90,55,0,-99,4,Middle,Up,1
669,mandatory,random_f,4,14,186,91,56,26,-99,4,Middle,Down,0
670,base,random,4,15,15,27,8,-52,66,2,Middle,Up,0
670,base,random,4,15,15,31,12,52,66,1,Middle,Up,0
670,base,random,4,15,15,39,17,-52,33,2,Inner,Up,0
670,base,random,4,15,15,40,18,-26,33,2,Inner,Down,0
670,base,random,4,15,15,42,20,26,33,1,Inner,Down,0
670,base,random,4,15,15,43,21,52,33,1,Inner,Up,0
670,base,random,4,15,15,44,22,78,33,1,Middle,Down,0
670,base,random,4,15,15,49,24,-130,0,3,Outer,Down,0
670,base,random,4,15,15,51,26,-78,0,3,Middle,Down,0
670,base,random,4,15,15,54,29,0,0,1,Inner,Up,0
670,base,random,4,15,15,55,30,26,0,1,Inner,Down,0
670,base,random,4,15,15,71,43,104,-33,4,Outer,Up,0
670,base,random,4,15,15,79,48,0,-66,4,Inner,Up,0
670,base,random,4,15,15,82,51,78,-66,4,Middle,Down,0
670,base,random,4,15,15,89,54,-26,-99,3,Middle,Down,0
671,mandatory,random_f,4,15,183,18,3,0,99,2,Middle,Up,1
671,mandatory,random_f,4,15,183,26,7,-78,66,2,Middle,Down,0
671,mandatory,random_f,4,15,183,28,9,-26,66,2,Inner,Down,0
671,mandatory,random_f,4,15,183,29,10,0,66,2,Inner,Up,0
671,mandatory,random_f,4,15,183,37,15,-104,33,2,Outer,Up,0
671,mandatory,random_f,4,15,183,40,18,-26,33,2,Inner,Down,0
671,mandatory,random_f,4,15,183,49,24,-130,0,3,Outer,Down,0
671,mandatory,random_f,4,15,183,51,26,-78,0,3,Middle,Down,1
671,mandatory,random_f,4,15,183,54,29,0,0,1,Inner,Up,1
671,mandatory,random_f,4,15,183,57,32,78,0,1,Middle,Down,1
671,mandatory,random_f,4,15,183,58,33,104,0,1,Middle,Up,0
671,mandatory,random_f,4,15,183,65,37,-52,-33,3,Inner,Up,0
671,mandatory,random_f,4,15,183,90,55,0,-99,4,Middle,Up,1
671,mandatory,random_f,4,15,183,91,56,26,-99,4,Middle,Down,0
671,mandatory,random_f,4,15,183,92,57,52,-99,4,Outer,Up,0
672,base,random,4,16,166,26,7,-78,66,2,Middle,Down,0
672,base,random,4,16,166,29,10,0,66,2,Inner,Up,0
672,base,random,4,16,166,31,12,52,66,1,Middle,Up,0
672,base,random,4,16,166,44,22,78,33,1,Middle,Down,0
672,base,random,4,16,166,55,30,26,0,1,Inner,Down,0
672,base,random,4,16,166,63,35,-104,-33,3,Outer,Up,0
672,base,random,4,16,166,64,36,-78,-33,3,Middle,Down,0
672,base,random,4,16,166,66,38,-26,-33,3,Inner,Down,0
672,base,random,4,16,166,67,39,0,-33,4,Inner,Up,0
672,base,random,4,16,166,70,42,78,-33,4,Middle,Down,0
672,base,random,4,16,166,71,43,104,-33,4,Outer,Up,0
672,base,random,4,16,166,77,46,-52,-66,3,Middle,Up,0
672,base,random,4,16,166,78,47,-26,-66,3,Inner,Down,0
672,base,random,4,16,166,81,50,52,-66,4,Middle,Up,0
672,base,random,4,16,166,91,56,26,-99,4,Middle,Down,0
672,base,random,4,16,166,92,57,52,-99,4,Outer,Up,0
673,mandatory,random_f,4,16,33,18,3,0,99,2,Middle,Up,1
673,mandatory,random_f,4,16,33,20,5,52,99,1,Outer,Up,0
673,mandatory,random_f,4,16,33,26,7,-78,66,2,Middle,Down,0
673,mandatory,random_f,4,16,33,44,22,78,33,1,Middle,Down,0
673,mandatory,random_f,4,16,33,45,23,104,33,1,Outer,Up,0
673,mandatory,random_f,4,16,33,49,24,-130,0,3,Outer,Down,0
673,mandatory,random_f,4,16,33,50,25,-104,0,3,Middle,Up,0
673,mandatory,random_f,4,16,33,51,26,-78,0,3,Middle,Down,1
673,mandatory,random_f,4,16,33,52,27,-52,0,3,Inner,Up,0
673,mandatory,random_f,4,16,33,53,28,-26,0,3,Inner,Down,0
673,mandatory,random_f,4,16,33,54,29,0,0,1,Inner,Up,1
673,mandatory,random_f,4,16,33,55,30,26,0,1,Inner,Down,0
673,mandatory,random_f,4,16,33,57,32,78,0,1,Middle,Down,1
673,mandatory,random_f,4,16,33,69,41,52,-33,4,Inner,Up,0
673,mandatory,random_f,4,16,33,89,54,-26,-99,3,Middle,Down,0
673,mandatory,random_f,4,16,33,90,55,0,-99,4,Middle,Up,1
674,base,random,4,17,27,25,6,-104,66,2,Outer,Up,0
674,base,random,4,17,27,27,8,-52,66,2,Middle,Up,0
674,base,random,4,17,27,30,11,26,66,1,Inner,Down,0
674,base,random,4,17,27,31,12,52,66,1,Middle,Up,0
674,base,random,4,17,27,33,14,104,66,1,Outer,Up,0
674,base,random,4,17,27,37,15,-104,33,2,Outer,Up,0
674,base,random,4,17,27,39,17,-52,33,2,Inner,Up,0
674,base,random,4,17,27,40,18,-26,33,2,Inner,Down,0
674,base,random,4,17,27,52,27,-52,0,3,Inner,Up,0
674,base,random,4,17,27,55,30,26,0,1,Inner,Down,0
674,base,random,4,17,27,57,32,78,0,1,Middle,Down,0
674,base,random,4,17,27,58,33,104,0,1,Middle,Up,0
674,base,random,4,17,27,59,34,130,0,1,Outer,Down,0
674,base,random,4,17,27,64,36,-78,-33,3,Middle,Down,0
674,base,random,4,17,27,71,43,104,-33,4,Outer,Up,0
674,base,random,4,17,27,82,51,78,-66,4,Middle,Down,0
674,base,random,4,17,27,90,55,0,-99,4,Middle,Up,0
675,mandatory,random_f,4,17,107,17,2,-26,99,2,Middle,Down,0
675,mandatory,random_f,4,17,107,18,3,0,99,2,Middle,Up,1
675,mandatory,random_f,4,17,107,27,8,-52,66,2,Middle,Up,0
675,mandatory,random_f,4,17,107,31,12,52,66,1,Middle,Up,0
675,mandatory,random_f,4,17,107,33,14,104,66,1,Outer,Up,0
675,mandatory,random_f,4,17,107,43,21,52,33,1,Inner,Up,0
675,mandatory,random_f,4,17,107,51,26,-78,0,3,Middle,Down,1
675,mandatory,random_f,4,17,107,54,29,0,0,1,Inner,Up,1
675,mandatory,random_f,4,17,107,57,32,78,0,1,Middle,Down,1
675,mandatory,random_f,4,17,107,63,35,-104,-33,3,Outer,Up,0
675,mandatory,random_f,4,17,107,67,39,0,-33,4,Inner,Up,0
675,mandatory,random_f,4,17,107,76,45,-78,-66,3,Middle,Down,0
675,mandatory,random_f,4,17,107,79,48,0,-66,4,Inner,Up,0
675,mandatory,random_f,4,17,107,82,51,78,-66,4,Middle,Down,0
675,mandatory,random_f,4,17,107,88,53,-52,-99,3,Outer,Up,0
675,mandatory,random_f,4,17,107,90,55,0,-99,4,Middle,Up,1
675,mandatory,random_f,4,17,107,91,56,26,-99,4,Middle,Down,0
676,base,random,4,18,181,17,2,-26,99,2,Middle,Down,0
676,base,random,4,18,181,18,3,0,99,2,Middle,Up,0
676,base,random,4,18,181,19,4,26,99,1,Middle,Down,0
676,base,random,4,18,181,20,5,52,99,1,Outer,Up,0
676,base,random,4,18,181,30,11,26,66,1,Inner,Down,0
676,base,random,4,18,181,31,12,52,66,1,Middle,Up,0
676,base,random,4,18,181,33,14,104,66,1,Outer,Up,0
676,base,random,4,18,181,39,17,-52,33,2,Inner,Up,0
676,base,random,4,18,181,44,22,78,33,1,Middle,Down,0
676,base,random,4,18,181,45,23,104,33,1,Outer,Up,0
676,base,random,4,18,181,49,24,-130,0,3,Outer,Down,0
676,base,random,4,18,181,54,29,0,0,1,Inner,Up,0
676,base,random,4,18,181,57,32,78,0,1,Middle,Down,0
676,base,random,4,18,181,59,34,130,0,1,Outer,Down,0
676,base,random,4,18,181,78,47,-26,-66,3,Inner,Down,0
676,base,random,4,18,181,81,50,52,-66,4,Middle,Up,0
676,base,random,4,18,181,83,52,104,-66,4,Outer,Up,0
676,base,random,4,18,181,92,57,52,-99,4,Outer,Up,0
677,mandatory,random_f,4,18,31,18,3,0,99,2,Middle,Up,1
677,mandatory,random_f,4,18,31,19,4,26,99,1,Middle,Down,0
677,mandatory,random_f,4,18,31,20,5,52,99,1,Outer,Up,0
677,mandatory,random_f,4,18,31,28,9,-26,66,2,Inner,Down,0
677,mandatory,random_f,4,18,31,31,12,52,66,1,Middle,Up,0
677,mandatory,random_f,4,18,31,37,15,-104,33,2,Outer,Up,0
677,mandatory,random_f,4,18,31,40,18,-26,33,2,Inner,Down,0
677,mandatory,random_f,4,18,31,51,26,-78,0,3,Middle,Down,1
677,mandatory,random_f,4,18,31,54,29,0,0,1,Inner,Up,1
677,mandatory,random_f,4,18,31,57,32,78,0,1,Middle,Down,1
677,mandatory,random_f,4,18,31,64,36,-78,-33,3,Middle,Down,0
677,mandatory,random_f,4,18,31,65,37,-52,-33,3,Inner,Up,0
677,mandatory,random_f,4,18,31,70,42,78,-33,4,Middle,Down,0
677,mandatory,random_f,4,18,31,71,43,104,-33,4,Outer,Up,0
677,mandatory,random_f,4,18,31,77,46,-52,-66,3,Middle,Up,0
677,mandatory,random_f,4,18,31,88,53,-52,-99,3,Outer,Up,0
677,mandatory,random_f,4,18,31,90,55,0,-99,4,Middle,Up,1
677,mandatory,random_f,4,18,31,91,56,26,-99,4,Middle,Down,0
678,base,random,4,19,110,16,1,-52,99,2,Outer,Up,0
678,base,random,4,19,110,18,3,0,99,2,Middle,Up,0
678,base,random,4,19,110,19,4,26,99,1,Middle,Down,0
678,base,random,4,19,110,25,6,-104,66,2,Outer,Up,0
678,base,random,4,19,110,32,13,78,66,1,Middle,Down,0
678,base,random,4,19,110,37,15,-104,33,2,Outer,Up,0
678,base,random,4,19,110,38,16,-78,33,2,Middle,Down,0
678,base,random,4,19,110,42,20,26,33,1,Inner,Down,0
678,base,random,4,19,110,43,21,52,33,1,Inner,Up,0
678,base,random,4,19,110,44,22,78,33,1,Middle,Down,0
678,base,random,4,19,110,55,30,26,0,1,Inner,Down,0
678,base,random,4,19,110,57,32,78,0,1,Middle,Down,0
678,base,random,4,19,110,59,34,130,0,1,Outer,Down,0
678,base,random,4,19,110,63,35,-104,-33,3,Outer,Up,0
678,base,random,4,19,110,65,37,-52,-33,3,Inner,Up,0
678,base,random,4,19,110,66,38,-26,-33,3,Inner,Down,0
678,base,random,4,19,110,69,41,52,-33,4,Inner,Up,0
678,base,random,4,19,110,77,46,-52,-66,3,Middle,Up,0
678,base,random,4,19,110,82,51,78,-66,4,Middle,Down,0
679,mandatory,random_f,4,19,94,17,2,-26,99,2,Middle,Down,0
679,mandatory,random_f,4,19,94,18,3,0,99,2,Middle,Up,1
679,mandatory,random_f,4,19,94,20,5,52,99,1,Outer,Up,0
679,mandatory,random_f,4,19,94,25,6,-104,66,2,Outer,Up,0
679,mandatory,random_f,4,19,94,30,11,26,66,1,Inner,Down,0
679,mandatory,random_f,4,19,94,32,13,78,66,1,Middle,Down,0
679,mandatory,random_f,4,19,94,44,22,78,33,1,Middle,Down,0
679,mandatory,random_f,4,19,94,51,26,-78,0,3,Middle,Down,1
679,mandatory,random_f,4,19,94,52,27,-52,0,3,Inner,Up,0
679,mandatory,random_f,4,19,94,54,29,0,0,1,Inner,Up,1
679,mandatory,random_f,4,19,94,57,32,78,0,1,Middle,Down,1
679,mandatory,random_f,4,19,94,64,36,-78,-33,3,Middle,Down,0
679,mandatory,random_f,4,19,94,65,37,-52,-33,3,Inner,Up,0
679,mandatory,random_f,4,19,94,70,42,78,-33,4,Middle,Down,0
679,mandatory,random_f,4,19,94,77,46,-52,-66,3,Middle,Up,0
679,mandatory,random_f,4,19,94,80,49,26,-66,4,Inner,Down,0
679,mandatory,random_f,4,19,94,88,53,-52,-99,3,Outer,Up,0
679,mandatory,random_f,4,19,94,90,55,0,-99,4,Middle,Up,1
679,mandatory,random_f,4,19,94,92,57,52,-99,4,Outer,Up,0
680,base,random,5,6,124,16,1,-52,99,2,Outer,Up,0
680,base,random,5,6,124,29,10,0,66,2,Inner,Up,0
680,base,random,5,6,124,30,11,26,66,1,Inner,Down,0
680,base,random,5,6,124,49,24,-130,0,3,Outer,Down,0
680,base,random,5,6,124,59,34,130,0,1,Outer,Down,0
680,base,random,5,6,124,66,38,-26,-33,3,Inner,Down,0
681,mandatory,random_f,5,6,63,18,3,0,99,2,Middle,Up,1
681,mandatory,random_f,5,6,63,38,16,-78,33,2,Middle,Down,0
681,mandatory,random_f,5,6,63,51,26,-78,0,3,Middle,Down,1
681,mandatory,random_f,5,6,63,54,29,0,0,1,Inner,Up,1
681,mandatory,random_f,5,6,63,57,32,78,0,1,Middle,Down,1
681,mandatory,random_f,5,6,63,90,55,0,-99,4,Middle,Up,1
682,base,random,5,7,137,27,8,-52,66,2,Middle,Up,0
682,base,random,5,7,137,29,10,0,66,2,Inner,Up,0
682,base,random,5,7,137,31,12,52,66,1,Middle,Up,0
682,base,random,5,7,137,32,13,78,66,1,Middle,Down,0
682,base,random,5,7,137,49,24,-130,0,3,Outer,Down,0
682,base,random,5,7,137,77,46,-52,-66,3,Middle,Up,0
682,base,random,5,7,137,91,56,26,-99,4,Middle,Down,0
683,mandatory,random_f,5,7,190,18,3,0,99,2,Middle,Up,1
683,mandatory,random_f,5,7,190,40,18,-26,33,2,Inner,Down,0
683,mandatory,random_f,5,7,190,51,26,-78,0,3,Middle,Down,1
683,mandatory,random_f,5,7,190,54,29,0,0,1,Inner,Up,1
683,mandatory,random_f,5,7,190,57,32,78,0,1,Middle,Down,1
683,mandatory,random_f,5,7,190,77,46,-52,-66,3,Middle,Up,0
683,mandatory,random_f,5,7,190,90,55,0,-99,4,Middle,Up,1
684,base,random,5,8,106,32,13,78,66,1,Middle,Down,0
684,base,random,5,8,106,39,17,-52,33,2,Inner,Up,0
684,base,random,5,8,106,40,18,-26,33,2,Inner,Down,0
684,base,random,5,8,106,42,20,26,33,1,Inner,Down,0
684,base,random,5,8,106,57,32,78,0,1,Middle,Down,0
684,base,random,5,8,106,58,33,104,0,1,Middle,Up,0
684,base,random,5,8,106,66,38,-26,-33,3,Inner,Down,0
684,base,random,5,8,106,90,55,0,-99,4,Middle,Up,0
685,mandatory,random_f,5,8,74,18,3,0,99,2,Middle,Up,1
685,mandatory,random_f,5,8,74,45,23,104,33,1,Outer,Up,0
685,mandatory,random_f,5,8,74,51,26,-78,0,3,Middle,Down,1
685,mandatory,random_f,5,8,74,54,29,0,0,1,Inner,Up,1
685,mandatory,random_f,5,8,74,57,32,78,0,1,Middle,Down,1
685,mandatory,random_f,5,8,74,59,34,130,0,1,Outer,Down,0
685,mandatory,random_f,5,8,74,90,55,0,-99,4,Middle,Up,1
685,mandatory,random_f,5,8,74,91,56,26,-99,4,Middle,Down,0
686,base,random,5,9,113,20,5,52,99,1,Outer,Up,0
686,base,random,5,9,113,33,14,104,66,1,Outer,Up,0
686,base,random,5,9,113,37,15,-104,33,2,Outer,Up,0
686,base,random,5,9,113,40,18,-26,33,2,Inner,Down,0
686,base,random,5,9,113,45,23,104,33,1,Outer,Up,0
686,base,random,5,9,113,64,36,-78,-33,3,Middle,Down,0
686,base,random,5,9,113,66,38,-26,-33,3,Inner,Down,0
686,base,random,5,9,113,70,42,78,-33,4,Middle,Down,0
686,base,random,5,9,113,71,43,104,-33,4,Outer,Up,0
687,mandatory,random_f,5,9,188,18,3,0,99,2,Middle,Up,1
687,mandatory,random_f,5,9,188,20,5,52,99,1,Outer,Up,0
687,mandatory,random_f,5,9,188,27,8,-52,66,2,Middle,Up,0
687,mandatory,random_f,5,9,188,33,14,104,66,1,Outer,Up,0
687,mandatory,random_f,5,9,188,40,18,-26,33,2,Inner,Down,0
687,mandatory,random_f,5,9,188,51,26,-78,0,3,Middle,Down,1
687,mandatory,random_f,5,9,188,54,29,0,0,1,Inner,Up,1
687,mandatory,random_f,5,9,188,57,32,78,0,1,Middle,Down,1
687,mandatory,random_f,5,9,188,90,55,0,-99,4,Middle,Up,1
688,base,random,5,10,82,17,2,-26,99,2,Middle,Down,0
688,base,random,5,10,82,25,6,-104,66,2,Outer,Up,0
688,base,random,5,10,82,28,9,-26,66,2,Inner,Down,0
688,base,random,5,10,82,29,10,0,66,2,Inner,Up,0
688,base,random,5,10,82,31,12,52,66,1,Middle,Up,0
688,base,random,5,10,82,49,24,-130,0,3,Outer,Down,0
688,base,random,5,10,82,50,25,-104,0,3,Middle,Up,0
688,base,random,5,10,82,53,28,-26,0,3,Inner,Down,0
688,base,random,5,10,82,64,36,-78,-33,3,Middle,Down,0
688,base,random,5,10,82,82,51,78,-66,4,Middle,Down,0
689,mandatory,random_f,5,10,90,18,3,0,99,2,Middle,Up,1
689,mandatory,random_f,5,10,90,31,12,52,66,1,Middle,Up,0
689,mandatory,random_f,5,10,90,43,21,52,33,1,Inner,Up,0
689,mandatory,random_f,5,10,90,45,23,104,33,1,Outer,Up,0
689,mandatory,random_f,5,10,90,51,26,-78,0,3,Middle,Down,1
689,mandatory,random_f,5,10,90,54,29,0,0,1,Inner,Up,1
689,mandatory,random_f,5,10,90,57,32,78,0,1,Middle,Down,1
689,mandatory,random_f,5,10,90,67,39,0,-33,4,Inner,Up,0
689,mandatory,random_f,5,10,90,77,46,-52,-66,3,Middle,Up,0
689,mandatory,random_f,5,10,90,90,55,0,-99,4,Middle,Up,1
690,base,random,5,11,74,16,1,-52,99,2,Outer,Up,0
690,base,random,5,11,74,40,18,-26,33,2,Inner,Down,0
690,base,random,5,11,74,53,28,-26,0,3,Inner,Down,0
690,base,random,5,11,74,55,30,26,0,1,Inner,Down,0
690,base,random,5,11,74,58,33,104,0,1,Middle,Up,0
690,base,random,5,11,74,64,36,-78,-33,3,Middle,Down,0
690,base,random,5,11,74,66,38,-26,-33,3,Inner,Down,0
690,base,random,5,11,74,76,45,-78,-66,3,Middle,Down,0
690,base,random,5,11,74,81,50,52,-66,4,Middle,Up,0
690,base,random,5,11,74,83,52,104,-66,4,Outer,Up,0
690,base,random,5,11,74,89,54,-26,-99,3,Middle,Down,0
691,mandatory,random_f,5,11,183,17,2,-26,99,2,Middle,Down,0
691,mandatory,random_f,5,11,183,18,3,0,99,2,Middle,Up,1
691,mandatory,random_f,5,11,183,20,5,52,99,1,Outer,Up,0
691,mandatory,random_f,5,11,183,26,7,-78,66,2,Middle,Down,0
691,mandatory,random_f,5,11,183,43,21,52,33,1,Inner,Up,0
691,mandatory,random_f,5,11,183,49,24,-130,0,3,Outer,Down,0
691,mandatory,random_f,5,11,183,51,26,-78,0,3,Middle,Down,1
691,mandatory,random_f,5,11,183,52,27,-52,0,3,Inner,Up,0
691,mandatory,random_f,5,11,183,54,29,0,0,1,Inner,Up,1
691,mandatory,random_f,5,11,183,57,32,78,0,1,Middle,Down,1
691,mandatory,random_f,5,11,183,90,55,0,-99,4,Middle,Up,1
692,base,random,5,12,88,19,4,26,99,1,Middle,Down,0
692,base,random,5,12,88,20,5,52,99,1,Outer,Up,0
692,base,random,5,12,88,29,10,0,66,2,Inner,Up,0
692,base,random,5,12,88,30,11,26,66,1,Inner,Down,0
692,base,random,5,12,88,38,16,-78,33,2,Middle,Down,0
692,base,random,5,12,88,40,18,-26,33,2,Inner,Down,0
692,base,random,5,12,88,45,23,104,33,1,Outer,Up,0
692,base,random,5,12,88,49,24,-130,0,3,Outer,Down,0
692,base,random,5,12,88,55,30,26,0,1,Inner,Down,0
692,base,random,5,12,88,69,41,52,-33,4,Inner,Up,0
692,base,random,5,12,88,80,49,26,-66,4,Inner,Down,0
692,base,random,5,12,88,89,54,-26,-99,3,Middle,Down,0
693,mandatory,random_f,5,12,168,18,3,0,99,2,Middle,Up,1
693,mandatory,random_f,5,12,168,25,6,-104,66,2,Outer,Up,0
693,mandatory,random_f,5,12,168,31,12,52,66,1,Middle,Up,0
693,mandatory,random_f,5,12,168,41,19,0,33,2,Inner,Up,0
693,mandatory,random_f,5,12,168,44,22,78,33,1,Middle,Down,0
693,mandatory,random_f,5,12,168,51,26,-78,0,3,Middle,Down,1
693,mandatory,random_f,5,12,168,54,29,0,0,1,Inner,Up,1
693,mandatory,random_f,5,12,168,57,32,78,0,1,Middle,Down,1
693,mandatory,random_f,5,12,168,65,37,-52,-33,3,Inner,Up,0
693,mandatory,random_f,5,12,168,66,38,-26,-33,3,Inner,Down,0
693,mandatory,random_f,5,12,168,77,46,-52,-66,3,Middle,Up,0
693,mandatory,random_f,5,12,168,90,55,0,-99,4,Middle,Up,1
694,base,random,5,13,141,16,1,-52,99,2,Outer,Up,0
694,base,random,5,13,141,27,8,-52,66,2,Middle,Up,0
694,base,random,5,13,141,29,10,0,66,2,Inner,Up,0
694,base,random,5,13,141,39,17,-52,33,2,Inner,Up,0
694,base,random,5,13,141,45,23,104,33,1,Outer,Up,0
694,base,random,5,13,141,51,26,-78,0,3,Middle,Down,0
694,base,random,5,13,141,55,30,26,0,1,Inner,Down,0
694,base,random,5,13,141,57,32,78,0,1,Middle,Down,0
694,base,random,5,13,141,59,34,130,0,1,Outer,Down,0
694,base,random,5,13,141,63,35,-104,-33,3,Outer,Up,0
694,base,random,5,13,141,64,36,-78,-33,3,Middle,Down,0
694,base,random,5,13,141,69,41,52,-33,4,Inner,Up,0
694,base,random,5,13,141,88,53,-52,-99,3,Outer,Up,0
695,mandatory,random_f,5,13,54,16,1,-52,99,2,Outer,Up,0
695,mandatory,random_f,5,13,54,18,3,0,99,2,Middle,Up,1
695,mandatory,random_f,5,13,54,51,26,-78,0,3,Middle,Down,1
695,mandatory,random_f,5,13,54,54,29,0,0,1,Inner,Up,1
695,mandatory,random_f,5,13,54,57,32,78,0,1,Middle,Down,1
695,mandatory,random_f,5,13,54,58,33,104,0,1,Middle,Up,0
695,mandatory,random_f,5,13,54,64,36,-78,-33,3,Middle,Down,0
695,mandatory,random_f,5,13,54,66,38,-26,-33,3,Inner,Down,0
695,mandatory,random_f,5,13,54,67,39,0,-33,4,Inner,Up,0
695,mandatory,random_f,5,13,54,68,40,26,-33,4,Inner,Down,0
695,mandatory,random_f,5,13,54,69,41,52,-33,4,Inner,Up,0
695,mandatory,random_f,5,13,54,90,55,0,-99,4,Middle,Up,1
695,mandatory,random_f,5,13,54,92,57,52,-99,4,Outer,Up,0
696,base,random,5,14,47,31,12,52,66,1,Middle,Up,0
696,base,random,5,14,47,32,13,78,66,1,Middle,Down,0
696,base,random,5,14,47,37,15,-104,33,2,Outer,Up,0
696,base,random,5,14,47,45,23,104,33,1,Outer,Up,0
696,base,random,5,14,47,49,24,-130,0,3,Outer,Down,0
696,base,random,5,14,47,54,29,0,0,1,Inner,Up,0
696,base,random,5,14,47,71,43,104,-33,4,Outer,Up,0
696,base,random,5,14,47,78,47,-26,-66,3,Inner,Down,0
696,base,random,5,14,47,79,48,0,-66,4,Inner,Up,0
696,base,random,5,14,47,81,50,52,-66,4,Middle,Up,0
696,base,random,5,14,47,82,51,78,-66,4,Middle,Down,0
696,base,random,5,14,47,83,52,104,-66,4,Outer,Up,0
696,base,random,5,14,47,89,54,-26,-99,3,Middle,Down,0
696,base,random,5,14,47,92,57,52,-99,4,Outer,Up,0
697,mandatory,random_f,5,14,159,18,3,0,99,2,Middle,Up,1
697,mandatory,random_f,5,14,159,20,5,52,99,1,Outer,Up,0
697,mandatory,random_f,5,14,159,27,8,-52,66,2,Middle,Up,0
697,mandatory,random_f,5,14,159,28,9,-26,66,2,Inner,Down,0
697,mandatory,random_f,5,14,159,42,20,26,33,1,Inner,Down,0
697,mandatory,random_f,5,14,159,51,26,-78,0,3,Middle,Down,1
697,mandatory,random_f,5,14,159,54,29,0,0,1,Inner,Up,1
697,mandatory,random_f,5,14,159,57,32,78,0,1,Middle,Down,1
697,mandatory,random_f,5,14,159,58,33,104,0,1,Middle,Up,0
697,mandatory,random_f,5,14,159,65,37,-52,-33,3,Inner,Up,0
697,mandatory,random_f,5,14,159,66,38,-26,-33,3,Inner,Down,0
697,mandatory,random_f,5,14,159,76,45,-78,-66,3,Middle,Down,0
697,mandatory,random_f,5,14,159,77,46,-52,-66,3,Middle,Up,0
697,mandatory,random_f,5,14,159,90,55,0,-99,4,Middle,Up,1
698,base,random,5,15,59,29,10,0,66,2,Inner,Up,0
698,base,random,5,15,59,33,14,104,66,1,Outer,Up,0
698,base,random,5,15,59,38,16,-78,33,2,Middle,Down,0
698,base,random,5,15,59,41,19,0,33,2,Inner,Up,0
698,base,random,5,15,59,42,20,26,33,1,Inner,Down,0
698,base,random,5,15,59,45,23,104,33,1,Outer,Up,0
698,base,random,5,15,59,51,26,-78,0,3,Middle,Down,0
698,base,random,5,15,59,63,35,-104,-33,3,Outer,Up,0
698,base,random,5,15,59,64,36,-78,-33,3,Middle,Down,0
698,base,random,5,15,59,65,37,-52,-33,3,Inner,Up,0
698,base,random,5,15,59,69,41,52,-33,4,Inner,Up,0
698,base,random,5,15,59,75,44,-104,-66,3,Outer,Up,0
698,base,random,5,15,59,81,50,52,-66,4,Middle,Up,0
698,base,random,5,15,59,90,55,0,-99,4,Middle,Up,0
698,base,random,5,15,59,92,57,52,-99,4,Outer,Up,0
699,mandatory,random_f,5,15,148,18,3,0,99,2,Middle,Up,1
699,mandatory,random_f,5,15,148,19,4,26,99,1,Middle,Down,0
699,mandatory,random_f,5,15,148,20,5,52,99,1,Outer,Up,0
699,mandatory,random_f,5,15,148,27,8,-52,66,2,Middle,Up,0
699,mandatory,random_f,5,15,148,50,25,-104,0,3,Middle,Up,0
699,mandatory,random_f,5,15,148,51,26,-78,0,3,Middle,Down,1
699,mandatory,random_f,5,15,148,53,28,-26,0,3,Inner,Down,0
699,mandatory,random_f,5,15,148,54,29,0,0,1,Inner,Up,1
699,mandatory,random_f,5,15,148,57,32,78,0,1,Middle,Down,1
699,mandatory,random_f,5,15,148,64,36,-78,-33,3,Middle,Down,0
699,mandatory,random_f,5,15,148,65,37,-52,-33,3,Inner,Up,0
699,mandatory,random_f,5,15,148,68,40,26,-33,4,Inner,Down,0
699,mandatory,random_f,5,15,148,69,41,52,-33,4,Inner,Up,0
699,mandatory,random_f,5,15,148,70,42,78,-33,4,Middle,Down,0
699,mandatory,random_f,5,15,148,90,55,0,-99,4,Middle,Up,1
700,base,random,5,16,98,19,4,26,99,1,Middle,Down,0
700,base,random,5,16,98,28,9,-26,66,2,Inner,Down,0
700,base,random,5,16,98,43,21,52,33,1,Inner,Up,0
700,base,random,5,16,98,49,24,-130,0,3,Outer,Down,0
700,base,random,5,16,98,50,25,-104,0,3,Middle,Up,0
700,base,random,5,16,98,51,26,-78,0,3,Middle,Down,0
700,base,random,5,16,98,53,28,-26,0,3,Inner,Down,0
700,base,random,5,16,98,55,30,26,0,1,Inner,Down,0
700,base,random,5,16,98,57,32,78,0,1,Middle,Down,0
700,base,random,5,16,98,58,33,104,0,1,Middle,Up,0
700,base,random,5,16,98,63,35,-104,-33,3,Outer,Up,0
700,base,random,5,16,98,64,36,-78,-33,3,Middle,Down,0
700,base,random,5,16,98,78,47,-26,-66,3,Inner,Down,0
700,base,random,5,16,98,81,50,52,-66,4,Middle,Up,0
700,base,random,5,16,98,82,51,78,-66,4,Middle,Down,0
700,base,random,5,16,98,92,57,52,-99,4,Outer,Up,0
701,mandatory,random_f,5,16,193,16,1,-52,99,2,Outer,Up,0
701,mandatory,random_f,5,16,193,18,3,0,99,2,Middle,Up,1
701,mandatory,random_f,5,16,193,28,9,-26,66,2,Inner,Down,0
701,mandatory,random_f,5,16,193,32,13,78,66,1,Middle,Down,0
701,mandatory,random_f,5,16,193,49,24,-130,0,3,Outer,Down,0
701,mandatory,random_f,5,16,193,50,25,-104,0,3,Middle,Up,0
701,mandatory,random_f,5,16,193,51,26,-78,0,3,Middle,Down,1
701,mandatory,random_f,5,16,193,52,27,-52,0,3,Inner,Up,0
701,mandatory,random_f,5,16,193,54,29,0,0,1,Inner,Up,1
701,mandatory,random_f,5,16,193,57,32,78,0,1,Middle,Down,1
701,mandatory,random_f,5,16,193,66,38,-26,-33,3,Inner,Down,0
701,mandatory,random_f,5,16,193,80,49,26,-66,4,Inner,Down,0
701,mandatory,random_f,5,16,193,88,53,-52,-99,3,Outer,Up,0
701,mandatory,random_f,5,16,193,89,54,-26,-99,3,Middle,Down,0
701,mandatory,random_f,5,16,193,90,55,0,-99,4,Middle,Up,1
701,mandatory,random_f,5,16,193,91,56,26,-99,4,Middle,Down,0
702,base,random,5,17,175,16,1,-52,99,2,Outer,Up,0
702,base,random,5,17,175,18,3,0,99,2,Middle,Up,0
702,base,random,5,17,175,25,6,-104,66,2,Outer,Up,0
702,base,random,5,17,175,26,7,-78,66,2,Middle,Down,0
702,base,random,5,17,175,31,12,52,66,1,Middle,Up,0
702,base,random,5,17,175,40,18,-26,33,2,Inner,Down,0
702,base,random,5,17,175,52,27,-52,0,3,Inner,Up,0
702,base,random,5,17,175,53,28,-26,0,3,Inner,Down,0
702,base,random,5,17,175,55,30,26,0,1,Inner,Down,0
702,base,random,5,17,175,64,36,-78,-33,3,Middle,Down,0
702,base,random,5,17,175,66,38,-26,-33,3,Inner,Down,0
702,base,random,5,17,175,70,42,78,-33,4,Middle,Down,0
702,base,random,5,17,175,71,43,104,-33,4,Outer,Up,0
702,base,random,5,17,175,76,45,-78,-66,3,Middle,Down,0
702,base,random,5,17,175,77,46,-52,-66,3,Middle,Up,0
702,base,random,5,17,175,79,48,0,-66,4,Inner,Up,0
702,base,random,5,17,175,90,55,0,-99,4,Middle,Up,0
703,mandatory,random_f,5,17,114,18,3,0,99,2,Middle,Up,1
703,mandatory,random_f,5,17,114,19,4,26,99,1,Middle,Down,0
703,mandatory,random_f,5,17,114,27,8,-52,66,2,Middle,Up,0
703,mandatory,random_f,5,17,114,28,9,-26,66,2,Inner,Down,0
703,mandatory,random_f,5,17,114,29,10,0,66,2,Inner,Up,0
703,mandatory,random_f,5,17,114,40,18,-26,33,2,Inner,Down,0
703,mandatory,random_f,5,17,114,43,21,52,33,1,Inner,Up,0
703,mandatory,random_f,5,17,114,49,24,-130,0,3,Outer,Down,0
703,mandatory,random_f,5,17,114,51,26,-78,0,3,Middle,Down,1
703,mandatory,random_f,5,17,114,54,29,0,0,1,Inner,Up,1
703,mandatory,random_f,5,17,114,55,30,26,0,1,Inner,Down,0
703,mandatory,random_f,5,17,114,56,31,52,0,1,Inner,Up,0
703,mandatory,random_f,5,17,114,57,32,78,0,1,Middle,Down,1
703,mandatory,random_f,5,17,114,75,44,-104,-66,3,Outer,Up,0
703,mandatory,random_f,5,17,114,77,46,-52,-66,3,Middle,Up,0
703,mandatory,random_f,5,17,114,83,52,104,-66,4,Outer,Up,0
703,mandatory,random_f,5,17,114,90,55,0,-99,4,Middle,Up,1
704,base,random,5,18,13,16,1,-52,99,2,Outer,Up,0
704,base,random,5,18,13,17,2,-26,99,2,Middle,Down,0
704,base,random,5,18,13,25,6,-104,66,2,Outer,Up,0
704,base,random,5,18,13,29,10,0,66,2,Inner,Up,0
704,base,random,5,18,13,30,11,26,66,1,Inner,Down,0
704,base,random,5,18,13,33,14,104,66,1,Outer,Up,0
704,base,random,5,18,13,39,17,-52,33,2,Inner,Up,0
704,base,random,5,18,13,41,19,0,33,2,Inner,Up,0
704,base,random,5,18,13,42,20,26,33,1,Inner,Down,0
704,base,random,5,18,13,67,39,0,-33,4,Inner,Up,0
704,base,random,5,18,13,68,40,26,-33,4,Inner,Down,0
704,base,random,5,18,13,70,42,78,-33,4,Middle,Down,0
704,base,random,5,18,13,71,43,104,-33,4,Outer,Up,0
704,base,random,5,18,13,77,46,-52,-66,3,Middle,Up,0
704,base,random,5,18,13,79,48,0,-66,4,Inner,Up,0
704,base,random,5,18,13,81,50,52,-66,4,Middle,Up,0
704,base,random,5,18,13,82,51,78,-66,4,Middle,Down,0
704,base,random,5,18,13,88,53,-52,-99,3,Outer,Up,0
705,mandatory,random_f,5,18,125,18,3,0,99,2,Middle,Up,1
705,mandatory,random_f,5,18,125,19,4,26,99,1,Middle,Down,0
705,mandatory,random_f,5,18,125,26,7,-78,66,2,Middle,Down,0
705,mandatory,random_f,5,18,125,31,12,52,66,1,Middle,Up,0
705,mandatory,random_f,5,18,125,44,22,78,33,1,Middle,Down,0
705,mandatory,random_f,5,18,125,51,26,-78,0,3,Middle,Down,1
705,mandatory,random_f,5,18,125,54,29,0,0,1,Inner,Up,1
705,mandatory,random_f,5,18,125,56,31,52,0,1,Inner,Up,0
705,mandatory,random_f,5,18,125,57,32,78,0,1,Middle,Down,1
705,mandatory,random_f,5,18,125,58,33,104,0,1,Middle,Up,0
705,mandatory,random_f,5,18,125,59,34,130,0,1,Outer,Down,0
705,mandatory,random_f,5,18,125,66,38,-26,-33,3,Inner,Down,0
705,mandatory,random_f,5,18,125,67,39,0,-33,4,Inner,Up,0
705,mandatory,random_f,5,18,125,77,46,-52,-66,3,Middle,Up,0
705,mandatory,random_f,5,18,125,83,52,104,-66,4,Outer,Up,0
705,mandatory,random_f,5,18,125,88,53,-52,-99,3,Outer,Up,0
705,mandatory,random_f,5,18,125,90,55,0,-99,4,Middle,Up,1
705,mandatory,random_f,5,18,125,92,57,52,-99,4,Outer,Up,0
706,base,random,5,19,145,16,1,-52,99,2,Outer,Up,0
706,base,random,5,19,145,18,3,0,99,2,Middle,Up,0
706,base,random,5,19,145,27,8,-52,66,2,Middle,Up,0
706,base,random,5,19,145,29,10,0,66,2,Inner,Up,0
706,base,random,5,19,145,37,15,-104,33,2,Outer,Up,0
706,base,random,5,19,145,40,18,-26,33,2,Inner,Down,0
706,base,random,5,19,145,42,20,26,33,1,Inner,Down,0
706,base,random,5,19,145,51,26,-78,0,3,Middle,Down,0
706,base,random,5,19,145,52,27,-52,0,3,Inner,Up,0
706,base,random,5,19,145,55,30,26,0,1,Inner,Down,0
706,base,random,5,19,145,59,34,130,0,1,Outer,Down,0
706,base,random,5,19,145,64,36,-78,-33,3,Middle,Down,0
706,base,random,5,19,145,68,40,26,-33,4,Inner,Down,0
706,base,random,5,19,145,69,41,52,-33,4,Inner,Up,0
706,base,random,5,19,145,71,43,104,-33,4,Outer,Up,0
706,base,random,5,19,145,75,44,-104,-66,3,Outer,Up,0
706,base,random,5,19,145,77,46,-52,-66,3,Middle,Up,0
706,base,random,5,19,145,88,53,-52,-99,3,Outer,Up,0
706,base,random,5,19,145,89,54,-26,-99,3,Middle,Down,0
707,mandatory,random_f,5,19,30,18,3,0,99,2,Middle,Up,1
707,mandatory,random_f,5,19,30,19,4,26,99,1,Middle,Down,0
707,mandatory,random_f,5,19,30,20,5,52,99,1,Outer,Up,0
707,mandatory,random_f,5,19,30,27,8,-52,66,2,Middle,Up,0
707,mandatory,random_f,5,19,30,31,12,52,66,1,Middle,Up,0
707,mandatory,random_f,5,19,30,32,13,78,66,1,Middle,Down,0
707,mandatory,random_f,5,19,30,39,17,-52,33,2,Inner,Up,0
707,mandatory,random_f,5,19,30,41,19,0,33,2,Inner,Up,0
707,mandatory,random_f,5,19,30,45,23,104,33,1,Outer,Up,0
707,mandatory,random_f,5,19,30,51,26,-78,0,3,Middle,Down,1
707,mandatory,random_f,5,19,30,53,28,-26,0,3,Inner,Down,0
707,mandatory,random_f,5,19,30,54,29,0,0,1,Inner,Up,1
707,mandatory,random_f,5,19,30,57,32,78,0,1,Middle,Down,1
707,mandatory,random_f,5,19,30,63,35,-104,-33,3,Outer,Up,0
707,mandatory,random_f,5,19,30,68,40,26,-33,4,Inner,Down,0
707,mandatory,random_f,5,19,30,70,42,78,-33,4,Middle,Down,0
707,mandatory,random_f,5,19,30,71,43,104,-33,4,Outer,Up,0
707,mandatory,random_f,5,19,30,82,51,78,-66,4,Middle,Down,0
707,mandatory,random_f,5,19,30,90,55,0,-99,4,Middle,Up,1
