condition,scenario,howa_order,reference_method,reference_n_shots,target_statistic,target_rms_nm,method,required_n_shots,achieved_rms_nm,measurement_reduction_pct
nominal,base,3,human,3,mean,221.912182160503,poisson,3,5.16920444342196,0
nominal,base,3,human,3,mean,221.912182160503,human,3,221.912182160503,0
nominal,base,3,human,3,mean,221.912182160503,dopt,3,4.92423670583964,0
nominal,base,3,human,3,mean,221.912182160503,iopt,3,4.92423670583964,0
nominal,base,3,human,3,mean,221.912182160503,cdopt,3,5.70983745310114,0
nominal,base,3,human,3,mean,221.912182160503,ciopt,3,5.2181337570659,0
nominal,base,3,human,3,mean,221.912182160503,random,3,32.4591358504655,0
nominal,base,3,human,3,p95,428.267170228284,poisson,3,9.25014258744519,0
nominal,base,3,human,3,p95,428.267170228284,human,3,428.267170228284,0
nominal,base,3,human,3,p95,428.267170228284,dopt,3,8.82896818976104,0
nominal,base,3,human,3,p95,428.267170228284,iopt,3,8.82896818976104,0
nominal,base,3,human,3,p95,428.267170228284,cdopt,3,10.7357182075339,0
nominal,base,3,human,3,p95,428.267170228284,ciopt,3,9.24094848946482,0
nominal,base,3,human,3,p95,428.267170228284,random,3,54.8831004776493,0
nominal,base,3,human,4,mean,77.1072405766681,poisson,3,5.16920444342196,25
nominal,base,3,human,4,mean,77.1072405766681,human,4,77.1072405766681,0
nominal,base,3,human,4,mean,77.1072405766681,dopt,3,4.92423670583964,25
nominal,base,3,human,4,mean,77.1072405766681,iopt,3,4.92423670583964,25
nominal,base,3,human,4,mean,77.1072405766681,cdopt,3,5.70983745310114,25
nominal,base,3,human,4,mean,77.1072405766681,ciopt,3,5.2181337570659,25
nominal,base,3,human,4,mean,77.1072405766681,random,3,32.4591358504655,25
nominal,base,3,human,4,p95,147.836250261334,poisson,3,9.25014258744519,25
nominal,base,3,human,4,p95,147.836250261334,human,4,147.836250261334,0
nominal,base,3,human,4,p95,147.836250261334,dopt,3,8.82896818976104,25
nominal,base,3,human,4,p95,147.836250261334,iopt,3,8.82896818976104,25
nominal,base,3,human,4,p95,147.836250261334,cdopt,3,10.7357182075339,25
nominal,base,3,human,4,p95,147.836250261334,ciopt,3,9.24094848946482,25
nominal,base,3,human,4,p95,147.836250261334,random,3,54.8831004776493,25
nominal,base,3,human,5,mean,3.06272653058613,poisson,4,1.8629883222525,20
nominal,base,3,human,5,mean,3.06272653058613,human,5,3.06272653058613,0
nominal,base,3,human,5,mean,3.06272653058613,dopt,4,1.87587493390653,20
nominal,base,3,human,5,mean,3.06272653058613,iopt,4,1.80767632156444,20
nominal,base,3,human,5,mean,3.06272653058613,cdopt,4,1.94130399875937,20
nominal,base,3,human,5,mean,3.06272653058613,ciopt,4,1.8629883222525,20
nominal,base,3,human,5,mean,3.06272653058613,random,8,2.95647712531545,-60
nominal,base,3,human,5,p95,4.97238934281862,poisson,4,2.5732722374111,20
nominal,base,3,human,5,p95,4.97238934281862,human,5,4.97238934281862,0
nominal,base,3,human,5,p95,4.97238934281862,dopt,4,2.61054351865362,20
nominal,base,3,human,5,p95,4.97238934281862,iopt,4,2.51191266384642,20
nominal,base,3,human,5,p95,4.97238934281862,cdopt,4,2.69668713899257,20
nominal,base,3,human,5,p95,4.97238934281862,ciopt,4,2.5732722374111,20
nominal,base,3,human,5,p95,4.97238934281862,random,8,4.63425728953943,-60
nominal,base,3,human,6,mean,1.98425927496961,poisson,4,1.8629883222525,33.3333333333333
nominal,base,3,human,6,mean,1.98425927496961,human,6,1.98425927496961,0
nominal,base,3,human,6,mean,1.98425927496961,dopt,4,1.87587493390653,33.3333333333333
nominal,base,3,human,6,mean,1.98425927496961,iopt,4,1.80767632156444,33.3333333333333
nominal,base,3,human,6,mean,1.98425927496961,cdopt,4,1.94130399875937,33.3333333333333
nominal,base,3,human,6,mean,1.98425927496961,ciopt,4,1.8629883222525,33.3333333333333
nominal,base,3,human,6,mean,1.98425927496961,random,12,1.90195125541758,-100
nominal,base,3,human,6,p95,2.74487298897375,poisson,4,2.5732722374111,33.3333333333333
nominal,base,3,human,6,p95,2.74487298897375,human,6,2.74487298897375,0
nominal,base,3,human,6,p95,2.74487298897375,dopt,4,2.61054351865362,33.3333333333333
nominal,base,3,human,6,p95,2.74487298897375,iopt,4,2.51191266384642,33.3333333333333
nominal,base,3,human,6,p95,2.74487298897375,cdopt,4,2.69668713899257,33.3333333333333
nominal,base,3,human,6,p95,2.74487298897375,ciopt,4,2.5732722374111,33.3333333333333
nominal,base,3,human,6,p95,2.74487298897375,random,12,2.72008631674063,-100
nominal,base,3,human,7,mean,1.99498736104779,poisson,4,1.8629883222525,42.8571428571429
nominal,base,3,human,7,mean,1.99498736104779,human,6,1.98425927496961,14.2857142857143
nominal,base,3,human,7,mean,1.99498736104779,dopt,4,1.87587493390653,42.8571428571429
nominal,base,3,human,7,mean,1.99498736104779,iopt,4,1.80767632156444,42.8571428571429
nominal,base,3,human,7,mean,1.99498736104779,cdopt,4,1.94130399875937,42.8571428571429
nominal,base,3,human,7,mean,1.99498736104779,ciopt,4,1.8629883222525,42.8571428571429
nominal,base,3,human,7,mean,1.99498736104779,random,12,1.90195125541758,-71.4285714285714
nominal,base,3,human,7,p95,2.74229485608959,poisson,4,2.5732722374111,42.8571428571429
nominal,base,3,human,7,p95,2.74229485608959,human,7,2.74229485608959,0
nominal,base,3,human,7,p95,2.74229485608959,dopt,4,2.61054351865362,42.8571428571429
nominal,base,3,human,7,p95,2.74229485608959,iopt,4,2.51191266384642,42.8571428571429
nominal,base,3,human,7,p95,2.74229485608959,cdopt,4,2.69668713899257,42.8571428571429
nominal,base,3,human,7,p95,2.74229485608959,ciopt,4,2.5732722374111,42.8571428571429
nominal,base,3,human,7,p95,2.74229485608959,random,12,2.72008631674063,-71.4285714285714
nominal,base,3,human,8,mean,1.46988791494502,poisson,7,1.43262179392952,12.5
nominal,base,3,human,8,mean,1.46988791494502,human,8,1.46988791494502,0
nominal,base,3,human,8,mean,1.46988791494502,dopt,6,1.3420340225961,25
nominal,base,3,human,8,mean,1.46988791494502,iopt,6,1.3420340225961,25
nominal,base,3,human,8,mean,1.46988791494502,cdopt,6,1.40402641806792,25
nominal,base,3,human,8,mean,1.46988791494502,ciopt,6,1.4021669115697,25
nominal,base,3,human,8,mean,1.46988791494502,random,18,1.43089843393296,-125
nominal,base,3,human,8,p95,1.98665883405906,poisson,8,1.9124835295875,0
nominal,base,3,human,8,p95,1.98665883405906,human,8,1.98665883405906,0
nominal,base,3,human,8,p95,1.98665883405906,dopt,6,1.87950099929815,25
nominal,base,3,human,8,p95,1.98665883405906,iopt,6,1.87950099929815,25
nominal,base,3,human,8,p95,1.98665883405906,cdopt,6,1.89003082646061,25
nominal,base,3,human,8,p95,1.98665883405906,ciopt,6,1.86666310713827,25
nominal,base,3,human,8,p95,1.98665883405906,random,18,1.96439804747728,-125
nominal,base,3,human,9,mean,1.43056352634844,poisson,8,1.41929572662648,11.1111111111111
nominal,base,3,human,9,mean,1.43056352634844,human,9,1.43056352634844,0
nominal,base,3,human,9,mean,1.43056352634844,dopt,6,1.3420340225961,33.3333333333333
nominal,base,3,human,9,mean,1.43056352634844,iopt,6,1.3420340225961,33.3333333333333
nominal,base,3,human,9,mean,1.43056352634844,cdopt,6,1.40402641806792,33.3333333333333
nominal,base,3,human,9,mean,1.43056352634844,ciopt,6,1.4021669115697,33.3333333333333
nominal,base,3,human,9,mean,1.43056352634844,random,19,1.41283331992106,-111.111111111111
nominal,base,3,human,9,p95,1.92188103310873,poisson,8,1.9124835295875,11.1111111111111
nominal,base,3,human,9,p95,1.92188103310873,human,9,1.92188103310873,0
nominal,base,3,human,9,p95,1.92188103310873,dopt,6,1.87950099929815,33.3333333333333
nominal,base,3,human,9,p95,1.92188103310873,iopt,6,1.87950099929815,33.3333333333333
nominal,base,3,human,9,p95,1.92188103310873,cdopt,6,1.89003082646061,33.3333333333333
nominal,base,3,human,9,p95,1.92188103310873,ciopt,6,1.86666310713827,33.3333333333333
nominal,base,3,human,9,p95,1.92188103310873,random,NaN,NaN,NaN
nominal,base,3,human,10,mean,1.44264005534948,poisson,7,1.43262179392952,30
nominal,base,3,human,10,mean,1.44264005534948,human,9,1.43056352634844,10
nominal,base,3,human,10,mean,1.44264005534948,dopt,6,1.3420340225961,40
nominal,base,3,human,10,mean,1.44264005534948,iopt,6,1.3420340225961,40
nominal,base,3,human,10,mean,1.44264005534948,cdopt,6,1.40402641806792,40
nominal,base,3,human,10,mean,1.44264005534948,ciopt,6,1.4021669115697,40
nominal,base,3,human,10,mean,1.44264005534948,random,18,1.43089843393296,-80
nominal,base,3,human,10,p95,1.92994250214072,poisson,8,1.9124835295875,20
nominal,base,3,human,10,p95,1.92994250214072,human,9,1.92188103310873,10
nominal,base,3,human,10,p95,1.92994250214072,dopt,6,1.87950099929815,40
nominal,base,3,human,10,p95,1.92994250214072,iopt,6,1.87950099929815,40
nominal,base,3,human,10,p95,1.92994250214072,cdopt,6,1.89003082646061,40
nominal,base,3,human,10,p95,1.92994250214072,ciopt,6,1.86666310713827,40
nominal,base,3,human,10,p95,1.92994250214072,random,NaN,NaN,NaN
nominal,base,3,human,11,mean,1.35896166566023,poisson,10,1.27900822830704,9.09090909090909
nominal,base,3,human,11,mean,1.35896166566023,human,11,1.35896166566023,0
nominal,base,3,human,11,mean,1.35896166566023,dopt,6,1.3420340225961,45.4545454545455
nominal,base,3,human,11,mean,1.35896166566023,iopt,6,1.3420340225961,45.4545454545455
nominal,base,3,human,11,mean,1.35896166566023,cdopt,7,1.27890812281095,36.3636363636364
nominal,base,3,human,11,mean,1.35896166566023,ciopt,7,1.27890812281095,36.3636363636364
nominal,base,3,human,11,mean,1.35896166566023,random,NaN,NaN,NaN
nominal,base,3,human,11,p95,1.83417363405796,poisson,10,1.70893583758092,9.09090909090909
nominal,base,3,human,11,p95,1.83417363405796,human,11,1.83417363405796,0
nominal,base,3,human,11,p95,1.83417363405796,dopt,9,1.56708345812876,18.1818181818182
nominal,base,3,human,11,p95,1.83417363405796,iopt,7,1.59618191394341,36.3636363636364
nominal,base,3,human,11,p95,1.83417363405796,cdopt,7,1.66114037579386,36.3636363636364
nominal,base,3,human,11,p95,1.83417363405796,ciopt,7,1.66114037579386,36.3636363636364
nominal,base,3,human,11,p95,1.83417363405796,random,NaN,NaN,NaN
nominal,base,3,human,12,mean,1.36491082591149,poisson,10,1.27900822830704,16.6666666666667
nominal,base,3,human,12,mean,1.36491082591149,human,11,1.35896166566023,8.33333333333333
nominal,base,3,human,12,mean,1.36491082591149,dopt,6,1.3420340225961,50
nominal,base,3,human,12,mean,1.36491082591149,iopt,6,1.3420340225961,50
nominal,base,3,human,12,mean,1.36491082591149,cdopt,7,1.27890812281095,41.6666666666667
nominal,base,3,human,12,mean,1.36491082591149,ciopt,7,1.27890812281095,41.6666666666667
nominal,base,3,human,12,mean,1.36491082591149,random,NaN,NaN,NaN
nominal,base,3,human,12,p95,1.84993869481802,poisson,10,1.70893583758092,16.6666666666667
nominal,base,3,human,12,p95,1.84993869481802,human,11,1.83417363405796,8.33333333333333
nominal,base,3,human,12,p95,1.84993869481802,dopt,9,1.56708345812876,25
nominal,base,3,human,12,p95,1.84993869481802,iopt,7,1.59618191394341,41.6666666666667
nominal,base,3,human,12,p95,1.84993869481802,cdopt,7,1.66114037579386,41.6666666666667
nominal,base,3,human,12,p95,1.84993869481802,ciopt,7,1.66114037579386,41.6666666666667
nominal,base,3,human,12,p95,1.84993869481802,random,NaN,NaN,NaN
nominal,base,3,human,13,mean,1.30270653318205,poisson,10,1.27900822830704,23.0769230769231
nominal,base,3,human,13,mean,1.30270653318205,human,13,1.30270653318205,0
nominal,base,3,human,13,mean,1.30270653318205,dopt,9,1.19291239979694,30.7692307692308
nominal,base,3,human,13,mean,1.30270653318205,iopt,7,1.22231778318291,46.1538461538462
nominal,base,3,human,13,mean,1.30270653318205,cdopt,7,1.27890812281095,46.1538461538462
nominal,base,3,human,13,mean,1.30270653318205,ciopt,7,1.27890812281095,46.1538461538462
nominal,base,3,human,13,mean,1.30270653318205,random,NaN,NaN,NaN
nominal,base,3,human,13,p95,1.80161514669111,poisson,10,1.70893583758092,23.0769230769231
nominal,base,3,human,13,p95,1.80161514669111,human,13,1.80161514669111,0
nominal,base,3,human,13,p95,1.80161514669111,dopt,9,1.56708345812876,30.7692307692308
nominal,base,3,human,13,p95,1.80161514669111,iopt,7,1.59618191394341,46.1538461538462
nominal,base,3,human,13,p95,1.80161514669111,cdopt,7,1.66114037579386,46.1538461538462
nominal,base,3,human,13,p95,1.80161514669111,ciopt,7,1.66114037579386,46.1538461538462
nominal,base,3,human,13,p95,1.80161514669111,random,NaN,NaN,NaN
nominal,base,3,human,14,mean,1.22655626066053,poisson,12,1.19449958205487,14.2857142857143
nominal,base,3,human,14,mean,1.22655626066053,human,14,1.22655626066053,0
nominal,base,3,human,14,mean,1.22655626066053,dopt,9,1.19291239979694,35.7142857142857
nominal,base,3,human,14,mean,1.22655626066053,iopt,7,1.22231778318291,50
nominal,base,3,human,14,mean,1.22655626066053,cdopt,10,1.20456167104904,28.5714285714286
nominal,base,3,human,14,mean,1.22655626066053,ciopt,10,1.21165072437166,28.5714285714286
nominal,base,3,human,14,mean,1.22655626066053,random,NaN,NaN,NaN
nominal,base,3,human,14,p95,1.66496863384381,poisson,12,1.55219443474863,14.2857142857143
nominal,base,3,human,14,p95,1.66496863384381,human,14,1.66496863384381,0
nominal,base,3,human,14,p95,1.66496863384381,dopt,9,1.56708345812876,35.7142857142857
nominal,base,3,human,14,p95,1.66496863384381,iopt,7,1.59618191394341,50
nominal,base,3,human,14,p95,1.66496863384381,cdopt,7,1.66114037579386,50
nominal,base,3,human,14,p95,1.66496863384381,ciopt,7,1.66114037579386,50
nominal,base,3,human,14,p95,1.66496863384381,random,NaN,NaN,NaN
nominal,base,3,human,15,mean,1.24494160910346,poisson,12,1.19449958205487,20
nominal,base,3,human,15,mean,1.24494160910346,human,14,1.22655626066053,6.66666666666667
nominal,base,3,human,15,mean,1.24494160910346,dopt,9,1.19291239979694,40
nominal,base,3,human,15,mean,1.24494160910346,iopt,7,1.22231778318291,53.3333333333333
nominal,base,3,human,15,mean,1.24494160910346,cdopt,10,1.20456167104904,33.3333333333333
nominal,base,3,human,15,mean,1.24494160910346,ciopt,10,1.21165072437166,33.3333333333333
nominal,base,3,human,15,mean,1.24494160910346,random,NaN,NaN,NaN
nominal,base,3,human,15,p95,1.70404184721094,poisson,12,1.55219443474863,20
nominal,base,3,human,15,p95,1.70404184721094,human,14,1.66496863384381,6.66666666666667
nominal,base,3,human,15,p95,1.70404184721094,dopt,9,1.56708345812876,40
nominal,base,3,human,15,p95,1.70404184721094,iopt,7,1.59618191394341,53.3333333333333
nominal,base,3,human,15,p95,1.70404184721094,cdopt,7,1.66114037579386,53.3333333333333
nominal,base,3,human,15,p95,1.70404184721094,ciopt,7,1.66114037579386,53.3333333333333
nominal,base,3,human,15,p95,1.70404184721094,random,NaN,NaN,NaN
nominal,base,3,human,16,mean,1.18571864834054,poisson,14,1.13039749801807,12.5
nominal,base,3,human,16,mean,1.18571864834054,human,16,1.18571864834054,0
nominal,base,3,human,16,mean,1.18571864834054,dopt,11,1.09853240497843,31.25
nominal,base,3,human,16,mean,1.18571864834054,iopt,10,1.16458164026974,37.5
nominal,base,3,human,16,mean,1.18571864834054,cdopt,11,1.13485839819248,31.25
nominal,base,3,human,16,mean,1.18571864834054,ciopt,11,1.16746500400901,31.25
nominal,base,3,human,16,mean,1.18571864834054,random,NaN,NaN,NaN
nominal,base,3,human,16,p95,1.59216603404536,poisson,12,1.55219443474863,25
nominal,base,3,human,16,p95,1.59216603404536,human,16,1.59216603404536,0
nominal,base,3,human,16,p95,1.59216603404536,dopt,9,1.56708345812876,43.75
nominal,base,3,human,16,p95,1.59216603404536,iopt,9,1.57647826349998,43.75
nominal,base,3,human,16,p95,1.59216603404536,cdopt,10,1.57314441328025,37.5
nominal,base,3,human,16,p95,1.59216603404536,ciopt,11,1.52212748500688,31.25
nominal,base,3,human,16,p95,1.59216603404536,random,NaN,NaN,NaN
nominal,base,3,human,17,mean,1.18305473693122,poisson,14,1.13039749801807,17.6470588235294
nominal,base,3,human,17,mean,1.18305473693122,human,17,1.18305473693122,0
nominal,base,3,human,17,mean,1.18305473693122,dopt,11,1.09853240497843,35.2941176470588
nominal,base,3,human,17,mean,1.18305473693122,iopt,10,1.16458164026974,41.1764705882353
nominal,base,3,human,17,mean,1.18305473693122,cdopt,11,1.13485839819248,35.2941176470588
nominal,base,3,human,17,mean,1.18305473693122,ciopt,11,1.16746500400901,35.2941176470588
nominal,base,3,human,17,mean,1.18305473693122,random,NaN,NaN,NaN
nominal,base,3,human,17,p95,1.6071545293038,poisson,12,1.55219443474863,29.4117647058824
nominal,base,3,human,17,p95,1.6071545293038,human,16,1.59216603404536,5.88235294117647
nominal,base,3,human,17,p95,1.6071545293038,dopt,9,1.56708345812876,47.0588235294118
nominal,base,3,human,17,p95,1.6071545293038,iopt,7,1.59618191394341,58.8235294117647
nominal,base,3,human,17,p95,1.6071545293038,cdopt,10,1.57314441328025,41.1764705882353
nominal,base,3,human,17,p95,1.6071545293038,ciopt,11,1.52212748500688,35.2941176470588
nominal,base,3,human,17,p95,1.6071545293038,random,NaN,NaN,NaN
nominal,base,3,human,18,mean,1.17911639355082,poisson,14,1.13039749801807,22.2222222222222
nominal,base,3,human,18,mean,1.17911639355082,human,18,1.17911639355082,0
nominal,base,3,human,18,mean,1.17911639355082,dopt,11,1.09853240497843,38.8888888888889
nominal,base,3,human,18,mean,1.17911639355082,iopt,10,1.16458164026974,44.4444444444444
nominal,base,3,human,18,mean,1.17911639355082,cdopt,11,1.13485839819248,38.8888888888889
nominal,base,3,human,18,mean,1.17911639355082,ciopt,11,1.16746500400901,38.8888888888889
nominal,base,3,human,18,mean,1.17911639355082,random,NaN,NaN,NaN
nominal,base,3,human,18,p95,1.61631418575442,poisson,12,1.55219443474863,33.3333333333333
nominal,base,3,human,18,p95,1.61631418575442,human,16,1.59216603404536,11.1111111111111
nominal,base,3,human,18,p95,1.61631418575442,dopt,9,1.56708345812876,50
nominal,base,3,human,18,p95,1.61631418575442,iopt,7,1.59618191394341,61.1111111111111
nominal,base,3,human,18,p95,1.61631418575442,cdopt,10,1.57314441328025,44.4444444444444
nominal,base,3,human,18,p95,1.61631418575442,ciopt,10,1.60989479432197,44.4444444444444
nominal,base,3,human,18,p95,1.61631418575442,random,NaN,NaN,NaN
nominal,base,3,human,19,mean,1.24142350690202,poisson,12,1.19449958205487,36.8421052631579
nominal,base,3,human,19,mean,1.24142350690202,human,14,1.22655626066053,26.3157894736842
nominal,base,3,human,19,mean,1.24142350690202,dopt,9,1.19291239979694,52.6315789473684
nominal,base,3,human,19,mean,1.24142350690202,iopt,7,1.22231778318291,63.1578947368421
nominal,base,3,human,19,mean,1.24142350690202,cdopt,10,1.20456167104904,47.3684210526316
nominal,base,3,human,19,mean,1.24142350690202,ciopt,10,1.21165072437166,47.3684210526316
nominal,base,3,human,19,mean,1.24142350690202,random,NaN,NaN,NaN
nominal,base,3,human,19,p95,1.71251860754519,poisson,10,1.70893583758092,47.3684210526316
nominal,base,3,human,19,p95,1.71251860754519,human,14,1.66496863384381,26.3157894736842
nominal,base,3,human,19,p95,1.71251860754519,dopt,9,1.56708345812876,52.6315789473684
nominal,base,3,human,19,p95,1.71251860754519,iopt,7,1.59618191394341,63.1578947368421
nominal,base,3,human,19,p95,1.71251860754519,cdopt,7,1.66114037579386,63.1578947368421
nominal,base,3,human,19,p95,1.71251860754519,ciopt,7,1.66114037579386,63.1578947368421
nominal,base,3,human,19,p95,1.71251860754519,random,NaN,NaN,NaN
nominal,base,3,random,3,mean,32.4591358504655,poisson,3,5.16920444342196,0
nominal,base,3,random,3,mean,32.4591358504655,human,5,3.06272653058613,-66.6666666666667
nominal,base,3,random,3,mean,32.4591358504655,dopt,3,4.92423670583964,0
nominal,base,3,random,3,mean,32.4591358504655,iopt,3,4.92423670583964,0
nominal,base,3,random,3,mean,32.4591358504655,cdopt,3,5.70983745310114,0
nominal,base,3,random,3,mean,32.4591358504655,ciopt,3,5.2181337570659,0
nominal,base,3,random,3,mean,32.4591358504655,random,3,32.4591358504655,0
nominal,base,3,random,3,p95,54.8831004776493,poisson,3,9.25014258744519,0
nominal,base,3,random,3,p95,54.8831004776493,human,5,4.97238934281862,-66.6666666666667
nominal,base,3,random,3,p95,54.8831004776493,dopt,3,8.82896818976104,0
nominal,base,3,random,3,p95,54.8831004776493,iopt,3,8.82896818976104,0
nominal,base,3,random,3,p95,54.8831004776493,cdopt,3,10.7357182075339,0
nominal,base,3,random,3,p95,54.8831004776493,ciopt,3,9.24094848946482,0
nominal,base,3,random,3,p95,54.8831004776493,random,3,54.8831004776493,0
nominal,base,3,random,4,mean,10.3093919458915,poisson,3,5.16920444342196,25
nominal,base,3,random,4,mean,10.3093919458915,human,5,3.06272653058613,-25
nominal,base,3,random,4,mean,10.3093919458915,dopt,3,4.92423670583964,25
nominal,base,3,random,4,mean,10.3093919458915,iopt,3,4.92423670583964,25
nominal,base,3,random,4,mean,10.3093919458915,cdopt,3,5.70983745310114,25
nominal,base,3,random,4,mean,10.3093919458915,ciopt,3,5.2181337570659,25
nominal,base,3,random,4,mean,10.3093919458915,random,4,10.3093919458915,0
nominal,base,3,random,4,p95,17.2690247092675,poisson,3,9.25014258744519,25
nominal,base,3,random,4,p95,17.2690247092675,human,5,4.97238934281862,-25
nominal,base,3,random,4,p95,17.2690247092675,dopt,3,8.82896818976104,25
nominal,base,3,random,4,p95,17.2690247092675,iopt,3,8.82896818976104,25
nominal,base,3,random,4,p95,17.2690247092675,cdopt,3,10.7357182075339,25
nominal,base,3,random,4,p95,17.2690247092675,ciopt,3,9.24094848946482,25
nominal,base,3,random,4,p95,17.2690247092675,random,4,17.2690247092675,0
nominal,base,3,random,5,mean,6.2345168110085,poisson,3,5.16920444342196,40
nominal,base,3,random,5,mean,6.2345168110085,human,5,3.06272653058613,0
nominal,base,3,random,5,mean,6.2345168110085,dopt,3,4.92423670583964,40
nominal,base,3,random,5,mean,6.2345168110085,iopt,3,4.92423670583964,40
nominal,base,3,random,5,mean,6.2345168110085,cdopt,3,5.70983745310114,40
nominal,base,3,random,5,mean,6.2345168110085,ciopt,3,5.2181337570659,40
nominal,base,3,random,5,mean,6.2345168110085,random,5,6.2345168110085,0
nominal,base,3,random,5,p95,9.96988167592074,poisson,3,9.25014258744519,40
nominal,base,3,random,5,p95,9.96988167592074,human,5,4.97238934281862,0
nominal,base,3,random,5,p95,9.96988167592074,dopt,3,8.82896818976104,40
nominal,base,3,random,5,p95,9.96988167592074,iopt,3,8.82896818976104,40
nominal,base,3,random,5,p95,9.96988167592074,cdopt,4,2.69668713899257,20
nominal,base,3,random,5,p95,9.96988167592074,ciopt,3,9.24094848946482,40
nominal,base,3,random,5,p95,9.96988167592074,random,5,9.96988167592074,0
nominal,base,3,random,6,mean,4.87342258920075,poisson,4,1.8629883222525,33.3333333333333
nominal,base,3,random,6,mean,4.87342258920075,human,5,3.06272653058613,16.6666666666667
nominal,base,3,random,6,mean,4.87342258920075,dopt,4,1.87587493390653,33.3333333333333
nominal,base,3,random,6,mean,4.87342258920075,iopt,4,1.80767632156444,33.3333333333333
nominal,base,3,random,6,mean,4.87342258920075,cdopt,4,1.94130399875937,33.3333333333333
nominal,base,3,random,6,mean,4.87342258920075,ciopt,4,1.8629883222525,33.3333333333333
nominal,base,3,random,6,mean,4.87342258920075,random,6,4.87342258920075,0
nominal,base,3,random,6,p95,8.4099840669732,poisson,4,2.5732722374111,33.3333333333333
nominal,base,3,random,6,p95,8.4099840669732,human,5,4.97238934281862,16.6666666666667
nominal,base,3,random,6,p95,8.4099840669732,dopt,4,2.61054351865362,33.3333333333333
nominal,base,3,random,6,p95,8.4099840669732,iopt,4,2.51191266384642,33.3333333333333
nominal,base,3,random,6,p95,8.4099840669732,cdopt,4,2.69668713899257,33.3333333333333
nominal,base,3,random,6,p95,8.4099840669732,ciopt,4,2.5732722374111,33.3333333333333
nominal,base,3,random,6,p95,8.4099840669732,random,6,8.4099840669732,0
nominal,base,3,random,7,mean,3.5311250088151,poisson,4,1.8629883222525,42.8571428571429
nominal,base,3,random,7,mean,3.5311250088151,human,5,3.06272653058613,28.5714285714286
nominal,base,3,random,7,mean,3.5311250088151,dopt,4,1.87587493390653,42.8571428571429
nominal,base,3,random,7,mean,3.5311250088151,iopt,4,1.80767632156444,42.8571428571429
nominal,base,3,random,7,mean,3.5311250088151,cdopt,4,1.94130399875937,42.8571428571429
nominal,base,3,random,7,mean,3.5311250088151,ciopt,4,1.8629883222525,42.8571428571429
nominal,base,3,random,7,mean,3.5311250088151,random,7,3.5311250088151,0
nominal,base,3,random,7,p95,6.22545049984742,poisson,4,2.5732722374111,42.8571428571429
nominal,base,3,random,7,p95,6.22545049984742,human,5,4.97238934281862,28.5714285714286
nominal,base,3,random,7,p95,6.22545049984742,dopt,4,2.61054351865362,42.8571428571429
nominal,base,3,random,7,p95,6.22545049984742,iopt,4,2.51191266384642,42.8571428571429
nominal,base,3,random,7,p95,6.22545049984742,cdopt,4,2.69668713899257,42.8571428571429
nominal,base,3,random,7,p95,6.22545049984742,ciopt,4,2.5732722374111,42.8571428571429
nominal,base,3,random,7,p95,6.22545049984742,random,7,6.22545049984742,0
nominal,base,3,random,8,mean,2.95647712531545,poisson,4,1.8629883222525,50
nominal,base,3,random,8,mean,2.95647712531545,human,6,1.98425927496961,25
nominal,base,3,random,8,mean,2.95647712531545,dopt,4,1.87587493390653,50
nominal,base,3,random,8,mean,2.95647712531545,iopt,4,1.80767632156444,50
nominal,base,3,random,8,mean,2.95647712531545,cdopt,4,1.94130399875937,50
nominal,base,3,random,8,mean,2.95647712531545,ciopt,4,1.8629883222525,50
nominal,base,3,random,8,mean,2.95647712531545,random,8,2.95647712531545,0
nominal,base,3,random,8,p95,4.63425728953943,poisson,4,2.5732722374111,50
nominal,base,3,random,8,p95,4.63425728953943,human,6,2.74487298897375,25
nominal,base,3,random,8,p95,4.63425728953943,dopt,4,2.61054351865362,50
nominal,base,3,random,8,p95,4.63425728953943,iopt,4,2.51191266384642,50
nominal,base,3,random,8,p95,4.63425728953943,cdopt,4,2.69668713899257,50
nominal,base,3,random,8,p95,4.63425728953943,ciopt,4,2.5732722374111,50
nominal,base,3,random,8,p95,4.63425728953943,random,8,4.63425728953943,0
nominal,base,3,random,9,mean,2.51129727344353,poisson,4,1.8629883222525,55.5555555555556
nominal,base,3,random,9,mean,2.51129727344353,human,6,1.98425927496961,33.3333333333333
nominal,base,3,random,9,mean,2.51129727344353,dopt,4,1.87587493390653,55.5555555555556
nominal,base,3,random,9,mean,2.51129727344353,iopt,4,1.80767632156444,55.5555555555556
nominal,base,3,random,9,mean,2.51129727344353,cdopt,4,1.94130399875937,55.5555555555556
nominal,base,3,random,9,mean,2.51129727344353,ciopt,4,1.8629883222525,55.5555555555556
nominal,base,3,random,9,mean,2.51129727344353,random,9,2.51129727344353,0
nominal,base,3,random,9,p95,4.25487334290965,poisson,4,2.5732722374111,55.5555555555556
nominal,base,3,random,9,p95,4.25487334290965,human,6,2.74487298897375,33.3333333333333
nominal,base,3,random,9,p95,4.25487334290965,dopt,4,2.61054351865362,55.5555555555556
nominal,base,3,random,9,p95,4.25487334290965,iopt,4,2.51191266384642,55.5555555555556
nominal,base,3,random,9,p95,4.25487334290965,cdopt,4,2.69668713899257,55.5555555555556
nominal,base,3,random,9,p95,4.25487334290965,ciopt,4,2.5732722374111,55.5555555555556
nominal,base,3,random,9,p95,4.25487334290965,random,9,4.25487334290965,0
nominal,base,3,random,10,mean,2.28816968314427,poisson,4,1.8629883222525,60
nominal,base,3,random,10,mean,2.28816968314427,human,6,1.98425927496961,40
nominal,base,3,random,10,mean,2.28816968314427,dopt,4,1.87587493390653,60
nominal,base,3,random,10,mean,2.28816968314427,iopt,4,1.80767632156444,60
nominal,base,3,random,10,mean,2.28816968314427,cdopt,4,1.94130399875937,60
nominal,base,3,random,10,mean,2.28816968314427,ciopt,4,1.8629883222525,60
nominal,base,3,random,10,mean,2.28816968314427,random,10,2.28816968314427,0
nominal,base,3,random,10,p95,3.54139769784811,poisson,4,2.5732722374111,60
nominal,base,3,random,10,p95,3.54139769784811,human,6,2.74487298897375,40
nominal,base,3,random,10,p95,3.54139769784811,dopt,4,2.61054351865362,60
nominal,base,3,random,10,p95,3.54139769784811,iopt,4,2.51191266384642,60
nominal,base,3,random,10,p95,3.54139769784811,cdopt,4,2.69668713899257,60
nominal,base,3,random,10,p95,3.54139769784811,ciopt,4,2.5732722374111,60
nominal,base,3,random,10,p95,3.54139769784811,random,10,3.54139769784811,0
nominal,base,3,random,11,mean,2.10006446776276,poisson,4,1.8629883222525,63.6363636363636
nominal,base,3,random,11,mean,2.10006446776276,human,6,1.98425927496961,45.4545454545455
nominal,base,3,random,11,mean,2.10006446776276,dopt,4,1.87587493390653,63.6363636363636
nominal,base,3,random,11,mean,2.10006446776276,iopt,4,1.80767632156444,63.6363636363636
nominal,base,3,random,11,mean,2.10006446776276,cdopt,4,1.94130399875937,63.6363636363636
nominal,base,3,random,11,mean,2.10006446776276,ciopt,4,1.8629883222525,63.6363636363636
nominal,base,3,random,11,mean,2.10006446776276,random,11,2.10006446776276,0
nominal,base,3,random,11,p95,3.2031087305226,poisson,4,2.5732722374111,63.6363636363636
nominal,base,3,random,11,p95,3.2031087305226,human,6,2.74487298897375,45.4545454545455
nominal,base,3,random,11,p95,3.2031087305226,dopt,4,2.61054351865362,63.6363636363636
nominal,base,3,random,11,p95,3.2031087305226,iopt,4,2.51191266384642,63.6363636363636
nominal,base,3,random,11,p95,3.2031087305226,cdopt,4,2.69668713899257,63.6363636363636
nominal,base,3,random,11,p95,3.2031087305226,ciopt,4,2.5732722374111,63.6363636363636
nominal,base,3,random,11,p95,3.2031087305226,random,11,3.2031087305226,0
nominal,base,3,random,12,mean,1.90195125541758,poisson,4,1.8629883222525,66.6666666666667
nominal,base,3,random,12,mean,1.90195125541758,human,8,1.46988791494502,33.3333333333333
nominal,base,3,random,12,mean,1.90195125541758,dopt,4,1.87587493390653,66.6666666666667
nominal,base,3,random,12,mean,1.90195125541758,iopt,4,1.80767632156444,66.6666666666667
nominal,base,3,random,12,mean,1.90195125541758,cdopt,5,1.4942467707096,58.3333333333333
nominal,base,3,random,12,mean,1.90195125541758,ciopt,4,1.8629883222525,66.6666666666667
nominal,base,3,random,12,mean,1.90195125541758,random,12,1.90195125541758,0
nominal,base,3,random,12,p95,2.72008631674063,poisson,4,2.5732722374111,66.6666666666667
nominal,base,3,random,12,p95,2.72008631674063,human,8,1.98665883405906,33.3333333333333
nominal,base,3,random,12,p95,2.72008631674063,dopt,4,2.61054351865362,66.6666666666667
nominal,base,3,random,12,p95,2.72008631674063,iopt,4,2.51191266384642,66.6666666666667
nominal,base,3,random,12,p95,2.72008631674063,cdopt,4,2.69668713899257,66.6666666666667
nominal,base,3,random,12,p95,2.72008631674063,ciopt,4,2.5732722374111,66.6666666666667
nominal,base,3,random,12,p95,2.72008631674063,random,12,2.72008631674063,0
nominal,base,3,random,13,mean,1.72137057194183,poisson,6,1.59912602654108,53.8461538461538
nominal,base,3,random,13,mean,1.72137057194183,human,8,1.46988791494502,38.4615384615385
nominal,base,3,random,13,mean,1.72137057194183,dopt,5,1.50015793185022,61.5384615384615
nominal,base,3,random,13,mean,1.72137057194183,iopt,5,1.4942467707096,61.5384615384615
nominal,base,3,random,13,mean,1.72137057194183,cdopt,5,1.4942467707096,61.5384615384615
nominal,base,3,random,13,mean,1.72137057194183,ciopt,5,1.4942467707096,61.5384615384615
nominal,base,3,random,13,mean,1.72137057194183,random,13,1.72137057194183,0
nominal,base,3,random,13,p95,2.59851474046378,poisson,4,2.5732722374111,69.2307692307692
nominal,base,3,random,13,p95,2.59851474046378,human,8,1.98665883405906,38.4615384615385
nominal,base,3,random,13,p95,2.59851474046378,dopt,5,2.07103465807408,61.5384615384615
nominal,base,3,random,13,p95,2.59851474046378,iopt,4,2.51191266384642,69.2307692307692
nominal,base,3,random,13,p95,2.59851474046378,cdopt,5,2.00024945312204,61.5384615384615
nominal,base,3,random,13,p95,2.59851474046378,ciopt,4,2.5732722374111,69.2307692307692
nominal,base,3,random,13,p95,2.59851474046378,random,13,2.59851474046378,0
nominal,base,3,random,14,mean,1.71837706340976,poisson,6,1.59912602654108,57.1428571428571
nominal,base,3,random,14,mean,1.71837706340976,human,8,1.46988791494502,42.8571428571429
nominal,base,3,random,14,mean,1.71837706340976,dopt,5,1.50015793185022,64.2857142857143
nominal,base,3,random,14,mean,1.71837706340976,iopt,5,1.4942467707096,64.2857142857143
nominal,base,3,random,14,mean,1.71837706340976,cdopt,5,1.4942467707096,64.2857142857143
nominal,base,3,random,14,mean,1.71837706340976,ciopt,5,1.4942467707096,64.2857142857143
nominal,base,3,random,14,mean,1.71837706340976,random,14,1.71837706340976,0
nominal,base,3,random,14,p95,2.47337070120036,poisson,6,2.27233765194517,57.1428571428571
nominal,base,3,random,14,p95,2.47337070120036,human,8,1.98665883405906,42.8571428571429
nominal,base,3,random,14,p95,2.47337070120036,dopt,5,2.07103465807408,64.2857142857143
nominal,base,3,random,14,p95,2.47337070120036,iopt,5,2.00024945312204,64.2857142857143
nominal,base,3,random,14,p95,2.47337070120036,cdopt,5,2.00024945312204,64.2857142857143
nominal,base,3,random,14,p95,2.47337070120036,ciopt,5,2.00024945312204,64.2857142857143
nominal,base,3,random,14,p95,2.47337070120036,random,14,2.47337070120036,0
nominal,base,3,random,15,mean,1.57372160245989,poisson,7,1.43262179392952,53.3333333333333
nominal,base,3,random,15,mean,1.57372160245989,human,8,1.46988791494502,46.6666666666667
nominal,base,3,random,15,mean,1.57372160245989,dopt,5,1.50015793185022,66.6666666666667
nominal,base,3,random,15,mean,1.57372160245989,iopt,5,1.4942467707096,66.6666666666667
nominal,base,3,random,15,mean,1.57372160245989,cdopt,5,1.4942467707096,66.6666666666667
nominal,base,3,random,15,mean,1.57372160245989,ciopt,5,1.4942467707096,66.6666666666667
nominal,base,3,random,15,mean,1.57372160245989,random,15,1.57372160245989,0
nominal,base,3,random,15,p95,2.22455044174357,poisson,7,2.00440240085869,53.3333333333333
nominal,base,3,random,15,p95,2.22455044174357,human,8,1.98665883405906,46.6666666666667
nominal,base,3,random,15,p95,2.22455044174357,dopt,5,2.07103465807408,66.6666666666667
nominal,base,3,random,15,p95,2.22455044174357,iopt,5,2.00024945312204,66.6666666666667
nominal,base,3,random,15,p95,2.22455044174357,cdopt,5,2.00024945312204,66.6666666666667
nominal,base,3,random,15,p95,2.22455044174357,ciopt,5,2.00024945312204,66.6666666666667
nominal,base,3,random,15,p95,2.22455044174357,random,15,2.22455044174357,0
nominal,base,3,random,16,mean,1.58305256874111,poisson,7,1.43262179392952,56.25
nominal,base,3,random,16,mean,1.58305256874111,human,8,1.46988791494502,50
nominal,base,3,random,16,mean,1.58305256874111,dopt,5,1.50015793185022,68.75
nominal,base,3,random,16,mean,1.58305256874111,iopt,5,1.4942467707096,68.75
nominal,base,3,random,16,mean,1.58305256874111,cdopt,5,1.4942467707096,68.75
nominal,base,3,random,16,mean,1.58305256874111,ciopt,5,1.4942467707096,68.75
nominal,base,3,random,16,mean,1.58305256874111,random,15,1.57372160245989,6.25
nominal,base,3,random,16,p95,2.29936271584454,poisson,6,2.27233765194517,62.5
nominal,base,3,random,16,p95,2.29936271584454,human,8,1.98665883405906,50
nominal,base,3,random,16,p95,2.29936271584454,dopt,5,2.07103465807408,68.75
nominal,base,3,random,16,p95,2.29936271584454,iopt,5,2.00024945312204,68.75
nominal,base,3,random,16,p95,2.29936271584454,cdopt,5,2.00024945312204,68.75
nominal,base,3,random,16,p95,2.29936271584454,ciopt,5,2.00024945312204,68.75
nominal,base,3,random,16,p95,2.29936271584454,random,15,2.22455044174357,6.25
nominal,base,3,random,17,mean,1.50814661415682,poisson,7,1.43262179392952,58.8235294117647
nominal,base,3,random,17,mean,1.50814661415682,human,8,1.46988791494502,52.9411764705882
nominal,base,3,random,17,mean,1.50814661415682,dopt,5,1.50015793185022,70.5882352941177
nominal,base,3,random,17,mean,1.50814661415682,iopt,5,1.4942467707096,70.5882352941177
nominal,base,3,random,17,mean,1.50814661415682,cdopt,5,1.4942467707096,70.5882352941177
nominal,base,3,random,17,mean,1.50814661415682,ciopt,5,1.4942467707096,70.5882352941177
nominal,base,3,random,17,mean,1.50814661415682,random,17,1.50814661415682,0
nominal,base,3,random,17,p95,2.26387449828201,poisson,7,2.00440240085869,58.8235294117647
nominal,base,3,random,17,p95,2.26387449828201,human,8,1.98665883405906,52.9411764705882
nominal,base,3,random,17,p95,2.26387449828201,dopt,5,2.07103465807408,70.5882352941177
nominal,base,3,random,17,p95,2.26387449828201,iopt,5,2.00024945312204,70.5882352941177
nominal,base,3,random,17,p95,2.26387449828201,cdopt,5,2.00024945312204,70.5882352941177
nominal,base,3,random,17,p95,2.26387449828201,ciopt,5,2.00024945312204,70.5882352941177
nominal,base,3,random,17,p95,2.26387449828201,random,15,2.22455044174357,11.7647058823529
nominal,base,3,random,18,mean,1.43089843393296,poisson,8,1.41929572662648,55.5555555555556
nominal,base,3,random,18,mean,1.43089843393296,human,9,1.43056352634844,50
nominal,base,3,random,18,mean,1.43089843393296,dopt,6,1.3420340225961,66.6666666666667
nominal,base,3,random,18,mean,1.43089843393296,iopt,6,1.3420340225961,66.6666666666667
nominal,base,3,random,18,mean,1.43089843393296,cdopt,6,1.40402641806792,66.6666666666667
nominal,base,3,random,18,mean,1.43089843393296,ciopt,6,1.4021669115697,66.6666666666667
nominal,base,3,random,18,mean,1.43089843393296,random,18,1.43089843393296,0
nominal,base,3,random,18,p95,1.96439804747728,poisson,8,1.9124835295875,55.5555555555556
nominal,base,3,random,18,p95,1.96439804747728,human,9,1.92188103310873,50
nominal,base,3,random,18,p95,1.96439804747728,dopt,6,1.87950099929815,66.6666666666667
nominal,base,3,random,18,p95,1.96439804747728,iopt,6,1.87950099929815,66.6666666666667
nominal,base,3,random,18,p95,1.96439804747728,cdopt,6,1.89003082646061,66.6666666666667
nominal,base,3,random,18,p95,1.96439804747728,ciopt,6,1.86666310713827,66.6666666666667
nominal,base,3,random,18,p95,1.96439804747728,random,18,1.96439804747728,0
nominal,base,3,random,19,mean,1.41283331992106,poisson,10,1.27900822830704,47.3684210526316
nominal,base,3,random,19,mean,1.41283331992106,human,11,1.35896166566023,42.1052631578947
nominal,base,3,random,19,mean,1.41283331992106,dopt,6,1.3420340225961,68.4210526315789
nominal,base,3,random,19,mean,1.41283331992106,iopt,6,1.3420340225961,68.4210526315789
nominal,base,3,random,19,mean,1.41283331992106,cdopt,6,1.40402641806792,68.4210526315789
nominal,base,3,random,19,mean,1.41283331992106,ciopt,6,1.4021669115697,68.4210526315789
nominal,base,3,random,19,mean,1.41283331992106,random,19,1.41283331992106,0
nominal,base,3,random,19,p95,2.00504375594447,poisson,7,2.00440240085869,63.1578947368421
nominal,base,3,random,19,p95,2.00504375594447,human,8,1.98665883405906,57.8947368421053
nominal,base,3,random,19,p95,2.00504375594447,dopt,6,1.87950099929815,68.4210526315789
nominal,base,3,random,19,p95,2.00504375594447,iopt,5,2.00024945312204,73.6842105263158
nominal,base,3,random,19,p95,2.00504375594447,cdopt,5,2.00024945312204,73.6842105263158
nominal,base,3,random,19,p95,2.00504375594447,ciopt,5,2.00024945312204,73.6842105263158
nominal,base,3,random,19,p95,2.00504375594447,random,18,1.96439804747728,5.26315789473684
nominal,base,3,poisson,3,mean,5.16920444342196,poisson,3,5.16920444342196,0
nominal,base,3,poisson,3,mean,5.16920444342196,human,5,3.06272653058613,-66.6666666666667
nominal,base,3,poisson,3,mean,5.16920444342196,dopt,3,4.92423670583964,0
nominal,base,3,poisson,3,mean,5.16920444342196,iopt,3,4.92423670583964,0
nominal,base,3,poisson,3,mean,5.16920444342196,cdopt,4,1.94130399875937,-33.3333333333333
nominal,base,3,poisson,3,mean,5.16920444342196,ciopt,4,1.8629883222525,-33.3333333333333
nominal,base,3,poisson,3,mean,5.16920444342196,random,6,4.87342258920075,-100
nominal,base,3,poisson,3,p95,9.25014258744519,poisson,3,9.25014258744519,0
nominal,base,3,poisson,3,p95,9.25014258744519,human,5,4.97238934281862,-66.6666666666667
nominal,base,3,poisson,3,p95,9.25014258744519,dopt,3,8.82896818976104,0
nominal,base,3,poisson,3,p95,9.25014258744519,iopt,3,8.82896818976104,0
nominal,base,3,poisson,3,p95,9.25014258744519,cdopt,4,2.69668713899257,-33.3333333333333
nominal,base,3,poisson,3,p95,9.25014258744519,ciopt,3,9.24094848946482,0
nominal,base,3,poisson,3,p95,9.25014258744519,random,6,8.4099840669732,-100
nominal,base,3,poisson,4,mean,1.8629883222525,poisson,4,1.8629883222525,0
nominal,base,3,poisson,4,mean,1.8629883222525,human,8,1.46988791494502,-100
nominal,base,3,poisson,4,mean,1.8629883222525,dopt,5,1.50015793185022,-25
nominal,base,3,poisson,4,mean,1.8629883222525,iopt,4,1.80767632156444,0
nominal,base,3,poisson,4,mean,1.8629883222525,cdopt,5,1.4942467707096,-25
nominal,base,3,poisson,4,mean,1.8629883222525,ciopt,4,1.8629883222525,0
nominal,base,3,poisson,4,mean,1.8629883222525,random,13,1.72137057194183,-225
nominal,base,3,poisson,4,p95,2.5732722374111,poisson,4,2.5732722374111,0
nominal,base,3,poisson,4,p95,2.5732722374111,human,8,1.98665883405906,-100
nominal,base,3,poisson,4,p95,2.5732722374111,dopt,5,2.07103465807408,-25
nominal,base,3,poisson,4,p95,2.5732722374111,iopt,4,2.51191266384642,0
nominal,base,3,poisson,4,p95,2.5732722374111,cdopt,5,2.00024945312204,-25
nominal,base,3,poisson,4,p95,2.5732722374111,ciopt,4,2.5732722374111,0
nominal,base,3,poisson,4,p95,2.5732722374111,random,14,2.47337070120036,-250
nominal,base,3,poisson,5,mean,1.99132289326271,poisson,4,1.8629883222525,20
nominal,base,3,poisson,5,mean,1.99132289326271,human,6,1.98425927496961,-20
nominal,base,3,poisson,5,mean,1.99132289326271,dopt,4,1.87587493390653,20
nominal,base,3,poisson,5,mean,1.99132289326271,iopt,4,1.80767632156444,20
nominal,base,3,poisson,5,mean,1.99132289326271,cdopt,4,1.94130399875937,20
nominal,base,3,poisson,5,mean,1.99132289326271,ciopt,4,1.8629883222525,20
nominal,base,3,poisson,5,mean,1.99132289326271,random,12,1.90195125541758,-140
nominal,base,3,poisson,5,p95,2.94825112688957,poisson,4,2.5732722374111,20
nominal,base,3,poisson,5,p95,2.94825112688957,human,6,2.74487298897375,-20
nominal,base,3,poisson,5,p95,2.94825112688957,dopt,4,2.61054351865362,20
nominal,base,3,poisson,5,p95,2.94825112688957,iopt,4,2.51191266384642,20
nominal,base,3,poisson,5,p95,2.94825112688957,cdopt,4,2.69668713899257,20
nominal,base,3,poisson,5,p95,2.94825112688957,ciopt,4,2.5732722374111,20
nominal,base,3,poisson,5,p95,2.94825112688957,random,12,2.72008631674063,-140
nominal,base,3,poisson,6,mean,1.59912602654108,poisson,6,1.59912602654108,0
nominal,base,3,poisson,6,mean,1.59912602654108,human,8,1.46988791494502,-33.3333333333333
nominal,base,3,poisson,6,mean,1.59912602654108,dopt,5,1.50015793185022,16.6666666666667
nominal,base,3,poisson,6,mean,1.59912602654108,iopt,5,1.4942467707096,16.6666666666667
nominal,base,3,poisson,6,mean,1.59912602654108,cdopt,5,1.4942467707096,16.6666666666667
nominal,base,3,poisson,6,mean,1.59912602654108,ciopt,5,1.4942467707096,16.6666666666667
nominal,base,3,poisson,6,mean,1.59912602654108,random,15,1.57372160245989,-150
nominal,base,3,poisson,6,p95,2.27233765194517,poisson,6,2.27233765194517,0
nominal,base,3,poisson,6,p95,2.27233765194517,human,8,1.98665883405906,-33.3333333333333
nominal,base,3,poisson,6,p95,2.27233765194517,dopt,5,2.07103465807408,16.6666666666667
nominal,base,3,poisson,6,p95,2.27233765194517,iopt,5,2.00024945312204,16.6666666666667
nominal,base,3,poisson,6,p95,2.27233765194517,cdopt,5,2.00024945312204,16.6666666666667
nominal,base,3,poisson,6,p95,2.27233765194517,ciopt,5,2.00024945312204,16.6666666666667
nominal,base,3,poisson,6,p95,2.27233765194517,random,15,2.22455044174357,-150
nominal,base,3,poisson,7,mean,1.43262179392952,poisson,7,1.43262179392952,0
nominal,base,3,poisson,7,mean,1.43262179392952,human,9,1.43056352634844,-28.5714285714286
nominal,base,3,poisson,7,mean,1.43262179392952,dopt,6,1.3420340225961,14.2857142857143
nominal,base,3,poisson,7,mean,1.43262179392952,iopt,6,1.3420340225961,14.2857142857143
nominal,base,3,poisson,7,mean,1.43262179392952,cdopt,6,1.40402641806792,14.2857142857143
nominal,base,3,poisson,7,mean,1.43262179392952,ciopt,6,1.4021669115697,14.2857142857143
nominal,base,3,poisson,7,mean,1.43262179392952,random,18,1.43089843393296,-157.142857142857
nominal,base,3,poisson,7,p95,2.00440240085869,poisson,7,2.00440240085869,0
nominal,base,3,poisson,7,p95,2.00440240085869,human,8,1.98665883405906,-14.2857142857143
nominal,base,3,poisson,7,p95,2.00440240085869,dopt,6,1.87950099929815,14.2857142857143
nominal,base,3,poisson,7,p95,2.00440240085869,iopt,5,2.00024945312204,28.5714285714286
nominal,base,3,poisson,7,p95,2.00440240085869,cdopt,5,2.00024945312204,28.5714285714286
nominal,base,3,poisson,7,p95,2.00440240085869,ciopt,5,2.00024945312204,28.5714285714286
nominal,base,3,poisson,7,p95,2.00440240085869,random,18,1.96439804747728,-157.142857142857
nominal,base,3,poisson,8,mean,1.41929572662648,poisson,8,1.41929572662648,0
nominal,base,3,poisson,8,mean,1.41929572662648,human,11,1.35896166566023,-37.5
nominal,base,3,poisson,8,mean,1.41929572662648,dopt,6,1.3420340225961,25
nominal,base,3,poisson,8,mean,1.41929572662648,iopt,6,1.3420340225961,25
nominal,base,3,poisson,8,mean,1.41929572662648,cdopt,6,1.40402641806792,25
nominal,base,3,poisson,8,mean,1.41929572662648,ciopt,6,1.4021669115697,25
nominal,base,3,poisson,8,mean,1.41929572662648,random,19,1.41283331992106,-137.5
nominal,base,3,poisson,8,p95,1.9124835295875,poisson,8,1.9124835295875,0
nominal,base,3,poisson,8,p95,1.9124835295875,human,11,1.83417363405796,-37.5
nominal,base,3,poisson,8,p95,1.9124835295875,dopt,6,1.87950099929815,25
nominal,base,3,poisson,8,p95,1.9124835295875,iopt,6,1.87950099929815,25
nominal,base,3,poisson,8,p95,1.9124835295875,cdopt,6,1.89003082646061,25
nominal,base,3,poisson,8,p95,1.9124835295875,ciopt,6,1.86666310713827,25
nominal,base,3,poisson,8,p95,1.9124835295875,random,NaN,NaN,NaN
nominal,base,3,poisson,9,mean,1.66038565473455,poisson,6,1.59912602654108,33.3333333333333
nominal,base,3,poisson,9,mean,1.66038565473455,human,8,1.46988791494502,11.1111111111111
nominal,base,3,poisson,9,mean,1.66038565473455,dopt,5,1.50015793185022,44.4444444444444
nominal,base,3,poisson,9,mean,1.66038565473455,iopt,5,1.4942467707096,44.4444444444444
nominal,base,3,poisson,9,mean,1.66038565473455,cdopt,5,1.4942467707096,44.4444444444444
nominal,base,3,poisson,9,mean,1.66038565473455,ciopt,5,1.4942467707096,44.4444444444444
nominal,base,3,poisson,9,mean,1.66038565473455,random,15,1.57372160245989,-66.6666666666667
nominal,base,3,poisson,9,p95,2.4013481716515,poisson,6,2.27233765194517,33.3333333333333
nominal,base,3,poisson,9,p95,2.4013481716515,human,8,1.98665883405906,11.1111111111111
nominal,base,3,poisson,9,p95,2.4013481716515,dopt,5,2.07103465807408,44.4444444444444
nominal,base,3,poisson,9,p95,2.4013481716515,iopt,5,2.00024945312204,44.4444444444444
nominal,base,3,poisson,9,p95,2.4013481716515,cdopt,5,2.00024945312204,44.4444444444444
nominal,base,3,poisson,9,p95,2.4013481716515,ciopt,5,2.00024945312204,44.4444444444444
nominal,base,3,poisson,9,p95,2.4013481716515,random,15,2.22455044174357,-66.6666666666667
nominal,base,3,poisson,10,mean,1.27900822830704,poisson,10,1.27900822830704,0
nominal,base,3,poisson,10,mean,1.27900822830704,human,14,1.22655626066053,-40
nominal,base,3,poisson,10,mean,1.27900822830704,dopt,9,1.19291239979694,10
nominal,base,3,poisson,10,mean,1.27900822830704,iopt,7,1.22231778318291,30
nominal,base,3,poisson,10,mean,1.27900822830704,cdopt,7,1.27890812281095,30
nominal,base,3,poisson,10,mean,1.27900822830704,ciopt,7,1.27890812281095,30
nominal,base,3,poisson,10,mean,1.27900822830704,random,NaN,NaN,NaN
nominal,base,3,poisson,10,p95,1.70893583758092,poisson,10,1.70893583758092,0
nominal,base,3,poisson,10,p95,1.70893583758092,human,14,1.66496863384381,-40
nominal,base,3,poisson,10,p95,1.70893583758092,dopt,9,1.56708345812876,10
nominal,base,3,poisson,10,p95,1.70893583758092,iopt,7,1.59618191394341,30
nominal,base,3,poisson,10,p95,1.70893583758092,cdopt,7,1.66114037579386,30
nominal,base,3,poisson,10,p95,1.70893583758092,ciopt,7,1.66114037579386,30
nominal,base,3,poisson,10,p95,1.70893583758092,random,NaN,NaN,NaN
nominal,base,3,poisson,11,mean,1.57042124823771,poisson,7,1.43262179392952,36.3636363636364
nominal,base,3,poisson,11,mean,1.57042124823771,human,8,1.46988791494502,27.2727272727273
nominal,base,3,poisson,11,mean,1.57042124823771,dopt,5,1.50015793185022,54.5454545454545
nominal,base,3,poisson,11,mean,1.57042124823771,iopt,5,1.4942467707096,54.5454545454545
nominal,base,3,poisson,11,mean,1.57042124823771,cdopt,5,1.4942467707096,54.5454545454545
nominal,base,3,poisson,11,mean,1.57042124823771,ciopt,5,1.4942467707096,54.5454545454545
nominal,base,3,poisson,11,mean,1.57042124823771,random,17,1.50814661415682,-54.5454545454545
nominal,base,3,poisson,11,p95,2.26916540854948,poisson,7,2.00440240085869,36.3636363636364
nominal,base,3,poisson,11,p95,2.26916540854948,human,8,1.98665883405906,27.2727272727273
nominal,base,3,poisson,11,p95,2.26916540854948,dopt,5,2.07103465807408,54.5454545454545
nominal,base,3,poisson,11,p95,2.26916540854948,iopt,5,2.00024945312204,54.5454545454545
nominal,base,3,poisson,11,p95,2.26916540854948,cdopt,5,2.00024945312204,54.5454545454545
nominal,base,3,poisson,11,p95,2.26916540854948,ciopt,5,2.00024945312204,54.5454545454545
nominal,base,3,poisson,11,p95,2.26916540854948,random,15,2.22455044174357,-36.3636363636364
nominal,base,3,poisson,12,mean,1.19449958205487,poisson,12,1.19449958205487,0
nominal,base,3,poisson,12,mean,1.19449958205487,human,16,1.18571864834054,-33.3333333333333
nominal,base,3,poisson,12,mean,1.19449958205487,dopt,9,1.19291239979694,25
nominal,base,3,poisson,12,mean,1.19449958205487,iopt,10,1.16458164026974,16.6666666666667
nominal,base,3,poisson,12,mean,1.19449958205487,cdopt,11,1.13485839819248,8.33333333333333
nominal,base,3,poisson,12,mean,1.19449958205487,ciopt,11,1.16746500400901,8.33333333333333
nominal,base,3,poisson,12,mean,1.19449958205487,random,NaN,NaN,NaN
nominal,base,3,poisson,12,p95,1.55219443474863,poisson,12,1.55219443474863,0
nominal,base,3,poisson,12,p95,1.55219443474863,human,NaN,NaN,NaN
nominal,base,3,poisson,12,p95,1.55219443474863,dopt,11,1.43213449181338,8.33333333333333
nominal,base,3,poisson,12,p95,1.55219443474863,iopt,10,1.5093129637801,16.6666666666667
nominal,base,3,poisson,12,p95,1.55219443474863,cdopt,11,1.49491963574514,8.33333333333333
nominal,base,3,poisson,12,p95,1.55219443474863,ciopt,11,1.52212748500688,8.33333333333333
nominal,base,3,poisson,12,p95,1.55219443474863,random,NaN,NaN,NaN
nominal,base,3,poisson,13,mean,1.4123044023007,poisson,10,1.27900822830704,23.0769230769231
nominal,base,3,poisson,13,mean,1.4123044023007,human,11,1.35896166566023,15.3846153846154
nominal,base,3,poisson,13,mean,1.4123044023007,dopt,6,1.3420340225961,53.8461538461538
nominal,base,3,poisson,13,mean,1.4123044023007,iopt,6,1.3420340225961,53.8461538461538
nominal,base,3,poisson,13,mean,1.4123044023007,cdopt,6,1.40402641806792,53.8461538461538
nominal,base,3,poisson,13,mean,1.4123044023007,ciopt,6,1.4021669115697,53.8461538461538
nominal,base,3,poisson,13,mean,1.4123044023007,random,NaN,NaN,NaN
nominal,base,3,poisson,13,p95,2.06447174032429,poisson,7,2.00440240085869,46.1538461538462
nominal,base,3,poisson,13,p95,2.06447174032429,human,8,1.98665883405906,38.4615384615385
nominal,base,3,poisson,13,p95,2.06447174032429,dopt,6,1.87950099929815,53.8461538461538
nominal,base,3,poisson,13,p95,2.06447174032429,iopt,5,2.00024945312204,61.5384615384615
nominal,base,3,poisson,13,p95,2.06447174032429,cdopt,5,2.00024945312204,61.5384615384615
nominal,base,3,poisson,13,p95,2.06447174032429,ciopt,5,2.00024945312204,61.5384615384615
nominal,base,3,poisson,13,p95,2.06447174032429,random,18,1.96439804747728,-38.4615384615385
nominal,base,3,poisson,14,mean,1.13039749801807,poisson,14,1.13039749801807,0
nominal,base,3,poisson,14,mean,1.13039749801807,human,NaN,NaN,NaN
nominal,base,3,poisson,14,mean,1.13039749801807,dopt,11,1.09853240497843,21.4285714285714
nominal,base,3,poisson,14,mean,1.13039749801807,iopt,11,1.1019501358823,21.4285714285714
nominal,base,3,poisson,14,mean,1.13039749801807,cdopt,12,1.00651240701688,14.2857142857143
nominal,base,3,poisson,14,mean,1.13039749801807,ciopt,12,1.04912263734466,14.2857142857143
nominal,base,3,poisson,14,mean,1.13039749801807,random,NaN,NaN,NaN
nominal,base,3,poisson,14,p95,1.47462759228488,poisson,14,1.47462759228488,0
nominal,base,3,poisson,14,p95,1.47462759228488,human,NaN,NaN,NaN
nominal,base,3,poisson,14,p95,1.47462759228488,dopt,11,1.43213449181338,21.4285714285714
nominal,base,3,poisson,14,p95,1.47462759228488,iopt,11,1.42186331013229,21.4285714285714
nominal,base,3,poisson,14,p95,1.47462759228488,cdopt,12,1.32881515042959,14.2857142857143
nominal,base,3,poisson,14,p95,1.47462759228488,ciopt,12,1.38501026110766,14.2857142857143
nominal,base,3,poisson,14,p95,1.47462759228488,random,NaN,NaN,NaN
nominal,base,3,poisson,15,mean,1.05006507257037,poisson,15,1.05006507257037,0
nominal,base,3,poisson,15,mean,1.05006507257037,human,NaN,NaN,NaN
nominal,base,3,poisson,15,mean,1.05006507257037,dopt,14,1.04696769779005,6.66666666666667
nominal,base,3,poisson,15,mean,1.05006507257037,iopt,14,1.04696769779005,6.66666666666667
nominal,base,3,poisson,15,mean,1.05006507257037,cdopt,12,1.00651240701688,20
nominal,base,3,poisson,15,mean,1.05006507257037,ciopt,12,1.04912263734466,20
nominal,base,3,poisson,15,mean,1.05006507257037,random,NaN,NaN,NaN
nominal,base,3,poisson,15,p95,1.35115591374813,poisson,15,1.35115591374813,0
nominal,base,3,poisson,15,p95,1.35115591374813,human,NaN,NaN,NaN
nominal,base,3,poisson,15,p95,1.35115591374813,dopt,14,1.34555081632299,6.66666666666667
nominal,base,3,poisson,15,p95,1.35115591374813,iopt,12,1.35094002182992,20
nominal,base,3,poisson,15,p95,1.35115591374813,cdopt,12,1.32881515042959,20
nominal,base,3,poisson,15,p95,1.35115591374813,ciopt,13,1.31995425242064,13.3333333333333
nominal,base,3,poisson,15,p95,1.35115591374813,random,NaN,NaN,NaN
nominal,base,3,poisson,16,mean,1.26820998906167,poisson,12,1.19449958205487,25
nominal,base,3,poisson,16,mean,1.26820998906167,human,14,1.22655626066053,12.5
nominal,base,3,poisson,16,mean,1.26820998906167,dopt,9,1.19291239979694,43.75
nominal,base,3,poisson,16,mean,1.26820998906167,iopt,7,1.22231778318291,56.25
nominal,base,3,poisson,16,mean,1.26820998906167,cdopt,10,1.20456167104904,37.5
nominal,base,3,poisson,16,mean,1.26820998906167,ciopt,10,1.21165072437166,37.5
nominal,base,3,poisson,16,mean,1.26820998906167,random,NaN,NaN,NaN
nominal,base,3,poisson,16,p95,1.72083956403856,poisson,10,1.70893583758092,37.5
nominal,base,3,poisson,16,p95,1.72083956403856,human,14,1.66496863384381,12.5
nominal,base,3,poisson,16,p95,1.72083956403856,dopt,9,1.56708345812876,43.75
nominal,base,3,poisson,16,p95,1.72083956403856,iopt,7,1.59618191394341,56.25
nominal,base,3,poisson,16,p95,1.72083956403856,cdopt,7,1.66114037579386,56.25
nominal,base,3,poisson,16,p95,1.72083956403856,ciopt,7,1.66114037579386,56.25
nominal,base,3,poisson,16,p95,1.72083956403856,random,NaN,NaN,NaN
nominal,base,3,poisson,17,mean,1.07328089103541,poisson,15,1.05006507257037,11.7647058823529
nominal,base,3,poisson,17,mean,1.07328089103541,human,NaN,NaN,NaN
nominal,base,3,poisson,17,mean,1.07328089103541,dopt,13,1.067695608626,23.5294117647059
nominal,base,3,poisson,17,mean,1.07328089103541,iopt,12,1.05923152071886,29.4117647058824
nominal,base,3,poisson,17,mean,1.07328089103541,cdopt,12,1.00651240701688,29.4117647058824
nominal,base,3,poisson,17,mean,1.07328089103541,ciopt,12,1.04912263734466,29.4117647058824
nominal,base,3,poisson,17,mean,1.07328089103541,random,NaN,NaN,NaN
nominal,base,3,poisson,17,p95,1.41701424972382,poisson,15,1.35115591374813,11.7647058823529
nominal,base,3,poisson,17,p95,1.41701424972382,human,NaN,NaN,NaN
nominal,base,3,poisson,17,p95,1.41701424972382,dopt,12,1.39969793213129,29.4117647058824
nominal,base,3,poisson,17,p95,1.41701424972382,iopt,12,1.35094002182992,29.4117647058824
nominal,base,3,poisson,17,p95,1.41701424972382,cdopt,12,1.32881515042959,29.4117647058824
nominal,base,3,poisson,17,p95,1.41701424972382,ciopt,12,1.38501026110766,29.4117647058824
nominal,base,3,poisson,17,p95,1.41701424972382,random,NaN,NaN,NaN
nominal,base,3,poisson,18,mean,1.19983670778352,poisson,12,1.19449958205487,33.3333333333333
nominal,base,3,poisson,18,mean,1.19983670778352,human,16,1.18571864834054,11.1111111111111
nominal,base,3,poisson,18,mean,1.19983670778352,dopt,9,1.19291239979694,50
nominal,base,3,poisson,18,mean,1.19983670778352,iopt,10,1.16458164026974,44.4444444444444
nominal,base,3,poisson,18,mean,1.19983670778352,cdopt,11,1.13485839819248,38.8888888888889
nominal,base,3,poisson,18,mean,1.19983670778352,ciopt,11,1.16746500400901,38.8888888888889
nominal,base,3,poisson,18,mean,1.19983670778352,random,NaN,NaN,NaN
nominal,base,3,poisson,18,p95,1.67109767805365,poisson,12,1.55219443474863,33.3333333333333
nominal,base,3,poisson,18,p95,1.67109767805365,human,14,1.66496863384381,22.2222222222222
nominal,base,3,poisson,18,p95,1.67109767805365,dopt,9,1.56708345812876,50
nominal,base,3,poisson,18,p95,1.67109767805365,iopt,7,1.59618191394341,61.1111111111111
nominal,base,3,poisson,18,p95,1.67109767805365,cdopt,7,1.66114037579386,61.1111111111111
nominal,base,3,poisson,18,p95,1.67109767805365,ciopt,7,1.66114037579386,61.1111111111111
nominal,base,3,poisson,18,p95,1.67109767805365,random,NaN,NaN,NaN
nominal,base,3,poisson,19,mean,1.19766255897064,poisson,12,1.19449958205487,36.8421052631579
nominal,base,3,poisson,19,mean,1.19766255897064,human,16,1.18571864834054,15.7894736842105
nominal,base,3,poisson,19,mean,1.19766255897064,dopt,9,1.19291239979694,52.6315789473684
nominal,base,3,poisson,19,mean,1.19766255897064,iopt,10,1.16458164026974,47.3684210526316
nominal,base,3,poisson,19,mean,1.19766255897064,cdopt,11,1.13485839819248,42.1052631578947
nominal,base,3,poisson,19,mean,1.19766255897064,ciopt,11,1.16746500400901,42.1052631578947
nominal,base,3,poisson,19,mean,1.19766255897064,random,NaN,NaN,NaN
nominal,base,3,poisson,19,p95,1.63514669850743,poisson,12,1.55219443474863,36.8421052631579
nominal,base,3,poisson,19,p95,1.63514669850743,human,16,1.59216603404536,15.7894736842105
nominal,base,3,poisson,19,p95,1.63514669850743,dopt,9,1.56708345812876,52.6315789473684
nominal,base,3,poisson,19,p95,1.63514669850743,iopt,7,1.59618191394341,63.1578947368421
nominal,base,3,poisson,19,p95,1.63514669850743,cdopt,10,1.57314441328025,47.3684210526316
nominal,base,3,poisson,19,p95,1.63514669850743,ciopt,10,1.60989479432197,47.3684210526316
nominal,base,3,poisson,19,p95,1.63514669850743,random,NaN,NaN,NaN
nominal,base,4,human,4,mean,1486.9789548935,poisson,5,4.46319560150089,-25
nominal,base,4,human,4,mean,1486.9789548935,human,4,1486.9789548935,0
nominal,base,4,human,4,mean,1486.9789548935,dopt,4,9.25789709637928,0
nominal,base,4,human,4,mean,1486.9789548935,iopt,4,6.79962443800896,0
nominal,base,4,human,4,mean,1486.9789548935,cdopt,4,9.44783567333003,0
nominal,base,4,human,4,mean,1486.9789548935,ciopt,4,6.86083633778292,0
nominal,base,4,human,4,mean,1486.9789548935,random,4,209.537877804627,0
nominal,base,4,human,4,p95,2877.83686958556,poisson,5,7.8875887968602,-25
nominal,base,4,human,4,p95,2877.83686958556,human,4,2877.83686958556,0
nominal,base,4,human,4,p95,2877.83686958556,dopt,4,17.056225775956,0
nominal,base,4,human,4,p95,2877.83686958556,iopt,4,10.371374647381,0
nominal,base,4,human,4,p95,2877.83686958556,cdopt,4,17.3529024406912,0
nominal,base,4,human,4,p95,2877.83686958556,ciopt,4,10.9396595931256,0
nominal,base,4,human,4,p95,2877.83686958556,random,4,397.143042719948,0
nominal,base,4,human,5,mean,7.9205275709251,poisson,5,4.46319560150089,0
nominal,base,4,human,5,mean,7.9205275709251,human,5,7.9205275709251,0
nominal,base,4,human,5,mean,7.9205275709251,dopt,5,2.21867045745291,0
nominal,base,4,human,5,mean,7.9205275709251,iopt,4,6.79962443800896,20
nominal,base,4,human,5,mean,7.9205275709251,cdopt,5,2.46285814163582,0
nominal,base,4,human,5,mean,7.9205275709251,ciopt,4,6.86083633778292,20
nominal,base,4,human,5,mean,7.9205275709251,random,8,6.27820169000674,-60
nominal,base,4,human,5,p95,12.6495862116395,poisson,5,7.8875887968602,0
nominal,base,4,human,5,p95,12.6495862116395,human,5,12.6495862116395,0
nominal,base,4,human,5,p95,12.6495862116395,dopt,5,3.57777903704719,0
nominal,base,4,human,5,p95,12.6495862116395,iopt,4,10.371374647381,20
nominal,base,4,human,5,p95,12.6495862116395,cdopt,5,3.88060052459006,0
nominal,base,4,human,5,p95,12.6495862116395,ciopt,4,10.9396595931256,20
nominal,base,4,human,5,p95,12.6495862116395,random,8,11.25271015035,-60
nominal,base,4,human,6,mean,4.14849948037163,poisson,6,2.06219814396646,0
nominal,base,4,human,6,mean,4.14849948037163,human,6,4.14849948037163,0
nominal,base,4,human,6,mean,4.14849948037163,dopt,5,2.21867045745291,16.6666666666667
nominal,base,4,human,6,mean,4.14849948037163,iopt,5,2.16289194203812,16.6666666666667
nominal,base,4,human,6,mean,4.14849948037163,cdopt,5,2.46285814163582,16.6666666666667
nominal,base,4,human,6,mean,4.14849948037163,ciopt,5,2.12181827403435,16.6666666666667
nominal,base,4,human,6,mean,4.14849948037163,random,10,4.0961658119715,-66.6666666666667
nominal,base,4,human,6,p95,6.41053874075399,poisson,6,3.0897791334092,0
nominal,base,4,human,6,p95,6.41053874075399,human,6,6.41053874075399,0
nominal,base,4,human,6,p95,6.41053874075399,dopt,5,3.57777903704719,16.6666666666667
nominal,base,4,human,6,p95,6.41053874075399,iopt,5,3.2366602046412,16.6666666666667
nominal,base,4,human,6,p95,6.41053874075399,cdopt,5,3.88060052459006,16.6666666666667
nominal,base,4,human,6,p95,6.41053874075399,ciopt,5,3.0616940504515,16.6666666666667
nominal,base,4,human,6,p95,6.41053874075399,random,11,5.19511635346724,-83.3333333333333
nominal,base,4,human,7,mean,3.77705736200414,poisson,6,2.06219814396646,14.2857142857143
nominal,base,4,human,7,mean,3.77705736200414,human,7,3.77705736200414,0
nominal,base,4,human,7,mean,3.77705736200414,dopt,5,2.21867045745291,28.5714285714286
nominal,base,4,human,7,mean,3.77705736200414,iopt,5,2.16289194203812,28.5714285714286
nominal,base,4,human,7,mean,3.77705736200414,cdopt,5,2.46285814163582,28.5714285714286
nominal,base,4,human,7,mean,3.77705736200414,ciopt,5,2.12181827403435,28.5714285714286
nominal,base,4,human,7,mean,3.77705736200414,random,11,3.1614468695051,-57.1428571428571
nominal,base,4,human,7,p95,5.85403681802269,poisson,6,3.0897791334092,14.2857142857143
nominal,base,4,human,7,p95,5.85403681802269,human,7,5.85403681802269,0
nominal,base,4,human,7,p95,5.85403681802269,dopt,5,3.57777903704719,28.5714285714286
nominal,base,4,human,7,p95,5.85403681802269,iopt,5,3.2366602046412,28.5714285714286
nominal,base,4,human,7,p95,5.85403681802269,cdopt,5,3.88060052459006,28.5714285714286
nominal,base,4,human,7,p95,5.85403681802269,ciopt,5,3.0616940504515,28.5714285714286
nominal,base,4,human,7,p95,5.85403681802269,random,11,5.19511635346724,-57.1428571428571
nominal,base,4,human,8,mean,1.67482504575649,poisson,7,1.65337803712591,12.5
nominal,base,4,human,8,mean,1.67482504575649,human,8,1.67482504575649,0
nominal,base,4,human,8,mean,1.67482504575649,dopt,6,1.42907381204672,25
nominal,base,4,human,8,mean,1.67482504575649,iopt,6,1.42907381204672,25
nominal,base,4,human,8,mean,1.67482504575649,cdopt,6,1.54473330616577,25
nominal,base,4,human,8,mean,1.67482504575649,ciopt,6,1.54473330616577,25
nominal,base,4,human,8,mean,1.67482504575649,random,19,1.60317805104549,-137.5
nominal,base,4,human,8,p95,2.29993260065126,poisson,8,2.18032589256136,0
nominal,base,4,human,8,p95,2.29993260065126,human,8,2.29993260065126,0
nominal,base,4,human,8,p95,2.29993260065126,dopt,6,1.90913121656245,25
nominal,base,4,human,8,p95,2.29993260065126,iopt,6,1.90913121656245,25
nominal,base,4,human,8,p95,2.29993260065126,cdopt,6,2.0812127590374,25
nominal,base,4,human,8,p95,2.29993260065126,ciopt,6,2.0812127590374,25
nominal,base,4,human,8,p95,2.29993260065126,random,NaN,NaN,NaN
nominal,base,4,human,9,mean,1.60059965564437,poisson,8,1.54583001434033,11.1111111111111
nominal,base,4,human,9,mean,1.60059965564437,human,9,1.60059965564437,0
nominal,base,4,human,9,mean,1.60059965564437,dopt,6,1.42907381204672,33.3333333333333
nominal,base,4,human,9,mean,1.60059965564437,iopt,6,1.42907381204672,33.3333333333333
nominal,base,4,human,9,mean,1.60059965564437,cdopt,6,1.54473330616577,33.3333333333333
nominal,base,4,human,9,mean,1.60059965564437,ciopt,6,1.54473330616577,33.3333333333333
nominal,base,4,human,9,mean,1.60059965564437,random,NaN,NaN,NaN
nominal,base,4,human,9,p95,2.17699271047647,poisson,10,1.7965696173263,-11.1111111111111
nominal,base,4,human,9,p95,2.17699271047647,human,9,2.17699271047647,0
nominal,base,4,human,9,p95,2.17699271047647,dopt,6,1.90913121656245,33.3333333333333
nominal,base,4,human,9,p95,2.17699271047647,iopt,6,1.90913121656245,33.3333333333333
nominal,base,4,human,9,p95,2.17699271047647,cdopt,6,2.0812127590374,33.3333333333333
nominal,base,4,human,9,p95,2.17699271047647,ciopt,6,2.0812127590374,33.3333333333333
nominal,base,4,human,9,p95,2.17699271047647,random,NaN,NaN,NaN
nominal,base,4,human,10,mean,1.6339134606426,poisson,8,1.54583001434033,20
nominal,base,4,human,10,mean,1.6339134606426,human,9,1.60059965564437,10
nominal,base,4,human,10,mean,1.6339134606426,dopt,6,1.42907381204672,40
nominal,base,4,human,10,mean,1.6339134606426,iopt,6,1.42907381204672,40
nominal,base,4,human,10,mean,1.6339134606426,cdopt,6,1.54473330616577,40
nominal,base,4,human,10,mean,1.6339134606426,ciopt,6,1.54473330616577,40
nominal,base,4,human,10,mean,1.6339134606426,random,19,1.60317805104549,-90
nominal,base,4,human,10,p95,2.23297349506686,poisson,8,2.18032589256136,20
nominal,base,4,human,10,p95,2.23297349506686,human,9,2.17699271047647,10
nominal,base,4,human,10,p95,2.23297349506686,dopt,6,1.90913121656245,40
nominal,base,4,human,10,p95,2.23297349506686,iopt,6,1.90913121656245,40
nominal,base,4,human,10,p95,2.23297349506686,cdopt,6,2.0812127590374,40
nominal,base,4,human,10,p95,2.23297349506686,ciopt,6,2.0812127590374,40
nominal,base,4,human,10,p95,2.23297349506686,random,NaN,NaN,NaN
nominal,base,4,human,11,mean,1.47183568623266,poisson,10,1.31959655318632,9.09090909090909
nominal,base,4,human,11,mean,1.47183568623266,human,11,1.47183568623266,0
nominal,base,4,human,11,mean,1.47183568623266,dopt,6,1.42907381204672,45.4545454545455
nominal,base,4,human,11,mean,1.47183568623266,iopt,6,1.42907381204672,45.4545454545455
nominal,base,4,human,11,mean,1.47183568623266,cdopt,7,1.30345127217398,36.3636363636364
nominal,base,4,human,11,mean,1.47183568623266,ciopt,7,1.30859043872778,36.3636363636364
nominal,base,4,human,11,mean,1.47183568623266,random,NaN,NaN,NaN
nominal,base,4,human,11,p95,2.01411481462783,poisson,10,1.7965696173263,9.09090909090909
nominal,base,4,human,11,p95,2.01411481462783,human,11,2.01411481462783,0
nominal,base,4,human,11,p95,2.01411481462783,dopt,6,1.90913121656245,45.4545454545455
nominal,base,4,human,11,p95,2.01411481462783,iopt,6,1.90913121656245,45.4545454545455
nominal,base,4,human,11,p95,2.01411481462783,cdopt,7,1.7222545196082,36.3636363636364
nominal,base,4,human,11,p95,2.01411481462783,ciopt,7,1.73834607041199,36.3636363636364
nominal,base,4,human,11,p95,2.01411481462783,random,NaN,NaN,NaN
nominal,base,4,human,12,mean,1.54799239591591,poisson,8,1.54583001434033,33.3333333333333
nominal,base,4,human,12,mean,1.54799239591591,human,11,1.47183568623266,8.33333333333333
nominal,base,4,human,12,mean,1.54799239591591,dopt,6,1.42907381204672,50
nominal,base,4,human,12,mean,1.54799239591591,iopt,6,1.42907381204672,50
nominal,base,4,human,12,mean,1.54799239591591,cdopt,6,1.54473330616577,50
nominal,base,4,human,12,mean,1.54799239591591,ciopt,6,1.54473330616577,50
nominal,base,4,human,12,mean,1.54799239591591,random,NaN,NaN,NaN
nominal,base,4,human,12,p95,2.12394719123365,poisson,10,1.7965696173263,16.6666666666667
nominal,base,4,human,12,p95,2.12394719123365,human,11,2.01411481462783,8.33333333333333
nominal,base,4,human,12,p95,2.12394719123365,dopt,6,1.90913121656245,50
nominal,base,4,human,12,p95,2.12394719123365,iopt,6,1.90913121656245,50
nominal,base,4,human,12,p95,2.12394719123365,cdopt,6,2.0812127590374,50
nominal,base,4,human,12,p95,2.12394719123365,ciopt,6,2.0812127590374,50
nominal,base,4,human,12,p95,2.12394719123365,random,NaN,NaN,NaN
nominal,base,4,human,13,mean,1.45129281765862,poisson,10,1.31959655318632,23.0769230769231
nominal,base,4,human,13,mean,1.45129281765862,human,13,1.45129281765862,0
nominal,base,4,human,13,mean,1.45129281765862,dopt,6,1.42907381204672,53.8461538461538
nominal,base,4,human,13,mean,1.45129281765862,iopt,6,1.42907381204672,53.8461538461538
nominal,base,4,human,13,mean,1.45129281765862,cdopt,7,1.30345127217398,46.1538461538462
nominal,base,4,human,13,mean,1.45129281765862,ciopt,7,1.30859043872778,46.1538461538462
nominal,base,4,human,13,mean,1.45129281765862,random,NaN,NaN,NaN
nominal,base,4,human,13,p95,1.95019350250799,poisson,10,1.7965696173263,23.0769230769231
nominal,base,4,human,13,p95,1.95019350250799,human,13,1.95019350250799,0
nominal,base,4,human,13,p95,1.95019350250799,dopt,6,1.90913121656245,53.8461538461538
nominal,base,4,human,13,p95,1.95019350250799,iopt,6,1.90913121656245,53.8461538461538
nominal,base,4,human,13,p95,1.95019350250799,cdopt,7,1.7222545196082,46.1538461538462
nominal,base,4,human,13,p95,1.95019350250799,ciopt,7,1.73834607041199,46.1538461538462
nominal,base,4,human,13,p95,1.95019350250799,random,NaN,NaN,NaN
nominal,base,4,human,14,mean,1.34263266220895,poisson,10,1.31959655318632,28.5714285714286
nominal,base,4,human,14,mean,1.34263266220895,human,14,1.34263266220895,0
nominal,base,4,human,14,mean,1.34263266220895,dopt,7,1.22839942972337,50
nominal,base,4,human,14,mean,1.34263266220895,iopt,7,1.22839942972337,50
nominal,base,4,human,14,mean,1.34263266220895,cdopt,7,1.30345127217398,50
nominal,base,4,human,14,mean,1.34263266220895,ciopt,7,1.30859043872778,50
nominal,base,4,human,14,mean,1.34263266220895,random,NaN,NaN,NaN
nominal,base,4,human,14,p95,1.83538168333474,poisson,10,1.7965696173263,28.5714285714286
nominal,base,4,human,14,p95,1.83538168333474,human,14,1.83538168333474,0
nominal,base,4,human,14,p95,1.83538168333474,dopt,7,1.6056013660243,50
nominal,base,4,human,14,p95,1.83538168333474,iopt,7,1.6056013660243,50
nominal,base,4,human,14,p95,1.83538168333474,cdopt,7,1.7222545196082,50
nominal,base,4,human,14,p95,1.83538168333474,ciopt,7,1.73834607041199,50
nominal,base,4,human,14,p95,1.83538168333474,random,NaN,NaN,NaN
nominal,base,4,human,15,mean,1.29670030767346,poisson,12,1.16161891902995,20
nominal,base,4,human,15,mean,1.29670030767346,human,15,1.29670030767346,0
nominal,base,4,human,15,mean,1.29670030767346,dopt,7,1.22839942972337,53.3333333333333
nominal,base,4,human,15,mean,1.29670030767346,iopt,7,1.22839942972337,53.3333333333333
nominal,base,4,human,15,mean,1.29670030767346,cdopt,8,1.26020743731222,46.6666666666667
nominal,base,4,human,15,mean,1.29670030767346,ciopt,8,1.27081315653315,46.6666666666667
nominal,base,4,human,15,mean,1.29670030767346,random,NaN,NaN,NaN
nominal,base,4,human,15,p95,1.75647298077291,poisson,12,1.53714384069451,20
nominal,base,4,human,15,p95,1.75647298077291,human,15,1.75647298077291,0
nominal,base,4,human,15,p95,1.75647298077291,dopt,7,1.6056013660243,53.3333333333333
nominal,base,4,human,15,p95,1.75647298077291,iopt,7,1.6056013660243,53.3333333333333
nominal,base,4,human,15,p95,1.75647298077291,cdopt,7,1.7222545196082,53.3333333333333
nominal,base,4,human,15,p95,1.75647298077291,ciopt,7,1.73834607041199,53.3333333333333
nominal,base,4,human,15,p95,1.75647298077291,random,NaN,NaN,NaN
nominal,base,4,human,16,mean,1.24464496095186,poisson,12,1.16161891902995,25
nominal,base,4,human,16,mean,1.24464496095186,human,16,1.24464496095186,0
nominal,base,4,human,16,mean,1.24464496095186,dopt,7,1.22839942972337,56.25
nominal,base,4,human,16,mean,1.24464496095186,iopt,7,1.22839942972337,56.25
nominal,base,4,human,16,mean,1.24464496095186,cdopt,9,1.2290482562437,43.75
nominal,base,4,human,16,mean,1.24464496095186,ciopt,10,1.15320798140094,37.5
nominal,base,4,human,16,mean,1.24464496095186,random,NaN,NaN,NaN
nominal,base,4,human,16,p95,1.68363300116292,poisson,12,1.53714384069451,25
nominal,base,4,human,16,p95,1.68363300116292,human,16,1.68363300116292,0
nominal,base,4,human,16,p95,1.68363300116292,dopt,7,1.6056013660243,56.25
nominal,base,4,human,16,p95,1.68363300116292,iopt,7,1.6056013660243,56.25
nominal,base,4,human,16,p95,1.68363300116292,cdopt,8,1.65193923801984,50
nominal,base,4,human,16,p95,1.68363300116292,ciopt,8,1.68148575449419,50
nominal,base,4,human,16,p95,1.68363300116292,random,NaN,NaN,NaN
nominal,base,4,human,17,mean,1.22529431061767,poisson,12,1.16161891902995,29.4117647058824
nominal,base,4,human,17,mean,1.22529431061767,human,17,1.22529431061767,0
nominal,base,4,human,17,mean,1.22529431061767,dopt,8,1.17755598069311,52.9411764705882
nominal,base,4,human,17,mean,1.22529431061767,iopt,8,1.20338173654023,52.9411764705882
nominal,base,4,human,17,mean,1.22529431061767,cdopt,10,1.14613880081573,41.1764705882353
nominal,base,4,human,17,mean,1.22529431061767,ciopt,10,1.15320798140094,41.1764705882353
nominal,base,4,human,17,mean,1.22529431061767,random,NaN,NaN,NaN
nominal,base,4,human,17,p95,1.70277332737929,poisson,12,1.53714384069451,29.4117647058824
nominal,base,4,human,17,p95,1.70277332737929,human,16,1.68363300116292,5.88235294117647
nominal,base,4,human,17,p95,1.70277332737929,dopt,7,1.6056013660243,58.8235294117647
nominal,base,4,human,17,p95,1.70277332737929,iopt,7,1.6056013660243,58.8235294117647
nominal,base,4,human,17,p95,1.70277332737929,cdopt,8,1.65193923801984,52.9411764705882
nominal,base,4,human,17,p95,1.70277332737929,ciopt,8,1.68148575449419,52.9411764705882
nominal,base,4,human,17,p95,1.70277332737929,random,NaN,NaN,NaN
nominal,base,4,human,18,mean,1.17083003735003,poisson,12,1.16161891902995,33.3333333333333
nominal,base,4,human,18,mean,1.17083003735003,human,18,1.17083003735003,0
nominal,base,4,human,18,mean,1.17083003735003,dopt,9,1.14130485735539,50
nominal,base,4,human,18,mean,1.17083003735003,iopt,9,1.14130485735539,50
nominal,base,4,human,18,mean,1.17083003735003,cdopt,10,1.14613880081573,44.4444444444444
nominal,base,4,human,18,mean,1.17083003735003,ciopt,10,1.15320798140094,44.4444444444444
nominal,base,4,human,18,mean,1.17083003735003,random,NaN,NaN,NaN
nominal,base,4,human,18,p95,1.59204006248367,poisson,12,1.53714384069451,33.3333333333333
nominal,base,4,human,18,p95,1.59204006248367,human,18,1.59204006248367,0
nominal,base,4,human,18,p95,1.59204006248367,dopt,8,1.53645836068522,55.5555555555556
nominal,base,4,human,18,p95,1.59204006248367,iopt,9,1.52924535477051,50
nominal,base,4,human,18,p95,1.59204006248367,cdopt,10,1.512388148541,44.4444444444444
nominal,base,4,human,18,p95,1.59204006248367,ciopt,10,1.53841511791951,44.4444444444444
nominal,base,4,human,18,p95,1.59204006248367,random,NaN,NaN,NaN
nominal,base,4,human,19,mean,1.35094896006789,poisson,10,1.31959655318632,47.3684210526316
nominal,base,4,human,19,mean,1.35094896006789,human,14,1.34263266220895,26.3157894736842
nominal,base,4,human,19,mean,1.35094896006789,dopt,7,1.22839942972337,63.1578947368421
nominal,base,4,human,19,mean,1.35094896006789,iopt,7,1.22839942972337,63.1578947368421
nominal,base,4,human,19,mean,1.35094896006789,cdopt,7,1.30345127217398,63.1578947368421
nominal,base,4,human,19,mean,1.35094896006789,ciopt,7,1.30859043872778,63.1578947368421
nominal,base,4,human,19,mean,1.35094896006789,random,NaN,NaN,NaN
nominal,base,4,human,19,p95,1.84237655438261,poisson,10,1.7965696173263,47.3684210526316
nominal,base,4,human,19,p95,1.84237655438261,human,14,1.83538168333474,26.3157894736842
nominal,base,4,human,19,p95,1.84237655438261,dopt,7,1.6056013660243,63.1578947368421
nominal,base,4,human,19,p95,1.84237655438261,iopt,7,1.6056013660243,63.1578947368421
nominal,base,4,human,19,p95,1.84237655438261,cdopt,7,1.7222545196082,63.1578947368421
nominal,base,4,human,19,p95,1.84237655438261,ciopt,7,1.73834607041199,63.1578947368421
nominal,base,4,human,19,p95,1.84237655438261,random,NaN,NaN,NaN
nominal,base,4,random,4,mean,209.537877804627,poisson,5,4.46319560150089,-25
nominal,base,4,random,4,mean,209.537877804627,human,5,7.9205275709251,-25
nominal,base,4,random,4,mean,209.537877804627,dopt,4,9.25789709637928,0
nominal,base,4,random,4,mean,209.537877804627,iopt,4,6.79962443800896,0
nominal,base,4,random,4,mean,209.537877804627,cdopt,4,9.44783567333003,0
nominal,base,4,random,4,mean,209.537877804627,ciopt,4,6.86083633778292,0
nominal,base,4,random,4,mean,209.537877804627,random,4,209.537877804627,0
nominal,base,4,random,4,p95,397.143042719948,poisson,5,7.8875887968602,-25
nominal,base,4,random,4,p95,397.143042719948,human,5,12.6495862116395,-25
nominal,base,4,random,4,p95,397.143042719948,dopt,4,17.056225775956,0
nominal,base,4,random,4,p95,397.143042719948,iopt,4,10.371374647381,0
nominal,base,4,random,4,p95,397.143042719948,cdopt,4,17.3529024406912,0
nominal,base,4,random,4,p95,397.143042719948,ciopt,4,10.9396595931256,0
nominal,base,4,random,4,p95,397.143042719948,random,4,397.143042719948,0
nominal,base,4,random,5,mean,39.0073249784262,poisson,5,4.46319560150089,0
nominal,base,4,random,5,mean,39.0073249784262,human,5,7.9205275709251,0
nominal,base,4,random,5,mean,39.0073249784262,dopt,4,9.25789709637928,20
nominal,base,4,random,5,mean,39.0073249784262,iopt,4,6.79962443800896,20
nominal,base,4,random,5,mean,39.0073249784262,cdopt,4,9.44783567333003,20
nominal,base,4,random,5,mean,39.0073249784262,ciopt,4,6.86083633778292,20
nominal,base,4,random,5,mean,39.0073249784262,random,5,39.0073249784262,0
nominal,base,4,random,5,p95,67.8068444796205,poisson,5,7.8875887968602,0
nominal,base,4,random,5,p95,67.8068444796205,human,5,12.6495862116395,0
nominal,base,4,random,5,p95,67.8068444796205,dopt,4,17.056225775956,20
nominal,base,4,random,5,p95,67.8068444796205,iopt,4,10.371374647381,20
nominal,base,4,random,5,p95,67.8068444796205,cdopt,4,17.3529024406912,20
nominal,base,4,random,5,p95,67.8068444796205,ciopt,4,10.9396595931256,20
nominal,base,4,random,5,p95,67.8068444796205,random,5,67.8068444796205,0
nominal,base,4,random,6,mean,14.0181037101548,poisson,5,4.46319560150089,16.6666666666667
nominal,base,4,random,6,mean,14.0181037101548,human,5,7.9205275709251,16.6666666666667
nominal,base,4,random,6,mean,14.0181037101548,dopt,4,9.25789709637928,33.3333333333333
nominal,base,4,random,6,mean,14.0181037101548,iopt,4,6.79962443800896,33.3333333333333
nominal,base,4,random,6,mean,14.0181037101548,cdopt,4,9.44783567333003,33.3333333333333
nominal,base,4,random,6,mean,14.0181037101548,ciopt,4,6.86083633778292,33.3333333333333
nominal,base,4,random,6,mean,14.0181037101548,random,6,14.0181037101548,0
nominal,base,4,random,6,p95,25.2846544042646,poisson,5,7.8875887968602,16.6666666666667
nominal,base,4,random,6,p95,25.2846544042646,human,5,12.6495862116395,16.6666666666667
nominal,base,4,random,6,p95,25.2846544042646,dopt,4,17.056225775956,33.3333333333333
nominal,base,4,random,6,p95,25.2846544042646,iopt,4,10.371374647381,33.3333333333333
nominal,base,4,random,6,p95,25.2846544042646,cdopt,4,17.3529024406912,33.3333333333333
nominal,base,4,random,6,p95,25.2846544042646,ciopt,4,10.9396595931256,33.3333333333333
nominal,base,4,random,6,p95,25.2846544042646,random,6,25.2846544042646,0
nominal,base,4,random,7,mean,8.20839353106038,poisson,5,4.46319560150089,28.5714285714286
nominal,base,4,random,7,mean,8.20839353106038,human,5,7.9205275709251,28.5714285714286
nominal,base,4,random,7,mean,8.20839353106038,dopt,5,2.21867045745291,28.5714285714286
nominal,base,4,random,7,mean,8.20839353106038,iopt,4,6.79962443800896,42.8571428571429
nominal,base,4,random,7,mean,8.20839353106038,cdopt,5,2.46285814163582,28.5714285714286
nominal,base,4,random,7,mean,8.20839353106038,ciopt,4,6.86083633778292,42.8571428571429
nominal,base,4,random,7,mean,8.20839353106038,random,7,8.20839353106038,0
nominal,base,4,random,7,p95,12.8533268933377,poisson,5,7.8875887968602,28.5714285714286
nominal,base,4,random,7,p95,12.8533268933377,human,5,12.6495862116395,28.5714285714286
nominal,base,4,random,7,p95,12.8533268933377,dopt,5,3.57777903704719,28.5714285714286
nominal,base,4,random,7,p95,12.8533268933377,iopt,4,10.371374647381,42.8571428571429
nominal,base,4,random,7,p95,12.8533268933377,cdopt,5,3.88060052459006,28.5714285714286
nominal,base,4,random,7,p95,12.8533268933377,ciopt,4,10.9396595931256,42.8571428571429
nominal,base,4,random,7,p95,12.8533268933377,random,7,12.8533268933377,0
nominal,base,4,random,8,mean,6.27820169000674,poisson,5,4.46319560150089,37.5
nominal,base,4,random,8,mean,6.27820169000674,human,6,4.14849948037163,25
nominal,base,4,random,8,mean,6.27820169000674,dopt,5,2.21867045745291,37.5
nominal,base,4,random,8,mean,6.27820169000674,iopt,5,2.16289194203812,37.5
nominal,base,4,random,8,mean,6.27820169000674,cdopt,5,2.46285814163582,37.5
nominal,base,4,random,8,mean,6.27820169000674,ciopt,5,2.12181827403435,37.5
nominal,base,4,random,8,mean,6.27820169000674,random,8,6.27820169000674,0
nominal,base,4,random,8,p95,11.25271015035,poisson,5,7.8875887968602,37.5
nominal,base,4,random,8,p95,11.25271015035,human,6,6.41053874075399,25
nominal,base,4,random,8,p95,11.25271015035,dopt,5,3.57777903704719,37.5
nominal,base,4,random,8,p95,11.25271015035,iopt,4,10.371374647381,50
nominal,base,4,random,8,p95,11.25271015035,cdopt,5,3.88060052459006,37.5
nominal,base,4,random,8,p95,11.25271015035,ciopt,4,10.9396595931256,50
nominal,base,4,random,8,p95,11.25271015035,random,8,11.25271015035,0
nominal,base,4,random,9,mean,5.18995786820344,poisson,5,4.46319560150089,44.4444444444444
nominal,base,4,random,9,mean,5.18995786820344,human,6,4.14849948037163,33.3333333333333
nominal,base,4,random,9,mean,5.18995786820344,dopt,5,2.21867045745291,44.4444444444444
nominal,base,4,random,9,mean,5.18995786820344,iopt,5,2.16289194203812,44.4444444444444
nominal,base,4,random,9,mean,5.18995786820344,cdopt,5,2.46285814163582,44.4444444444444
nominal,base,4,random,9,mean,5.18995786820344,ciopt,5,2.12181827403435,44.4444444444444
nominal,base,4,random,9,mean,5.18995786820344,random,9,5.18995786820344,0
nominal,base,4,random,9,p95,8.55681720457359,poisson,5,7.8875887968602,44.4444444444444
nominal,base,4,random,9,p95,8.55681720457359,human,6,6.41053874075399,33.3333333333333
nominal,base,4,random,9,p95,8.55681720457359,dopt,5,3.57777903704719,44.4444444444444
nominal,base,4,random,9,p95,8.55681720457359,iopt,5,3.2366602046412,44.4444444444444
nominal,base,4,random,9,p95,8.55681720457359,cdopt,5,3.88060052459006,44.4444444444444
nominal,base,4,random,9,p95,8.55681720457359,ciopt,5,3.0616940504515,44.4444444444444
nominal,base,4,random,9,p95,8.55681720457359,random,9,8.55681720457359,0
nominal,base,4,random,10,mean,4.0961658119715,poisson,6,2.06219814396646,40
nominal,base,4,random,10,mean,4.0961658119715,human,7,3.77705736200414,30
nominal,base,4,random,10,mean,4.0961658119715,dopt,5,2.21867045745291,50
nominal,base,4,random,10,mean,4.0961658119715,iopt,5,2.16289194203812,50
nominal,base,4,random,10,mean,4.0961658119715,cdopt,5,2.46285814163582,50
nominal,base,4,random,10,mean,4.0961658119715,ciopt,5,2.12181827403435,50
nominal,base,4,random,10,mean,4.0961658119715,random,10,4.0961658119715,0
nominal,base,4,random,10,p95,7.30400548484975,poisson,6,3.0897791334092,40
nominal,base,4,random,10,p95,7.30400548484975,human,6,6.41053874075399,40
nominal,base,4,random,10,p95,7.30400548484975,dopt,5,3.57777903704719,50
nominal,base,4,random,10,p95,7.30400548484975,iopt,5,3.2366602046412,50
nominal,base,4,random,10,p95,7.30400548484975,cdopt,5,3.88060052459006,50
nominal,base,4,random,10,p95,7.30400548484975,ciopt,5,3.0616940504515,50
nominal,base,4,random,10,p95,7.30400548484975,random,10,7.30400548484975,0
nominal,base,4,random,11,mean,3.1614468695051,poisson,6,2.06219814396646,45.4545454545455
nominal,base,4,random,11,mean,3.1614468695051,human,8,1.67482504575649,27.2727272727273
nominal,base,4,random,11,mean,3.1614468695051,dopt,5,2.21867045745291,54.5454545454545
nominal,base,4,random,11,mean,3.1614468695051,iopt,5,2.16289194203812,54.5454545454545
nominal,base,4,random,11,mean,3.1614468695051,cdopt,5,2.46285814163582,54.5454545454545
nominal,base,4,random,11,mean,3.1614468695051,ciopt,5,2.12181827403435,54.5454545454545
nominal,base,4,random,11,mean,3.1614468695051,random,11,3.1614468695051,0
nominal,base,4,random,11,p95,5.19511635346724,poisson,6,3.0897791334092,45.4545454545455
nominal,base,4,random,11,p95,5.19511635346724,human,8,2.29993260065126,27.2727272727273
nominal,base,4,random,11,p95,5.19511635346724,dopt,5,3.57777903704719,54.5454545454545
nominal,base,4,random,11,p95,5.19511635346724,iopt,5,3.2366602046412,54.5454545454545
nominal,base,4,random,11,p95,5.19511635346724,cdopt,5,3.88060052459006,54.5454545454545
nominal,base,4,random,11,p95,5.19511635346724,ciopt,5,3.0616940504515,54.5454545454545
nominal,base,4,random,11,p95,5.19511635346724,random,11,5.19511635346724,0
nominal,base,4,random,12,mean,2.7333243238613,poisson,6,2.06219814396646,50
nominal,base,4,random,12,mean,2.7333243238613,human,8,1.67482504575649,33.3333333333333
nominal,base,4,random,12,mean,2.7333243238613,dopt,5,2.21867045745291,58.3333333333333
nominal,base,4,random,12,mean,2.7333243238613,iopt,5,2.16289194203812,58.3333333333333
nominal,base,4,random,12,mean,2.7333243238613,cdopt,5,2.46285814163582,58.3333333333333
nominal,base,4,random,12,mean,2.7333243238613,ciopt,5,2.12181827403435,58.3333333333333
nominal,base,4,random,12,mean,2.7333243238613,random,12,2.7333243238613,0
nominal,base,4,random,12,p95,3.91364470486695,poisson,6,3.0897791334092,50
nominal,base,4,random,12,p95,3.91364470486695,human,8,2.29993260065126,33.3333333333333
nominal,base,4,random,12,p95,3.91364470486695,dopt,5,3.57777903704719,58.3333333333333
nominal,base,4,random,12,p95,3.91364470486695,iopt,5,3.2366602046412,58.3333333333333
nominal,base,4,random,12,p95,3.91364470486695,cdopt,5,3.88060052459006,58.3333333333333
nominal,base,4,random,12,p95,3.91364470486695,ciopt,5,3.0616940504515,58.3333333333333
nominal,base,4,random,12,p95,3.91364470486695,random,12,3.91364470486695,0
nominal,base,4,random,13,mean,2.50061398024971,poisson,6,2.06219814396646,53.8461538461538
nominal,base,4,random,13,mean,2.50061398024971,human,8,1.67482504575649,38.4615384615385
nominal,base,4,random,13,mean,2.50061398024971,dopt,5,2.21867045745291,61.5384615384615
nominal,base,4,random,13,mean,2.50061398024971,iopt,5,2.16289194203812,61.5384615384615
nominal,base,4,random,13,mean,2.50061398024971,cdopt,5,2.46285814163582,61.5384615384615
nominal,base,4,random,13,mean,2.50061398024971,ciopt,5,2.12181827403435,61.5384615384615
nominal,base,4,random,13,mean,2.50061398024971,random,13,2.50061398024971,0
nominal,base,4,random,13,p95,4.02617306780159,poisson,6,3.0897791334092,53.8461538461538
nominal,base,4,random,13,p95,4.02617306780159,human,8,2.29993260065126,38.4615384615385
nominal,base,4,random,13,p95,4.02617306780159,dopt,5,3.57777903704719,61.5384615384615
nominal,base,4,random,13,p95,4.02617306780159,iopt,5,3.2366602046412,61.5384615384615
nominal,base,4,random,13,p95,4.02617306780159,cdopt,5,3.88060052459006,61.5384615384615
nominal,base,4,random,13,p95,4.02617306780159,ciopt,5,3.0616940504515,61.5384615384615
nominal,base,4,random,13,p95,4.02617306780159,random,12,3.91364470486695,7.69230769230769
nominal,base,4,random,14,mean,2.29349593522805,poisson,6,2.06219814396646,57.1428571428571
nominal,base,4,random,14,mean,2.29349593522805,human,8,1.67482504575649,42.8571428571429
nominal,base,4,random,14,mean,2.29349593522805,dopt,5,2.21867045745291,64.2857142857143
nominal,base,4,random,14,mean,2.29349593522805,iopt,5,2.16289194203812,64.2857142857143
nominal,base,4,random,14,mean,2.29349593522805,cdopt,6,1.54473330616577,57.1428571428571
nominal,base,4,random,14,mean,2.29349593522805,ciopt,5,2.12181827403435,64.2857142857143
nominal,base,4,random,14,mean,2.29349593522805,random,14,2.29349593522805,0
nominal,base,4,random,14,p95,3.63554567287204,poisson,6,3.0897791334092,57.1428571428571
nominal,base,4,random,14,p95,3.63554567287204,human,8,2.29993260065126,42.8571428571429
nominal,base,4,random,14,p95,3.63554567287204,dopt,5,3.57777903704719,64.2857142857143
nominal,base,4,random,14,p95,3.63554567287204,iopt,5,3.2366602046412,64.2857142857143
nominal,base,4,random,14,p95,3.63554567287204,cdopt,6,2.0812127590374,57.1428571428571
nominal,base,4,random,14,p95,3.63554567287204,ciopt,5,3.0616940504515,64.2857142857143
nominal,base,4,random,14,p95,3.63554567287204,random,14,3.63554567287204,0
nominal,base,4,random,15,mean,2.09995423931951,poisson,6,2.06219814396646,60
nominal,base,4,random,15,mean,2.09995423931951,human,8,1.67482504575649,46.6666666666667
nominal,base,4,random,15,mean,2.09995423931951,dopt,6,1.42907381204672,60
nominal,base,4,random,15,mean,2.09995423931951,iopt,6,1.42907381204672,60
nominal,base,4,random,15,mean,2.09995423931951,cdopt,6,1.54473330616577,60
nominal,base,4,random,15,mean,2.09995423931951,ciopt,6,1.54473330616577,60
nominal,base,4,random,15,mean,2.09995423931951,random,15,2.09995423931951,0
nominal,base,4,random,15,p95,3.01830422965449,poisson,7,2.36911807791544,53.3333333333333
nominal,base,4,random,15,p95,3.01830422965449,human,8,2.29993260065126,46.6666666666667
nominal,base,4,random,15,p95,3.01830422965449,dopt,6,1.90913121656245,60
nominal,base,4,random,15,p95,3.01830422965449,iopt,6,1.90913121656245,60
nominal,base,4,random,15,p95,3.01830422965449,cdopt,6,2.0812127590374,60
nominal,base,4,random,15,p95,3.01830422965449,ciopt,6,2.0812127590374,60
nominal,base,4,random,15,p95,3.01830422965449,random,15,3.01830422965449,0
nominal,base,4,random,16,mean,1.94072537768933,poisson,7,1.65337803712591,56.25
nominal,base,4,random,16,mean,1.94072537768933,human,8,1.67482504575649,50
nominal,base,4,random,16,mean,1.94072537768933,dopt,6,1.42907381204672,62.5
nominal,base,4,random,16,mean,1.94072537768933,iopt,6,1.42907381204672,62.5
nominal,base,4,random,16,mean,1.94072537768933,cdopt,6,1.54473330616577,62.5
nominal,base,4,random,16,mean,1.94072537768933,ciopt,6,1.54473330616577,62.5
nominal,base,4,random,16,mean,1.94072537768933,random,16,1.94072537768933,0
nominal,base,4,random,16,p95,2.76574147900368,poisson,7,2.36911807791544,56.25
nominal,base,4,random,16,p95,2.76574147900368,human,8,2.29993260065126,50
nominal,base,4,random,16,p95,2.76574147900368,dopt,6,1.90913121656245,62.5
nominal,base,4,random,16,p95,2.76574147900368,iopt,6,1.90913121656245,62.5
nominal,base,4,random,16,p95,2.76574147900368,cdopt,6,2.0812127590374,62.5
nominal,base,4,random,16,p95,2.76574147900368,ciopt,6,2.0812127590374,62.5
nominal,base,4,random,16,p95,2.76574147900368,random,16,2.76574147900368,0
nominal,base,4,random,17,mean,1.83306081573194,poisson,7,1.65337803712591,58.8235294117647
nominal,base,4,random,17,mean,1.83306081573194,human,8,1.67482504575649,52.9411764705882
nominal,base,4,random,17,mean,1.83306081573194,dopt,6,1.42907381204672,64.7058823529412
nominal,base,4,random,17,mean,1.83306081573194,iopt,6,1.42907381204672,64.7058823529412
nominal,base,4,random,17,mean,1.83306081573194,cdopt,6,1.54473330616577,64.7058823529412
nominal,base,4,random,17,mean,1.83306081573194,ciopt,6,1.54473330616577,64.7058823529412
nominal,base,4,random,17,mean,1.83306081573194,random,17,1.83306081573194,0
nominal,base,4,random,17,p95,2.6692306916076,poisson,7,2.36911807791544,58.8235294117647
nominal,base,4,random,17,p95,2.6692306916076,human,8,2.29993260065126,52.9411764705882
nominal,base,4,random,17,p95,2.6692306916076,dopt,6,1.90913121656245,64.7058823529412
nominal,base,4,random,17,p95,2.6692306916076,iopt,6,1.90913121656245,64.7058823529412
nominal,base,4,random,17,p95,2.6692306916076,cdopt,6,2.0812127590374,64.7058823529412
nominal,base,4,random,17,p95,2.6692306916076,ciopt,6,2.0812127590374,64.7058823529412
nominal,base,4,random,17,p95,2.6692306916076,random,17,2.6692306916076,0
nominal,base,4,random,18,mean,1.73985774649967,poisson,7,1.65337803712591,61.1111111111111
nominal,base,4,random,18,mean,1.73985774649967,human,8,1.67482504575649,55.5555555555556
nominal,base,4,random,18,mean,1.73985774649967,dopt,6,1.42907381204672,66.6666666666667
nominal,base,4,random,18,mean,1.73985774649967,iopt,6,1.42907381204672,66.6666666666667
nominal,base,4,random,18,mean,1.73985774649967,cdopt,6,1.54473330616577,66.6666666666667
nominal,base,4,random,18,mean,1.73985774649967,ciopt,6,1.54473330616577,66.6666666666667
nominal,base,4,random,18,mean,1.73985774649967,random,18,1.73985774649967,0
nominal,base,4,random,18,p95,2.77854564987488,poisson,7,2.36911807791544,61.1111111111111
nominal,base,4,random,18,p95,2.77854564987488,human,8,2.29993260065126,55.5555555555556
nominal,base,4,random,18,p95,2.77854564987488,dopt,6,1.90913121656245,66.6666666666667
nominal,base,4,random,18,p95,2.77854564987488,iopt,6,1.90913121656245,66.6666666666667
nominal,base,4,random,18,p95,2.77854564987488,cdopt,6,2.0812127590374,66.6666666666667
nominal,base,4,random,18,p95,2.77854564987488,ciopt,6,2.0812127590374,66.6666666666667
nominal,base,4,random,18,p95,2.77854564987488,random,16,2.76574147900368,11.1111111111111
nominal,base,4,random,19,mean,1.60317805104549,poisson,8,1.54583001434033,57.8947368421053
nominal,base,4,random,19,mean,1.60317805104549,human,9,1.60059965564437,52.6315789473684
nominal,base,4,random,19,mean,1.60317805104549,dopt,6,1.42907381204672,68.4210526315789
nominal,base,4,random,19,mean,1.60317805104549,iopt,6,1.42907381204672,68.4210526315789
nominal,base,4,random,19,mean,1.60317805104549,cdopt,6,1.54473330616577,68.4210526315789
nominal,base,4,random,19,mean,1.60317805104549,ciopt,6,1.54473330616577,68.4210526315789
nominal,base,4,random,19,mean,1.60317805104549,random,19,1.60317805104549,0
nominal,base,4,random,19,p95,2.32926924650055,poisson,8,2.18032589256136,57.8947368421053
nominal,base,4,random,19,p95,2.32926924650055,human,8,2.29993260065126,57.8947368421053
nominal,base,4,random,19,p95,2.32926924650055,dopt,6,1.90913121656245,68.4210526315789
nominal,base,4,random,19,p95,2.32926924650055,iopt,6,1.90913121656245,68.4210526315789
nominal,base,4,random,19,p95,2.32926924650055,cdopt,6,2.0812127590374,68.4210526315789
nominal,base,4,random,19,p95,2.32926924650055,ciopt,6,2.0812127590374,68.4210526315789
nominal,base,4,random,19,p95,2.32926924650055,random,19,2.32926924650055,0
nominal,base,4,poisson,4,mean,NaN,poisson,NaN,NaN,NaN
nominal,base,4,poisson,4,mean,NaN,human,NaN,NaN,NaN
nominal,base,4,poisson,4,mean,NaN,dopt,NaN,NaN,NaN
nominal,base,4,poisson,4,mean,NaN,iopt,NaN,NaN,NaN
nominal,base,4,poisson,4,mean,NaN,cdopt,NaN,NaN,NaN
nominal,base,4,poisson,4,mean,NaN,ciopt,NaN,NaN,NaN
nominal,base,4,poisson,4,mean,NaN,random,NaN,NaN,NaN
nominal,base,4,poisson,4,p95,NaN,poisson,NaN,NaN,NaN
nominal,base,4,poisson,4,p95,NaN,human,NaN,NaN,NaN
nominal,base,4,poisson,4,p95,NaN,dopt,NaN,NaN,NaN
nominal,base,4,poisson,4,p95,NaN,iopt,NaN,NaN,NaN
nominal,base,4,poisson,4,p95,NaN,cdopt,NaN,NaN,NaN
nominal,base,4,poisson,4,p95,NaN,ciopt,NaN,NaN,NaN
nominal,base,4,poisson,4,p95,NaN,random,NaN,NaN,NaN
nominal,base,4,poisson,5,mean,4.46319560150089,poisson,5,4.46319560150089,0
nominal,base,4,poisson,5,mean,4.46319560150089,human,6,4.14849948037163,-20
nominal,base,4,poisson,5,mean,4.46319560150089,dopt,5,2.21867045745291,0
nominal,base,4,poisson,5,mean,4.46319560150089,iopt,5,2.16289194203812,0
nominal,base,4,poisson,5,mean,4.46319560150089,cdopt,5,2.46285814163582,0
nominal,base,4,poisson,5,mean,4.46319560150089,ciopt,5,2.12181827403435,0
nominal,base,4,poisson,5,mean,4.46319560150089,random,10,4.0961658119715,-100
nominal,base,4,poisson,5,p95,7.8875887968602,poisson,5,7.8875887968602,0
nominal,base,4,poisson,5,p95,7.8875887968602,human,6,6.41053874075399,-20
nominal,base,4,poisson,5,p95,7.8875887968602,dopt,5,3.57777903704719,0
nominal,base,4,poisson,5,p95,7.8875887968602,iopt,5,3.2366602046412,0
nominal,base,4,poisson,5,p95,7.8875887968602,cdopt,5,3.88060052459006,0
nominal,base,4,poisson,5,p95,7.8875887968602,ciopt,5,3.0616940504515,0
nominal,base,4,poisson,5,p95,7.8875887968602,random,10,7.30400548484975,-100
nominal,base,4,poisson,6,mean,2.06219814396646,poisson,6,2.06219814396646,0
nominal,base,4,poisson,6,mean,2.06219814396646,human,8,1.67482504575649,-33.3333333333333
nominal,base,4,poisson,6,mean,2.06219814396646,dopt,6,1.42907381204672,0
nominal,base,4,poisson,6,mean,2.06219814396646,iopt,6,1.42907381204672,0
nominal,base,4,poisson,6,mean,2.06219814396646,cdopt,6,1.54473330616577,0
nominal,base,4,poisson,6,mean,2.06219814396646,ciopt,6,1.54473330616577,0
nominal,base,4,poisson,6,mean,2.06219814396646,random,16,1.94072537768933,-166.666666666667
nominal,base,4,poisson,6,p95,3.0897791334092,poisson,6,3.0897791334092,0
nominal,base,4,poisson,6,p95,3.0897791334092,human,8,2.29993260065126,-33.3333333333333
nominal,base,4,poisson,6,p95,3.0897791334092,dopt,6,1.90913121656245,0
nominal,base,4,poisson,6,p95,3.0897791334092,iopt,6,1.90913121656245,0
nominal,base,4,poisson,6,p95,3.0897791334092,cdopt,6,2.0812127590374,0
nominal,base,4,poisson,6,p95,3.0897791334092,ciopt,5,3.0616940504515,16.6666666666667
nominal,base,4,poisson,6,p95,3.0897791334092,random,15,3.01830422965449,-150
nominal,base,4,poisson,7,mean,1.65337803712591,poisson,7,1.65337803712591,0
nominal,base,4,poisson,7,mean,1.65337803712591,human,9,1.60059965564437,-28.5714285714286
nominal,base,4,poisson,7,mean,1.65337803712591,dopt,6,1.42907381204672,14.2857142857143
nominal,base,4,poisson,7,mean,1.65337803712591,iopt,6,1.42907381204672,14.2857142857143
nominal,base,4,poisson,7,mean,1.65337803712591,cdopt,6,1.54473330616577,14.2857142857143
nominal,base,4,poisson,7,mean,1.65337803712591,ciopt,6,1.54473330616577,14.2857142857143
nominal,base,4,poisson,7,mean,1.65337803712591,random,19,1.60317805104549,-171.428571428571
nominal,base,4,poisson,7,p95,2.36911807791544,poisson,7,2.36911807791544,0
nominal,base,4,poisson,7,p95,2.36911807791544,human,8,2.29993260065126,-14.2857142857143
nominal,base,4,poisson,7,p95,2.36911807791544,dopt,6,1.90913121656245,14.2857142857143
nominal,base,4,poisson,7,p95,2.36911807791544,iopt,6,1.90913121656245,14.2857142857143
nominal,base,4,poisson,7,p95,2.36911807791544,cdopt,6,2.0812127590374,14.2857142857143
nominal,base,4,poisson,7,p95,2.36911807791544,ciopt,6,2.0812127590374,14.2857142857143
nominal,base,4,poisson,7,p95,2.36911807791544,random,19,2.32926924650055,-171.428571428571
nominal,base,4,poisson,8,mean,1.54583001434033,poisson,8,1.54583001434033,0
nominal,base,4,poisson,8,mean,1.54583001434033,human,11,1.47183568623266,-37.5
nominal,base,4,poisson,8,mean,1.54583001434033,dopt,6,1.42907381204672,25
nominal,base,4,poisson,8,mean,1.54583001434033,iopt,6,1.42907381204672,25
nominal,base,4,poisson,8,mean,1.54583001434033,cdopt,6,1.54473330616577,25
nominal,base,4,poisson,8,mean,1.54583001434033,ciopt,6,1.54473330616577,25
nominal,base,4,poisson,8,mean,1.54583001434033,random,NaN,NaN,NaN
nominal,base,4,poisson,8,p95,2.18032589256136,poisson,8,2.18032589256136,0
nominal,base,4,poisson,8,p95,2.18032589256136,human,9,2.17699271047647,-12.5
nominal,base,4,poisson,8,p95,2.18032589256136,dopt,6,1.90913121656245,25
nominal,base,4,poisson,8,p95,2.18032589256136,iopt,6,1.90913121656245,25
nominal,base,4,poisson,8,p95,2.18032589256136,cdopt,6,2.0812127590374,25
nominal,base,4,poisson,8,p95,2.18032589256136,ciopt,6,2.0812127590374,25
nominal,base,4,poisson,8,p95,2.18032589256136,random,NaN,NaN,NaN
nominal,base,4,poisson,9,mean,2.02342389580218,poisson,7,1.65337803712591,22.2222222222222
nominal,base,4,poisson,9,mean,2.02342389580218,human,8,1.67482504575649,11.1111111111111
nominal,base,4,poisson,9,mean,2.02342389580218,dopt,6,1.42907381204672,33.3333333333333
nominal,base,4,poisson,9,mean,2.02342389580218,iopt,6,1.42907381204672,33.3333333333333
nominal,base,4,poisson,9,mean,2.02342389580218,cdopt,6,1.54473330616577,33.3333333333333
nominal,base,4,poisson,9,mean,2.02342389580218,ciopt,6,1.54473330616577,33.3333333333333
nominal,base,4,poisson,9,mean,2.02342389580218,random,16,1.94072537768933,-77.7777777777778
nominal,base,4,poisson,9,p95,2.9263097319093,poisson,7,2.36911807791544,22.2222222222222
nominal,base,4,poisson,9,p95,2.9263097319093,human,8,2.29993260065126,11.1111111111111
nominal,base,4,poisson,9,p95,2.9263097319093,dopt,6,1.90913121656245,33.3333333333333
nominal,base,4,poisson,9,p95,2.9263097319093,iopt,6,1.90913121656245,33.3333333333333
nominal,base,4,poisson,9,p95,2.9263097319093,cdopt,6,2.0812127590374,33.3333333333333
nominal,base,4,poisson,9,p95,2.9263097319093,ciopt,6,2.0812127590374,33.3333333333333
nominal,base,4,poisson,9,p95,2.9263097319093,random,16,2.76574147900368,-77.7777777777778
nominal,base,4,poisson,10,mean,1.31959655318632,poisson,10,1.31959655318632,0
nominal,base,4,poisson,10,mean,1.31959655318632,human,15,1.29670030767346,-50
nominal,base,4,poisson,10,mean,1.31959655318632,dopt,7,1.22839942972337,30
nominal,base,4,poisson,10,mean,1.31959655318632,iopt,7,1.22839942972337,30
nominal,base,4,poisson,10,mean,1.31959655318632,cdopt,7,1.30345127217398,30
nominal,base,4,poisson,10,mean,1.31959655318632,ciopt,7,1.30859043872778,30
nominal,base,4,poisson,10,mean,1.31959655318632,random,NaN,NaN,NaN
nominal,base,4,poisson,10,p95,1.7965696173263,poisson,10,1.7965696173263,0
nominal,base,4,poisson,10,p95,1.7965696173263,human,15,1.75647298077291,-50
nominal,base,4,poisson,10,p95,1.7965696173263,dopt,7,1.6056013660243,30
nominal,base,4,poisson,10,p95,1.7965696173263,iopt,7,1.6056013660243,30
nominal,base,4,poisson,10,p95,1.7965696173263,cdopt,7,1.7222545196082,30
nominal,base,4,poisson,10,p95,1.7965696173263,ciopt,7,1.73834607041199,30
nominal,base,4,poisson,10,p95,1.7965696173263,random,NaN,NaN,NaN
nominal,base,4,poisson,11,mean,1.87987541885997,poisson,7,1.65337803712591,36.3636363636364
nominal,base,4,poisson,11,mean,1.87987541885997,human,8,1.67482504575649,27.2727272727273
nominal,base,4,poisson,11,mean,1.87987541885997,dopt,6,1.42907381204672,45.4545454545455
nominal,base,4,poisson,11,mean,1.87987541885997,iopt,6,1.42907381204672,45.4545454545455
nominal,base,4,poisson,11,mean,1.87987541885997,cdopt,6,1.54473330616577,45.4545454545455
nominal,base,4,poisson,11,mean,1.87987541885997,ciopt,6,1.54473330616577,45.4545454545455
nominal,base,4,poisson,11,mean,1.87987541885997,random,17,1.83306081573194,-54.5454545454545
nominal,base,4,poisson,11,p95,2.83946721415959,poisson,7,2.36911807791544,36.3636363636364
nominal,base,4,poisson,11,p95,2.83946721415959,human,8,2.29993260065126,27.2727272727273
nominal,base,4,poisson,11,p95,2.83946721415959,dopt,6,1.90913121656245,45.4545454545455
nominal,base,4,poisson,11,p95,2.83946721415959,iopt,6,1.90913121656245,45.4545454545455
nominal,base,4,poisson,11,p95,2.83946721415959,cdopt,6,2.0812127590374,45.4545454545455
nominal,base,4,poisson,11,p95,2.83946721415959,ciopt,6,2.0812127590374,45.4545454545455
nominal,base,4,poisson,11,p95,2.83946721415959,random,16,2.76574147900368,-45.4545454545455
nominal,base,4,poisson,12,mean,1.16161891902995,poisson,12,1.16161891902995,0
nominal,base,4,poisson,12,mean,1.16161891902995,human,NaN,NaN,NaN
nominal,base,4,poisson,12,mean,1.16161891902995,dopt,9,1.14130485735539,25
nominal,base,4,poisson,12,mean,1.16161891902995,iopt,9,1.14130485735539,25
nominal,base,4,poisson,12,mean,1.16161891902995,cdopt,10,1.14613880081573,16.6666666666667
nominal,base,4,poisson,12,mean,1.16161891902995,ciopt,10,1.15320798140094,16.6666666666667
nominal,base,4,poisson,12,mean,1.16161891902995,random,NaN,NaN,NaN
nominal,base,4,poisson,12,p95,1.53714384069451,poisson,12,1.53714384069451,0
nominal,base,4,poisson,12,p95,1.53714384069451,human,NaN,NaN,NaN
nominal,base,4,poisson,12,p95,1.53714384069451,dopt,8,1.53645836068522,33.3333333333333
nominal,base,4,poisson,12,p95,1.53714384069451,iopt,9,1.52924535477051,25
nominal,base,4,poisson,12,p95,1.53714384069451,cdopt,10,1.512388148541,16.6666666666667
nominal,base,4,poisson,12,p95,1.53714384069451,ciopt,11,1.52829557529829,8.33333333333333
nominal,base,4,poisson,12,p95,1.53714384069451,random,NaN,NaN,NaN
nominal,base,4,poisson,13,mean,1.44277586070003,poisson,10,1.31959655318632,23.0769230769231
nominal,base,4,poisson,13,mean,1.44277586070003,human,14,1.34263266220895,-7.69230769230769
nominal,base,4,poisson,13,mean,1.44277586070003,dopt,6,1.42907381204672,53.8461538461538
nominal,base,4,poisson,13,mean,1.44277586070003,iopt,6,1.42907381204672,53.8461538461538
nominal,base,4,poisson,13,mean,1.44277586070003,cdopt,7,1.30345127217398,46.1538461538462
nominal,base,4,poisson,13,mean,1.44277586070003,ciopt,7,1.30859043872778,46.1538461538462
nominal,base,4,poisson,13,mean,1.44277586070003,random,NaN,NaN,NaN
nominal,base,4,poisson,13,p95,2.11199642522816,poisson,10,1.7965696173263,23.0769230769231
nominal,base,4,poisson,13,p95,2.11199642522816,human,11,2.01411481462783,15.3846153846154
nominal,base,4,poisson,13,p95,2.11199642522816,dopt,6,1.90913121656245,53.8461538461538
nominal,base,4,poisson,13,p95,2.11199642522816,iopt,6,1.90913121656245,53.8461538461538
nominal,base,4,poisson,13,p95,2.11199642522816,cdopt,6,2.0812127590374,53.8461538461538
nominal,base,4,poisson,13,p95,2.11199642522816,ciopt,6,2.0812127590374,53.8461538461538
nominal,base,4,poisson,13,p95,2.11199642522816,random,NaN,NaN,NaN
nominal,base,4,poisson,14,mean,1.07309066574351,poisson,14,1.07309066574351,0
nominal,base,4,poisson,14,mean,1.07309066574351,human,NaN,NaN,NaN
nominal,base,4,poisson,14,mean,1.07309066574351,dopt,11,1.00653934546449,21.4285714285714
nominal,base,4,poisson,14,mean,1.07309066574351,iopt,11,1.00653934546449,21.4285714285714
nominal,base,4,poisson,14,mean,1.07309066574351,cdopt,12,0.971173763534986,14.2857142857143
nominal,base,4,poisson,14,mean,1.07309066574351,ciopt,12,0.971173763534986,14.2857142857143
nominal,base,4,poisson,14,mean,1.07309066574351,random,NaN,NaN,NaN
nominal,base,4,poisson,14,p95,1.43005254112634,poisson,14,1.43005254112634,0
nominal,base,4,poisson,14,p95,1.43005254112634,human,NaN,NaN,NaN
nominal,base,4,poisson,14,p95,1.43005254112634,dopt,11,1.30844600446248,21.4285714285714
nominal,base,4,poisson,14,p95,1.43005254112634,iopt,11,1.30844600446248,21.4285714285714
nominal,base,4,poisson,14,p95,1.43005254112634,cdopt,12,1.2362702059197,14.2857142857143
nominal,base,4,poisson,14,p95,1.43005254112634,ciopt,12,1.2362702059197,14.2857142857143
nominal,base,4,poisson,14,p95,1.43005254112634,random,NaN,NaN,NaN
nominal,base,4,poisson,15,mean,0.947776974377273,poisson,15,0.947776974377273,0
nominal,base,4,poisson,15,mean,0.947776974377273,human,NaN,NaN,NaN
nominal,base,4,poisson,15,mean,0.947776974377273,dopt,14,0.928478583974168,6.66666666666667
nominal,base,4,poisson,15,mean,0.947776974377273,iopt,14,0.928478583974168,6.66666666666667
nominal,base,4,poisson,15,mean,0.947776974377273,cdopt,14,0.939448023872267,6.66666666666667
nominal,base,4,poisson,15,mean,0.947776974377273,ciopt,14,0.922666786513019,6.66666666666667
nominal,base,4,poisson,15,mean,0.947776974377273,random,NaN,NaN,NaN
nominal,base,4,poisson,15,p95,1.20938886838327,poisson,15,1.20938886838327,0
nominal,base,4,poisson,15,p95,1.20938886838327,human,NaN,NaN,NaN
nominal,base,4,poisson,15,p95,1.20938886838327,dopt,14,1.18293967387889,6.66666666666667
nominal,base,4,poisson,15,p95,1.20938886838327,iopt,14,1.18293967387889,6.66666666666667
nominal,base,4,poisson,15,p95,1.20938886838327,cdopt,14,1.20470870374743,6.66666666666667
nominal,base,4,poisson,15,p95,1.20938886838327,ciopt,14,1.19444146399823,6.66666666666667
nominal,base,4,poisson,15,p95,1.20938886838327,random,NaN,NaN,NaN
nominal,base,4,poisson,16,mean,1.30959876715919,poisson,12,1.16161891902995,25
nominal,base,4,poisson,16,mean,1.30959876715919,human,15,1.29670030767346,6.25
nominal,base,4,poisson,16,mean,1.30959876715919,dopt,7,1.22839942972337,56.25
nominal,base,4,poisson,16,mean,1.30959876715919,iopt,7,1.22839942972337,56.25
nominal,base,4,poisson,16,mean,1.30959876715919,cdopt,7,1.30345127217398,56.25
nominal,base,4,poisson,16,mean,1.30959876715919,ciopt,7,1.30859043872778,56.25
nominal,base,4,poisson,16,mean,1.30959876715919,random,NaN,NaN,NaN
nominal,base,4,poisson,16,p95,1.79552993942402,poisson,12,1.53714384069451,25
nominal,base,4,poisson,16,p95,1.79552993942402,human,15,1.75647298077291,6.25
nominal,base,4,poisson,16,p95,1.79552993942402,dopt,7,1.6056013660243,56.25
nominal,base,4,poisson,16,p95,1.79552993942402,iopt,7,1.6056013660243,56.25
nominal,base,4,poisson,16,p95,1.79552993942402,cdopt,7,1.7222545196082,56.25
nominal,base,4,poisson,16,p95,1.79552993942402,ciopt,7,1.73834607041199,56.25
nominal,base,4,poisson,16,p95,1.79552993942402,random,NaN,NaN,NaN
nominal,base,4,poisson,17,mean,1.03334599674988,poisson,15,0.947776974377273,11.7647058823529
nominal,base,4,poisson,17,mean,1.03334599674988,human,NaN,NaN,NaN
nominal,base,4,poisson,17,mean,1.03334599674988,dopt,11,1.00653934546449,35.2941176470588
nominal,base,4,poisson,17,mean,1.03334599674988,iopt,11,1.00653934546449,35.2941176470588
nominal,base,4,poisson,17,mean,1.03334599674988,cdopt,12,0.971173763534986,29.4117647058824
nominal,base,4,poisson,17,mean,1.03334599674988,ciopt,12,0.971173763534986,29.4117647058824
nominal,base,4,poisson,17,mean,1.03334599674988,random,NaN,NaN,NaN
nominal,base,4,poisson,17,p95,1.42487671921796,poisson,15,1.20938886838327,11.7647058823529
nominal,base,4,poisson,17,p95,1.42487671921796,human,NaN,NaN,NaN
nominal,base,4,poisson,17,p95,1.42487671921796,dopt,11,1.30844600446248,35.2941176470588
nominal,base,4,poisson,17,p95,1.42487671921796,iopt,11,1.30844600446248,35.2941176470588
nominal,base,4,poisson,17,p95,1.42487671921796,cdopt,12,1.2362702059197,29.4117647058824
nominal,base,4,poisson,17,p95,1.42487671921796,ciopt,12,1.2362702059197,29.4117647058824
nominal,base,4,poisson,17,p95,1.42487671921796,random,NaN,NaN,NaN
nominal,base,4,poisson,18,mean,1.30783200708406,poisson,12,1.16161891902995,33.3333333333333
nominal,base,4,poisson,18,mean,1.30783200708406,human,15,1.29670030767346,16.6666666666667
nominal,base,4,poisson,18,mean,1.30783200708406,dopt,7,1.22839942972337,61.1111111111111
nominal,base,4,poisson,18,mean,1.30783200708406,iopt,7,1.22839942972337,61.1111111111111
nominal,base,4,poisson,18,mean,1.30783200708406,cdopt,7,1.30345127217398,61.1111111111111
nominal,base,4,poisson,18,mean,1.30783200708406,ciopt,8,1.27081315653315,55.5555555555556
nominal,base,4,poisson,18,mean,1.30783200708406,random,NaN,NaN,NaN
nominal,base,4,poisson,18,p95,1.83643413826657,poisson,10,1.7965696173263,44.4444444444444
nominal,base,4,poisson,18,p95,1.83643413826657,human,14,1.83538168333474,22.2222222222222
nominal,base,4,poisson,18,p95,1.83643413826657,dopt,7,1.6056013660243,61.1111111111111
nominal,base,4,poisson,18,p95,1.83643413826657,iopt,7,1.6056013660243,61.1111111111111
nominal,base,4,poisson,18,p95,1.83643413826657,cdopt,7,1.7222545196082,61.1111111111111
nominal,base,4,poisson,18,p95,1.83643413826657,ciopt,7,1.73834607041199,61.1111111111111
nominal,base,4,poisson,18,p95,1.83643413826657,random,NaN,NaN,NaN
nominal,base,4,poisson,19,mean,1.20160645991638,poisson,12,1.16161891902995,36.8421052631579
nominal,base,4,poisson,19,mean,1.20160645991638,human,18,1.17083003735003,5.26315789473684
nominal,base,4,poisson,19,mean,1.20160645991638,dopt,8,1.17755598069311,57.8947368421053
nominal,base,4,poisson,19,mean,1.20160645991638,iopt,9,1.14130485735539,52.6315789473684
nominal,base,4,poisson,19,mean,1.20160645991638,cdopt,10,1.14613880081573,47.3684210526316
nominal,base,4,poisson,19,mean,1.20160645991638,ciopt,10,1.15320798140094,47.3684210526316
nominal,base,4,poisson,19,mean,1.20160645991638,random,NaN,NaN,NaN
nominal,base,4,poisson,19,p95,1.69140885213398,poisson,12,1.53714384069451,36.8421052631579
nominal,base,4,poisson,19,p95,1.69140885213398,human,16,1.68363300116292,15.7894736842105
nominal,base,4,poisson,19,p95,1.69140885213398,dopt,7,1.6056013660243,63.1578947368421
nominal,base,4,poisson,19,p95,1.69140885213398,iopt,7,1.6056013660243,63.1578947368421
nominal,base,4,poisson,19,p95,1.69140885213398,cdopt,8,1.65193923801984,57.8947368421053
nominal,base,4,poisson,19,p95,1.69140885213398,ciopt,8,1.68148575449419,57.8947368421053
nominal,base,4,poisson,19,p95,1.69140885213398,random,NaN,NaN,NaN
nominal,base,5,human,6,mean,37.6792617671063,poisson,6,5.04548803852335,0
nominal,base,5,human,6,mean,37.6792617671063,human,6,37.6792617671063,0
nominal,base,5,human,6,mean,37.6792617671063,dopt,6,2.91400251425919,0
nominal,base,5,human,6,mean,37.6792617671063,iopt,6,2.54056217185227,0
nominal,base,5,human,6,mean,37.6792617671063,cdopt,6,3.68029423722818,0
nominal,base,5,human,6,mean,37.6792617671063,ciopt,6,3.75880841847583,0
nominal,base,5,human,6,mean,37.6792617671063,random,8,28.5291013477874,-33.3333333333333
nominal,base,5,human,6,p95,68.0264828070744,poisson,6,8.26961884234978,0
nominal,base,5,human,6,p95,68.0264828070744,human,6,68.0264828070744,0
nominal,base,5,human,6,p95,68.0264828070744,dopt,6,4.32610413232068,0
nominal,base,5,human,6,p95,68.0264828070744,iopt,6,3.61634564084357,0
nominal,base,5,human,6,p95,68.0264828070744,cdopt,6,6.22698622685447,0
nominal,base,5,human,6,p95,68.0264828070744,ciopt,6,6.31976668047399,0
nominal,base,5,human,6,p95,68.0264828070744,random,8,44.8884096129748,-33.3333333333333
nominal,base,5,human,7,mean,13.1000323687317,poisson,6,5.04548803852335,14.2857142857143
nominal,base,5,human,7,mean,13.1000323687317,human,7,13.1000323687317,0
nominal,base,5,human,7,mean,13.1000323687317,dopt,6,2.91400251425919,14.2857142857143
nominal,base,5,human,7,mean,13.1000323687317,iopt,6,2.54056217185227,14.2857142857143
nominal,base,5,human,7,mean,13.1000323687317,cdopt,6,3.68029423722818,14.2857142857143
nominal,base,5,human,7,mean,13.1000323687317,ciopt,6,3.75880841847583,14.2857142857143
nominal,base,5,human,7,mean,13.1000323687317,random,10,10.748724258101,-42.8571428571429
nominal,base,5,human,7,p95,22.1790810312143,poisson,6,8.26961884234978,14.2857142857143
nominal,base,5,human,7,p95,22.1790810312143,human,7,22.1790810312143,0
nominal,base,5,human,7,p95,22.1790810312143,dopt,6,4.32610413232068,14.2857142857143
nominal,base,5,human,7,p95,22.1790810312143,iopt,6,3.61634564084357,14.2857142857143
nominal,base,5,human,7,p95,22.1790810312143,cdopt,6,6.22698622685447,14.2857142857143
nominal,base,5,human,7,p95,22.1790810312143,ciopt,6,6.31976668047399,14.2857142857143
nominal,base,5,human,7,p95,22.1790810312143,random,10,17.8283686396923,-42.8571428571429
nominal,base,5,human,8,mean,3.31078566162775,poisson,7,2.76306819199059,12.5
nominal,base,5,human,8,mean,3.31078566162775,human,8,3.31078566162775,0
nominal,base,5,human,8,mean,3.31078566162775,dopt,6,2.91400251425919,25
nominal,base,5,human,8,mean,3.31078566162775,iopt,6,2.54056217185227,25
nominal,base,5,human,8,mean,3.31078566162775,cdopt,7,1.96990626682229,12.5
nominal,base,5,human,8,mean,3.31078566162775,ciopt,7,2.07523867822569,12.5
nominal,base,5,human,8,mean,3.31078566162775,random,16,3.20508715484999,-100
nominal,base,5,human,8,p95,5.3983342584605,poisson,7,4.23574717942115,12.5
nominal,base,5,human,8,p95,5.3983342584605,human,8,5.3983342584605,0
nominal,base,5,human,8,p95,5.3983342584605,dopt,6,4.32610413232068,25
nominal,base,5,human,8,p95,5.3983342584605,iopt,6,3.61634564084357,25
nominal,base,5,human,8,p95,5.3983342584605,cdopt,7,2.81980765046647,12.5
nominal,base,5,human,8,p95,5.3983342584605,ciopt,7,2.99933885112251,12.5
nominal,base,5,human,8,p95,5.3983342584605,random,16,4.75273116870636,-100
nominal,base,5,human,9,mean,2.31996655486291,poisson,8,2.31587700575007,11.1111111111111
nominal,base,5,human,9,mean,2.31996655486291,human,9,2.31996655486291,0
nominal,base,5,human,9,mean,2.31996655486291,dopt,7,1.52817925670419,22.2222222222222
nominal,base,5,human,9,mean,2.31996655486291,iopt,7,1.52817925670419,22.2222222222222
nominal,base,5,human,9,mean,2.31996655486291,cdopt,7,1.96990626682229,22.2222222222222
nominal,base,5,human,9,mean,2.31996655486291,ciopt,7,2.07523867822569,22.2222222222222
nominal,base,5,human,9,mean,2.31996655486291,random,NaN,NaN,NaN
nominal,base,5,human,9,p95,3.29026849169346,poisson,10,2.30348874276651,-11.1111111111111
nominal,base,5,human,9,p95,3.29026849169346,human,9,3.29026849169346,0
nominal,base,5,human,9,p95,3.29026849169346,dopt,7,2.06505145568926,22.2222222222222
nominal,base,5,human,9,p95,3.29026849169346,iopt,7,2.06505145568926,22.2222222222222
nominal,base,5,human,9,p95,3.29026849169346,cdopt,7,2.81980765046647,22.2222222222222
nominal,base,5,human,9,p95,3.29026849169346,ciopt,7,2.99933885112251,22.2222222222222
nominal,base,5,human,9,p95,3.29026849169346,random,NaN,NaN,NaN
nominal,base,5,human,10,mean,2.29768174516906,poisson,10,1.6501684903563,0
nominal,base,5,human,10,mean,2.29768174516906,human,10,2.29768174516906,0
nominal,base,5,human,10,mean,2.29768174516906,dopt,7,1.52817925670419,30
nominal,base,5,human,10,mean,2.29768174516906,iopt,7,1.52817925670419,30
nominal,base,5,human,10,mean,2.29768174516906,cdopt,7,1.96990626682229,30
nominal,base,5,human,10,mean,2.29768174516906,ciopt,7,2.07523867822569,30
nominal,base,5,human,10,mean,2.29768174516906,random,NaN,NaN,NaN
nominal,base,5,human,10,p95,3.20331833953817,poisson,10,2.30348874276651,0
nominal,base,5,human,10,p95,3.20331833953817,human,10,3.20331833953817,0
nominal,base,5,human,10,p95,3.20331833953817,dopt,7,2.06505145568926,30
nominal,base,5,human,10,p95,3.20331833953817,iopt,7,2.06505145568926,30
nominal,base,5,human,10,p95,3.20331833953817,cdopt,7,2.81980765046647,30
nominal,base,5,human,10,p95,3.20331833953817,ciopt,7,2.99933885112251,30
nominal,base,5,human,10,p95,3.20331833953817,random,NaN,NaN,NaN
nominal,base,5,human,11,mean,1.87083195970664,poisson,10,1.6501684903563,9.09090909090909
nominal,base,5,human,11,mean,1.87083195970664,human,11,1.87083195970664,0
nominal,base,5,human,11,mean,1.87083195970664,dopt,7,1.52817925670419,36.3636363636364
nominal,base,5,human,11,mean,1.87083195970664,iopt,7,1.52817925670419,36.3636363636364
nominal,base,5,human,11,mean,1.87083195970664,cdopt,8,1.55675239207415,27.2727272727273
nominal,base,5,human,11,mean,1.87083195970664,ciopt,8,1.56399343263305,27.2727272727273
nominal,base,5,human,11,mean,1.87083195970664,random,NaN,NaN,NaN
nominal,base,5,human,11,p95,2.58873308858315,poisson,10,2.30348874276651,9.09090909090909
nominal,base,5,human,11,p95,2.58873308858315,human,11,2.58873308858315,0
nominal,base,5,human,11,p95,2.58873308858315,dopt,7,2.06505145568926,36.3636363636364
nominal,base,5,human,11,p95,2.58873308858315,iopt,7,2.06505145568926,36.3636363636364
nominal,base,5,human,11,p95,2.58873308858315,cdopt,8,2.09975786960148,27.2727272727273
nominal,base,5,human,11,p95,2.58873308858315,ciopt,8,2.08304464249895,27.2727272727273
nominal,base,5,human,11,p95,2.58873308858315,random,NaN,NaN,NaN
nominal,base,5,human,12,mean,1.94062062729407,poisson,10,1.6501684903563,16.6666666666667
nominal,base,5,human,12,mean,1.94062062729407,human,11,1.87083195970664,8.33333333333333
nominal,base,5,human,12,mean,1.94062062729407,dopt,7,1.52817925670419,41.6666666666667
nominal,base,5,human,12,mean,1.94062062729407,iopt,7,1.52817925670419,41.6666666666667
nominal,base,5,human,12,mean,1.94062062729407,cdopt,8,1.55675239207415,33.3333333333333
nominal,base,5,human,12,mean,1.94062062729407,ciopt,8,1.56399343263305,33.3333333333333
nominal,base,5,human,12,mean,1.94062062729407,random,NaN,NaN,NaN
nominal,base,5,human,12,p95,2.65009195441844,poisson,10,2.30348874276651,16.6666666666667
nominal,base,5,human,12,p95,2.65009195441844,human,11,2.58873308858315,8.33333333333333
nominal,base,5,human,12,p95,2.65009195441844,dopt,7,2.06505145568926,41.6666666666667
nominal,base,5,human,12,p95,2.65009195441844,iopt,7,2.06505145568926,41.6666666666667
nominal,base,5,human,12,p95,2.65009195441844,cdopt,8,2.09975786960148,33.3333333333333
nominal,base,5,human,12,p95,2.65009195441844,ciopt,8,2.08304464249895,33.3333333333333
nominal,base,5,human,12,p95,2.65009195441844,random,NaN,NaN,NaN
nominal,base,5,human,13,mean,1.86132655146102,poisson,10,1.6501684903563,23.0769230769231
nominal,base,5,human,13,mean,1.86132655146102,human,13,1.86132655146102,0
nominal,base,5,human,13,mean,1.86132655146102,dopt,7,1.52817925670419,46.1538461538462
nominal,base,5,human,13,mean,1.86132655146102,iopt,7,1.52817925670419,46.1538461538462
nominal,base,5,human,13,mean,1.86132655146102,cdopt,8,1.55675239207415,38.4615384615385
nominal,base,5,human,13,mean,1.86132655146102,ciopt,8,1.56399343263305,38.4615384615385
nominal,base,5,human,13,mean,1.86132655146102,random,NaN,NaN,NaN
nominal,base,5,human,13,p95,2.55208061341778,poisson,10,2.30348874276651,23.0769230769231
nominal,base,5,human,13,p95,2.55208061341778,human,13,2.55208061341778,0
nominal,base,5,human,13,p95,2.55208061341778,dopt,7,2.06505145568926,46.1538461538462
nominal,base,5,human,13,p95,2.55208061341778,iopt,7,2.06505145568926,46.1538461538462
nominal,base,5,human,13,p95,2.55208061341778,cdopt,8,2.09975786960148,38.4615384615385
nominal,base,5,human,13,p95,2.55208061341778,ciopt,8,2.08304464249895,38.4615384615385
nominal,base,5,human,13,p95,2.55208061341778,random,NaN,NaN,NaN
nominal,base,5,human,14,mean,1.58386718463706,poisson,12,1.28719511461306,14.2857142857143
nominal,base,5,human,14,mean,1.58386718463706,human,14,1.58386718463706,0
nominal,base,5,human,14,mean,1.58386718463706,dopt,7,1.52817925670419,50
nominal,base,5,human,14,mean,1.58386718463706,iopt,7,1.52817925670419,50
nominal,base,5,human,14,mean,1.58386718463706,cdopt,8,1.55675239207415,42.8571428571429
nominal,base,5,human,14,mean,1.58386718463706,ciopt,8,1.56399343263305,42.8571428571429
nominal,base,5,human,14,mean,1.58386718463706,random,NaN,NaN,NaN
nominal,base,5,human,14,p95,2.16533906568813,poisson,12,1.7131626842926,14.2857142857143
nominal,base,5,human,14,p95,2.16533906568813,human,14,2.16533906568813,0
nominal,base,5,human,14,p95,2.16533906568813,dopt,7,2.06505145568926,50
nominal,base,5,human,14,p95,2.16533906568813,iopt,7,2.06505145568926,50
nominal,base,5,human,14,p95,2.16533906568813,cdopt,8,2.09975786960148,42.8571428571429
nominal,base,5,human,14,p95,2.16533906568813,ciopt,8,2.08304464249895,42.8571428571429
nominal,base,5,human,14,p95,2.16533906568813,random,NaN,NaN,NaN
nominal,base,5,human,15,mean,1.54004927538772,poisson,12,1.28719511461306,20
nominal,base,5,human,15,mean,1.54004927538772,human,15,1.54004927538772,0
nominal,base,5,human,15,mean,1.54004927538772,dopt,7,1.52817925670419,53.3333333333333
nominal,base,5,human,15,mean,1.54004927538772,iopt,7,1.52817925670419,53.3333333333333
nominal,base,5,human,15,mean,1.54004927538772,cdopt,9,1.48262235145139,40
nominal,base,5,human,15,mean,1.54004927538772,ciopt,9,1.46126462537291,40
nominal,base,5,human,15,mean,1.54004927538772,random,NaN,NaN,NaN
nominal,base,5,human,15,p95,2.14825144721453,poisson,12,1.7131626842926,20
nominal,base,5,human,15,p95,2.14825144721453,human,15,2.14825144721453,0
nominal,base,5,human,15,p95,2.14825144721453,dopt,7,2.06505145568926,53.3333333333333
nominal,base,5,human,15,p95,2.14825144721453,iopt,7,2.06505145568926,53.3333333333333
nominal,base,5,human,15,p95,2.14825144721453,cdopt,8,2.09975786960148,46.6666666666667
nominal,base,5,human,15,p95,2.14825144721453,ciopt,8,2.08304464249895,46.6666666666667
nominal,base,5,human,15,p95,2.14825144721453,random,NaN,NaN,NaN
nominal,base,5,human,16,mean,1.44778772422938,poisson,12,1.28719511461306,25
nominal,base,5,human,16,mean,1.44778772422938,human,16,1.44778772422938,0
nominal,base,5,human,16,mean,1.44778772422938,dopt,8,1.38431543866987,50
nominal,base,5,human,16,mean,1.44778772422938,iopt,8,1.38536097111556,50
nominal,base,5,human,16,mean,1.44778772422938,cdopt,10,1.26171674920818,37.5
nominal,base,5,human,16,mean,1.44778772422938,ciopt,10,1.3216108522627,37.5
nominal,base,5,human,16,mean,1.44778772422938,random,NaN,NaN,NaN
nominal,base,5,human,16,p95,2.01385459361615,poisson,12,1.7131626842926,25
nominal,base,5,human,16,p95,2.01385459361615,human,16,2.01385459361615,0
nominal,base,5,human,16,p95,2.01385459361615,dopt,8,1.83290516759727,50
nominal,base,5,human,16,p95,2.01385459361615,iopt,8,1.82867608187675,50
nominal,base,5,human,16,p95,2.01385459361615,cdopt,10,1.66954144860903,37.5
nominal,base,5,human,16,p95,2.01385459361615,ciopt,9,1.98720851595694,43.75
nominal,base,5,human,16,p95,2.01385459361615,random,NaN,NaN,NaN
nominal,base,5,human,17,mean,1.3742142996941,poisson,12,1.28719511461306,29.4117647058824
nominal,base,5,human,17,mean,1.3742142996941,human,17,1.3742142996941,0
nominal,base,5,human,17,mean,1.3742142996941,dopt,9,1.2334031561529,47.0588235294118
nominal,base,5,human,17,mean,1.3742142996941,iopt,9,1.27901395698722,47.0588235294118
nominal,base,5,human,17,mean,1.3742142996941,cdopt,10,1.26171674920818,41.1764705882353
nominal,base,5,human,17,mean,1.3742142996941,ciopt,10,1.3216108522627,41.1764705882353
nominal,base,5,human,17,mean,1.3742142996941,random,NaN,NaN,NaN
nominal,base,5,human,17,p95,1.90824499146479,poisson,12,1.7131626842926,29.4117647058824
nominal,base,5,human,17,p95,1.90824499146479,human,17,1.90824499146479,0
nominal,base,5,human,17,p95,1.90824499146479,dopt,8,1.83290516759727,52.9411764705882
nominal,base,5,human,17,p95,1.90824499146479,iopt,8,1.82867608187675,52.9411764705882
nominal,base,5,human,17,p95,1.90824499146479,cdopt,10,1.66954144860903,41.1764705882353
nominal,base,5,human,17,p95,1.90824499146479,ciopt,10,1.81915748798671,41.1764705882353
nominal,base,5,human,17,p95,1.90824499146479,random,NaN,NaN,NaN
nominal,base,5,human,18,mean,1.36083911300825,poisson,12,1.28719511461306,33.3333333333333
nominal,base,5,human,18,mean,1.36083911300825,human,18,1.36083911300825,0
nominal,base,5,human,18,mean,1.36083911300825,dopt,9,1.2334031561529,50
nominal,base,5,human,18,mean,1.36083911300825,iopt,9,1.27901395698722,50
nominal,base,5,human,18,mean,1.36083911300825,cdopt,10,1.26171674920818,44.4444444444444
nominal,base,5,human,18,mean,1.36083911300825,ciopt,10,1.3216108522627,44.4444444444444
nominal,base,5,human,18,mean,1.36083911300825,random,NaN,NaN,NaN
nominal,base,5,human,18,p95,1.85732790025728,poisson,12,1.7131626842926,33.3333333333333
nominal,base,5,human,18,p95,1.85732790025728,human,18,1.85732790025728,0
nominal,base,5,human,18,p95,1.85732790025728,dopt,8,1.83290516759727,55.5555555555556
nominal,base,5,human,18,p95,1.85732790025728,iopt,8,1.82867608187675,55.5555555555556
nominal,base,5,human,18,p95,1.85732790025728,cdopt,10,1.66954144860903,44.4444444444444
nominal,base,5,human,18,p95,1.85732790025728,ciopt,10,1.81915748798671,44.4444444444444
nominal,base,5,human,18,p95,1.85732790025728,random,NaN,NaN,NaN
nominal,base,5,human,19,mean,1.650161549674,poisson,12,1.28719511461306,36.8421052631579
nominal,base,5,human,19,mean,1.650161549674,human,14,1.58386718463706,26.3157894736842
nominal,base,5,human,19,mean,1.650161549674,dopt,7,1.52817925670419,63.1578947368421
nominal,base,5,human,19,mean,1.650161549674,iopt,7,1.52817925670419,63.1578947368421
nominal,base,5,human,19,mean,1.650161549674,cdopt,8,1.55675239207415,57.8947368421053
nominal,base,5,human,19,mean,1.650161549674,ciopt,8,1.56399343263305,57.8947368421053
nominal,base,5,human,19,mean,1.650161549674,random,NaN,NaN,NaN
nominal,base,5,human,19,p95,2.25496326284468,poisson,12,1.7131626842926,36.8421052631579
nominal,base,5,human,19,p95,2.25496326284468,human,14,2.16533906568813,26.3157894736842
nominal,base,5,human,19,p95,2.25496326284468,dopt,7,2.06505145568926,63.1578947368421
nominal,base,5,human,19,p95,2.25496326284468,iopt,7,2.06505145568926,63.1578947368421
nominal,base,5,human,19,p95,2.25496326284468,cdopt,8,2.09975786960148,57.8947368421053
nominal,base,5,human,19,p95,2.25496326284468,ciopt,8,2.08304464249895,57.8947368421053
nominal,base,5,human,19,p95,2.25496326284468,random,NaN,NaN,NaN
nominal,base,5,random,6,mean,539.27678763784,poisson,6,5.04548803852335,0
nominal,base,5,random,6,mean,539.27678763784,human,6,37.6792617671063,0
nominal,base,5,random,6,mean,539.27678763784,dopt,6,2.91400251425919,0
nominal,base,5,random,6,mean,539.27678763784,iopt,6,2.54056217185227,0
nominal,base,5,random,6,mean,539.27678763784,cdopt,6,3.68029423722818,0
nominal,base,5,random,6,mean,539.27678763784,ciopt,6,3.75880841847583,0
nominal,base,5,random,6,mean,539.27678763784,random,6,539.27678763784,0
nominal,base,5,random,6,p95,1026.40117858879,poisson,6,8.26961884234978,0
nominal,base,5,random,6,p95,1026.40117858879,human,6,68.0264828070744,0
nominal,base,5,random,6,p95,1026.40117858879,dopt,6,4.32610413232068,0
nominal,base,5,random,6,p95,1026.40117858879,iopt,6,3.61634564084357,0
nominal,base,5,random,6,p95,1026.40117858879,cdopt,6,6.22698622685447,0
nominal,base,5,random,6,p95,1026.40117858879,ciopt,6,6.31976668047399,0
nominal,base,5,random,6,p95,1026.40117858879,random,6,1026.40117858879,0
nominal,base,5,random,7,mean,66.8658479191162,poisson,6,5.04548803852335,14.2857142857143
nominal,base,5,random,7,mean,66.8658479191162,human,6,37.6792617671063,14.2857142857143
nominal,base,5,random,7,mean,66.8658479191162,dopt,6,2.91400251425919,14.2857142857143
nominal,base,5,random,7,mean,66.8658479191162,iopt,6,2.54056217185227,14.2857142857143
nominal,base,5,random,7,mean,66.8658479191162,cdopt,6,3.68029423722818,14.2857142857143
nominal,base,5,random,7,mean,66.8658479191162,ciopt,6,3.75880841847583,14.2857142857143
nominal,base,5,random,7,mean,66.8658479191162,random,7,66.8658479191162,0
nominal,base,5,random,7,p95,124.00790774618,poisson,6,8.26961884234978,14.2857142857143
nominal,base,5,random,7,p95,124.00790774618,human,6,68.0264828070744,14.2857142857143
nominal,base,5,random,7,p95,124.00790774618,dopt,6,4.32610413232068,14.2857142857143
nominal,base,5,random,7,p95,124.00790774618,iopt,6,3.61634564084357,14.2857142857143
nominal,base,5,random,7,p95,124.00790774618,cdopt,6,6.22698622685447,14.2857142857143
nominal,base,5,random,7,p95,124.00790774618,ciopt,6,6.31976668047399,14.2857142857143
nominal,base,5,random,7,p95,124.00790774618,random,7,124.00790774618,0
nominal,base,5,random,8,mean,28.5291013477874,poisson,6,5.04548803852335,25
nominal,base,5,random,8,mean,28.5291013477874,human,7,13.1000323687317,12.5
nominal,base,5,random,8,mean,28.5291013477874,dopt,6,2.91400251425919,25
nominal,base,5,random,8,mean,28.5291013477874,iopt,6,2.54056217185227,25
nominal,base,5,random,8,mean,28.5291013477874,cdopt,6,3.68029423722818,25
nominal,base,5,random,8,mean,28.5291013477874,ciopt,6,3.75880841847583,25
nominal,base,5,random,8,mean,28.5291013477874,random,8,28.5291013477874,0
nominal,base,5,random,8,p95,44.8884096129748,poisson,6,8.26961884234978,25
nominal,base,5,random,8,p95,44.8884096129748,human,7,22.1790810312143,12.5
nominal,base,5,random,8,p95,44.8884096129748,dopt,6,4.32610413232068,25
nominal,base,5,random,8,p95,44.8884096129748,iopt,6,3.61634564084357,25
nominal,base,5,random,8,p95,44.8884096129748,cdopt,6,6.22698622685447,25
nominal,base,5,random,8,p95,44.8884096129748,ciopt,6,6.31976668047399,25
nominal,base,5,random,8,p95,44.8884096129748,random,8,44.8884096129748,0
nominal,base,5,random,9,mean,18.8332754743769,poisson,6,5.04548803852335,33.3333333333333
nominal,base,5,random,9,mean,18.8332754743769,human,7,13.1000323687317,22.2222222222222
nominal,base,5,random,9,mean,18.8332754743769,dopt,6,2.91400251425919,33.3333333333333
nominal,base,5,random,9,mean,18.8332754743769,iopt,6,2.54056217185227,33.3333333333333
nominal,base,5,random,9,mean,18.8332754743769,cdopt,6,3.68029423722818,33.3333333333333
nominal,base,5,random,9,mean,18.8332754743769,ciopt,6,3.75880841847583,33.3333333333333
nominal,base,5,random,9,mean,18.8332754743769,random,9,18.8332754743769,0
nominal,base,5,random,9,p95,34.0674729017574,poisson,6,8.26961884234978,33.3333333333333
nominal,base,5,random,9,p95,34.0674729017574,human,7,22.1790810312143,22.2222222222222
nominal,base,5,random,9,p95,34.0674729017574,dopt,6,4.32610413232068,33.3333333333333
nominal,base,5,random,9,p95,34.0674729017574,iopt,6,3.61634564084357,33.3333333333333
nominal,base,5,random,9,p95,34.0674729017574,cdopt,6,6.22698622685447,33.3333333333333
nominal,base,5,random,9,p95,34.0674729017574,ciopt,6,6.31976668047399,33.3333333333333
nominal,base,5,random,9,p95,34.0674729017574,random,9,34.0674729017574,0
nominal,base,5,random,10,mean,10.748724258101,poisson,6,5.04548803852335,40
nominal,base,5,random,10,mean,10.748724258101,human,8,3.31078566162775,20
nominal,base,5,random,10,mean,10.748724258101,dopt,6,2.91400251425919,40
nominal,base,5,random,10,mean,10.748724258101,iopt,6,2.54056217185227,40
nominal,base,5,random,10,mean,10.748724258101,cdopt,6,3.68029423722818,40
nominal,base,5,random,10,mean,10.748724258101,ciopt,6,3.75880841847583,40
nominal,base,5,random,10,mean,10.748724258101,random,10,10.748724258101,0
nominal,base,5,random,10,p95,17.8283686396923,poisson,6,8.26961884234978,40
nominal,base,5,random,10,p95,17.8283686396923,human,8,5.3983342584605,20
nominal,base,5,random,10,p95,17.8283686396923,dopt,6,4.32610413232068,40
nominal,base,5,random,10,p95,17.8283686396923,iopt,6,3.61634564084357,40
nominal,base,5,random,10,p95,17.8283686396923,cdopt,6,6.22698622685447,40
nominal,base,5,random,10,p95,17.8283686396923,ciopt,6,6.31976668047399,40
nominal,base,5,random,10,p95,17.8283686396923,random,10,17.8283686396923,0
nominal,base,5,random,11,mean,8.23264170565527,poisson,6,5.04548803852335,45.4545454545455
nominal,base,5,random,11,mean,8.23264170565527,human,8,3.31078566162775,27.2727272727273
nominal,base,5,random,11,mean,8.23264170565527,dopt,6,2.91400251425919,45.4545454545455
nominal,base,5,random,11,mean,8.23264170565527,iopt,6,2.54056217185227,45.4545454545455
nominal,base,5,random,11,mean,8.23264170565527,cdopt,6,3.68029423722818,45.4545454545455
nominal,base,5,random,11,mean,8.23264170565527,ciopt,6,3.75880841847583,45.4545454545455
nominal,base,5,random,11,mean,8.23264170565527,random,11,8.23264170565527,0
nominal,base,5,random,11,p95,14.7570496886727,poisson,6,8.26961884234978,45.4545454545455
nominal,base,5,random,11,p95,14.7570496886727,human,8,5.3983342584605,27.2727272727273
nominal,base,5,random,11,p95,14.7570496886727,dopt,6,4.32610413232068,45.4545454545455
nominal,base,5,random,11,p95,14.7570496886727,iopt,6,3.61634564084357,45.4545454545455
nominal,base,5,random,11,p95,14.7570496886727,cdopt,6,6.22698622685447,45.4545454545455
nominal,base,5,random,11,p95,14.7570496886727,ciopt,6,6.31976668047399,45.4545454545455
nominal,base,5,random,11,p95,14.7570496886727,random,11,14.7570496886727,0
nominal,base,5,random,12,mean,5.55965426973265,poisson,6,5.04548803852335,50
nominal,base,5,random,12,mean,5.55965426973265,human,8,3.31078566162775,33.3333333333333
nominal,base,5,random,12,mean,5.55965426973265,dopt,6,2.91400251425919,50
nominal,base,5,random,12,mean,5.55965426973265,iopt,6,2.54056217185227,50
nominal,base,5,random,12,mean,5.55965426973265,cdopt,6,3.68029423722818,50
nominal,base,5,random,12,mean,5.55965426973265,ciopt,6,3.75880841847583,50
nominal,base,5,random,12,mean,5.55965426973265,random,12,5.55965426973265,0
nominal,base,5,random,12,p95,9.05649990102364,poisson,6,8.26961884234978,50
nominal,base,5,random,12,p95,9.05649990102364,human,8,5.3983342584605,33.3333333333333
nominal,base,5,random,12,p95,9.05649990102364,dopt,6,4.32610413232068,50
nominal,base,5,random,12,p95,9.05649990102364,iopt,6,3.61634564084357,50
nominal,base,5,random,12,p95,9.05649990102364,cdopt,6,6.22698622685447,50
nominal,base,5,random,12,p95,9.05649990102364,ciopt,6,6.31976668047399,50
nominal,base,5,random,12,p95,9.05649990102364,random,12,9.05649990102364,0
nominal,base,5,random,13,mean,4.95532541574864,poisson,7,2.76306819199059,46.1538461538462
nominal,base,5,random,13,mean,4.95532541574864,human,8,3.31078566162775,38.4615384615385
nominal,base,5,random,13,mean,4.95532541574864,dopt,6,2.91400251425919,53.8461538461538
nominal,base,5,random,13,mean,4.95532541574864,iopt,6,2.54056217185227,53.8461538461538
nominal,base,5,random,13,mean,4.95532541574864,cdopt,6,3.68029423722818,53.8461538461538
nominal,base,5,random,13,mean,4.95532541574864,ciopt,6,3.75880841847583,53.8461538461538
nominal,base,5,random,13,mean,4.95532541574864,random,13,4.95532541574864,0
nominal,base,5,random,13,p95,8.41772711632605,poisson,6,8.26961884234978,53.8461538461538
nominal,base,5,random,13,p95,8.41772711632605,human,8,5.3983342584605,38.4615384615385
nominal,base,5,random,13,p95,8.41772711632605,dopt,6,4.32610413232068,53.8461538461538
nominal,base,5,random,13,p95,8.41772711632605,iopt,6,3.61634564084357,53.8461538461538
nominal,base,5,random,13,p95,8.41772711632605,cdopt,6,6.22698622685447,53.8461538461538
nominal,base,5,random,13,p95,8.41772711632605,ciopt,6,6.31976668047399,53.8461538461538
nominal,base,5,random,13,p95,8.41772711632605,random,13,8.41772711632605,0
nominal,base,5,random,14,mean,4.59692405966855,poisson,7,2.76306819199059,50
nominal,base,5,random,14,mean,4.59692405966855,human,8,3.31078566162775,42.8571428571429
nominal,base,5,random,14,mean,4.59692405966855,dopt,6,2.91400251425919,57.1428571428571
nominal,base,5,random,14,mean,4.59692405966855,iopt,6,2.54056217185227,57.1428571428571
nominal,base,5,random,14,mean,4.59692405966855,cdopt,6,3.68029423722818,57.1428571428571
nominal,base,5,random,14,mean,4.59692405966855,ciopt,6,3.75880841847583,57.1428571428571
nominal,base,5,random,14,mean,4.59692405966855,random,14,4.59692405966855,0
nominal,base,5,random,14,p95,7.95196861480622,poisson,7,4.23574717942115,50
nominal,base,5,random,14,p95,7.95196861480622,human,8,5.3983342584605,42.8571428571429
nominal,base,5,random,14,p95,7.95196861480622,dopt,6,4.32610413232068,57.1428571428571
nominal,base,5,random,14,p95,7.95196861480622,iopt,6,3.61634564084357,57.1428571428571
nominal,base,5,random,14,p95,7.95196861480622,cdopt,6,6.22698622685447,57.1428571428571
nominal,base,5,random,14,p95,7.95196861480622,ciopt,6,6.31976668047399,57.1428571428571
nominal,base,5,random,14,p95,7.95196861480622,random,14,7.95196861480622,0
nominal,base,5,random,15,mean,3.68623753170145,poisson,7,2.76306819199059,53.3333333333333
nominal,base,5,random,15,mean,3.68623753170145,human,8,3.31078566162775,46.6666666666667
nominal,base,5,random,15,mean,3.68623753170145,dopt,6,2.91400251425919,60
nominal,base,5,random,15,mean,3.68623753170145,iopt,6,2.54056217185227,60
nominal,base,5,random,15,mean,3.68623753170145,cdopt,6,3.68029423722818,60
nominal,base,5,random,15,mean,3.68623753170145,ciopt,7,2.07523867822569,53.3333333333333
nominal,base,5,random,15,mean,3.68623753170145,random,15,3.68623753170145,0
nominal,base,5,random,15,p95,5.41265154656461,poisson,7,4.23574717942115,53.3333333333333
nominal,base,5,random,15,p95,5.41265154656461,human,8,5.3983342584605,46.6666666666667
nominal,base,5,random,15,p95,5.41265154656461,dopt,6,4.32610413232068,60
nominal,base,5,random,15,p95,5.41265154656461,iopt,6,3.61634564084357,60
nominal,base,5,random,15,p95,5.41265154656461,cdopt,7,2.81980765046647,53.3333333333333
nominal,base,5,random,15,p95,5.41265154656461,ciopt,7,2.99933885112251,53.3333333333333
nominal,base,5,random,15,p95,5.41265154656461,random,15,5.41265154656461,0
nominal,base,5,random,16,mean,3.20508715484999,poisson,7,2.76306819199059,56.25
nominal,base,5,random,16,mean,3.20508715484999,human,9,2.31996655486291,43.75
nominal,base,5,random,16,mean,3.20508715484999,dopt,6,2.91400251425919,62.5
nominal,base,5,random,16,mean,3.20508715484999,iopt,6,2.54056217185227,62.5
nominal,base,5,random,16,mean,3.20508715484999,cdopt,7,1.96990626682229,56.25
nominal,base,5,random,16,mean,3.20508715484999,ciopt,7,2.07523867822569,56.25
nominal,base,5,random,16,mean,3.20508715484999,random,16,3.20508715484999,0
nominal,base,5,random,16,p95,4.75273116870636,poisson,7,4.23574717942115,56.25
nominal,base,5,random,16,p95,4.75273116870636,human,9,3.29026849169346,43.75
nominal,base,5,random,16,p95,4.75273116870636,dopt,6,4.32610413232068,62.5
nominal,base,5,random,16,p95,4.75273116870636,iopt,6,3.61634564084357,62.5
nominal,base,5,random,16,p95,4.75273116870636,cdopt,7,2.81980765046647,56.25
nominal,base,5,random,16,p95,4.75273116870636,ciopt,7,2.99933885112251,56.25
nominal,base,5,random,16,p95,4.75273116870636,random,16,4.75273116870636,0
nominal,base,5,random,17,mean,2.73621903341628,poisson,8,2.31587700575007,52.9411764705882
nominal,base,5,random,17,mean,2.73621903341628,human,9,2.31996655486291,47.0588235294118
nominal,base,5,random,17,mean,2.73621903341628,dopt,7,1.52817925670419,58.8235294117647
nominal,base,5,random,17,mean,2.73621903341628,iopt,6,2.54056217185227,64.7058823529412
nominal,base,5,random,17,mean,2.73621903341628,cdopt,7,1.96990626682229,58.8235294117647
nominal,base,5,random,17,mean,2.73621903341628,ciopt,7,2.07523867822569,58.8235294117647
nominal,base,5,random,17,mean,2.73621903341628,random,17,2.73621903341628,0
nominal,base,5,random,17,p95,4.05932682984308,poisson,8,3.50527596139303,52.9411764705882
nominal,base,5,random,17,p95,4.05932682984308,human,9,3.29026849169346,47.0588235294118
nominal,base,5,random,17,p95,4.05932682984308,dopt,7,2.06505145568926,58.8235294117647
nominal,base,5,random,17,p95,4.05932682984308,iopt,6,3.61634564084357,64.7058823529412
nominal,base,5,random,17,p95,4.05932682984308,cdopt,7,2.81980765046647,58.8235294117647
nominal,base,5,random,17,p95,4.05932682984308,ciopt,7,2.99933885112251,58.8235294117647
nominal,base,5,random,17,p95,4.05932682984308,random,17,4.05932682984308,0
nominal,base,5,random,18,mean,2.62277187276046,poisson,8,2.31587700575007,55.5555555555556
nominal,base,5,random,18,mean,2.62277187276046,human,9,2.31996655486291,50
nominal,base,5,random,18,mean,2.62277187276046,dopt,7,1.52817925670419,61.1111111111111
nominal,base,5,random,18,mean,2.62277187276046,iopt,6,2.54056217185227,66.6666666666667
nominal,base,5,random,18,mean,2.62277187276046,cdopt,7,1.96990626682229,61.1111111111111
nominal,base,5,random,18,mean,2.62277187276046,ciopt,7,2.07523867822569,61.1111111111111
nominal,base,5,random,18,mean,2.62277187276046,random,18,2.62277187276046,0
nominal,base,5,random,18,p95,4.19405060675242,poisson,8,3.50527596139303,55.5555555555556
nominal,base,5,random,18,p95,4.19405060675242,human,9,3.29026849169346,50
nominal,base,5,random,18,p95,4.19405060675242,dopt,7,2.06505145568926,61.1111111111111
nominal,base,5,random,18,p95,4.19405060675242,iopt,6,3.61634564084357,66.6666666666667
nominal,base,5,random,18,p95,4.19405060675242,cdopt,7,2.81980765046647,61.1111111111111
nominal,base,5,random,18,p95,4.19405060675242,ciopt,7,2.99933885112251,61.1111111111111
nominal,base,5,random,18,p95,4.19405060675242,random,17,4.05932682984308,5.55555555555556
nominal,base,5,random,19,mean,2.42747294018201,poisson,8,2.31587700575007,57.8947368421053
nominal,base,5,random,19,mean,2.42747294018201,human,9,2.31996655486291,52.6315789473684
nominal,base,5,random,19,mean,2.42747294018201,dopt,7,1.52817925670419,63.1578947368421
nominal,base,5,random,19,mean,2.42747294018201,iopt,7,1.52817925670419,63.1578947368421
nominal,base,5,random,19,mean,2.42747294018201,cdopt,7,1.96990626682229,63.1578947368421
nominal,base,5,random,19,mean,2.42747294018201,ciopt,7,2.07523867822569,63.1578947368421
nominal,base,5,random,19,mean,2.42747294018201,random,19,2.42747294018201,0
nominal,base,5,random,19,p95,3.89184743616488,poisson,8,3.50527596139303,57.8947368421053
nominal,base,5,random,19,p95,3.89184743616488,human,9,3.29026849169346,52.6315789473684
nominal,base,5,random,19,p95,3.89184743616488,dopt,7,2.06505145568926,63.1578947368421
nominal,base,5,random,19,p95,3.89184743616488,iopt,6,3.61634564084357,68.4210526315789
nominal,base,5,random,19,p95,3.89184743616488,cdopt,7,2.81980765046647,63.1578947368421
nominal,base,5,random,19,p95,3.89184743616488,ciopt,7,2.99933885112251,63.1578947368421
nominal,base,5,random,19,p95,3.89184743616488,random,19,3.89184743616488,0
nominal,base,5,poisson,6,mean,5.04548803852335,poisson,6,5.04548803852335,0
nominal,base,5,poisson,6,mean,5.04548803852335,human,8,3.31078566162775,-33.3333333333333
nominal,base,5,poisson,6,mean,5.04548803852335,dopt,6,2.91400251425919,0
nominal,base,5,poisson,6,mean,5.04548803852335,iopt,6,2.54056217185227,0
nominal,base,5,poisson,6,mean,5.04548803852335,cdopt,6,3.68029423722818,0
nominal,base,5,poisson,6,mean,5.04548803852335,ciopt,6,3.75880841847583,0
nominal,base,5,poisson,6,mean,5.04548803852335,random,13,4.95532541574864,-116.666666666667
nominal,base,5,poisson,6,p95,8.26961884234978,poisson,6,8.26961884234978,0
nominal,base,5,poisson,6,p95,8.26961884234978,human,8,5.3983342584605,-33.3333333333333
nominal,base,5,poisson,6,p95,8.26961884234978,dopt,6,4.32610413232068,0
nominal,base,5,poisson,6,p95,8.26961884234978,iopt,6,3.61634564084357,0
nominal,base,5,poisson,6,p95,8.26961884234978,cdopt,6,6.22698622685447,0
nominal,base,5,poisson,6,p95,8.26961884234978,ciopt,6,6.31976668047399,0
nominal,base,5,poisson,6,p95,8.26961884234978,random,14,7.95196861480622,-133.333333333333
nominal,base,5,poisson,7,mean,2.76306819199059,poisson,7,2.76306819199059,0
nominal,base,5,poisson,7,mean,2.76306819199059,human,9,2.31996655486291,-28.5714285714286
nominal,base,5,poisson,7,mean,2.76306819199059,dopt,7,1.52817925670419,0
nominal,base,5,poisson,7,mean,2.76306819199059,iopt,6,2.54056217185227,14.2857142857143
nominal,base,5,poisson,7,mean,2.76306819199059,cdopt,7,1.96990626682229,0
nominal,base,5,poisson,7,mean,2.76306819199059,ciopt,7,2.07523867822569,0
nominal,base,5,poisson,7,mean,2.76306819199059,random,17,2.73621903341628,-142.857142857143
nominal,base,5,poisson,7,p95,4.23574717942115,poisson,7,4.23574717942115,0
nominal,base,5,poisson,7,p95,4.23574717942115,human,9,3.29026849169346,-28.5714285714286
nominal,base,5,poisson,7,p95,4.23574717942115,dopt,7,2.06505145568926,0
nominal,base,5,poisson,7,p95,4.23574717942115,iopt,6,3.61634564084357,14.2857142857143
nominal,base,5,poisson,7,p95,4.23574717942115,cdopt,7,2.81980765046647,0
nominal,base,5,poisson,7,p95,4.23574717942115,ciopt,7,2.99933885112251,0
nominal,base,5,poisson,7,p95,4.23574717942115,random,17,4.05932682984308,-142.857142857143
nominal,base,5,poisson,8,mean,2.31587700575007,poisson,8,2.31587700575007,0
nominal,base,5,poisson,8,mean,2.31587700575007,human,10,2.29768174516906,-25
nominal,base,5,poisson,8,mean,2.31587700575007,dopt,7,1.52817925670419,12.5
nominal,base,5,poisson,8,mean,2.31587700575007,iopt,7,1.52817925670419,12.5
nominal,base,5,poisson,8,mean,2.31587700575007,cdopt,7,1.96990626682229,12.5
nominal,base,5,poisson,8,mean,2.31587700575007,ciopt,7,2.07523867822569,12.5
nominal,base,5,poisson,8,mean,2.31587700575007,random,NaN,NaN,NaN
nominal,base,5,poisson,8,p95,3.50527596139303,poisson,8,3.50527596139303,0
nominal,base,5,poisson,8,p95,3.50527596139303,human,9,3.29026849169346,-12.5
nominal,base,5,poisson,8,p95,3.50527596139303,dopt,7,2.06505145568926,12.5
nominal,base,5,poisson,8,p95,3.50527596139303,iopt,7,2.06505145568926,12.5
nominal,base,5,poisson,8,p95,3.50527596139303,cdopt,7,2.81980765046647,12.5
nominal,base,5,poisson,8,p95,3.50527596139303,ciopt,7,2.99933885112251,12.5
nominal,base,5,poisson,8,p95,3.50527596139303,random,NaN,NaN,NaN
nominal,base,5,poisson,9,mean,3.6137411820006,poisson,7,2.76306819199059,22.2222222222222
nominal,base,5,poisson,9,mean,3.6137411820006,human,8,3.31078566162775,11.1111111111111
nominal,base,5,poisson,9,mean,3.6137411820006,dopt,6,2.91400251425919,33.3333333333333
nominal,base,5,poisson,9,mean,3.6137411820006,iopt,6,2.54056217185227,33.3333333333333
nominal,base,5,poisson,9,mean,3.6137411820006,cdopt,7,1.96990626682229,22.2222222222222
nominal,base,5,poisson,9,mean,3.6137411820006,ciopt,7,2.07523867822569,22.2222222222222
nominal,base,5,poisson,9,mean,3.6137411820006,random,16,3.20508715484999,-77.7777777777778
nominal,base,5,poisson,9,p95,5.57955729081081,poisson,7,4.23574717942115,22.2222222222222
nominal,base,5,poisson,9,p95,5.57955729081081,human,8,5.3983342584605,11.1111111111111
nominal,base,5,poisson,9,p95,5.57955729081081,dopt,6,4.32610413232068,33.3333333333333
nominal,base,5,poisson,9,p95,5.57955729081081,iopt,6,3.61634564084357,33.3333333333333
nominal,base,5,poisson,9,p95,5.57955729081081,cdopt,7,2.81980765046647,22.2222222222222
nominal,base,5,poisson,9,p95,5.57955729081081,ciopt,7,2.99933885112251,22.2222222222222
nominal,base,5,poisson,9,p95,5.57955729081081,random,15,5.41265154656461,-66.6666666666667
nominal,base,5,poisson,10,mean,1.6501684903563,poisson,10,1.6501684903563,0
nominal,base,5,poisson,10,mean,1.6501684903563,human,14,1.58386718463706,-40
nominal,base,5,poisson,10,mean,1.6501684903563,dopt,7,1.52817925670419,30
nominal,base,5,poisson,10,mean,1.6501684903563,iopt,7,1.52817925670419,30
nominal,base,5,poisson,10,mean,1.6501684903563,cdopt,8,1.55675239207415,20
nominal,base,5,poisson,10,mean,1.6501684903563,ciopt,8,1.56399343263305,20
nominal,base,5,poisson,10,mean,1.6501684903563,random,NaN,NaN,NaN
nominal,base,5,poisson,10,p95,2.30348874276651,poisson,10,2.30348874276651,0
nominal,base,5,poisson,10,p95,2.30348874276651,human,14,2.16533906568813,-40
nominal,base,5,poisson,10,p95,2.30348874276651,dopt,7,2.06505145568926,30
nominal,base,5,poisson,10,p95,2.30348874276651,iopt,7,2.06505145568926,30
nominal,base,5,poisson,10,p95,2.30348874276651,cdopt,8,2.09975786960148,20
nominal,base,5,poisson,10,p95,2.30348874276651,ciopt,8,2.08304464249895,20
nominal,base,5,poisson,10,p95,2.30348874276651,random,NaN,NaN,NaN
nominal,base,5,poisson,11,mean,3.54338570163383,poisson,7,2.76306819199059,36.3636363636364
nominal,base,5,poisson,11,mean,3.54338570163383,human,8,3.31078566162775,27.2727272727273
nominal,base,5,poisson,11,mean,3.54338570163383,dopt,6,2.91400251425919,45.4545454545455
nominal,base,5,poisson,11,mean,3.54338570163383,iopt,6,2.54056217185227,45.4545454545455
nominal,base,5,poisson,11,mean,3.54338570163383,cdopt,7,1.96990626682229,36.3636363636364
nominal,base,5,poisson,11,mean,3.54338570163383,ciopt,7,2.07523867822569,36.3636363636364
nominal,base,5,poisson,11,mean,3.54338570163383,random,16,3.20508715484999,-45.4545454545455
nominal,base,5,poisson,11,p95,5.94193009499883,poisson,7,4.23574717942115,36.3636363636364
nominal,base,5,poisson,11,p95,5.94193009499883,human,8,5.3983342584605,27.2727272727273
nominal,base,5,poisson,11,p95,5.94193009499883,dopt,6,4.32610413232068,45.4545454545455
nominal,base,5,poisson,11,p95,5.94193009499883,iopt,6,3.61634564084357,45.4545454545455
nominal,base,5,poisson,11,p95,5.94193009499883,cdopt,7,2.81980765046647,36.3636363636364
nominal,base,5,poisson,11,p95,5.94193009499883,ciopt,7,2.99933885112251,36.3636363636364
nominal,base,5,poisson,11,p95,5.94193009499883,random,15,5.41265154656461,-36.3636363636364
nominal,base,5,poisson,12,mean,1.28719511461306,poisson,12,1.28719511461306,0
nominal,base,5,poisson,12,mean,1.28719511461306,human,NaN,NaN,NaN
nominal,base,5,poisson,12,mean,1.28719511461306,dopt,9,1.2334031561529,25
nominal,base,5,poisson,12,mean,1.28719511461306,iopt,9,1.27901395698722,25
nominal,base,5,poisson,12,mean,1.28719511461306,cdopt,10,1.26171674920818,16.6666666666667
nominal,base,5,poisson,12,mean,1.28719511461306,ciopt,11,1.27565875897276,8.33333333333333
nominal,base,5,poisson,12,mean,1.28719511461306,random,NaN,NaN,NaN
nominal,base,5,poisson,12,p95,1.7131626842926,poisson,12,1.7131626842926,0
nominal,base,5,poisson,12,p95,1.7131626842926,human,NaN,NaN,NaN
nominal,base,5,poisson,12,p95,1.7131626842926,dopt,9,1.60143459273544,25
nominal,base,5,poisson,12,p95,1.7131626842926,iopt,9,1.6815301396137,25
nominal,base,5,poisson,12,p95,1.7131626842926,cdopt,10,1.66954144860903,16.6666666666667
nominal,base,5,poisson,12,p95,1.7131626842926,ciopt,12,1.38677726893898,0
nominal,base,5,poisson,12,p95,1.7131626842926,random,NaN,NaN,NaN
nominal,base,5,poisson,13,mean,2.01644807553933,poisson,10,1.6501684903563,23.0769230769231
nominal,base,5,poisson,13,mean,2.01644807553933,human,11,1.87083195970664,15.3846153846154
nominal,base,5,poisson,13,mean,2.01644807553933,dopt,7,1.52817925670419,46.1538461538462
nominal,base,5,poisson,13,mean,2.01644807553933,iopt,7,1.52817925670419,46.1538461538462
nominal,base,5,poisson,13,mean,2.01644807553933,cdopt,7,1.96990626682229,46.1538461538462
nominal,base,5,poisson,13,mean,2.01644807553933,ciopt,8,1.56399343263305,38.4615384615385
nominal,base,5,poisson,13,mean,2.01644807553933,random,NaN,NaN,NaN
nominal,base,5,poisson,13,p95,3.20122160558019,poisson,10,2.30348874276651,23.0769230769231
nominal,base,5,poisson,13,p95,3.20122160558019,human,11,2.58873308858315,15.3846153846154
nominal,base,5,poisson,13,p95,3.20122160558019,dopt,7,2.06505145568926,46.1538461538462
nominal,base,5,poisson,13,p95,3.20122160558019,iopt,7,2.06505145568926,46.1538461538462
nominal,base,5,poisson,13,p95,3.20122160558019,cdopt,7,2.81980765046647,46.1538461538462
nominal,base,5,poisson,13,p95,3.20122160558019,ciopt,7,2.99933885112251,46.1538461538462
nominal,base,5,poisson,13,p95,3.20122160558019,random,NaN,NaN,NaN
nominal,base,5,poisson,14,mean,1.1311573340077,poisson,14,1.1311573340077,0
nominal,base,5,poisson,14,mean,1.1311573340077,human,NaN,NaN,NaN
nominal,base,5,poisson,14,mean,1.1311573340077,dopt,10,1.12935138343708,28.5714285714286
nominal,base,5,poisson,14,mean,1.1311573340077,iopt,11,1.04218846326608,21.4285714285714
nominal,base,5,poisson,14,mean,1.1311573340077,cdopt,12,1.03004523913526,14.2857142857143
nominal,base,5,poisson,14,mean,1.1311573340077,ciopt,12,1.07875365762685,14.2857142857143
nominal,base,5,poisson,14,mean,1.1311573340077,random,NaN,NaN,NaN
nominal,base,5,poisson,14,p95,1.51278018889042,poisson,14,1.51278018889042,0
nominal,base,5,poisson,14,p95,1.51278018889042,human,NaN,NaN,NaN
nominal,base,5,poisson,14,p95,1.51278018889042,dopt,10,1.46166144917771,28.5714285714286
nominal,base,5,poisson,14,p95,1.51278018889042,iopt,11,1.36682167743456,21.4285714285714
nominal,base,5,poisson,14,p95,1.51278018889042,cdopt,12,1.29740631374462,14.2857142857143
nominal,base,5,poisson,14,p95,1.51278018889042,ciopt,12,1.38677726893898,14.2857142857143
nominal,base,5,poisson,14,p95,1.51278018889042,random,NaN,NaN,NaN
nominal,base,5,poisson,15,mean,0.919115939194345,poisson,15,0.919115939194345,0
nominal,base,5,poisson,15,mean,0.919115939194345,human,NaN,NaN,NaN
nominal,base,5,poisson,15,mean,0.919115939194345,dopt,15,0.906774192825645,0
nominal,base,5,poisson,15,mean,0.919115939194345,iopt,15,0.906774192825645,0
nominal,base,5,poisson,15,mean,0.919115939194345,cdopt,19,0.902842049650555,-26.6666666666667
nominal,base,5,poisson,15,mean,0.919115939194345,ciopt,NaN,NaN,NaN
nominal,base,5,poisson,15,mean,0.919115939194345,random,NaN,NaN,NaN
nominal,base,5,poisson,15,p95,1.15322885742196,poisson,15,1.15322885742196,0
nominal,base,5,poisson,15,p95,1.15322885742196,human,NaN,NaN,NaN
nominal,base,5,poisson,15,p95,1.15322885742196,dopt,15,1.13073932845343,0
nominal,base,5,poisson,15,p95,1.15322885742196,iopt,13,1.15079755397108,13.3333333333333
nominal,base,5,poisson,15,p95,1.15322885742196,cdopt,NaN,NaN,NaN
nominal,base,5,poisson,15,p95,1.15322885742196,ciopt,NaN,NaN,NaN
nominal,base,5,poisson,15,p95,1.15322885742196,random,NaN,NaN,NaN
nominal,base,5,poisson,16,mean,1.61425362045764,poisson,12,1.28719511461306,25
nominal,base,5,poisson,16,mean,1.61425362045764,human,14,1.58386718463706,12.5
nominal,base,5,poisson,16,mean,1.61425362045764,dopt,7,1.52817925670419,56.25
nominal,base,5,poisson,16,mean,1.61425362045764,iopt,7,1.52817925670419,56.25
nominal,base,5,poisson,16,mean,1.61425362045764,cdopt,8,1.55675239207415,50
nominal,base,5,poisson,16,mean,1.61425362045764,ciopt,8,1.56399343263305,50
nominal,base,5,poisson,16,mean,1.61425362045764,random,NaN,NaN,NaN
nominal,base,5,poisson,16,p95,2.21789178628547,poisson,12,1.7131626842926,25
nominal,base,5,poisson,16,p95,2.21789178628547,human,14,2.16533906568813,12.5
nominal,base,5,poisson,16,p95,2.21789178628547,dopt,7,2.06505145568926,56.25
nominal,base,5,poisson,16,p95,2.21789178628547,iopt,7,2.06505145568926,56.25
nominal,base,5,poisson,16,p95,2.21789178628547,cdopt,8,2.09975786960148,50
nominal,base,5,poisson,16,p95,2.21789178628547,ciopt,8,2.08304464249895,50
nominal,base,5,poisson,16,p95,2.21789178628547,random,NaN,NaN,NaN
nominal,base,5,poisson,17,mean,1.07215802469575,poisson,15,0.919115939194345,11.7647058823529
nominal,base,5,poisson,17,mean,1.07215802469575,human,NaN,NaN,NaN
nominal,base,5,poisson,17,mean,1.07215802469575,dopt,11,1.01573660441596,35.2941176470588
nominal,base,5,poisson,17,mean,1.07215802469575,iopt,11,1.04218846326608,35.2941176470588
nominal,base,5,poisson,17,mean,1.07215802469575,cdopt,12,1.03004523913526,29.4117647058824
nominal,base,5,poisson,17,mean,1.07215802469575,ciopt,14,1.0216797563736,17.6470588235294
nominal,base,5,poisson,17,mean,1.07215802469575,random,NaN,NaN,NaN
nominal,base,5,poisson,17,p95,1.49325193568856,poisson,15,1.15322885742196,11.7647058823529
nominal,base,5,poisson,17,p95,1.49325193568856,human,NaN,NaN,NaN
nominal,base,5,poisson,17,p95,1.49325193568856,dopt,10,1.46166144917771,41.1764705882353
nominal,base,5,poisson,17,p95,1.49325193568856,iopt,11,1.36682167743456,35.2941176470588
nominal,base,5,poisson,17,p95,1.49325193568856,cdopt,12,1.29740631374462,29.4117647058824
nominal,base,5,poisson,17,p95,1.49325193568856,ciopt,12,1.38677726893898,29.4117647058824
nominal,base,5,poisson,17,p95,1.49325193568856,random,NaN,NaN,NaN
nominal,base,5,poisson,18,mean,1.57609705735376,poisson,12,1.28719511461306,33.3333333333333
nominal,base,5,poisson,18,mean,1.57609705735376,human,15,1.54004927538772,16.6666666666667
nominal,base,5,poisson,18,mean,1.57609705735376,dopt,7,1.52817925670419,61.1111111111111
nominal,base,5,poisson,18,mean,1.57609705735376,iopt,7,1.52817925670419,61.1111111111111
nominal,base,5,poisson,18,mean,1.57609705735376,cdopt,8,1.55675239207415,55.5555555555556
nominal,base,5,poisson,18,mean,1.57609705735376,ciopt,8,1.56399343263305,55.5555555555556
nominal,base,5,poisson,18,mean,1.57609705735376,random,NaN,NaN,NaN
nominal,base,5,poisson,18,p95,2.21546197182728,poisson,12,1.7131626842926,33.3333333333333
nominal,base,5,poisson,18,p95,2.21546197182728,human,14,2.16533906568813,22.2222222222222
nominal,base,5,poisson,18,p95,2.21546197182728,dopt,7,2.06505145568926,61.1111111111111
nominal,base,5,poisson,18,p95,2.21546197182728,iopt,7,2.06505145568926,61.1111111111111
nominal,base,5,poisson,18,p95,2.21546197182728,cdopt,8,2.09975786960148,55.5555555555556
nominal,base,5,poisson,18,p95,2.21546197182728,ciopt,8,2.08304464249895,55.5555555555556
nominal,base,5,poisson,18,p95,2.21546197182728,random,NaN,NaN,NaN
nominal,base,5,poisson,19,mean,1.43016056370805,poisson,12,1.28719511461306,36.8421052631579
nominal,base,5,poisson,19,mean,1.43016056370805,human,17,1.3742142996941,10.5263157894737
nominal,base,5,poisson,19,mean,1.43016056370805,dopt,8,1.38431543866987,57.8947368421053
nominal,base,5,poisson,19,mean,1.43016056370805,iopt,8,1.38536097111556,57.8947368421053
nominal,base,5,poisson,19,mean,1.43016056370805,cdopt,10,1.26171674920818,47.3684210526316
nominal,base,5,poisson,19,mean,1.43016056370805,ciopt,10,1.3216108522627,47.3684210526316
nominal,base,5,poisson,19,mean,1.43016056370805,random,NaN,NaN,NaN
nominal,base,5,poisson,19,p95,2.03562915645731,poisson,12,1.7131626842926,36.8421052631579
nominal,base,5,poisson,19,p95,2.03562915645731,human,16,2.01385459361615,15.7894736842105
nominal,base,5,poisson,19,p95,2.03562915645731,dopt,8,1.83290516759727,57.8947368421053
nominal,base,5,poisson,19,p95,2.03562915645731,iopt,8,1.82867608187675,57.8947368421053
nominal,base,5,poisson,19,p95,2.03562915645731,cdopt,10,1.66954144860903,47.3684210526316
nominal,base,5,poisson,19,p95,2.03562915645731,ciopt,9,1.98720851595694,52.6315789473684
nominal,base,5,poisson,19,p95,2.03562915645731,random,NaN,NaN,NaN
nominal,mandatory,3,human_f,6,mean,2.57356994059178,poisson_f,6,2.47598403691737,0
nominal,mandatory,3,human_f,6,mean,2.57356994059178,human_f,6,2.57356994059178,0
nominal,mandatory,3,human_f,6,mean,2.57356994059178,dopt_aug,6,2.31948917244976,0
nominal,mandatory,3,human_f,6,mean,2.57356994059178,iopt_aug,6,2.31948917244976,0
nominal,mandatory,3,human_f,6,mean,2.57356994059178,cdopt_naive,7,1.95507579253069,-16.6666666666667
nominal,mandatory,3,human_f,6,mean,2.57356994059178,ciopt_naive,7,2.44232495247463,-16.6666666666667
nominal,mandatory,3,human_f,6,mean,2.57356994059178,cdopt_aug,7,1.96278498389181,-16.6666666666667
nominal,mandatory,3,human_f,6,mean,2.57356994059178,ciopt_aug,7,1.96278498389181,-16.6666666666667
nominal,mandatory,3,human_f,6,mean,2.57356994059178,random_f,8,2.44202790931388,-33.3333333333333
nominal,mandatory,3,human_f,6,p95,3.7277382422147,poisson_f,6,3.65758446821793,0
nominal,mandatory,3,human_f,6,p95,3.7277382422147,human_f,6,3.7277382422147,0
nominal,mandatory,3,human_f,6,p95,3.7277382422147,dopt_aug,6,3.44852484505063,0
nominal,mandatory,3,human_f,6,p95,3.7277382422147,iopt_aug,6,3.44852484505063,0
nominal,mandatory,3,human_f,6,p95,3.7277382422147,cdopt_naive,7,2.9898049116849,-16.6666666666667
nominal,mandatory,3,human_f,6,p95,3.7277382422147,ciopt_naive,7,3.59349679029274,-16.6666666666667
nominal,mandatory,3,human_f,6,p95,3.7277382422147,cdopt_aug,7,2.94396421136894,-16.6666666666667
nominal,mandatory,3,human_f,6,p95,3.7277382422147,ciopt_aug,7,2.94396421136894,-16.6666666666667
nominal,mandatory,3,human_f,6,p95,3.7277382422147,random_f,8,3.54080855681488,-33.3333333333333
nominal,mandatory,3,human_f,7,mean,2.34062626036295,poisson_f,7,2.16044752992681,0
nominal,mandatory,3,human_f,7,mean,2.34062626036295,human_f,7,2.34062626036295,0
nominal,mandatory,3,human_f,7,mean,2.34062626036295,dopt_aug,6,2.31948917244976,14.2857142857143
nominal,mandatory,3,human_f,7,mean,2.34062626036295,iopt_aug,6,2.31948917244976,14.2857142857143
nominal,mandatory,3,human_f,7,mean,2.34062626036295,cdopt_naive,7,1.95507579253069,0
nominal,mandatory,3,human_f,7,mean,2.34062626036295,ciopt_naive,8,2.0665482115248,-14.2857142857143
nominal,mandatory,3,human_f,7,mean,2.34062626036295,cdopt_aug,7,1.96278498389181,0
nominal,mandatory,3,human_f,7,mean,2.34062626036295,ciopt_aug,7,1.96278498389181,0
nominal,mandatory,3,human_f,7,mean,2.34062626036295,random_f,9,2.29340710151125,-28.5714285714286
nominal,mandatory,3,human_f,7,p95,3.44364822738677,poisson_f,7,3.20598792222199,0
nominal,mandatory,3,human_f,7,p95,3.44364822738677,human_f,7,3.44364822738677,0
nominal,mandatory,3,human_f,7,p95,3.44364822738677,dopt_aug,7,2.94396421136894,0
nominal,mandatory,3,human_f,7,p95,3.44364822738677,iopt_aug,7,3.16222825113689,0
nominal,mandatory,3,human_f,7,p95,3.44364822738677,cdopt_naive,7,2.9898049116849,0
nominal,mandatory,3,human_f,7,p95,3.44364822738677,ciopt_naive,8,3.11304914151927,-14.2857142857143
nominal,mandatory,3,human_f,7,p95,3.44364822738677,cdopt_aug,7,2.94396421136894,0
nominal,mandatory,3,human_f,7,p95,3.44364822738677,ciopt_aug,7,2.94396421136894,0
nominal,mandatory,3,human_f,7,p95,3.44364822738677,random_f,9,3.36134174768683,-28.5714285714286
nominal,mandatory,3,human_f,8,mean,2.40254563117895,poisson_f,7,2.16044752992681,12.5
nominal,mandatory,3,human_f,8,mean,2.40254563117895,human_f,7,2.34062626036295,12.5
nominal,mandatory,3,human_f,8,mean,2.40254563117895,dopt_aug,6,2.31948917244976,25
nominal,mandatory,3,human_f,8,mean,2.40254563117895,iopt_aug,6,2.31948917244976,25
nominal,mandatory,3,human_f,8,mean,2.40254563117895,cdopt_naive,7,1.95507579253069,12.5
nominal,mandatory,3,human_f,8,mean,2.40254563117895,ciopt_naive,8,2.0665482115248,0
nominal,mandatory,3,human_f,8,mean,2.40254563117895,cdopt_aug,7,1.96278498389181,12.5
nominal,mandatory,3,human_f,8,mean,2.40254563117895,ciopt_aug,7,1.96278498389181,12.5
nominal,mandatory,3,human_f,8,mean,2.40254563117895,random_f,9,2.29340710151125,-12.5
nominal,mandatory,3,human_f,8,p95,3.55693536600859,poisson_f,7,3.20598792222199,12.5
nominal,mandatory,3,human_f,8,p95,3.55693536600859,human_f,7,3.44364822738677,12.5
nominal,mandatory,3,human_f,8,p95,3.55693536600859,dopt_aug,6,3.44852484505063,25
nominal,mandatory,3,human_f,8,p95,3.55693536600859,iopt_aug,6,3.44852484505063,25
nominal,mandatory,3,human_f,8,p95,3.55693536600859,cdopt_naive,7,2.9898049116849,12.5
nominal,mandatory,3,human_f,8,p95,3.55693536600859,ciopt_naive,8,3.11304914151927,0
nominal,mandatory,3,human_f,8,p95,3.55693536600859,cdopt_aug,7,2.94396421136894,12.5
nominal,mandatory,3,human_f,8,p95,3.55693536600859,ciopt_aug,7,2.94396421136894,12.5
nominal,mandatory,3,human_f,8,p95,3.55693536600859,random_f,8,3.54080855681488,0
nominal,mandatory,3,human_f,9,mean,2.02936012246384,poisson_f,8,1.77774888634489,11.1111111111111
nominal,mandatory,3,human_f,9,mean,2.02936012246384,human_f,9,2.02936012246384,0
nominal,mandatory,3,human_f,9,mean,2.02936012246384,dopt_aug,7,1.96278498389181,22.2222222222222
nominal,mandatory,3,human_f,9,mean,2.02936012246384,iopt_aug,8,1.46498910120589,11.1111111111111
nominal,mandatory,3,human_f,9,mean,2.02936012246384,cdopt_naive,7,1.95507579253069,22.2222222222222
nominal,mandatory,3,human_f,9,mean,2.02936012246384,ciopt_naive,9,1.58931829172034,0
nominal,mandatory,3,human_f,9,mean,2.02936012246384,cdopt_aug,7,1.96278498389181,22.2222222222222
nominal,mandatory,3,human_f,9,mean,2.02936012246384,ciopt_aug,7,1.96278498389181,22.2222222222222
nominal,mandatory,3,human_f,9,mean,2.02936012246384,random_f,12,1.955584404333,-33.3333333333333
nominal,mandatory,3,human_f,9,p95,2.93279244470498,poisson_f,8,2.81039382482599,11.1111111111111
nominal,mandatory,3,human_f,9,p95,2.93279244470498,human_f,9,2.93279244470498,0
nominal,mandatory,3,human_f,9,p95,2.93279244470498,dopt_aug,8,2.05937684067599,11.1111111111111
nominal,mandatory,3,human_f,9,p95,2.93279244470498,iopt_aug,8,2.05937684067599,11.1111111111111
nominal,mandatory,3,human_f,9,p95,2.93279244470498,cdopt_naive,9,2.30417608568985,0
nominal,mandatory,3,human_f,9,p95,2.93279244470498,ciopt_naive,9,2.26128487356182,0
nominal,mandatory,3,human_f,9,p95,2.93279244470498,cdopt_aug,8,2.20800560120987,11.1111111111111
nominal,mandatory,3,human_f,9,p95,2.93279244470498,ciopt_aug,8,2.15186877343366,11.1111111111111
nominal,mandatory,3,human_f,9,p95,2.93279244470498,random_f,14,2.69078874790509,-55.5555555555556
nominal,mandatory,3,human_f,10,mean,1.73416529353469,poisson_f,9,1.19348301518986,10
nominal,mandatory,3,human_f,10,mean,1.73416529353469,human_f,10,1.73416529353469,0
nominal,mandatory,3,human_f,10,mean,1.73416529353469,dopt_aug,8,1.46498910120589,20
nominal,mandatory,3,human_f,10,mean,1.73416529353469,iopt_aug,8,1.46498910120589,20
nominal,mandatory,3,human_f,10,mean,1.73416529353469,cdopt_naive,9,1.59380640087227,10
nominal,mandatory,3,human_f,10,mean,1.73416529353469,ciopt_naive,9,1.58931829172034,10
nominal,mandatory,3,human_f,10,mean,1.73416529353469,cdopt_aug,8,1.55556649351685,20
nominal,mandatory,3,human_f,10,mean,1.73416529353469,ciopt_aug,8,1.51408483236582,20
nominal,mandatory,3,human_f,10,mean,1.73416529353469,random_f,16,1.64977431470979,-60
nominal,mandatory,3,human_f,10,p95,2.50438551105691,poisson_f,9,1.56188980224293,10
nominal,mandatory,3,human_f,10,p95,2.50438551105691,human_f,10,2.50438551105691,0
nominal,mandatory,3,human_f,10,p95,2.50438551105691,dopt_aug,8,2.05937684067599,20
nominal,mandatory,3,human_f,10,p95,2.50438551105691,iopt_aug,8,2.05937684067599,20
nominal,mandatory,3,human_f,10,p95,2.50438551105691,cdopt_naive,9,2.30417608568985,10
nominal,mandatory,3,human_f,10,p95,2.50438551105691,ciopt_naive,9,2.26128487356182,10
nominal,mandatory,3,human_f,10,p95,2.50438551105691,cdopt_aug,8,2.20800560120987,20
nominal,mandatory,3,human_f,10,p95,2.50438551105691,ciopt_aug,8,2.15186877343366,20
nominal,mandatory,3,human_f,10,p95,2.50438551105691,random_f,16,2.44263390986041,-60
nominal,mandatory,3,human_f,11,mean,1.77154473903217,poisson_f,9,1.19348301518986,18.1818181818182
nominal,mandatory,3,human_f,11,mean,1.77154473903217,human_f,10,1.73416529353469,9.09090909090909
nominal,mandatory,3,human_f,11,mean,1.77154473903217,dopt_aug,8,1.46498910120589,27.2727272727273
nominal,mandatory,3,human_f,11,mean,1.77154473903217,iopt_aug,8,1.46498910120589,27.2727272727273
nominal,mandatory,3,human_f,11,mean,1.77154473903217,cdopt_naive,9,1.59380640087227,18.1818181818182
nominal,mandatory,3,human_f,11,mean,1.77154473903217,ciopt_naive,9,1.58931829172034,18.1818181818182
nominal,mandatory,3,human_f,11,mean,1.77154473903217,cdopt_aug,8,1.55556649351685,27.2727272727273
nominal,mandatory,3,human_f,11,mean,1.77154473903217,ciopt_aug,8,1.51408483236582,27.2727272727273
nominal,mandatory,3,human_f,11,mean,1.77154473903217,random_f,15,1.73694867580164,-36.3636363636364
nominal,mandatory,3,human_f,11,p95,2.57194161214871,poisson_f,9,1.56188980224293,18.1818181818182
nominal,mandatory,3,human_f,11,p95,2.57194161214871,human_f,10,2.50438551105691,9.09090909090909
nominal,mandatory,3,human_f,11,p95,2.57194161214871,dopt_aug,8,2.05937684067599,27.2727272727273
nominal,mandatory,3,human_f,11,p95,2.57194161214871,iopt_aug,8,2.05937684067599,27.2727272727273
nominal,mandatory,3,human_f,11,p95,2.57194161214871,cdopt_naive,9,2.30417608568985,18.1818181818182
nominal,mandatory,3,human_f,11,p95,2.57194161214871,ciopt_naive,9,2.26128487356182,18.1818181818182
nominal,mandatory,3,human_f,11,p95,2.57194161214871,cdopt_aug,8,2.20800560120987,27.2727272727273
nominal,mandatory,3,human_f,11,p95,2.57194161214871,ciopt_aug,8,2.15186877343366,27.2727272727273
nominal,mandatory,3,human_f,11,p95,2.57194161214871,random_f,16,2.44263390986041,-45.4545454545455
nominal,mandatory,3,human_f,12,mean,1.43348792214117,poisson_f,9,1.19348301518986,25
nominal,mandatory,3,human_f,12,mean,1.43348792214117,human_f,12,1.43348792214117,0
nominal,mandatory,3,human_f,12,mean,1.43348792214117,dopt_aug,9,1.19348301518986,25
nominal,mandatory,3,human_f,12,mean,1.43348792214117,iopt_aug,9,1.19348301518986,25
nominal,mandatory,3,human_f,12,mean,1.43348792214117,cdopt_naive,10,1.42625412449536,16.6666666666667
nominal,mandatory,3,human_f,12,mean,1.43348792214117,ciopt_naive,11,1.29554577110675,8.33333333333333
nominal,mandatory,3,human_f,12,mean,1.43348792214117,cdopt_aug,10,1.36963582503638,16.6666666666667
nominal,mandatory,3,human_f,12,mean,1.43348792214117,ciopt_aug,10,1.36574088069161,16.6666666666667
nominal,mandatory,3,human_f,12,mean,1.43348792214117,random_f,NaN,NaN,NaN
nominal,mandatory,3,human_f,12,p95,1.96607897500228,poisson_f,9,1.56188980224293,25
nominal,mandatory,3,human_f,12,p95,1.96607897500228,human_f,12,1.96607897500228,0
nominal,mandatory,3,human_f,12,p95,1.96607897500228,dopt_aug,9,1.56188980224293,25
nominal,mandatory,3,human_f,12,p95,1.96607897500228,iopt_aug,9,1.56188980224293,25
nominal,mandatory,3,human_f,12,p95,1.96607897500228,cdopt_naive,10,1.95067106566423,16.6666666666667
nominal,mandatory,3,human_f,12,p95,1.96607897500228,ciopt_naive,11,1.72617560578581,8.33333333333333
nominal,mandatory,3,human_f,12,p95,1.96607897500228,cdopt_aug,10,1.87273022385142,16.6666666666667
nominal,mandatory,3,human_f,12,p95,1.96607897500228,ciopt_aug,10,1.88792280748261,16.6666666666667
nominal,mandatory,3,human_f,12,p95,1.96607897500228,random_f,NaN,NaN,NaN
nominal,mandatory,3,human_f,13,mean,1.3617166331623,poisson_f,9,1.19348301518986,30.7692307692308
nominal,mandatory,3,human_f,13,mean,1.3617166331623,human_f,13,1.3617166331623,0
nominal,mandatory,3,human_f,13,mean,1.3617166331623,dopt_aug,9,1.19348301518986,30.7692307692308
nominal,mandatory,3,human_f,13,mean,1.3617166331623,iopt_aug,9,1.19348301518986,30.7692307692308
nominal,mandatory,3,human_f,13,mean,1.3617166331623,cdopt_naive,11,1.25068041354519,15.3846153846154
nominal,mandatory,3,human_f,13,mean,1.3617166331623,ciopt_naive,11,1.29554577110675,15.3846153846154
nominal,mandatory,3,human_f,13,mean,1.3617166331623,cdopt_aug,11,1.35694489620995,15.3846153846154
nominal,mandatory,3,human_f,13,mean,1.3617166331623,ciopt_aug,11,1.20048656299533,15.3846153846154
nominal,mandatory,3,human_f,13,mean,1.3617166331623,random_f,NaN,NaN,NaN
nominal,mandatory,3,human_f,13,p95,1.86827065543158,poisson_f,9,1.56188980224293,30.7692307692308
nominal,mandatory,3,human_f,13,p95,1.86827065543158,human_f,13,1.86827065543158,0
nominal,mandatory,3,human_f,13,p95,1.86827065543158,dopt_aug,9,1.56188980224293,30.7692307692308
nominal,mandatory,3,human_f,13,p95,1.86827065543158,iopt_aug,9,1.56188980224293,30.7692307692308
nominal,mandatory,3,human_f,13,p95,1.86827065543158,cdopt_naive,11,1.67895369611521,15.3846153846154
nominal,mandatory,3,human_f,13,p95,1.86827065543158,ciopt_naive,11,1.72617560578581,15.3846153846154
nominal,mandatory,3,human_f,13,p95,1.86827065543158,cdopt_aug,12,1.54737065996471,7.69230769230769
nominal,mandatory,3,human_f,13,p95,1.86827065543158,ciopt_aug,11,1.57374121149741,15.3846153846154
nominal,mandatory,3,human_f,13,p95,1.86827065543158,random_f,NaN,NaN,NaN
nominal,mandatory,3,human_f,14,mean,1.38295668703243,poisson_f,9,1.19348301518986,35.7142857142857
nominal,mandatory,3,human_f,14,mean,1.38295668703243,human_f,13,1.3617166331623,7.14285714285714
nominal,mandatory,3,human_f,14,mean,1.38295668703243,dopt_aug,9,1.19348301518986,35.7142857142857
nominal,mandatory,3,human_f,14,mean,1.38295668703243,iopt_aug,9,1.19348301518986,35.7142857142857
nominal,mandatory,3,human_f,14,mean,1.38295668703243,cdopt_naive,11,1.25068041354519,21.4285714285714
nominal,mandatory,3,human_f,14,mean,1.38295668703243,ciopt_naive,11,1.29554577110675,21.4285714285714
nominal,mandatory,3,human_f,14,mean,1.38295668703243,cdopt_aug,10,1.36963582503638,28.5714285714286
nominal,mandatory,3,human_f,14,mean,1.38295668703243,ciopt_aug,10,1.36574088069161,28.5714285714286
nominal,mandatory,3,human_f,14,mean,1.38295668703243,random_f,NaN,NaN,NaN
nominal,mandatory,3,human_f,14,p95,1.93961889584852,poisson_f,9,1.56188980224293,35.7142857142857
nominal,mandatory,3,human_f,14,p95,1.93961889584852,human_f,13,1.86827065543158,7.14285714285714
nominal,mandatory,3,human_f,14,p95,1.93961889584852,dopt_aug,9,1.56188980224293,35.7142857142857
nominal,mandatory,3,human_f,14,p95,1.93961889584852,iopt_aug,9,1.56188980224293,35.7142857142857
nominal,mandatory,3,human_f,14,p95,1.93961889584852,cdopt_naive,11,1.67895369611521,21.4285714285714
nominal,mandatory,3,human_f,14,p95,1.93961889584852,ciopt_naive,11,1.72617560578581,21.4285714285714
nominal,mandatory,3,human_f,14,p95,1.93961889584852,cdopt_aug,10,1.87273022385142,28.5714285714286
nominal,mandatory,3,human_f,14,p95,1.93961889584852,ciopt_aug,10,1.88792280748261,28.5714285714286
nominal,mandatory,3,human_f,14,p95,1.93961889584852,random_f,NaN,NaN,NaN
nominal,mandatory,3,human_f,15,mean,1.25591796984023,poisson_f,9,1.19348301518986,40
nominal,mandatory,3,human_f,15,mean,1.25591796984023,human_f,15,1.25591796984023,0
nominal,mandatory,3,human_f,15,mean,1.25591796984023,dopt_aug,9,1.19348301518986,40
nominal,mandatory,3,human_f,15,mean,1.25591796984023,iopt_aug,9,1.19348301518986,40
nominal,mandatory,3,human_f,15,mean,1.25591796984023,cdopt_naive,11,1.25068041354519,26.6666666666667
nominal,mandatory,3,human_f,15,mean,1.25591796984023,ciopt_naive,12,1.24113673197137,20
nominal,mandatory,3,human_f,15,mean,1.25591796984023,cdopt_aug,12,1.18042841810131,20
nominal,mandatory,3,human_f,15,mean,1.25591796984023,ciopt_aug,11,1.20048656299533,26.6666666666667
nominal,mandatory,3,human_f,15,mean,1.25591796984023,random_f,NaN,NaN,NaN
nominal,mandatory,3,human_f,15,p95,1.73609306343566,poisson_f,9,1.56188980224293,40
nominal,mandatory,3,human_f,15,p95,1.73609306343566,human_f,15,1.73609306343566,0
nominal,mandatory,3,human_f,15,p95,1.73609306343566,dopt_aug,9,1.56188980224293,40
nominal,mandatory,3,human_f,15,p95,1.73609306343566,iopt_aug,9,1.56188980224293,40
nominal,mandatory,3,human_f,15,p95,1.73609306343566,cdopt_naive,11,1.67895369611521,26.6666666666667
nominal,mandatory,3,human_f,15,p95,1.73609306343566,ciopt_naive,11,1.72617560578581,26.6666666666667
nominal,mandatory,3,human_f,15,p95,1.73609306343566,cdopt_aug,12,1.54737065996471,20
nominal,mandatory,3,human_f,15,p95,1.73609306343566,ciopt_aug,11,1.57374121149741,26.6666666666667
nominal,mandatory,3,human_f,15,p95,1.73609306343566,random_f,NaN,NaN,NaN
nominal,mandatory,3,human_f,16,mean,1.28457597634963,poisson_f,9,1.19348301518986,43.75
nominal,mandatory,3,human_f,16,mean,1.28457597634963,human_f,15,1.25591796984023,6.25
nominal,mandatory,3,human_f,16,mean,1.28457597634963,dopt_aug,9,1.19348301518986,43.75
nominal,mandatory,3,human_f,16,mean,1.28457597634963,iopt_aug,9,1.19348301518986,43.75
nominal,mandatory,3,human_f,16,mean,1.28457597634963,cdopt_naive,11,1.25068041354519,31.25
nominal,mandatory,3,human_f,16,mean,1.28457597634963,ciopt_naive,12,1.24113673197137,25
nominal,mandatory,3,human_f,16,mean,1.28457597634963,cdopt_aug,12,1.18042841810131,25
nominal,mandatory,3,human_f,16,mean,1.28457597634963,ciopt_aug,11,1.20048656299533,31.25
nominal,mandatory,3,human_f,16,mean,1.28457597634963,random_f,NaN,NaN,NaN
nominal,mandatory,3,human_f,16,p95,1.78093160467188,poisson_f,9,1.56188980224293,43.75
nominal,mandatory,3,human_f,16,p95,1.78093160467188,human_f,15,1.73609306343566,6.25
nominal,mandatory,3,human_f,16,p95,1.78093160467188,dopt_aug,9,1.56188980224293,43.75
nominal,mandatory,3,human_f,16,p95,1.78093160467188,iopt_aug,9,1.56188980224293,43.75
nominal,mandatory,3,human_f,16,p95,1.78093160467188,cdopt_naive,11,1.67895369611521,31.25
nominal,mandatory,3,human_f,16,p95,1.78093160467188,ciopt_naive,11,1.72617560578581,31.25
nominal,mandatory,3,human_f,16,p95,1.78093160467188,cdopt_aug,12,1.54737065996471,25
nominal,mandatory,3,human_f,16,p95,1.78093160467188,ciopt_aug,11,1.57374121149741,31.25
nominal,mandatory,3,human_f,16,p95,1.78093160467188,random_f,NaN,NaN,NaN
nominal,mandatory,3,human_f,17,mean,1.28885928828438,poisson_f,9,1.19348301518986,47.0588235294118
nominal,mandatory,3,human_f,17,mean,1.28885928828438,human_f,15,1.25591796984023,11.7647058823529
nominal,mandatory,3,human_f,17,mean,1.28885928828438,dopt_aug,9,1.19348301518986,47.0588235294118
nominal,mandatory,3,human_f,17,mean,1.28885928828438,iopt_aug,9,1.19348301518986,47.0588235294118
nominal,mandatory,3,human_f,17,mean,1.28885928828438,cdopt_naive,11,1.25068041354519,35.2941176470588
nominal,mandatory,3,human_f,17,mean,1.28885928828438,ciopt_naive,12,1.24113673197137,29.4117647058824
nominal,mandatory,3,human_f,17,mean,1.28885928828438,cdopt_aug,12,1.18042841810131,29.4117647058824
nominal,mandatory,3,human_f,17,mean,1.28885928828438,ciopt_aug,11,1.20048656299533,35.2941176470588
nominal,mandatory,3,human_f,17,mean,1.28885928828438,random_f,NaN,NaN,NaN
nominal,mandatory,3,human_f,17,p95,1.82066557803534,poisson_f,9,1.56188980224293,47.0588235294118
nominal,mandatory,3,human_f,17,p95,1.82066557803534,human_f,15,1.73609306343566,11.7647058823529
nominal,mandatory,3,human_f,17,p95,1.82066557803534,dopt_aug,9,1.56188980224293,47.0588235294118
nominal,mandatory,3,human_f,17,p95,1.82066557803534,iopt_aug,9,1.56188980224293,47.0588235294118
nominal,mandatory,3,human_f,17,p95,1.82066557803534,cdopt_naive,11,1.67895369611521,35.2941176470588
nominal,mandatory,3,human_f,17,p95,1.82066557803534,ciopt_naive,11,1.72617560578581,35.2941176470588
nominal,mandatory,3,human_f,17,p95,1.82066557803534,cdopt_aug,12,1.54737065996471,29.4117647058824
nominal,mandatory,3,human_f,17,p95,1.82066557803534,ciopt_aug,11,1.57374121149741,35.2941176470588
nominal,mandatory,3,human_f,17,p95,1.82066557803534,random_f,NaN,NaN,NaN
nominal,mandatory,3,human_f,18,mean,1.21139944038788,poisson_f,9,1.19348301518986,50
nominal,mandatory,3,human_f,18,mean,1.21139944038788,human_f,18,1.21139944038788,0
nominal,mandatory,3,human_f,18,mean,1.21139944038788,dopt_aug,9,1.19348301518986,50
nominal,mandatory,3,human_f,18,mean,1.21139944038788,iopt_aug,9,1.19348301518986,50
nominal,mandatory,3,human_f,18,mean,1.21139944038788,cdopt_naive,13,1.13971495183313,27.7777777777778
nominal,mandatory,3,human_f,18,mean,1.21139944038788,ciopt_naive,13,1.14408513999673,27.7777777777778
nominal,mandatory,3,human_f,18,mean,1.21139944038788,cdopt_aug,12,1.18042841810131,33.3333333333333
nominal,mandatory,3,human_f,18,mean,1.21139944038788,ciopt_aug,11,1.20048656299533,38.8888888888889
nominal,mandatory,3,human_f,18,mean,1.21139944038788,random_f,NaN,NaN,NaN
nominal,mandatory,3,human_f,18,p95,1.65947156755459,poisson_f,9,1.56188980224293,50
nominal,mandatory,3,human_f,18,p95,1.65947156755459,human_f,18,1.65947156755459,0
nominal,mandatory,3,human_f,18,p95,1.65947156755459,dopt_aug,9,1.56188980224293,50
nominal,mandatory,3,human_f,18,p95,1.65947156755459,iopt_aug,9,1.56188980224293,50
nominal,mandatory,3,human_f,18,p95,1.65947156755459,cdopt_naive,13,1.50326922470374,27.7777777777778
nominal,mandatory,3,human_f,18,p95,1.65947156755459,ciopt_naive,12,1.64874988422534,33.3333333333333
nominal,mandatory,3,human_f,18,p95,1.65947156755459,cdopt_aug,12,1.54737065996471,33.3333333333333
nominal,mandatory,3,human_f,18,p95,1.65947156755459,ciopt_aug,11,1.57374121149741,38.8888888888889
nominal,mandatory,3,human_f,18,p95,1.65947156755459,random_f,NaN,NaN,NaN
nominal,mandatory,3,human_f,19,mean,1.21901184633538,poisson_f,9,1.19348301518986,52.6315789473684
nominal,mandatory,3,human_f,19,mean,1.21901184633538,human_f,18,1.21139944038788,5.26315789473684
nominal,mandatory,3,human_f,19,mean,1.21901184633538,dopt_aug,9,1.19348301518986,52.6315789473684
nominal,mandatory,3,human_f,19,mean,1.21901184633538,iopt_aug,9,1.19348301518986,52.6315789473684
nominal,mandatory,3,human_f,19,mean,1.21901184633538,cdopt_naive,13,1.13971495183313,31.5789473684211
nominal,mandatory,3,human_f,19,mean,1.21901184633538,ciopt_naive,13,1.14408513999673,31.5789473684211
nominal,mandatory,3,human_f,19,mean,1.21901184633538,cdopt_aug,12,1.18042841810131,36.8421052631579
nominal,mandatory,3,human_f,19,mean,1.21901184633538,ciopt_aug,11,1.20048656299533,42.1052631578947
nominal,mandatory,3,human_f,19,mean,1.21901184633538,random_f,NaN,NaN,NaN
nominal,mandatory,3,human_f,19,p95,1.66482614319974,poisson_f,9,1.56188980224293,52.6315789473684
nominal,mandatory,3,human_f,19,p95,1.66482614319974,human_f,18,1.65947156755459,5.26315789473684
nominal,mandatory,3,human_f,19,p95,1.66482614319974,dopt_aug,9,1.56188980224293,52.6315789473684
nominal,mandatory,3,human_f,19,p95,1.66482614319974,iopt_aug,9,1.56188980224293,52.6315789473684
nominal,mandatory,3,human_f,19,p95,1.66482614319974,cdopt_naive,13,1.50326922470374,31.5789473684211
nominal,mandatory,3,human_f,19,p95,1.66482614319974,ciopt_naive,12,1.64874988422534,36.8421052631579
nominal,mandatory,3,human_f,19,p95,1.66482614319974,cdopt_aug,12,1.54737065996471,36.8421052631579
nominal,mandatory,3,human_f,19,p95,1.66482614319974,ciopt_aug,11,1.57374121149741,42.1052631578947
nominal,mandatory,3,human_f,19,p95,1.66482614319974,random_f,NaN,NaN,NaN
nominal,mandatory,3,random_f,6,mean,2.68070560455022,poisson_f,6,2.47598403691737,0
nominal,mandatory,3,random_f,6,mean,2.68070560455022,human_f,6,2.57356994059178,0
nominal,mandatory,3,random_f,6,mean,2.68070560455022,dopt_aug,6,2.31948917244976,0
nominal,mandatory,3,random_f,6,mean,2.68070560455022,iopt_aug,6,2.31948917244976,0
nominal,mandatory,3,random_f,6,mean,2.68070560455022,cdopt_naive,7,1.95507579253069,-16.6666666666667
nominal,mandatory,3,random_f,6,mean,2.68070560455022,ciopt_naive,7,2.44232495247463,-16.6666666666667
nominal,mandatory,3,random_f,6,mean,2.68070560455022,cdopt_aug,7,1.96278498389181,-16.6666666666667
nominal,mandatory,3,random_f,6,mean,2.68070560455022,ciopt_aug,7,1.96278498389181,-16.6666666666667
nominal,mandatory,3,random_f,6,mean,2.68070560455022,random_f,6,2.68070560455022,0
nominal,mandatory,3,random_f,6,p95,3.88804547403727,poisson_f,6,3.65758446821793,0
nominal,mandatory,3,random_f,6,p95,3.88804547403727,human_f,6,3.7277382422147,0
nominal,mandatory,3,random_f,6,p95,3.88804547403727,dopt_aug,6,3.44852484505063,0
nominal,mandatory,3,random_f,6,p95,3.88804547403727,iopt_aug,6,3.44852484505063,0
nominal,mandatory,3,random_f,6,p95,3.88804547403727,cdopt_naive,7,2.9898049116849,-16.6666666666667
nominal,mandatory,3,random_f,6,p95,3.88804547403727,ciopt_naive,7,3.59349679029274,-16.6666666666667
nominal,mandatory,3,random_f,6,p95,3.88804547403727,cdopt_aug,7,2.94396421136894,-16.6666666666667
nominal,mandatory,3,random_f,6,p95,3.88804547403727,ciopt_aug,7,2.94396421136894,-16.6666666666667
nominal,mandatory,3,random_f,6,p95,3.88804547403727,random_f,6,3.88804547403727,0
nominal,mandatory,3,random_f,7,mean,2.57422582751938,poisson_f,6,2.47598403691737,14.2857142857143
nominal,mandatory,3,random_f,7,mean,2.57422582751938,human_f,6,2.57356994059178,14.2857142857143
nominal,mandatory,3,random_f,7,mean,2.57422582751938,dopt_aug,6,2.31948917244976,14.2857142857143
nominal,mandatory,3,random_f,7,mean,2.57422582751938,iopt_aug,6,2.31948917244976,14.2857142857143
nominal,mandatory,3,random_f,7,mean,2.57422582751938,cdopt_naive,7,1.95507579253069,0
nominal,mandatory,3,random_f,7,mean,2.57422582751938,ciopt_naive,7,2.44232495247463,0
nominal,mandatory,3,random_f,7,mean,2.57422582751938,cdopt_aug,7,1.96278498389181,0
nominal,mandatory,3,random_f,7,mean,2.57422582751938,ciopt_aug,7,1.96278498389181,0
nominal,mandatory,3,random_f,7,mean,2.57422582751938,random_f,7,2.57422582751938,0
nominal,mandatory,3,random_f,7,p95,3.75911755148211,poisson_f,6,3.65758446821793,14.2857142857143
nominal,mandatory,3,random_f,7,p95,3.75911755148211,human_f,6,3.7277382422147,14.2857142857143
nominal,mandatory,3,random_f,7,p95,3.75911755148211,dopt_aug,6,3.44852484505063,14.2857142857143
nominal,mandatory,3,random_f,7,p95,3.75911755148211,iopt_aug,6,3.44852484505063,14.2857142857143
nominal,mandatory,3,random_f,7,p95,3.75911755148211,cdopt_naive,7,2.9898049116849,0
nominal,mandatory,3,random_f,7,p95,3.75911755148211,ciopt_naive,7,3.59349679029274,0
nominal,mandatory,3,random_f,7,p95,3.75911755148211,cdopt_aug,7,2.94396421136894,0
nominal,mandatory,3,random_f,7,p95,3.75911755148211,ciopt_aug,7,2.94396421136894,0
nominal,mandatory,3,random_f,7,p95,3.75911755148211,random_f,7,3.75911755148211,0
nominal,mandatory,3,random_f,8,mean,2.44202790931388,poisson_f,7,2.16044752992681,12.5
nominal,mandatory,3,random_f,8,mean,2.44202790931388,human_f,7,2.34062626036295,12.5
nominal,mandatory,3,random_f,8,mean,2.44202790931388,dopt_aug,6,2.31948917244976,25
nominal,mandatory,3,random_f,8,mean,2.44202790931388,iopt_aug,6,2.31948917244976,25
nominal,mandatory,3,random_f,8,mean,2.44202790931388,cdopt_naive,7,1.95507579253069,12.5
nominal,mandatory,3,random_f,8,mean,2.44202790931388,ciopt_naive,8,2.0665482115248,0
nominal,mandatory,3,random_f,8,mean,2.44202790931388,cdopt_aug,7,1.96278498389181,12.5
nominal,mandatory,3,random_f,8,mean,2.44202790931388,ciopt_aug,7,1.96278498389181,12.5
nominal,mandatory,3,random_f,8,mean,2.44202790931388,random_f,8,2.44202790931388,0
nominal,mandatory,3,random_f,8,p95,3.54080855681488,poisson_f,7,3.20598792222199,12.5
nominal,mandatory,3,random_f,8,p95,3.54080855681488,human_f,7,3.44364822738677,12.5
nominal,mandatory,3,random_f,8,p95,3.54080855681488,dopt_aug,6,3.44852484505063,25
nominal,mandatory,3,random_f,8,p95,3.54080855681488,iopt_aug,6,3.44852484505063,25
nominal,mandatory,3,random_f,8,p95,3.54080855681488,cdopt_naive,7,2.9898049116849,12.5
nominal,mandatory,3,random_f,8,p95,3.54080855681488,ciopt_naive,8,3.11304914151927,0
nominal,mandatory,3,random_f,8,p95,3.54080855681488,cdopt_aug,7,2.94396421136894,12.5
nominal,mandatory,3,random_f,8,p95,3.54080855681488,ciopt_aug,7,2.94396421136894,12.5
nominal,mandatory,3,random_f,8,p95,3.54080855681488,random_f,8,3.54080855681488,0
nominal,mandatory,3,random_f,9,mean,2.29340710151125,poisson_f,7,2.16044752992681,22.2222222222222
nominal,mandatory,3,random_f,9,mean,2.29340710151125,human_f,9,2.02936012246384,0
nominal,mandatory,3,random_f,9,mean,2.29340710151125,dopt_aug,7,1.96278498389181,22.2222222222222
nominal,mandatory,3,random_f,9,mean,2.29340710151125,iopt_aug,7,2.03923618046641,22.2222222222222
nominal,mandatory,3,random_f,9,mean,2.29340710151125,cdopt_naive,7,1.95507579253069,22.2222222222222
nominal,mandatory,3,random_f,9,mean,2.29340710151125,ciopt_naive,8,2.0665482115248,11.1111111111111
nominal,mandatory,3,random_f,9,mean,2.29340710151125,cdopt_aug,7,1.96278498389181,22.2222222222222
nominal,mandatory,3,random_f,9,mean,2.29340710151125,ciopt_aug,7,1.96278498389181,22.2222222222222
nominal,mandatory,3,random_f,9,mean,2.29340710151125,random_f,9,2.29340710151125,0
nominal,mandatory,3,random_f,9,p95,3.36134174768683,poisson_f,7,3.20598792222199,22.2222222222222
nominal,mandatory,3,random_f,9,p95,3.36134174768683,human_f,9,2.93279244470498,0
nominal,mandatory,3,random_f,9,p95,3.36134174768683,dopt_aug,7,2.94396421136894,22.2222222222222
nominal,mandatory,3,random_f,9,p95,3.36134174768683,iopt_aug,7,3.16222825113689,22.2222222222222
nominal,mandatory,3,random_f,9,p95,3.36134174768683,cdopt_naive,7,2.9898049116849,22.2222222222222
nominal,mandatory,3,random_f,9,p95,3.36134174768683,ciopt_naive,8,3.11304914151927,11.1111111111111
nominal,mandatory,3,random_f,9,p95,3.36134174768683,cdopt_aug,7,2.94396421136894,22.2222222222222
nominal,mandatory,3,random_f,9,p95,3.36134174768683,ciopt_aug,7,2.94396421136894,22.2222222222222
nominal,mandatory,3,random_f,9,p95,3.36134174768683,random_f,9,3.36134174768683,0
nominal,mandatory,3,random_f,10,mean,2.1298572672918,poisson_f,8,1.77774888634489,20
nominal,mandatory,3,random_f,10,mean,2.1298572672918,human_f,9,2.02936012246384,10
nominal,mandatory,3,random_f,10,mean,2.1298572672918,dopt_aug,7,1.96278498389181,30
nominal,mandatory,3,random_f,10,mean,2.1298572672918,iopt_aug,7,2.03923618046641,30
nominal,mandatory,3,random_f,10,mean,2.1298572672918,cdopt_naive,7,1.95507579253069,30
nominal,mandatory,3,random_f,10,mean,2.1298572672918,ciopt_naive,8,2.0665482115248,20
nominal,mandatory,3,random_f,10,mean,2.1298572672918,cdopt_aug,7,1.96278498389181,30
nominal,mandatory,3,random_f,10,mean,2.1298572672918,ciopt_aug,7,1.96278498389181,30
nominal,mandatory,3,random_f,10,mean,2.1298572672918,random_f,10,2.1298572672918,0
nominal,mandatory,3,random_f,10,p95,3.14093134743742,poisson_f,8,2.81039382482599,20
nominal,mandatory,3,random_f,10,p95,3.14093134743742,human_f,9,2.93279244470498,10
nominal,mandatory,3,random_f,10,p95,3.14093134743742,dopt_aug,7,2.94396421136894,30
nominal,mandatory,3,random_f,10,p95,3.14093134743742,iopt_aug,8,2.05937684067599,20
nominal,mandatory,3,random_f,10,p95,3.14093134743742,cdopt_naive,7,2.9898049116849,30
nominal,mandatory,3,random_f,10,p95,3.14093134743742,ciopt_naive,8,3.11304914151927,20
nominal,mandatory,3,random_f,10,p95,3.14093134743742,cdopt_aug,7,2.94396421136894,30
nominal,mandatory,3,random_f,10,p95,3.14093134743742,ciopt_aug,7,2.94396421136894,30
nominal,mandatory,3,random_f,10,p95,3.14093134743742,random_f,10,3.14093134743742,0
nominal,mandatory,3,random_f,11,mean,2.09600450467467,poisson_f,8,1.77774888634489,27.2727272727273
nominal,mandatory,3,random_f,11,mean,2.09600450467467,human_f,9,2.02936012246384,18.1818181818182
nominal,mandatory,3,random_f,11,mean,2.09600450467467,dopt_aug,7,1.96278498389181,36.3636363636364
nominal,mandatory,3,random_f,11,mean,2.09600450467467,iopt_aug,7,2.03923618046641,36.3636363636364
nominal,mandatory,3,random_f,11,mean,2.09600450467467,cdopt_naive,7,1.95507579253069,36.3636363636364
nominal,mandatory,3,random_f,11,mean,2.09600450467467,ciopt_naive,8,2.0665482115248,27.2727272727273
nominal,mandatory,3,random_f,11,mean,2.09600450467467,cdopt_aug,7,1.96278498389181,36.3636363636364
nominal,mandatory,3,random_f,11,mean,2.09600450467467,ciopt_aug,7,1.96278498389181,36.3636363636364
nominal,mandatory,3,random_f,11,mean,2.09600450467467,random_f,11,2.09600450467467,0
nominal,mandatory,3,random_f,11,p95,3.18324237420027,poisson_f,8,2.81039382482599,27.2727272727273
nominal,mandatory,3,random_f,11,p95,3.18324237420027,human_f,9,2.93279244470498,18.1818181818182
nominal,mandatory,3,random_f,11,p95,3.18324237420027,dopt_aug,7,2.94396421136894,36.3636363636364
nominal,mandatory,3,random_f,11,p95,3.18324237420027,iopt_aug,7,3.16222825113689,36.3636363636364
nominal,mandatory,3,random_f,11,p95,3.18324237420027,cdopt_naive,7,2.9898049116849,36.3636363636364
nominal,mandatory,3,random_f,11,p95,3.18324237420027,ciopt_naive,8,3.11304914151927,27.2727272727273
nominal,mandatory,3,random_f,11,p95,3.18324237420027,cdopt_aug,7,2.94396421136894,36.3636363636364
nominal,mandatory,3,random_f,11,p95,3.18324237420027,ciopt_aug,7,2.94396421136894,36.3636363636364
nominal,mandatory,3,random_f,11,p95,3.18324237420027,random_f,10,3.14093134743742,9.09090909090909
nominal,mandatory,3,random_f,12,mean,1.955584404333,poisson_f,8,1.77774888634489,33.3333333333333
nominal,mandatory,3,random_f,12,mean,1.955584404333,human_f,10,1.73416529353469,16.6666666666667
nominal,mandatory,3,random_f,12,mean,1.955584404333,dopt_aug,8,1.46498910120589,33.3333333333333
nominal,mandatory,3,random_f,12,mean,1.955584404333,iopt_aug,8,1.46498910120589,33.3333333333333
nominal,mandatory,3,random_f,12,mean,1.955584404333,cdopt_naive,7,1.95507579253069,41.6666666666667
nominal,mandatory,3,random_f,12,mean,1.955584404333,ciopt_naive,9,1.58931829172034,25
nominal,mandatory,3,random_f,12,mean,1.955584404333,cdopt_aug,8,1.55556649351685,33.3333333333333
nominal,mandatory,3,random_f,12,mean,1.955584404333,ciopt_aug,8,1.51408483236582,33.3333333333333
nominal,mandatory,3,random_f,12,mean,1.955584404333,random_f,12,1.955584404333,0
nominal,mandatory,3,random_f,12,p95,3.07137101664886,poisson_f,8,2.81039382482599,33.3333333333333
nominal,mandatory,3,random_f,12,p95,3.07137101664886,human_f,9,2.93279244470498,25
nominal,mandatory,3,random_f,12,p95,3.07137101664886,dopt_aug,7,2.94396421136894,41.6666666666667
nominal,mandatory,3,random_f,12,p95,3.07137101664886,iopt_aug,8,2.05937684067599,33.3333333333333
nominal,mandatory,3,random_f,12,p95,3.07137101664886,cdopt_naive,7,2.9898049116849,41.6666666666667
nominal,mandatory,3,random_f,12,p95,3.07137101664886,ciopt_naive,9,2.26128487356182,25
nominal,mandatory,3,random_f,12,p95,3.07137101664886,cdopt_aug,7,2.94396421136894,41.6666666666667
nominal,mandatory,3,random_f,12,p95,3.07137101664886,ciopt_aug,7,2.94396421136894,41.6666666666667
nominal,mandatory,3,random_f,12,p95,3.07137101664886,random_f,12,3.07137101664886,0
nominal,mandatory,3,random_f,13,mean,1.85082802764432,poisson_f,8,1.77774888634489,38.4615384615385
nominal,mandatory,3,random_f,13,mean,1.85082802764432,human_f,10,1.73416529353469,23.0769230769231
nominal,mandatory,3,random_f,13,mean,1.85082802764432,dopt_aug,8,1.46498910120589,38.4615384615385
nominal,mandatory,3,random_f,13,mean,1.85082802764432,iopt_aug,8,1.46498910120589,38.4615384615385
nominal,mandatory,3,random_f,13,mean,1.85082802764432,cdopt_naive,9,1.59380640087227,30.7692307692308
nominal,mandatory,3,random_f,13,mean,1.85082802764432,ciopt_naive,9,1.58931829172034,30.7692307692308
nominal,mandatory,3,random_f,13,mean,1.85082802764432,cdopt_aug,8,1.55556649351685,38.4615384615385
nominal,mandatory,3,random_f,13,mean,1.85082802764432,ciopt_aug,8,1.51408483236582,38.4615384615385
nominal,mandatory,3,random_f,13,mean,1.85082802764432,random_f,13,1.85082802764432,0
nominal,mandatory,3,random_f,13,p95,2.98895091238409,poisson_f,8,2.81039382482599,38.4615384615385
nominal,mandatory,3,random_f,13,p95,2.98895091238409,human_f,9,2.93279244470498,30.7692307692308
nominal,mandatory,3,random_f,13,p95,2.98895091238409,dopt_aug,7,2.94396421136894,46.1538461538462
nominal,mandatory,3,random_f,13,p95,2.98895091238409,iopt_aug,8,2.05937684067599,38.4615384615385
nominal,mandatory,3,random_f,13,p95,2.98895091238409,cdopt_naive,9,2.30417608568985,30.7692307692308
nominal,mandatory,3,random_f,13,p95,2.98895091238409,ciopt_naive,9,2.26128487356182,30.7692307692308
nominal,mandatory,3,random_f,13,p95,2.98895091238409,cdopt_aug,7,2.94396421136894,46.1538461538462
nominal,mandatory,3,random_f,13,p95,2.98895091238409,ciopt_aug,7,2.94396421136894,46.1538461538462
nominal,mandatory,3,random_f,13,p95,2.98895091238409,random_f,13,2.98895091238409,0
nominal,mandatory,3,random_f,14,mean,1.81471616915655,poisson_f,8,1.77774888634489,42.8571428571429
nominal,mandatory,3,random_f,14,mean,1.81471616915655,human_f,10,1.73416529353469,28.5714285714286
nominal,mandatory,3,random_f,14,mean,1.81471616915655,dopt_aug,8,1.46498910120589,42.8571428571429
nominal,mandatory,3,random_f,14,mean,1.81471616915655,iopt_aug,8,1.46498910120589,42.8571428571429
nominal,mandatory,3,random_f,14,mean,1.81471616915655,cdopt_naive,9,1.59380640087227,35.7142857142857
nominal,mandatory,3,random_f,14,mean,1.81471616915655,ciopt_naive,9,1.58931829172034,35.7142857142857
nominal,mandatory,3,random_f,14,mean,1.81471616915655,cdopt_aug,8,1.55556649351685,42.8571428571429
nominal,mandatory,3,random_f,14,mean,1.81471616915655,ciopt_aug,8,1.51408483236582,42.8571428571429
nominal,mandatory,3,random_f,14,mean,1.81471616915655,random_f,14,1.81471616915655,0
nominal,mandatory,3,random_f,14,p95,2.69078874790509,poisson_f,9,1.56188980224293,35.7142857142857
nominal,mandatory,3,random_f,14,p95,2.69078874790509,human_f,10,2.50438551105691,28.5714285714286
nominal,mandatory,3,random_f,14,p95,2.69078874790509,dopt_aug,8,2.05937684067599,42.8571428571429
nominal,mandatory,3,random_f,14,p95,2.69078874790509,iopt_aug,8,2.05937684067599,42.8571428571429
nominal,mandatory,3,random_f,14,p95,2.69078874790509,cdopt_naive,9,2.30417608568985,35.7142857142857
nominal,mandatory,3,random_f,14,p95,2.69078874790509,ciopt_naive,9,2.26128487356182,35.7142857142857
nominal,mandatory,3,random_f,14,p95,2.69078874790509,cdopt_aug,8,2.20800560120987,42.8571428571429
nominal,mandatory,3,random_f,14,p95,2.69078874790509,ciopt_aug,8,2.15186877343366,42.8571428571429
nominal,mandatory,3,random_f,14,p95,2.69078874790509,random_f,14,2.69078874790509,0
nominal,mandatory,3,random_f,15,mean,1.73694867580164,poisson_f,9,1.19348301518986,40
nominal,mandatory,3,random_f,15,mean,1.73694867580164,human_f,10,1.73416529353469,33.3333333333333
nominal,mandatory,3,random_f,15,mean,1.73694867580164,dopt_aug,8,1.46498910120589,46.6666666666667
nominal,mandatory,3,random_f,15,mean,1.73694867580164,iopt_aug,8,1.46498910120589,46.6666666666667
nominal,mandatory,3,random_f,15,mean,1.73694867580164,cdopt_naive,9,1.59380640087227,40
nominal,mandatory,3,random_f,15,mean,1.73694867580164,ciopt_naive,9,1.58931829172034,40
nominal,mandatory,3,random_f,15,mean,1.73694867580164,cdopt_aug,8,1.55556649351685,46.6666666666667
nominal,mandatory,3,random_f,15,mean,1.73694867580164,ciopt_aug,8,1.51408483236582,46.6666666666667
nominal,mandatory,3,random_f,15,mean,1.73694867580164,random_f,15,1.73694867580164,0
nominal,mandatory,3,random_f,15,p95,2.58441466787241,poisson_f,9,1.56188980224293,40
nominal,mandatory,3,random_f,15,p95,2.58441466787241,human_f,10,2.50438551105691,33.3333333333333
nominal,mandatory,3,random_f,15,p95,2.58441466787241,dopt_aug,8,2.05937684067599,46.6666666666667
nominal,mandatory,3,random_f,15,p95,2.58441466787241,iopt_aug,8,2.05937684067599,46.6666666666667
nominal,mandatory,3,random_f,15,p95,2.58441466787241,cdopt_naive,9,2.30417608568985,40
nominal,mandatory,3,random_f,15,p95,2.58441466787241,ciopt_naive,9,2.26128487356182,40
nominal,mandatory,3,random_f,15,p95,2.58441466787241,cdopt_aug,8,2.20800560120987,46.6666666666667
nominal,mandatory,3,random_f,15,p95,2.58441466787241,ciopt_aug,8,2.15186877343366,46.6666666666667
nominal,mandatory,3,random_f,15,p95,2.58441466787241,random_f,15,2.58441466787241,0
nominal,mandatory,3,random_f,16,mean,1.64977431470979,poisson_f,9,1.19348301518986,43.75
nominal,mandatory,3,random_f,16,mean,1.64977431470979,human_f,12,1.43348792214117,25
nominal,mandatory,3,random_f,16,mean,1.64977431470979,dopt_aug,8,1.46498910120589,50
nominal,mandatory,3,random_f,16,mean,1.64977431470979,iopt_aug,8,1.46498910120589,50
nominal,mandatory,3,random_f,16,mean,1.64977431470979,cdopt_naive,9,1.59380640087227,43.75
nominal,mandatory,3,random_f,16,mean,1.64977431470979,ciopt_naive,9,1.58931829172034,43.75
nominal,mandatory,3,random_f,16,mean,1.64977431470979,cdopt_aug,8,1.55556649351685,50
nominal,mandatory,3,random_f,16,mean,1.64977431470979,ciopt_aug,8,1.51408483236582,50
nominal,mandatory,3,random_f,16,mean,1.64977431470979,random_f,16,1.64977431470979,0
nominal,mandatory,3,random_f,16,p95,2.44263390986041,poisson_f,9,1.56188980224293,43.75
nominal,mandatory,3,random_f,16,p95,2.44263390986041,human_f,12,1.96607897500228,25
nominal,mandatory,3,random_f,16,p95,2.44263390986041,dopt_aug,8,2.05937684067599,50
nominal,mandatory,3,random_f,16,p95,2.44263390986041,iopt_aug,8,2.05937684067599,50
nominal,mandatory,3,random_f,16,p95,2.44263390986041,cdopt_naive,9,2.30417608568985,43.75
nominal,mandatory,3,random_f,16,p95,2.44263390986041,ciopt_naive,9,2.26128487356182,43.75
nominal,mandatory,3,random_f,16,p95,2.44263390986041,cdopt_aug,8,2.20800560120987,50
nominal,mandatory,3,random_f,16,p95,2.44263390986041,ciopt_aug,8,2.15186877343366,50
nominal,mandatory,3,random_f,16,p95,2.44263390986041,random_f,16,2.44263390986041,0
nominal,mandatory,3,random_f,17,mean,1.5524015432351,poisson_f,9,1.19348301518986,47.0588235294118
nominal,mandatory,3,random_f,17,mean,1.5524015432351,human_f,12,1.43348792214117,29.4117647058824
nominal,mandatory,3,random_f,17,mean,1.5524015432351,dopt_aug,8,1.46498910120589,52.9411764705882
nominal,mandatory,3,random_f,17,mean,1.5524015432351,iopt_aug,8,1.46498910120589,52.9411764705882
nominal,mandatory,3,random_f,17,mean,1.5524015432351,cdopt_naive,10,1.42625412449536,41.1764705882353
nominal,mandatory,3,random_f,17,mean,1.5524015432351,ciopt_naive,11,1.29554577110675,35.2941176470588
nominal,mandatory,3,random_f,17,mean,1.5524015432351,cdopt_aug,9,1.4626074410115,47.0588235294118
nominal,mandatory,3,random_f,17,mean,1.5524015432351,ciopt_aug,8,1.51408483236582,52.9411764705882
nominal,mandatory,3,random_f,17,mean,1.5524015432351,random_f,17,1.5524015432351,0
nominal,mandatory,3,random_f,17,p95,2.36481149919034,poisson_f,9,1.56188980224293,47.0588235294118
nominal,mandatory,3,random_f,17,p95,2.36481149919034,human_f,12,1.96607897500228,29.4117647058824
nominal,mandatory,3,random_f,17,p95,2.36481149919034,dopt_aug,8,2.05937684067599,52.9411764705882
nominal,mandatory,3,random_f,17,p95,2.36481149919034,iopt_aug,8,2.05937684067599,52.9411764705882
nominal,mandatory,3,random_f,17,p95,2.36481149919034,cdopt_naive,9,2.30417608568985,47.0588235294118
nominal,mandatory,3,random_f,17,p95,2.36481149919034,ciopt_naive,9,2.26128487356182,47.0588235294118
nominal,mandatory,3,random_f,17,p95,2.36481149919034,cdopt_aug,8,2.20800560120987,52.9411764705882
nominal,mandatory,3,random_f,17,p95,2.36481149919034,ciopt_aug,8,2.15186877343366,52.9411764705882
nominal,mandatory,3,random_f,17,p95,2.36481149919034,random_f,17,2.36481149919034,0
nominal,mandatory,3,random_f,18,mean,1.51067491161563,poisson_f,9,1.19348301518986,50
nominal,mandatory,3,random_f,18,mean,1.51067491161563,human_f,12,1.43348792214117,33.3333333333333
nominal,mandatory,3,random_f,18,mean,1.51067491161563,dopt_aug,8,1.46498910120589,55.5555555555556
nominal,mandatory,3,random_f,18,mean,1.51067491161563,iopt_aug,8,1.46498910120589,55.5555555555556
nominal,mandatory,3,random_f,18,mean,1.51067491161563,cdopt_naive,10,1.42625412449536,44.4444444444444
nominal,mandatory,3,random_f,18,mean,1.51067491161563,ciopt_naive,11,1.29554577110675,38.8888888888889
nominal,mandatory,3,random_f,18,mean,1.51067491161563,cdopt_aug,9,1.4626074410115,50
nominal,mandatory,3,random_f,18,mean,1.51067491161563,ciopt_aug,9,1.46100056655854,50
nominal,mandatory,3,random_f,18,mean,1.51067491161563,random_f,18,1.51067491161563,0
nominal,mandatory,3,random_f,18,p95,2.19896054859458,poisson_f,9,1.56188980224293,50
nominal,mandatory,3,random_f,18,p95,2.19896054859458,human_f,12,1.96607897500228,33.3333333333333
nominal,mandatory,3,random_f,18,p95,2.19896054859458,dopt_aug,8,2.05937684067599,55.5555555555556
nominal,mandatory,3,random_f,18,p95,2.19896054859458,iopt_aug,8,2.05937684067599,55.5555555555556
nominal,mandatory,3,random_f,18,p95,2.19896054859458,cdopt_naive,10,1.95067106566423,44.4444444444444
nominal,mandatory,3,random_f,18,p95,2.19896054859458,ciopt_naive,10,2.18093941265827,44.4444444444444
nominal,mandatory,3,random_f,18,p95,2.19896054859458,cdopt_aug,9,2.04637390552169,50
nominal,mandatory,3,random_f,18,p95,2.19896054859458,ciopt_aug,8,2.15186877343366,55.5555555555556
nominal,mandatory,3,random_f,18,p95,2.19896054859458,random_f,18,2.19896054859458,0
nominal,mandatory,3,random_f,19,mean,1.43375061394527,poisson_f,9,1.19348301518986,52.6315789473684
nominal,mandatory,3,random_f,19,mean,1.43375061394527,human_f,12,1.43348792214117,36.8421052631579
nominal,mandatory,3,random_f,19,mean,1.43375061394527,dopt_aug,9,1.19348301518986,52.6315789473684
nominal,mandatory,3,random_f,19,mean,1.43375061394527,iopt_aug,9,1.19348301518986,52.6315789473684
nominal,mandatory,3,random_f,19,mean,1.43375061394527,cdopt_naive,10,1.42625412449536,47.3684210526316
nominal,mandatory,3,random_f,19,mean,1.43375061394527,ciopt_naive,11,1.29554577110675,42.1052631578947
nominal,mandatory,3,random_f,19,mean,1.43375061394527,cdopt_aug,10,1.36963582503638,47.3684210526316
nominal,mandatory,3,random_f,19,mean,1.43375061394527,ciopt_aug,10,1.36574088069161,47.3684210526316
nominal,mandatory,3,random_f,19,mean,1.43375061394527,random_f,19,1.43375061394527,0
nominal,mandatory,3,random_f,19,p95,2.14378811141503,poisson_f,9,1.56188980224293,52.6315789473684
nominal,mandatory,3,random_f,19,p95,2.14378811141503,human_f,12,1.96607897500228,36.8421052631579
nominal,mandatory,3,random_f,19,p95,2.14378811141503,dopt_aug,8,2.05937684067599,57.8947368421053
nominal,mandatory,3,random_f,19,p95,2.14378811141503,iopt_aug,8,2.05937684067599,57.8947368421053
nominal,mandatory,3,random_f,19,p95,2.14378811141503,cdopt_naive,10,1.95067106566423,47.3684210526316
nominal,mandatory,3,random_f,19,p95,2.14378811141503,ciopt_naive,11,1.72617560578581,42.1052631578947
nominal,mandatory,3,random_f,19,p95,2.14378811141503,cdopt_aug,9,2.04637390552169,52.6315789473684
nominal,mandatory,3,random_f,19,p95,2.14378811141503,ciopt_aug,9,2.08078088873828,52.6315789473684
nominal,mandatory,3,random_f,19,p95,2.14378811141503,random_f,19,2.14378811141503,0
nominal,mandatory,3,poisson_f,6,mean,2.47598403691737,poisson_f,6,2.47598403691737,0
nominal,mandatory,3,poisson_f,6,mean,2.47598403691737,human_f,7,2.34062626036295,-16.6666666666667
nominal,mandatory,3,poisson_f,6,mean,2.47598403691737,dopt_aug,6,2.31948917244976,0
nominal,mandatory,3,poisson_f,6,mean,2.47598403691737,iopt_aug,6,2.31948917244976,0
nominal,mandatory,3,poisson_f,6,mean,2.47598403691737,cdopt_naive,7,1.95507579253069,-16.6666666666667
nominal,mandatory,3,poisson_f,6,mean,2.47598403691737,ciopt_naive,7,2.44232495247463,-16.6666666666667
nominal,mandatory,3,poisson_f,6,mean,2.47598403691737,cdopt_aug,7,1.96278498389181,-16.6666666666667
nominal,mandatory,3,poisson_f,6,mean,2.47598403691737,ciopt_aug,7,1.96278498389181,-16.6666666666667
nominal,mandatory,3,poisson_f,6,mean,2.47598403691737,random_f,8,2.44202790931388,-33.3333333333333
nominal,mandatory,3,poisson_f,6,p95,3.65758446821793,poisson_f,6,3.65758446821793,0
nominal,mandatory,3,poisson_f,6,p95,3.65758446821793,human_f,7,3.44364822738677,-16.6666666666667
nominal,mandatory,3,poisson_f,6,p95,3.65758446821793,dopt_aug,6,3.44852484505063,0
nominal,mandatory,3,poisson_f,6,p95,3.65758446821793,iopt_aug,6,3.44852484505063,0
nominal,mandatory,3,poisson_f,6,p95,3.65758446821793,cdopt_naive,7,2.9898049116849,-16.6666666666667
nominal,mandatory,3,poisson_f,6,p95,3.65758446821793,ciopt_naive,7,3.59349679029274,-16.6666666666667
nominal,mandatory,3,poisson_f,6,p95,3.65758446821793,cdopt_aug,7,2.94396421136894,-16.6666666666667
nominal,mandatory,3,poisson_f,6,p95,3.65758446821793,ciopt_aug,7,2.94396421136894,-16.6666666666667
nominal,mandatory,3,poisson_f,6,p95,3.65758446821793,random_f,8,3.54080855681488,-33.3333333333333
nominal,mandatory,3,poisson_f,7,mean,2.16044752992681,poisson_f,7,2.16044752992681,0
nominal,mandatory,3,poisson_f,7,mean,2.16044752992681,human_f,9,2.02936012246384,-28.5714285714286
nominal,mandatory,3,poisson_f,7,mean,2.16044752992681,dopt_aug,7,1.96278498389181,0
nominal,mandatory,3,poisson_f,7,mean,2.16044752992681,iopt_aug,7,2.03923618046641,0
nominal,mandatory,3,poisson_f,7,mean,2.16044752992681,cdopt_naive,7,1.95507579253069,0
nominal,mandatory,3,poisson_f,7,mean,2.16044752992681,ciopt_naive,8,2.0665482115248,-14.2857142857143
nominal,mandatory,3,poisson_f,7,mean,2.16044752992681,cdopt_aug,7,1.96278498389181,0
nominal,mandatory,3,poisson_f,7,mean,2.16044752992681,ciopt_aug,7,1.96278498389181,0
nominal,mandatory,3,poisson_f,7,mean,2.16044752992681,random_f,10,2.1298572672918,-42.8571428571429
nominal,mandatory,3,poisson_f,7,p95,3.20598792222199,poisson_f,7,3.20598792222199,0
nominal,mandatory,3,poisson_f,7,p95,3.20598792222199,human_f,9,2.93279244470498,-28.5714285714286
nominal,mandatory,3,poisson_f,7,p95,3.20598792222199,dopt_aug,7,2.94396421136894,0
nominal,mandatory,3,poisson_f,7,p95,3.20598792222199,iopt_aug,7,3.16222825113689,0
nominal,mandatory,3,poisson_f,7,p95,3.20598792222199,cdopt_naive,7,2.9898049116849,0
nominal,mandatory,3,poisson_f,7,p95,3.20598792222199,ciopt_naive,8,3.11304914151927,-14.2857142857143
nominal,mandatory,3,poisson_f,7,p95,3.20598792222199,cdopt_aug,7,2.94396421136894,0
nominal,mandatory,3,poisson_f,7,p95,3.20598792222199,ciopt_aug,7,2.94396421136894,0
nominal,mandatory,3,poisson_f,7,p95,3.20598792222199,random_f,10,3.14093134743742,-42.8571428571429
nominal,mandatory,3,poisson_f,8,mean,1.77774888634489,poisson_f,8,1.77774888634489,0
nominal,mandatory,3,poisson_f,8,mean,1.77774888634489,human_f,10,1.73416529353469,-25
nominal,mandatory,3,poisson_f,8,mean,1.77774888634489,dopt_aug,8,1.46498910120589,0
nominal,mandatory,3,poisson_f,8,mean,1.77774888634489,iopt_aug,8,1.46498910120589,0
nominal,mandatory,3,poisson_f,8,mean,1.77774888634489,cdopt_naive,9,1.59380640087227,-12.5
nominal,mandatory,3,poisson_f,8,mean,1.77774888634489,ciopt_naive,9,1.58931829172034,-12.5
nominal,mandatory,3,poisson_f,8,mean,1.77774888634489,cdopt_aug,8,1.55556649351685,0
nominal,mandatory,3,poisson_f,8,mean,1.77774888634489,ciopt_aug,8,1.51408483236582,0
nominal,mandatory,3,poisson_f,8,mean,1.77774888634489,random_f,15,1.73694867580164,-87.5
nominal,mandatory,3,poisson_f,8,p95,2.81039382482599,poisson_f,8,2.81039382482599,0
nominal,mandatory,3,poisson_f,8,p95,2.81039382482599,human_f,10,2.50438551105691,-25
nominal,mandatory,3,poisson_f,8,p95,2.81039382482599,dopt_aug,8,2.05937684067599,0
nominal,mandatory,3,poisson_f,8,p95,2.81039382482599,iopt_aug,8,2.05937684067599,0
nominal,mandatory,3,poisson_f,8,p95,2.81039382482599,cdopt_naive,9,2.30417608568985,-12.5
nominal,mandatory,3,poisson_f,8,p95,2.81039382482599,ciopt_naive,9,2.26128487356182,-12.5
nominal,mandatory,3,poisson_f,8,p95,2.81039382482599,cdopt_aug,8,2.20800560120987,0
nominal,mandatory,3,poisson_f,8,p95,2.81039382482599,ciopt_aug,8,2.15186877343366,0
nominal,mandatory,3,poisson_f,8,p95,2.81039382482599,random_f,14,2.69078874790509,-75
nominal,mandatory,3,poisson_f,9,mean,1.19348301518986,poisson_f,9,1.19348301518986,0
nominal,mandatory,3,poisson_f,9,mean,1.19348301518986,human_f,NaN,NaN,NaN
nominal,mandatory,3,poisson_f,9,mean,1.19348301518986,dopt_aug,9,1.19348301518986,0
nominal,mandatory,3,poisson_f,9,mean,1.19348301518986,iopt_aug,9,1.19348301518986,0
nominal,mandatory,3,poisson_f,9,mean,1.19348301518986,cdopt_naive,13,1.13971495183313,-44.4444444444444
nominal,mandatory,3,poisson_f,9,mean,1.19348301518986,ciopt_naive,13,1.14408513999673,-44.4444444444444
nominal,mandatory,3,poisson_f,9,mean,1.19348301518986,cdopt_aug,12,1.18042841810131,-33.3333333333333
nominal,mandatory,3,poisson_f,9,mean,1.19348301518986,ciopt_aug,12,1.16952369810998,-33.3333333333333
nominal,mandatory,3,poisson_f,9,mean,1.19348301518986,random_f,NaN,NaN,NaN
nominal,mandatory,3,poisson_f,9,p95,1.56188980224293,poisson_f,9,1.56188980224293,0
nominal,mandatory,3,poisson_f,9,p95,1.56188980224293,human_f,NaN,NaN,NaN
nominal,mandatory,3,poisson_f,9,p95,1.56188980224293,dopt_aug,9,1.56188980224293,0
nominal,mandatory,3,poisson_f,9,p95,1.56188980224293,iopt_aug,9,1.56188980224293,0
nominal,mandatory,3,poisson_f,9,p95,1.56188980224293,cdopt_naive,13,1.50326922470374,-44.4444444444444
nominal,mandatory,3,poisson_f,9,p95,1.56188980224293,ciopt_naive,13,1.50877593889607,-44.4444444444444
nominal,mandatory,3,poisson_f,9,p95,1.56188980224293,cdopt_aug,12,1.54737065996471,-33.3333333333333
nominal,mandatory,3,poisson_f,9,p95,1.56188980224293,ciopt_aug,12,1.53266243177417,-33.3333333333333
nominal,mandatory,3,poisson_f,9,p95,1.56188980224293,random_f,NaN,NaN,NaN
nominal,mandatory,3,poisson_f,10,mean,1.23886549989562,poisson_f,9,1.19348301518986,10
nominal,mandatory,3,poisson_f,10,mean,1.23886549989562,human_f,18,1.21139944038788,-80
nominal,mandatory,3,poisson_f,10,mean,1.23886549989562,dopt_aug,9,1.19348301518986,10
nominal,mandatory,3,poisson_f,10,mean,1.23886549989562,iopt_aug,9,1.19348301518986,10
nominal,mandatory,3,poisson_f,10,mean,1.23886549989562,cdopt_naive,12,1.23555547205257,-20
nominal,mandatory,3,poisson_f,10,mean,1.23886549989562,ciopt_naive,13,1.14408513999673,-30
nominal,mandatory,3,poisson_f,10,mean,1.23886549989562,cdopt_aug,12,1.18042841810131,-20
nominal,mandatory,3,poisson_f,10,mean,1.23886549989562,ciopt_aug,11,1.20048656299533,-10
nominal,mandatory,3,poisson_f,10,mean,1.23886549989562,random_f,NaN,NaN,NaN
nominal,mandatory,3,poisson_f,10,p95,1.64656063452388,poisson_f,9,1.56188980224293,10
nominal,mandatory,3,poisson_f,10,p95,1.64656063452388,human_f,NaN,NaN,NaN
nominal,mandatory,3,poisson_f,10,p95,1.64656063452388,dopt_aug,9,1.56188980224293,10
nominal,mandatory,3,poisson_f,10,p95,1.64656063452388,iopt_aug,9,1.56188980224293,10
nominal,mandatory,3,poisson_f,10,p95,1.64656063452388,cdopt_naive,13,1.50326922470374,-30
nominal,mandatory,3,poisson_f,10,p95,1.64656063452388,ciopt_naive,13,1.50877593889607,-30
nominal,mandatory,3,poisson_f,10,p95,1.64656063452388,cdopt_aug,12,1.54737065996471,-20
nominal,mandatory,3,poisson_f,10,p95,1.64656063452388,ciopt_aug,11,1.57374121149741,-10
nominal,mandatory,3,poisson_f,10,p95,1.64656063452388,random_f,NaN,NaN,NaN
nominal,mandatory,3,poisson_f,11,mean,1.22687277502484,poisson_f,9,1.19348301518986,18.1818181818182
nominal,mandatory,3,poisson_f,11,mean,1.22687277502484,human_f,18,1.21139944038788,-63.6363636363636
nominal,mandatory,3,poisson_f,11,mean,1.22687277502484,dopt_aug,9,1.19348301518986,18.1818181818182
nominal,mandatory,3,poisson_f,11,mean,1.22687277502484,iopt_aug,9,1.19348301518986,18.1818181818182
nominal,mandatory,3,poisson_f,11,mean,1.22687277502484,cdopt_naive,13,1.13971495183313,-18.1818181818182
nominal,mandatory,3,poisson_f,11,mean,1.22687277502484,ciopt_naive,13,1.14408513999673,-18.1818181818182
nominal,mandatory,3,poisson_f,11,mean,1.22687277502484,cdopt_aug,12,1.18042841810131,-9.09090909090909
nominal,mandatory,3,poisson_f,11,mean,1.22687277502484,ciopt_aug,11,1.20048656299533,0
nominal,mandatory,3,poisson_f,11,mean,1.22687277502484,random_f,NaN,NaN,NaN
nominal,mandatory,3,poisson_f,11,p95,1.62268701586398,poisson_f,9,1.56188980224293,18.1818181818182
nominal,mandatory,3,poisson_f,11,p95,1.62268701586398,human_f,NaN,NaN,NaN
nominal,mandatory,3,poisson_f,11,p95,1.62268701586398,dopt_aug,9,1.56188980224293,18.1818181818182
nominal,mandatory,3,poisson_f,11,p95,1.62268701586398,iopt_aug,9,1.56188980224293,18.1818181818182
nominal,mandatory,3,poisson_f,11,p95,1.62268701586398,cdopt_naive,13,1.50326922470374,-18.1818181818182
nominal,mandatory,3,poisson_f,11,p95,1.62268701586398,ciopt_naive,13,1.50877593889607,-18.1818181818182
nominal,mandatory,3,poisson_f,11,p95,1.62268701586398,cdopt_aug,12,1.54737065996471,-9.09090909090909
nominal,mandatory,3,poisson_f,11,p95,1.62268701586398,ciopt_aug,11,1.57374121149741,0
nominal,mandatory,3,poisson_f,11,p95,1.62268701586398,random_f,NaN,NaN,NaN
nominal,mandatory,3,poisson_f,12,mean,1.218034482911,poisson_f,9,1.19348301518986,25
nominal,mandatory,3,poisson_f,12,mean,1.218034482911,human_f,18,1.21139944038788,-50
nominal,mandatory,3,poisson_f,12,mean,1.218034482911,dopt_aug,9,1.19348301518986,25
nominal,mandatory,3,poisson_f,12,mean,1.218034482911,iopt_aug,9,1.19348301518986,25
nominal,mandatory,3,poisson_f,12,mean,1.218034482911,cdopt_naive,13,1.13971495183313,-8.33333333333333
nominal,mandatory,3,poisson_f,12,mean,1.218034482911,ciopt_naive,13,1.14408513999673,-8.33333333333333
nominal,mandatory,3,poisson_f,12,mean,1.218034482911,cdopt_aug,12,1.18042841810131,0
nominal,mandatory,3,poisson_f,12,mean,1.218034482911,ciopt_aug,11,1.20048656299533,8.33333333333333
nominal,mandatory,3,poisson_f,12,mean,1.218034482911,random_f,NaN,NaN,NaN
nominal,mandatory,3,poisson_f,12,p95,1.66502747098697,poisson_f,9,1.56188980224293,25
nominal,mandatory,3,poisson_f,12,p95,1.66502747098697,human_f,18,1.65947156755459,-50
nominal,mandatory,3,poisson_f,12,p95,1.66502747098697,dopt_aug,9,1.56188980224293,25
nominal,mandatory,3,poisson_f,12,p95,1.66502747098697,iopt_aug,9,1.56188980224293,25
nominal,mandatory,3,poisson_f,12,p95,1.66502747098697,cdopt_naive,13,1.50326922470374,-8.33333333333333
nominal,mandatory,3,poisson_f,12,p95,1.66502747098697,ciopt_naive,12,1.64874988422534,0
nominal,mandatory,3,poisson_f,12,p95,1.66502747098697,cdopt_aug,12,1.54737065996471,0
nominal,mandatory,3,poisson_f,12,p95,1.66502747098697,ciopt_aug,11,1.57374121149741,8.33333333333333
nominal,mandatory,3,poisson_f,12,p95,1.66502747098697,random_f,NaN,NaN,NaN
nominal,mandatory,3,poisson_f,13,mean,1.13037551852243,poisson_f,13,1.13037551852243,0
nominal,mandatory,3,poisson_f,13,mean,1.13037551852243,human_f,NaN,NaN,NaN
nominal,mandatory,3,poisson_f,13,mean,1.13037551852243,dopt_aug,13,1.09921128916787,0
nominal,mandatory,3,poisson_f,13,mean,1.13037551852243,iopt_aug,13,1.10199767328365,0
nominal,mandatory,3,poisson_f,13,mean,1.13037551852243,cdopt_naive,14,1.1266878279938,-7.69230769230769
nominal,mandatory,3,poisson_f,13,mean,1.13037551852243,ciopt_naive,15,1.09414087114828,-15.3846153846154
nominal,mandatory,3,poisson_f,13,mean,1.13037551852243,cdopt_aug,14,1.08235085925429,-7.69230769230769
nominal,mandatory,3,poisson_f,13,mean,1.13037551852243,ciopt_aug,14,1.11162878997098,-7.69230769230769
nominal,mandatory,3,poisson_f,13,mean,1.13037551852243,random_f,NaN,NaN,NaN
nominal,mandatory,3,poisson_f,13,p95,1.45933855945763,poisson_f,13,1.45933855945763,0
nominal,mandatory,3,poisson_f,13,p95,1.45933855945763,human_f,NaN,NaN,NaN
nominal,mandatory,3,poisson_f,13,p95,1.45933855945763,dopt_aug,13,1.44096314598508,0
nominal,mandatory,3,poisson_f,13,p95,1.45933855945763,iopt_aug,13,1.44873308754358,0
nominal,mandatory,3,poisson_f,13,p95,1.45933855945763,cdopt_naive,15,1.43164503306132,-15.3846153846154
nominal,mandatory,3,poisson_f,13,p95,1.45933855945763,ciopt_naive,15,1.45289553054967,-15.3846153846154
nominal,mandatory,3,poisson_f,13,p95,1.45933855945763,cdopt_aug,14,1.43434869283283,-7.69230769230769
nominal,mandatory,3,poisson_f,13,p95,1.45933855945763,ciopt_aug,15,1.39766537116942,-15.3846153846154
nominal,mandatory,3,poisson_f,13,p95,1.45933855945763,random_f,NaN,NaN,NaN
nominal,mandatory,3,poisson_f,14,mean,1.12696542939538,poisson_f,14,1.12696542939538,0
nominal,mandatory,3,poisson_f,14,mean,1.12696542939538,human_f,NaN,NaN,NaN
nominal,mandatory,3,poisson_f,14,mean,1.12696542939538,dopt_aug,13,1.09921128916787,7.14285714285714
nominal,mandatory,3,poisson_f,14,mean,1.12696542939538,iopt_aug,13,1.10199767328365,7.14285714285714
nominal,mandatory,3,poisson_f,14,mean,1.12696542939538,cdopt_naive,14,1.1266878279938,0
nominal,mandatory,3,poisson_f,14,mean,1.12696542939538,ciopt_naive,15,1.09414087114828,-7.14285714285714
nominal,mandatory,3,poisson_f,14,mean,1.12696542939538,cdopt_aug,14,1.08235085925429,0
nominal,mandatory,3,poisson_f,14,mean,1.12696542939538,ciopt_aug,14,1.11162878997098,0
nominal,mandatory,3,poisson_f,14,mean,1.12696542939538,random_f,NaN,NaN,NaN
nominal,mandatory,3,poisson_f,14,p95,1.47571171236429,poisson_f,13,1.45933855945763,7.14285714285714
nominal,mandatory,3,poisson_f,14,p95,1.47571171236429,human_f,NaN,NaN,NaN
nominal,mandatory,3,poisson_f,14,p95,1.47571171236429,dopt_aug,13,1.44096314598508,7.14285714285714
nominal,mandatory,3,poisson_f,14,p95,1.47571171236429,iopt_aug,13,1.44873308754358,7.14285714285714
nominal,mandatory,3,poisson_f,14,p95,1.47571171236429,cdopt_naive,15,1.43164503306132,-7.14285714285714
nominal,mandatory,3,poisson_f,14,p95,1.47571171236429,ciopt_naive,15,1.45289553054967,-7.14285714285714
nominal,mandatory,3,poisson_f,14,p95,1.47571171236429,cdopt_aug,14,1.43434869283283,0
nominal,mandatory,3,poisson_f,14,p95,1.47571171236429,ciopt_aug,15,1.39766537116942,-7.14285714285714
nominal,mandatory,3,poisson_f,14,p95,1.47571171236429,random_f,NaN,NaN,NaN
nominal,mandatory,3,poisson_f,15,mean,1.05218607403628,poisson_f,15,1.05218607403628,0
nominal,mandatory,3,poisson_f,15,mean,1.05218607403628,human_f,NaN,NaN,NaN
nominal,mandatory,3,poisson_f,15,mean,1.05218607403628,dopt_aug,15,1.02077830082222,0
nominal,mandatory,3,poisson_f,15,mean,1.05218607403628,iopt_aug,15,1.02077830082222,0
nominal,mandatory,3,poisson_f,15,mean,1.05218607403628,cdopt_naive,16,1.02528057329978,-6.66666666666667
nominal,mandatory,3,poisson_f,15,mean,1.05218607403628,ciopt_naive,17,1.03970714786955,-13.3333333333333
nominal,mandatory,3,poisson_f,15,mean,1.05218607403628,cdopt_aug,15,1.04254824175643,0
nominal,mandatory,3,poisson_f,15,mean,1.05218607403628,ciopt_aug,16,1.03672969249791,-6.66666666666667
nominal,mandatory,3,poisson_f,15,mean,1.05218607403628,random_f,NaN,NaN,NaN
nominal,mandatory,3,poisson_f,15,p95,1.36768314919878,poisson_f,15,1.36768314919878,0
nominal,mandatory,3,poisson_f,15,p95,1.36768314919878,human_f,NaN,NaN,NaN
nominal,mandatory,3,poisson_f,15,p95,1.36768314919878,dopt_aug,15,1.33238334890049,0
nominal,mandatory,3,poisson_f,15,p95,1.36768314919878,iopt_aug,15,1.33238334890049,0
nominal,mandatory,3,poisson_f,15,p95,1.36768314919878,cdopt_naive,16,1.36272555676935,-6.66666666666667
nominal,mandatory,3,poisson_f,15,p95,1.36768314919878,ciopt_naive,17,1.36048483599242,-13.3333333333333
nominal,mandatory,3,poisson_f,15,p95,1.36768314919878,cdopt_aug,16,1.32735745780852,-6.66666666666667
nominal,mandatory,3,poisson_f,15,p95,1.36768314919878,ciopt_aug,16,1.36585517750507,-6.66666666666667
nominal,mandatory,3,poisson_f,15,p95,1.36768314919878,random_f,NaN,NaN,NaN
nominal,mandatory,3,poisson_f,16,mean,1.34042791132061,poisson_f,9,1.19348301518986,43.75
nominal,mandatory,3,poisson_f,16,mean,1.34042791132061,human_f,15,1.25591796984023,6.25
nominal,mandatory,3,poisson_f,16,mean,1.34042791132061,dopt_aug,9,1.19348301518986,43.75
nominal,mandatory,3,poisson_f,16,mean,1.34042791132061,iopt_aug,9,1.19348301518986,43.75
nominal,mandatory,3,poisson_f,16,mean,1.34042791132061,cdopt_naive,11,1.25068041354519,31.25
nominal,mandatory,3,poisson_f,16,mean,1.34042791132061,ciopt_naive,11,1.29554577110675,31.25
nominal,mandatory,3,poisson_f,16,mean,1.34042791132061,cdopt_aug,12,1.18042841810131,25
nominal,mandatory,3,poisson_f,16,mean,1.34042791132061,ciopt_aug,11,1.20048656299533,31.25
nominal,mandatory,3,poisson_f,16,mean,1.34042791132061,random_f,NaN,NaN,NaN
nominal,mandatory,3,poisson_f,16,p95,1.89216402082916,poisson_f,9,1.56188980224293,43.75
nominal,mandatory,3,poisson_f,16,p95,1.89216402082916,human_f,13,1.86827065543158,18.75
nominal,mandatory,3,poisson_f,16,p95,1.89216402082916,dopt_aug,9,1.56188980224293,43.75
nominal,mandatory,3,poisson_f,16,p95,1.89216402082916,iopt_aug,9,1.56188980224293,43.75
nominal,mandatory,3,poisson_f,16,p95,1.89216402082916,cdopt_naive,11,1.67895369611521,31.25
nominal,mandatory,3,poisson_f,16,p95,1.89216402082916,ciopt_naive,11,1.72617560578581,31.25
nominal,mandatory,3,poisson_f,16,p95,1.89216402082916,cdopt_aug,10,1.87273022385142,37.5
nominal,mandatory,3,poisson_f,16,p95,1.89216402082916,ciopt_aug,10,1.88792280748261,37.5
nominal,mandatory,3,poisson_f,16,p95,1.89216402082916,random_f,NaN,NaN,NaN
nominal,mandatory,3,poisson_f,17,mean,1.36952409341194,poisson_f,9,1.19348301518986,47.0588235294118
nominal,mandatory,3,poisson_f,17,mean,1.36952409341194,human_f,13,1.3617166331623,23.5294117647059
nominal,mandatory,3,poisson_f,17,mean,1.36952409341194,dopt_aug,9,1.19348301518986,47.0588235294118
nominal,mandatory,3,poisson_f,17,mean,1.36952409341194,iopt_aug,9,1.19348301518986,47.0588235294118
nominal,mandatory,3,poisson_f,17,mean,1.36952409341194,cdopt_naive,11,1.25068041354519,35.2941176470588
nominal,mandatory,3,poisson_f,17,mean,1.36952409341194,ciopt_naive,11,1.29554577110675,35.2941176470588
nominal,mandatory,3,poisson_f,17,mean,1.36952409341194,cdopt_aug,11,1.35694489620995,35.2941176470588
nominal,mandatory,3,poisson_f,17,mean,1.36952409341194,ciopt_aug,10,1.36574088069161,41.1764705882353
nominal,mandatory,3,poisson_f,17,mean,1.36952409341194,random_f,NaN,NaN,NaN
nominal,mandatory,3,poisson_f,17,p95,2.0249077823306,poisson_f,9,1.56188980224293,47.0588235294118
nominal,mandatory,3,poisson_f,17,p95,2.0249077823306,human_f,12,1.96607897500228,29.4117647058824
nominal,mandatory,3,poisson_f,17,p95,2.0249077823306,dopt_aug,9,1.56188980224293,47.0588235294118
nominal,mandatory,3,poisson_f,17,p95,2.0249077823306,iopt_aug,9,1.56188980224293,47.0588235294118
nominal,mandatory,3,poisson_f,17,p95,2.0249077823306,cdopt_naive,10,1.95067106566423,41.1764705882353
nominal,mandatory,3,poisson_f,17,p95,2.0249077823306,ciopt_naive,11,1.72617560578581,35.2941176470588
nominal,mandatory,3,poisson_f,17,p95,2.0249077823306,cdopt_aug,10,1.87273022385142,41.1764705882353
nominal,mandatory,3,poisson_f,17,p95,2.0249077823306,ciopt_aug,10,1.88792280748261,41.1764705882353
nominal,mandatory,3,poisson_f,17,p95,2.0249077823306,random_f,NaN,NaN,NaN
nominal,mandatory,3,poisson_f,18,mean,1.138488553318,poisson_f,13,1.13037551852243,27.7777777777778
nominal,mandatory,3,poisson_f,18,mean,1.138488553318,human_f,NaN,NaN,NaN
nominal,mandatory,3,poisson_f,18,mean,1.138488553318,dopt_aug,13,1.09921128916787,27.7777777777778
nominal,mandatory,3,poisson_f,18,mean,1.138488553318,iopt_aug,13,1.10199767328365,27.7777777777778
nominal,mandatory,3,poisson_f,18,mean,1.138488553318,cdopt_naive,14,1.1266878279938,22.2222222222222
nominal,mandatory,3,poisson_f,18,mean,1.138488553318,ciopt_naive,15,1.09414087114828,16.6666666666667
nominal,mandatory,3,poisson_f,18,mean,1.138488553318,cdopt_aug,14,1.08235085925429,22.2222222222222
nominal,mandatory,3,poisson_f,18,mean,1.138488553318,ciopt_aug,14,1.11162878997098,22.2222222222222
nominal,mandatory,3,poisson_f,18,mean,1.138488553318,random_f,NaN,NaN,NaN
nominal,mandatory,3,poisson_f,18,p95,1.56916701181205,poisson_f,9,1.56188980224293,50
nominal,mandatory,3,poisson_f,18,p95,1.56916701181205,human_f,NaN,NaN,NaN
nominal,mandatory,3,poisson_f,18,p95,1.56916701181205,dopt_aug,9,1.56188980224293,50
nominal,mandatory,3,poisson_f,18,p95,1.56916701181205,iopt_aug,9,1.56188980224293,50
nominal,mandatory,3,poisson_f,18,p95,1.56916701181205,cdopt_naive,13,1.50326922470374,27.7777777777778
nominal,mandatory,3,poisson_f,18,p95,1.56916701181205,ciopt_naive,13,1.50877593889607,27.7777777777778
nominal,mandatory,3,poisson_f,18,p95,1.56916701181205,cdopt_aug,12,1.54737065996471,33.3333333333333
nominal,mandatory,3,poisson_f,18,p95,1.56916701181205,ciopt_aug,12,1.53266243177417,33.3333333333333
nominal,mandatory,3,poisson_f,18,p95,1.56916701181205,random_f,NaN,NaN,NaN
nominal,mandatory,3,poisson_f,19,mean,1.15508893103733,poisson_f,13,1.13037551852243,31.5789473684211
nominal,mandatory,3,poisson_f,19,mean,1.15508893103733,human_f,NaN,NaN,NaN
nominal,mandatory,3,poisson_f,19,mean,1.15508893103733,dopt_aug,12,1.1426541974793,36.8421052631579
nominal,mandatory,3,poisson_f,19,mean,1.15508893103733,iopt_aug,12,1.1458551175445,36.8421052631579
nominal,mandatory,3,poisson_f,19,mean,1.15508893103733,cdopt_naive,13,1.13971495183313,31.5789473684211
nominal,mandatory,3,poisson_f,19,mean,1.15508893103733,ciopt_naive,13,1.14408513999673,31.5789473684211
nominal,mandatory,3,poisson_f,19,mean,1.15508893103733,cdopt_aug,13,1.14589830801067,31.5789473684211
nominal,mandatory,3,poisson_f,19,mean,1.15508893103733,ciopt_aug,14,1.11162878997098,26.3157894736842
nominal,mandatory,3,poisson_f,19,mean,1.15508893103733,random_f,NaN,NaN,NaN
nominal,mandatory,3,poisson_f,19,p95,1.58823562816024,poisson_f,9,1.56188980224293,52.6315789473684
nominal,mandatory,3,poisson_f,19,p95,1.58823562816024,human_f,NaN,NaN,NaN
nominal,mandatory,3,poisson_f,19,p95,1.58823562816024,dopt_aug,9,1.56188980224293,52.6315789473684
nominal,mandatory,3,poisson_f,19,p95,1.58823562816024,iopt_aug,9,1.56188980224293,52.6315789473684
nominal,mandatory,3,poisson_f,19,p95,1.58823562816024,cdopt_naive,13,1.50326922470374,31.5789473684211
nominal,mandatory,3,poisson_f,19,p95,1.58823562816024,ciopt_naive,13,1.50877593889607,31.5789473684211
nominal,mandatory,3,poisson_f,19,p95,1.58823562816024,cdopt_aug,12,1.54737065996471,36.8421052631579
nominal,mandatory,3,poisson_f,19,p95,1.58823562816024,ciopt_aug,11,1.57374121149741,42.1052631578947
nominal,mandatory,3,poisson_f,19,p95,1.58823562816024,random_f,NaN,NaN,NaN
nominal,mandatory,4,human_f,6,mean,4.69106670006417,poisson_f,6,4.66788031315231,0
nominal,mandatory,4,human_f,6,mean,4.69106670006417,human_f,6,4.69106670006417,0
nominal,mandatory,4,human_f,6,mean,4.69106670006417,dopt_aug,6,4.63608665953927,0
nominal,mandatory,4,human_f,6,mean,4.69106670006417,iopt_aug,6,4.63608665953927,0
nominal,mandatory,4,human_f,6,mean,4.69106670006417,cdopt_naive,8,2.32976756382536,-33.3333333333333
nominal,mandatory,4,human_f,6,mean,4.69106670006417,ciopt_naive,8,3.26957073449402,-33.3333333333333
nominal,mandatory,4,human_f,6,mean,4.69106670006417,cdopt_aug,7,3.27035917264175,-16.6666666666667
nominal,mandatory,4,human_f,6,mean,4.69106670006417,ciopt_aug,7,3.24802003525137,-16.6666666666667
nominal,mandatory,4,human_f,6,mean,4.69106670006417,random_f,7,4.6239813620168,-16.6666666666667
nominal,mandatory,4,human_f,6,p95,6.85597532089291,poisson_f,8,3.45920847407914,-33.3333333333333
nominal,mandatory,4,human_f,6,p95,6.85597532089291,human_f,6,6.85597532089291,0
nominal,mandatory,4,human_f,6,p95,6.85597532089291,dopt_aug,7,4.61537946245182,-16.6666666666667
nominal,mandatory,4,human_f,6,p95,6.85597532089291,iopt_aug,7,4.61537946245182,-16.6666666666667
nominal,mandatory,4,human_f,6,p95,6.85597532089291,cdopt_naive,8,3.65939189657066,-33.3333333333333
nominal,mandatory,4,human_f,6,p95,6.85597532089291,ciopt_naive,8,5.11744675655192,-33.3333333333333
nominal,mandatory,4,human_f,6,p95,6.85597532089291,cdopt_aug,7,5.48165965342734,-16.6666666666667
nominal,mandatory,4,human_f,6,p95,6.85597532089291,ciopt_aug,7,4.86048363566447,-16.6666666666667
nominal,mandatory,4,human_f,6,p95,6.85597532089291,random_f,7,6.66261609475508,-16.6666666666667
nominal,mandatory,4,human_f,7,mean,3.91758511915833,poisson_f,8,2.15726165884811,-14.2857142857143
nominal,mandatory,4,human_f,7,mean,3.91758511915833,human_f,7,3.91758511915833,0
nominal,mandatory,4,human_f,7,mean,3.91758511915833,dopt_aug,7,2.94629255979468,0
nominal,mandatory,4,human_f,7,mean,3.91758511915833,iopt_aug,7,2.94629255979468,0
nominal,mandatory,4,human_f,7,mean,3.91758511915833,cdopt_naive,8,2.32976756382536,-14.2857142857143
nominal,mandatory,4,human_f,7,mean,3.91758511915833,ciopt_naive,8,3.26957073449402,-14.2857142857143
nominal,mandatory,4,human_f,7,mean,3.91758511915833,cdopt_aug,7,3.27035917264175,0
nominal,mandatory,4,human_f,7,mean,3.91758511915833,ciopt_aug,7,3.24802003525137,0
nominal,mandatory,4,human_f,7,mean,3.91758511915833,random_f,9,3.62902732114984,-28.5714285714286
nominal,mandatory,4,human_f,7,p95,5.98843117998731,poisson_f,8,3.45920847407914,-14.2857142857143
nominal,mandatory,4,human_f,7,p95,5.98843117998731,human_f,7,5.98843117998731,0
nominal,mandatory,4,human_f,7,p95,5.98843117998731,dopt_aug,7,4.61537946245182,0
nominal,mandatory,4,human_f,7,p95,5.98843117998731,iopt_aug,7,4.61537946245182,0
nominal,mandatory,4,human_f,7,p95,5.98843117998731,cdopt_naive,8,3.65939189657066,-14.2857142857143
nominal,mandatory,4,human_f,7,p95,5.98843117998731,ciopt_naive,8,5.11744675655192,-14.2857142857143
nominal,mandatory,4,human_f,7,p95,5.98843117998731,cdopt_aug,7,5.48165965342734,0
nominal,mandatory,4,human_f,7,p95,5.98843117998731,ciopt_aug,7,4.86048363566447,0
nominal,mandatory,4,human_f,7,p95,5.98843117998731,random_f,9,5.42578623686341,-28.5714285714286
nominal,mandatory,4,human_f,8,mean,3.79732251193625,poisson_f,8,2.15726165884811,0
nominal,mandatory,4,human_f,8,mean,3.79732251193625,human_f,8,3.79732251193625,0
nominal,mandatory,4,human_f,8,mean,3.79732251193625,dopt_aug,7,2.94629255979468,12.5
nominal,mandatory,4,human_f,8,mean,3.79732251193625,iopt_aug,7,2.94629255979468,12.5
nominal,mandatory,4,human_f,8,mean,3.79732251193625,cdopt_naive,8,2.32976756382536,0
nominal,mandatory,4,human_f,8,mean,3.79732251193625,ciopt_naive,8,3.26957073449402,0
nominal,mandatory,4,human_f,8,mean,3.79732251193625,cdopt_aug,7,3.27035917264175,12.5
nominal,mandatory,4,human_f,8,mean,3.79732251193625,ciopt_aug,7,3.24802003525137,12.5
nominal,mandatory,4,human_f,8,mean,3.79732251193625,random_f,9,3.62902732114984,-12.5
nominal,mandatory,4,human_f,8,p95,5.76377841830455,poisson_f,8,3.45920847407914,0
nominal,mandatory,4,human_f,8,p95,5.76377841830455,human_f,8,5.76377841830455,0
nominal,mandatory,4,human_f,8,p95,5.76377841830455,dopt_aug,7,4.61537946245182,12.5
nominal,mandatory,4,human_f,8,p95,5.76377841830455,iopt_aug,7,4.61537946245182,12.5
nominal,mandatory,4,human_f,8,p95,5.76377841830455,cdopt_naive,8,3.65939189657066,0
nominal,mandatory,4,human_f,8,p95,5.76377841830455,ciopt_naive,8,5.11744675655192,0
nominal,mandatory,4,human_f,8,p95,5.76377841830455,cdopt_aug,7,5.48165965342734,12.5
nominal,mandatory,4,human_f,8,p95,5.76377841830455,ciopt_aug,7,4.86048363566447,12.5
nominal,mandatory,4,human_f,8,p95,5.76377841830455,random_f,9,5.42578623686341,-12.5
nominal,mandatory,4,human_f,9,mean,2.87804093447905,poisson_f,8,2.15726165884811,11.1111111111111
nominal,mandatory,4,human_f,9,mean,2.87804093447905,human_f,9,2.87804093447905,0
nominal,mandatory,4,human_f,9,mean,2.87804093447905,dopt_aug,8,1.95434493158296,11.1111111111111
nominal,mandatory,4,human_f,9,mean,2.87804093447905,iopt_aug,8,1.97846453629388,11.1111111111111
nominal,mandatory,4,human_f,9,mean,2.87804093447905,cdopt_naive,8,2.32976756382536,11.1111111111111
nominal,mandatory,4,human_f,9,mean,2.87804093447905,ciopt_naive,9,2.40999517492825,0
nominal,mandatory,4,human_f,9,mean,2.87804093447905,cdopt_aug,8,2.26569433365494,11.1111111111111
nominal,mandatory,4,human_f,9,mean,2.87804093447905,ciopt_aug,8,2.26569433365494,11.1111111111111
nominal,mandatory,4,human_f,9,mean,2.87804093447905,random_f,12,2.78383949597371,-33.3333333333333
nominal,mandatory,4,human_f,9,p95,4.26745219149664,poisson_f,8,3.45920847407914,11.1111111111111
nominal,mandatory,4,human_f,9,p95,4.26745219149664,human_f,9,4.26745219149664,0
nominal,mandatory,4,human_f,9,p95,4.26745219149664,dopt_aug,8,3.04863876805732,11.1111111111111
nominal,mandatory,4,human_f,9,p95,4.26745219149664,iopt_aug,8,3.06935499995671,11.1111111111111
nominal,mandatory,4,human_f,9,p95,4.26745219149664,cdopt_naive,8,3.65939189657066,11.1111111111111
nominal,mandatory,4,human_f,9,p95,4.26745219149664,ciopt_naive,9,3.66816215415239,0
nominal,mandatory,4,human_f,9,p95,4.26745219149664,cdopt_aug,8,3.56731953594095,11.1111111111111
nominal,mandatory,4,human_f,9,p95,4.26745219149664,ciopt_aug,8,3.56731953594095,11.1111111111111
nominal,mandatory,4,human_f,9,p95,4.26745219149664,random_f,12,4.23341244402567,-33.3333333333333
nominal,mandatory,4,human_f,10,mean,2.2388590179571,poisson_f,8,2.15726165884811,20
nominal,mandatory,4,human_f,10,mean,2.2388590179571,human_f,10,2.2388590179571,0
nominal,mandatory,4,human_f,10,mean,2.2388590179571,dopt_aug,8,1.95434493158296,20
nominal,mandatory,4,human_f,10,mean,2.2388590179571,iopt_aug,8,1.97846453629388,20
nominal,mandatory,4,human_f,10,mean,2.2388590179571,cdopt_naive,9,2.08513116634251,10
nominal,mandatory,4,human_f,10,mean,2.2388590179571,ciopt_naive,10,2.09453613038913,0
nominal,mandatory,4,human_f,10,mean,2.2388590179571,cdopt_aug,9,1.89110324045491,10
nominal,mandatory,4,human_f,10,mean,2.2388590179571,ciopt_aug,9,1.93461852159238,10
nominal,mandatory,4,human_f,10,mean,2.2388590179571,random_f,15,2.17738015229598,-50
nominal,mandatory,4,human_f,10,p95,3.32553769923963,poisson_f,9,1.60164937932506,10
nominal,mandatory,4,human_f,10,p95,3.32553769923963,human_f,10,3.32553769923963,0
nominal,mandatory,4,human_f,10,p95,3.32553769923963,dopt_aug,8,3.04863876805732,20
nominal,mandatory,4,human_f,10,p95,3.32553769923963,iopt_aug,8,3.06935499995671,20
nominal,mandatory,4,human_f,10,p95,3.32553769923963,cdopt_naive,9,3.10212193148203,10
nominal,mandatory,4,human_f,10,p95,3.32553769923963,ciopt_naive,10,3.11313372485103,0
nominal,mandatory,4,human_f,10,p95,3.32553769923963,cdopt_aug,9,2.86167352628826,10
nominal,mandatory,4,human_f,10,p95,3.32553769923963,ciopt_aug,9,2.93125112377493,10
nominal,mandatory,4,human_f,10,p95,3.32553769923963,random_f,15,3.29226584484949,-50
nominal,mandatory,4,human_f,11,mean,2.17052269136198,poisson_f,8,2.15726165884811,27.2727272727273
nominal,mandatory,4,human_f,11,mean,2.17052269136198,human_f,11,2.17052269136198,0
nominal,mandatory,4,human_f,11,mean,2.17052269136198,dopt_aug,8,1.95434493158296,27.2727272727273
nominal,mandatory,4,human_f,11,mean,2.17052269136198,iopt_aug,8,1.97846453629388,27.2727272727273
nominal,mandatory,4,human_f,11,mean,2.17052269136198,cdopt_naive,9,2.08513116634251,18.1818181818182
nominal,mandatory,4,human_f,11,mean,2.17052269136198,ciopt_naive,10,2.09453613038913,9.09090909090909
nominal,mandatory,4,human_f,11,mean,2.17052269136198,cdopt_aug,9,1.89110324045491,18.1818181818182
nominal,mandatory,4,human_f,11,mean,2.17052269136198,ciopt_aug,9,1.93461852159238,18.1818181818182
nominal,mandatory,4,human_f,11,mean,2.17052269136198,random_f,16,2.16730695105259,-45.4545454545455
nominal,mandatory,4,human_f,11,p95,3.16228590734321,poisson_f,9,1.60164937932506,18.1818181818182
nominal,mandatory,4,human_f,11,p95,3.16228590734321,human_f,11,3.16228590734321,0
nominal,mandatory,4,human_f,11,p95,3.16228590734321,dopt_aug,8,3.04863876805732,27.2727272727273
nominal,mandatory,4,human_f,11,p95,3.16228590734321,iopt_aug,8,3.06935499995671,27.2727272727273
nominal,mandatory,4,human_f,11,p95,3.16228590734321,cdopt_naive,9,3.10212193148203,18.1818181818182
nominal,mandatory,4,human_f,11,p95,3.16228590734321,ciopt_naive,10,3.11313372485103,9.09090909090909
nominal,mandatory,4,human_f,11,p95,3.16228590734321,cdopt_aug,9,2.86167352628826,18.1818181818182
nominal,mandatory,4,human_f,11,p95,3.16228590734321,ciopt_aug,9,2.93125112377493,18.1818181818182
nominal,mandatory,4,human_f,11,p95,3.16228590734321,random_f,17,2.89613346520194,-54.5454545454545
nominal,mandatory,4,human_f,12,mean,1.61953358108317,poisson_f,9,1.22758385095591,25
nominal,mandatory,4,human_f,12,mean,1.61953358108317,human_f,12,1.61953358108317,0
nominal,mandatory,4,human_f,12,mean,1.61953358108317,dopt_aug,9,1.22758385095591,25
nominal,mandatory,4,human_f,12,mean,1.61953358108317,iopt_aug,9,1.22758385095591,25
nominal,mandatory,4,human_f,12,mean,1.61953358108317,cdopt_naive,11,1.34961460561179,8.33333333333333
nominal,mandatory,4,human_f,12,mean,1.61953358108317,ciopt_naive,11,1.34204840912203,8.33333333333333
nominal,mandatory,4,human_f,12,mean,1.61953358108317,cdopt_aug,10,1.48326691323107,16.6666666666667
nominal,mandatory,4,human_f,12,mean,1.61953358108317,ciopt_aug,10,1.48484864613392,16.6666666666667
nominal,mandatory,4,human_f,12,mean,1.61953358108317,random_f,NaN,NaN,NaN
nominal,mandatory,4,human_f,12,p95,2.28186914037131,poisson_f,9,1.60164937932506,25
nominal,mandatory,4,human_f,12,p95,2.28186914037131,human_f,12,2.28186914037131,0
nominal,mandatory,4,human_f,12,p95,2.28186914037131,dopt_aug,9,1.60164937932506,25
nominal,mandatory,4,human_f,12,p95,2.28186914037131,iopt_aug,9,1.60164937932506,25
nominal,mandatory,4,human_f,12,p95,2.28186914037131,cdopt_naive,11,1.8381751670696,8.33333333333333
nominal,mandatory,4,human_f,12,p95,2.28186914037131,ciopt_naive,11,1.84489360449096,8.33333333333333
nominal,mandatory,4,human_f,12,p95,2.28186914037131,cdopt_aug,10,2.04684817159655,16.6666666666667
nominal,mandatory,4,human_f,12,p95,2.28186914037131,ciopt_aug,10,2.10917020326839,16.6666666666667
nominal,mandatory,4,human_f,12,p95,2.28186914037131,random_f,NaN,NaN,NaN
nominal,mandatory,4,human_f,13,mean,1.59990402906875,poisson_f,9,1.22758385095591,30.7692307692308
nominal,mandatory,4,human_f,13,mean,1.59990402906875,human_f,13,1.59990402906875,0
nominal,mandatory,4,human_f,13,mean,1.59990402906875,dopt_aug,9,1.22758385095591,30.7692307692308
nominal,mandatory,4,human_f,13,mean,1.59990402906875,iopt_aug,9,1.22758385095591,30.7692307692308
nominal,mandatory,4,human_f,13,mean,1.59990402906875,cdopt_naive,11,1.34961460561179,15.3846153846154
nominal,mandatory,4,human_f,13,mean,1.59990402906875,ciopt_naive,11,1.34204840912203,15.3846153846154
nominal,mandatory,4,human_f,13,mean,1.59990402906875,cdopt_aug,10,1.48326691323107,23.0769230769231
nominal,mandatory,4,human_f,13,mean,1.59990402906875,ciopt_aug,10,1.48484864613392,23.0769230769231
nominal,mandatory,4,human_f,13,mean,1.59990402906875,random_f,NaN,NaN,NaN
nominal,mandatory,4,human_f,13,p95,2.25705560218291,poisson_f,9,1.60164937932506,30.7692307692308
nominal,mandatory,4,human_f,13,p95,2.25705560218291,human_f,13,2.25705560218291,0
nominal,mandatory,4,human_f,13,p95,2.25705560218291,dopt_aug,9,1.60164937932506,30.7692307692308
nominal,mandatory,4,human_f,13,p95,2.25705560218291,iopt_aug,9,1.60164937932506,30.7692307692308
nominal,mandatory,4,human_f,13,p95,2.25705560218291,cdopt_naive,11,1.8381751670696,15.3846153846154
nominal,mandatory,4,human_f,13,p95,2.25705560218291,ciopt_naive,11,1.84489360449096,15.3846153846154
nominal,mandatory,4,human_f,13,p95,2.25705560218291,cdopt_aug,10,2.04684817159655,23.0769230769231
nominal,mandatory,4,human_f,13,p95,2.25705560218291,ciopt_aug,10,2.10917020326839,23.0769230769231
nominal,mandatory,4,human_f,13,p95,2.25705560218291,random_f,NaN,NaN,NaN
nominal,mandatory,4,human_f,14,mean,1.635228212752,poisson_f,9,1.22758385095591,35.7142857142857
nominal,mandatory,4,human_f,14,mean,1.635228212752,human_f,12,1.61953358108317,14.2857142857143
nominal,mandatory,4,human_f,14,mean,1.635228212752,dopt_aug,9,1.22758385095591,35.7142857142857
nominal,mandatory,4,human_f,14,mean,1.635228212752,iopt_aug,9,1.22758385095591,35.7142857142857
nominal,mandatory,4,human_f,14,mean,1.635228212752,cdopt_naive,11,1.34961460561179,21.4285714285714
nominal,mandatory,4,human_f,14,mean,1.635228212752,ciopt_naive,11,1.34204840912203,21.4285714285714
nominal,mandatory,4,human_f,14,mean,1.635228212752,cdopt_aug,10,1.48326691323107,28.5714285714286
nominal,mandatory,4,human_f,14,mean,1.635228212752,ciopt_aug,10,1.48484864613392,28.5714285714286
nominal,mandatory,4,human_f,14,mean,1.635228212752,random_f,NaN,NaN,NaN
nominal,mandatory,4,human_f,14,p95,2.26940969869841,poisson_f,9,1.60164937932506,35.7142857142857
nominal,mandatory,4,human_f,14,p95,2.26940969869841,human_f,13,2.25705560218291,7.14285714285714
nominal,mandatory,4,human_f,14,p95,2.26940969869841,dopt_aug,9,1.60164937932506,35.7142857142857
nominal,mandatory,4,human_f,14,p95,2.26940969869841,iopt_aug,9,1.60164937932506,35.7142857142857
nominal,mandatory,4,human_f,14,p95,2.26940969869841,cdopt_naive,11,1.8381751670696,21.4285714285714
nominal,mandatory,4,human_f,14,p95,2.26940969869841,ciopt_naive,11,1.84489360449096,21.4285714285714
nominal,mandatory,4,human_f,14,p95,2.26940969869841,cdopt_aug,10,2.04684817159655,28.5714285714286
nominal,mandatory,4,human_f,14,p95,2.26940969869841,ciopt_aug,10,2.10917020326839,28.5714285714286
nominal,mandatory,4,human_f,14,p95,2.26940969869841,random_f,NaN,NaN,NaN
nominal,mandatory,4,human_f,15,mean,1.49846636323554,poisson_f,9,1.22758385095591,40
nominal,mandatory,4,human_f,15,mean,1.49846636323554,human_f,15,1.49846636323554,0
nominal,mandatory,4,human_f,15,mean,1.49846636323554,dopt_aug,9,1.22758385095591,40
nominal,mandatory,4,human_f,15,mean,1.49846636323554,iopt_aug,9,1.22758385095591,40
nominal,mandatory,4,human_f,15,mean,1.49846636323554,cdopt_naive,11,1.34961460561179,26.6666666666667
nominal,mandatory,4,human_f,15,mean,1.49846636323554,ciopt_naive,11,1.34204840912203,26.6666666666667
nominal,mandatory,4,human_f,15,mean,1.49846636323554,cdopt_aug,10,1.48326691323107,33.3333333333333
nominal,mandatory,4,human_f,15,mean,1.49846636323554,ciopt_aug,10,1.48484864613392,33.3333333333333
nominal,mandatory,4,human_f,15,mean,1.49846636323554,random_f,NaN,NaN,NaN
nominal,mandatory,4,human_f,15,p95,2.09545858883694,poisson_f,9,1.60164937932506,40
nominal,mandatory,4,human_f,15,p95,2.09545858883694,human_f,15,2.09545858883694,0
nominal,mandatory,4,human_f,15,p95,2.09545858883694,dopt_aug,9,1.60164937932506,40
nominal,mandatory,4,human_f,15,p95,2.09545858883694,iopt_aug,9,1.60164937932506,40
nominal,mandatory,4,human_f,15,p95,2.09545858883694,cdopt_naive,11,1.8381751670696,26.6666666666667
nominal,mandatory,4,human_f,15,p95,2.09545858883694,ciopt_naive,11,1.84489360449096,26.6666666666667
nominal,mandatory,4,human_f,15,p95,2.09545858883694,cdopt_aug,10,2.04684817159655,33.3333333333333
nominal,mandatory,4,human_f,15,p95,2.09545858883694,ciopt_aug,11,1.63114259694323,26.6666666666667
nominal,mandatory,4,human_f,15,p95,2.09545858883694,random_f,NaN,NaN,NaN
nominal,mandatory,4,human_f,16,mean,1.48138767522063,poisson_f,9,1.22758385095591,43.75
nominal,mandatory,4,human_f,16,mean,1.48138767522063,human_f,16,1.48138767522063,0
nominal,mandatory,4,human_f,16,mean,1.48138767522063,dopt_aug,9,1.22758385095591,43.75
nominal,mandatory,4,human_f,16,mean,1.48138767522063,iopt_aug,9,1.22758385095591,43.75
nominal,mandatory,4,human_f,16,mean,1.48138767522063,cdopt_naive,11,1.34961460561179,31.25
nominal,mandatory,4,human_f,16,mean,1.48138767522063,ciopt_naive,11,1.34204840912203,31.25
nominal,mandatory,4,human_f,16,mean,1.48138767522063,cdopt_aug,11,1.39800075323334,31.25
nominal,mandatory,4,human_f,16,mean,1.48138767522063,ciopt_aug,11,1.21060036868733,31.25
nominal,mandatory,4,human_f,16,mean,1.48138767522063,random_f,NaN,NaN,NaN
nominal,mandatory,4,human_f,16,p95,2.09845950343702,poisson_f,9,1.60164937932506,43.75
nominal,mandatory,4,human_f,16,p95,2.09845950343702,human_f,15,2.09545858883694,6.25
nominal,mandatory,4,human_f,16,p95,2.09845950343702,dopt_aug,9,1.60164937932506,43.75
nominal,mandatory,4,human_f,16,p95,2.09845950343702,iopt_aug,9,1.60164937932506,43.75
nominal,mandatory,4,human_f,16,p95,2.09845950343702,cdopt_naive,11,1.8381751670696,31.25
nominal,mandatory,4,human_f,16,p95,2.09845950343702,ciopt_naive,11,1.84489360449096,31.25
nominal,mandatory,4,human_f,16,p95,2.09845950343702,cdopt_aug,10,2.04684817159655,37.5
nominal,mandatory,4,human_f,16,p95,2.09845950343702,ciopt_aug,11,1.63114259694323,31.25
nominal,mandatory,4,human_f,16,p95,2.09845950343702,random_f,NaN,NaN,NaN
nominal,mandatory,4,human_f,17,mean,1.39944373034013,poisson_f,9,1.22758385095591,47.0588235294118
nominal,mandatory,4,human_f,17,mean,1.39944373034013,human_f,17,1.39944373034013,0
nominal,mandatory,4,human_f,17,mean,1.39944373034013,dopt_aug,9,1.22758385095591,47.0588235294118
nominal,mandatory,4,human_f,17,mean,1.39944373034013,iopt_aug,9,1.22758385095591,47.0588235294118
nominal,mandatory,4,human_f,17,mean,1.39944373034013,cdopt_naive,11,1.34961460561179,35.2941176470588
nominal,mandatory,4,human_f,17,mean,1.39944373034013,ciopt_naive,11,1.34204840912203,35.2941176470588
nominal,mandatory,4,human_f,17,mean,1.39944373034013,cdopt_aug,11,1.39800075323334,35.2941176470588
nominal,mandatory,4,human_f,17,mean,1.39944373034013,ciopt_aug,11,1.21060036868733,35.2941176470588
nominal,mandatory,4,human_f,17,mean,1.39944373034013,random_f,NaN,NaN,NaN
nominal,mandatory,4,human_f,17,p95,1.89611212654355,poisson_f,9,1.60164937932506,47.0588235294118
nominal,mandatory,4,human_f,17,p95,1.89611212654355,human_f,17,1.89611212654355,0
nominal,mandatory,4,human_f,17,p95,1.89611212654355,dopt_aug,9,1.60164937932506,47.0588235294118
nominal,mandatory,4,human_f,17,p95,1.89611212654355,iopt_aug,9,1.60164937932506,47.0588235294118
nominal,mandatory,4,human_f,17,p95,1.89611212654355,cdopt_naive,11,1.8381751670696,35.2941176470588
nominal,mandatory,4,human_f,17,p95,1.89611212654355,ciopt_naive,11,1.84489360449096,35.2941176470588
nominal,mandatory,4,human_f,17,p95,1.89611212654355,cdopt_aug,12,1.55117265366582,29.4117647058824
nominal,mandatory,4,human_f,17,p95,1.89611212654355,ciopt_aug,11,1.63114259694323,35.2941176470588
nominal,mandatory,4,human_f,17,p95,1.89611212654355,random_f,NaN,NaN,NaN
nominal,mandatory,4,human_f,18,mean,1.30009424977815,poisson_f,9,1.22758385095591,50
nominal,mandatory,4,human_f,18,mean,1.30009424977815,human_f,18,1.30009424977815,0
nominal,mandatory,4,human_f,18,mean,1.30009424977815,dopt_aug,9,1.22758385095591,50
nominal,mandatory,4,human_f,18,mean,1.30009424977815,iopt_aug,9,1.22758385095591,50
nominal,mandatory,4,human_f,18,mean,1.30009424977815,cdopt_naive,12,1.28140818733543,33.3333333333333
nominal,mandatory,4,human_f,18,mean,1.30009424977815,ciopt_naive,12,1.28140818733543,33.3333333333333
nominal,mandatory,4,human_f,18,mean,1.30009424977815,cdopt_aug,12,1.17650213972933,33.3333333333333
nominal,mandatory,4,human_f,18,mean,1.30009424977815,ciopt_aug,11,1.21060036868733,38.8888888888889
nominal,mandatory,4,human_f,18,mean,1.30009424977815,random_f,NaN,NaN,NaN
nominal,mandatory,4,human_f,18,p95,1.7859168154167,poisson_f,9,1.60164937932506,50
nominal,mandatory,4,human_f,18,p95,1.7859168154167,human_f,18,1.7859168154167,0
nominal,mandatory,4,human_f,18,p95,1.7859168154167,dopt_aug,9,1.60164937932506,50
nominal,mandatory,4,human_f,18,p95,1.7859168154167,iopt_aug,9,1.60164937932506,50
nominal,mandatory,4,human_f,18,p95,1.7859168154167,cdopt_naive,12,1.77771807252502,33.3333333333333
nominal,mandatory,4,human_f,18,p95,1.7859168154167,ciopt_naive,12,1.77771807252502,33.3333333333333
nominal,mandatory,4,human_f,18,p95,1.7859168154167,cdopt_aug,12,1.55117265366582,33.3333333333333
nominal,mandatory,4,human_f,18,p95,1.7859168154167,ciopt_aug,11,1.63114259694323,38.8888888888889
nominal,mandatory,4,human_f,18,p95,1.7859168154167,random_f,NaN,NaN,NaN
nominal,mandatory,4,human_f,19,mean,1.28830711538808,poisson_f,9,1.22758385095591,52.6315789473684
nominal,mandatory,4,human_f,19,mean,1.28830711538808,human_f,19,1.28830711538808,0
nominal,mandatory,4,human_f,19,mean,1.28830711538808,dopt_aug,9,1.22758385095591,52.6315789473684
nominal,mandatory,4,human_f,19,mean,1.28830711538808,iopt_aug,9,1.22758385095591,52.6315789473684
nominal,mandatory,4,human_f,19,mean,1.28830711538808,cdopt_naive,12,1.28140818733543,36.8421052631579
nominal,mandatory,4,human_f,19,mean,1.28830711538808,ciopt_naive,12,1.28140818733543,36.8421052631579
nominal,mandatory,4,human_f,19,mean,1.28830711538808,cdopt_aug,12,1.17650213972933,36.8421052631579
nominal,mandatory,4,human_f,19,mean,1.28830711538808,ciopt_aug,11,1.21060036868733,42.1052631578947
nominal,mandatory,4,human_f,19,mean,1.28830711538808,random_f,NaN,NaN,NaN
nominal,mandatory,4,human_f,19,p95,1.78650807247749,poisson_f,9,1.60164937932506,52.6315789473684
nominal,mandatory,4,human_f,19,p95,1.78650807247749,human_f,18,1.7859168154167,5.26315789473684
nominal,mandatory,4,human_f,19,p95,1.78650807247749,dopt_aug,9,1.60164937932506,52.6315789473684
nominal,mandatory,4,human_f,19,p95,1.78650807247749,iopt_aug,9,1.60164937932506,52.6315789473684
nominal,mandatory,4,human_f,19,p95,1.78650807247749,cdopt_naive,12,1.77771807252502,36.8421052631579
nominal,mandatory,4,human_f,19,p95,1.78650807247749,ciopt_naive,12,1.77771807252502,36.8421052631579
nominal,mandatory,4,human_f,19,p95,1.78650807247749,cdopt_aug,12,1.55117265366582,36.8421052631579
nominal,mandatory,4,human_f,19,p95,1.78650807247749,ciopt_aug,11,1.63114259694323,42.1052631578947
nominal,mandatory,4,human_f,19,p95,1.78650807247749,random_f,NaN,NaN,NaN
nominal,mandatory,4,random_f,6,mean,5.07892890950461,poisson_f,6,4.66788031315231,0
nominal,mandatory,4,random_f,6,mean,5.07892890950461,human_f,6,4.69106670006417,0
nominal,mandatory,4,random_f,6,mean,5.07892890950461,dopt_aug,6,4.63608665953927,0
nominal,mandatory,4,random_f,6,mean,5.07892890950461,iopt_aug,6,4.63608665953927,0
nominal,mandatory,4,random_f,6,mean,5.07892890950461,cdopt_naive,8,2.32976756382536,-33.3333333333333
nominal,mandatory,4,random_f,6,mean,5.07892890950461,ciopt_naive,7,4.75774553940381,-16.6666666666667
nominal,mandatory,4,random_f,6,mean,5.07892890950461,cdopt_aug,7,3.27035917264175,-16.6666666666667
nominal,mandatory,4,random_f,6,mean,5.07892890950461,ciopt_aug,7,3.24802003525137,-16.6666666666667
nominal,mandatory,4,random_f,6,mean,5.07892890950461,random_f,6,5.07892890950461,0
nominal,mandatory,4,random_f,6,p95,7.59119372297428,poisson_f,6,7.2971616870346,0
nominal,mandatory,4,random_f,6,p95,7.59119372297428,human_f,6,6.85597532089291,0
nominal,mandatory,4,random_f,6,p95,7.59119372297428,dopt_aug,6,7.34099460320849,0
nominal,mandatory,4,random_f,6,p95,7.59119372297428,iopt_aug,6,7.34099460320849,0
nominal,mandatory,4,random_f,6,p95,7.59119372297428,cdopt_naive,8,3.65939189657066,-33.3333333333333
nominal,mandatory,4,random_f,6,p95,7.59119372297428,ciopt_naive,7,7.03402030020058,-16.6666666666667
nominal,mandatory,4,random_f,6,p95,7.59119372297428,cdopt_aug,7,5.48165965342734,-16.6666666666667
nominal,mandatory,4,random_f,6,p95,7.59119372297428,ciopt_aug,7,4.86048363566447,-16.6666666666667
nominal,mandatory,4,random_f,6,p95,7.59119372297428,random_f,6,7.59119372297428,0
nominal,mandatory,4,random_f,7,mean,4.6239813620168,poisson_f,7,4.14357419637208,0
nominal,mandatory,4,random_f,7,mean,4.6239813620168,human_f,7,3.91758511915833,0
nominal,mandatory,4,random_f,7,mean,4.6239813620168,dopt_aug,7,2.94629255979468,0
nominal,mandatory,4,random_f,7,mean,4.6239813620168,iopt_aug,7,2.94629255979468,0
nominal,mandatory,4,random_f,7,mean,4.6239813620168,cdopt_naive,8,2.32976756382536,-14.2857142857143
nominal,mandatory,4,random_f,7,mean,4.6239813620168,ciopt_naive,8,3.26957073449402,-14.2857142857143
nominal,mandatory,4,random_f,7,mean,4.6239813620168,cdopt_aug,7,3.27035917264175,0
nominal,mandatory,4,random_f,7,mean,4.6239813620168,ciopt_aug,7,3.24802003525137,0
nominal,mandatory,4,random_f,7,mean,4.6239813620168,random_f,7,4.6239813620168,0
nominal,mandatory,4,random_f,7,p95,6.66261609475508,poisson_f,8,3.45920847407914,-14.2857142857143
nominal,mandatory,4,random_f,7,p95,6.66261609475508,human_f,7,5.98843117998731,0
nominal,mandatory,4,random_f,7,p95,6.66261609475508,dopt_aug,7,4.61537946245182,0
nominal,mandatory,4,random_f,7,p95,6.66261609475508,iopt_aug,7,4.61537946245182,0
nominal,mandatory,4,random_f,7,p95,6.66261609475508,cdopt_naive,8,3.65939189657066,-14.2857142857143
nominal,mandatory,4,random_f,7,p95,6.66261609475508,ciopt_naive,8,5.11744675655192,-14.2857142857143
nominal,mandatory,4,random_f,7,p95,6.66261609475508,cdopt_aug,7,5.48165965342734,0
nominal,mandatory,4,random_f,7,p95,6.66261609475508,ciopt_aug,7,4.86048363566447,0
nominal,mandatory,4,random_f,7,p95,6.66261609475508,random_f,7,6.66261609475508,0
nominal,mandatory,4,random_f,8,mean,3.99767232055418,poisson_f,8,2.15726165884811,0
nominal,mandatory,4,random_f,8,mean,3.99767232055418,human_f,7,3.91758511915833,12.5
nominal,mandatory,4,random_f,8,mean,3.99767232055418,dopt_aug,7,2.94629255979468,12.5
nominal,mandatory,4,random_f,8,mean,3.99767232055418,iopt_aug,7,2.94629255979468,12.5
nominal,mandatory,4,random_f,8,mean,3.99767232055418,cdopt_naive,8,2.32976756382536,0
nominal,mandatory,4,random_f,8,mean,3.99767232055418,ciopt_naive,8,3.26957073449402,0
nominal,mandatory,4,random_f,8,mean,3.99767232055418,cdopt_aug,7,3.27035917264175,12.5
nominal,mandatory,4,random_f,8,mean,3.99767232055418,ciopt_aug,7,3.24802003525137,12.5
nominal,mandatory,4,random_f,8,mean,3.99767232055418,random_f,8,3.99767232055418,0
nominal,mandatory,4,random_f,8,p95,6.1638316676631,poisson_f,8,3.45920847407914,0
nominal,mandatory,4,random_f,8,p95,6.1638316676631,human_f,7,5.98843117998731,12.5
nominal,mandatory,4,random_f,8,p95,6.1638316676631,dopt_aug,7,4.61537946245182,12.5
nominal,mandatory,4,random_f,8,p95,6.1638316676631,iopt_aug,7,4.61537946245182,12.5
nominal,mandatory,4,random_f,8,p95,6.1638316676631,cdopt_naive,8,3.65939189657066,0
nominal,mandatory,4,random_f,8,p95,6.1638316676631,ciopt_naive,8,5.11744675655192,0
nominal,mandatory,4,random_f,8,p95,6.1638316676631,cdopt_aug,7,5.48165965342734,12.5
nominal,mandatory,4,random_f,8,p95,6.1638316676631,ciopt_aug,7,4.86048363566447,12.5
nominal,mandatory,4,random_f,8,p95,6.1638316676631,random_f,8,6.1638316676631,0
nominal,mandatory,4,random_f,9,mean,3.62902732114984,poisson_f,8,2.15726165884811,11.1111111111111
nominal,mandatory,4,random_f,9,mean,3.62902732114984,human_f,9,2.87804093447905,0
nominal,mandatory,4,random_f,9,mean,3.62902732114984,dopt_aug,7,2.94629255979468,22.2222222222222
nominal,mandatory,4,random_f,9,mean,3.62902732114984,iopt_aug,7,2.94629255979468,22.2222222222222
nominal,mandatory,4,random_f,9,mean,3.62902732114984,cdopt_naive,8,2.32976756382536,11.1111111111111
nominal,mandatory,4,random_f,9,mean,3.62902732114984,ciopt_naive,8,3.26957073449402,11.1111111111111
nominal,mandatory,4,random_f,9,mean,3.62902732114984,cdopt_aug,7,3.27035917264175,22.2222222222222
nominal,mandatory,4,random_f,9,mean,3.62902732114984,ciopt_aug,7,3.24802003525137,22.2222222222222
nominal,mandatory,4,random_f,9,mean,3.62902732114984,random_f,9,3.62902732114984,0
nominal,mandatory,4,random_f,9,p95,5.42578623686341,poisson_f,8,3.45920847407914,11.1111111111111
nominal,mandatory,4,random_f,9,p95,5.42578623686341,human_f,9,4.26745219149664,0
nominal,mandatory,4,random_f,9,p95,5.42578623686341,dopt_aug,7,4.61537946245182,22.2222222222222
nominal,mandatory,4,random_f,9,p95,5.42578623686341,iopt_aug,7,4.61537946245182,22.2222222222222
nominal,mandatory,4,random_f,9,p95,5.42578623686341,cdopt_naive,8,3.65939189657066,11.1111111111111
nominal,mandatory,4,random_f,9,p95,5.42578623686341,ciopt_naive,8,5.11744675655192,11.1111111111111
nominal,mandatory,4,random_f,9,p95,5.42578623686341,cdopt_aug,8,3.56731953594095,11.1111111111111
nominal,mandatory,4,random_f,9,p95,5.42578623686341,ciopt_aug,7,4.86048363566447,22.2222222222222
nominal,mandatory,4,random_f,9,p95,5.42578623686341,random_f,9,5.42578623686341,0
nominal,mandatory,4,random_f,10,mean,3.26762998857879,poisson_f,8,2.15726165884811,20
nominal,mandatory,4,random_f,10,mean,3.26762998857879,human_f,9,2.87804093447905,10
nominal,mandatory,4,random_f,10,mean,3.26762998857879,dopt_aug,7,2.94629255979468,30
nominal,mandatory,4,random_f,10,mean,3.26762998857879,iopt_aug,7,2.94629255979468,30
nominal,mandatory,4,random_f,10,mean,3.26762998857879,cdopt_naive,8,2.32976756382536,20
nominal,mandatory,4,random_f,10,mean,3.26762998857879,ciopt_naive,9,2.40999517492825,10
nominal,mandatory,4,random_f,10,mean,3.26762998857879,cdopt_aug,8,2.26569433365494,20
nominal,mandatory,4,random_f,10,mean,3.26762998857879,ciopt_aug,7,3.24802003525137,30
nominal,mandatory,4,random_f,10,mean,3.26762998857879,random_f,10,3.26762998857879,0
nominal,mandatory,4,random_f,10,p95,4.74138751659784,poisson_f,8,3.45920847407914,20
nominal,mandatory,4,random_f,10,p95,4.74138751659784,human_f,9,4.26745219149664,10
nominal,mandatory,4,random_f,10,p95,4.74138751659784,dopt_aug,7,4.61537946245182,30
nominal,mandatory,4,random_f,10,p95,4.74138751659784,iopt_aug,7,4.61537946245182,30
nominal,mandatory,4,random_f,10,p95,4.74138751659784,cdopt_naive,8,3.65939189657066,20
nominal,mandatory,4,random_f,10,p95,4.74138751659784,ciopt_naive,9,3.66816215415239,10
nominal,mandatory,4,random_f,10,p95,4.74138751659784,cdopt_aug,8,3.56731953594095,20
nominal,mandatory,4,random_f,10,p95,4.74138751659784,ciopt_aug,8,3.56731953594095,20
nominal,mandatory,4,random_f,10,p95,4.74138751659784,random_f,10,4.74138751659784,0
nominal,mandatory,4,random_f,11,mean,3.06293828450927,poisson_f,8,2.15726165884811,27.2727272727273
nominal,mandatory,4,random_f,11,mean,3.06293828450927,human_f,9,2.87804093447905,18.1818181818182
nominal,mandatory,4,random_f,11,mean,3.06293828450927,dopt_aug,7,2.94629255979468,36.3636363636364
nominal,mandatory,4,random_f,11,mean,3.06293828450927,iopt_aug,7,2.94629255979468,36.3636363636364
nominal,mandatory,4,random_f,11,mean,3.06293828450927,cdopt_naive,8,2.32976756382536,27.2727272727273
nominal,mandatory,4,random_f,11,mean,3.06293828450927,ciopt_naive,9,2.40999517492825,18.1818181818182
nominal,mandatory,4,random_f,11,mean,3.06293828450927,cdopt_aug,8,2.26569433365494,27.2727272727273
nominal,mandatory,4,random_f,11,mean,3.06293828450927,ciopt_aug,8,2.26569433365494,27.2727272727273
nominal,mandatory,4,random_f,11,mean,3.06293828450927,random_f,11,3.06293828450927,0
nominal,mandatory,4,random_f,11,p95,4.52161129824225,poisson_f,8,3.45920847407914,27.2727272727273
nominal,mandatory,4,random_f,11,p95,4.52161129824225,human_f,9,4.26745219149664,18.1818181818182
nominal,mandatory,4,random_f,11,p95,4.52161129824225,dopt_aug,8,3.04863876805732,27.2727272727273
nominal,mandatory,4,random_f,11,p95,4.52161129824225,iopt_aug,8,3.06935499995671,27.2727272727273
nominal,mandatory,4,random_f,11,p95,4.52161129824225,cdopt_naive,8,3.65939189657066,27.2727272727273
nominal,mandatory,4,random_f,11,p95,4.52161129824225,ciopt_naive,9,3.66816215415239,18.1818181818182
nominal,mandatory,4,random_f,11,p95,4.52161129824225,cdopt_aug,8,3.56731953594095,27.2727272727273
nominal,mandatory,4,random_f,11,p95,4.52161129824225,ciopt_aug,8,3.56731953594095,27.2727272727273
nominal,mandatory,4,random_f,11,p95,4.52161129824225,random_f,11,4.52161129824225,0
nominal,mandatory,4,random_f,12,mean,2.78383949597371,poisson_f,8,2.15726165884811,33.3333333333333
nominal,mandatory,4,random_f,12,mean,2.78383949597371,human_f,10,2.2388590179571,16.6666666666667
nominal,mandatory,4,random_f,12,mean,2.78383949597371,dopt_aug,8,1.95434493158296,33.3333333333333
nominal,mandatory,4,random_f,12,mean,2.78383949597371,iopt_aug,8,1.97846453629388,33.3333333333333
nominal,mandatory,4,random_f,12,mean,2.78383949597371,cdopt_naive,8,2.32976756382536,33.3333333333333
nominal,mandatory,4,random_f,12,mean,2.78383949597371,ciopt_naive,9,2.40999517492825,25
nominal,mandatory,4,random_f,12,mean,2.78383949597371,cdopt_aug,8,2.26569433365494,33.3333333333333
nominal,mandatory,4,random_f,12,mean,2.78383949597371,ciopt_aug,8,2.26569433365494,33.3333333333333
nominal,mandatory,4,random_f,12,mean,2.78383949597371,random_f,12,2.78383949597371,0
nominal,mandatory,4,random_f,12,p95,4.23341244402567,poisson_f,8,3.45920847407914,33.3333333333333
nominal,mandatory,4,random_f,12,p95,4.23341244402567,human_f,10,3.32553769923963,16.6666666666667
nominal,mandatory,4,random_f,12,p95,4.23341244402567,dopt_aug,8,3.04863876805732,33.3333333333333
nominal,mandatory,4,random_f,12,p95,4.23341244402567,iopt_aug,8,3.06935499995671,33.3333333333333
nominal,mandatory,4,random_f,12,p95,4.23341244402567,cdopt_naive,8,3.65939189657066,33.3333333333333
nominal,mandatory,4,random_f,12,p95,4.23341244402567,ciopt_naive,9,3.66816215415239,25
nominal,mandatory,4,random_f,12,p95,4.23341244402567,cdopt_aug,8,3.56731953594095,33.3333333333333
nominal,mandatory,4,random_f,12,p95,4.23341244402567,ciopt_aug,8,3.56731953594095,33.3333333333333
nominal,mandatory,4,random_f,12,p95,4.23341244402567,random_f,12,4.23341244402567,0
nominal,mandatory,4,random_f,13,mean,2.6137803059067,poisson_f,8,2.15726165884811,38.4615384615385
nominal,mandatory,4,random_f,13,mean,2.6137803059067,human_f,10,2.2388590179571,23.0769230769231
nominal,mandatory,4,random_f,13,mean,2.6137803059067,dopt_aug,8,1.95434493158296,38.4615384615385
nominal,mandatory,4,random_f,13,mean,2.6137803059067,iopt_aug,8,1.97846453629388,38.4615384615385
nominal,mandatory,4,random_f,13,mean,2.6137803059067,cdopt_naive,8,2.32976756382536,38.4615384615385
nominal,mandatory,4,random_f,13,mean,2.6137803059067,ciopt_naive,9,2.40999517492825,30.7692307692308
nominal,mandatory,4,random_f,13,mean,2.6137803059067,cdopt_aug,8,2.26569433365494,38.4615384615385
nominal,mandatory,4,random_f,13,mean,2.6137803059067,ciopt_aug,8,2.26569433365494,38.4615384615385
nominal,mandatory,4,random_f,13,mean,2.6137803059067,random_f,13,2.6137803059067,0
nominal,mandatory,4,random_f,13,p95,4.06866092456226,poisson_f,8,3.45920847407914,38.4615384615385
nominal,mandatory,4,random_f,13,p95,4.06866092456226,human_f,10,3.32553769923963,23.0769230769231
nominal,mandatory,4,random_f,13,p95,4.06866092456226,dopt_aug,8,3.04863876805732,38.4615384615385
nominal,mandatory,4,random_f,13,p95,4.06866092456226,iopt_aug,8,3.06935499995671,38.4615384615385
nominal,mandatory,4,random_f,13,p95,4.06866092456226,cdopt_naive,8,3.65939189657066,38.4615384615385
nominal,mandatory,4,random_f,13,p95,4.06866092456226,ciopt_naive,9,3.66816215415239,30.7692307692308
nominal,mandatory,4,random_f,13,p95,4.06866092456226,cdopt_aug,8,3.56731953594095,38.4615384615385
nominal,mandatory,4,random_f,13,p95,4.06866092456226,ciopt_aug,8,3.56731953594095,38.4615384615385
nominal,mandatory,4,random_f,13,p95,4.06866092456226,random_f,13,4.06866092456226,0
nominal,mandatory,4,random_f,14,mean,2.36660153347857,poisson_f,8,2.15726165884811,42.8571428571429
nominal,mandatory,4,random_f,14,mean,2.36660153347857,human_f,10,2.2388590179571,28.5714285714286
nominal,mandatory,4,random_f,14,mean,2.36660153347857,dopt_aug,8,1.95434493158296,42.8571428571429
nominal,mandatory,4,random_f,14,mean,2.36660153347857,iopt_aug,8,1.97846453629388,42.8571428571429
nominal,mandatory,4,random_f,14,mean,2.36660153347857,cdopt_naive,8,2.32976756382536,42.8571428571429
nominal,mandatory,4,random_f,14,mean,2.36660153347857,ciopt_naive,10,2.09453613038913,28.5714285714286
nominal,mandatory,4,random_f,14,mean,2.36660153347857,cdopt_aug,8,2.26569433365494,42.8571428571429
nominal,mandatory,4,random_f,14,mean,2.36660153347857,ciopt_aug,8,2.26569433365494,42.8571428571429
nominal,mandatory,4,random_f,14,mean,2.36660153347857,random_f,14,2.36660153347857,0
nominal,mandatory,4,random_f,14,p95,3.48555765207219,poisson_f,8,3.45920847407914,42.8571428571429
nominal,mandatory,4,random_f,14,p95,3.48555765207219,human_f,10,3.32553769923963,28.5714285714286
nominal,mandatory,4,random_f,14,p95,3.48555765207219,dopt_aug,8,3.04863876805732,42.8571428571429
nominal,mandatory,4,random_f,14,p95,3.48555765207219,iopt_aug,8,3.06935499995671,42.8571428571429
nominal,mandatory,4,random_f,14,p95,3.48555765207219,cdopt_naive,9,3.10212193148203,35.7142857142857
nominal,mandatory,4,random_f,14,p95,3.48555765207219,ciopt_naive,10,3.11313372485103,28.5714285714286
nominal,mandatory,4,random_f,14,p95,3.48555765207219,cdopt_aug,9,2.86167352628826,35.7142857142857
nominal,mandatory,4,random_f,14,p95,3.48555765207219,ciopt_aug,9,2.93125112377493,35.7142857142857
nominal,mandatory,4,random_f,14,p95,3.48555765207219,random_f,14,3.48555765207219,0
nominal,mandatory,4,random_f,15,mean,2.17738015229598,poisson_f,8,2.15726165884811,46.6666666666667
nominal,mandatory,4,random_f,15,mean,2.17738015229598,human_f,11,2.17052269136198,26.6666666666667
nominal,mandatory,4,random_f,15,mean,2.17738015229598,dopt_aug,8,1.95434493158296,46.6666666666667
nominal,mandatory,4,random_f,15,mean,2.17738015229598,iopt_aug,8,1.97846453629388,46.6666666666667
nominal,mandatory,4,random_f,15,mean,2.17738015229598,cdopt_naive,9,2.08513116634251,40
nominal,mandatory,4,random_f,15,mean,2.17738015229598,ciopt_naive,10,2.09453613038913,33.3333333333333
nominal,mandatory,4,random_f,15,mean,2.17738015229598,cdopt_aug,9,1.89110324045491,40
nominal,mandatory,4,random_f,15,mean,2.17738015229598,ciopt_aug,9,1.93461852159238,40
nominal,mandatory,4,random_f,15,mean,2.17738015229598,random_f,15,2.17738015229598,0
nominal,mandatory,4,random_f,15,p95,3.29226584484949,poisson_f,9,1.60164937932506,40
nominal,mandatory,4,random_f,15,p95,3.29226584484949,human_f,11,3.16228590734321,26.6666666666667
nominal,mandatory,4,random_f,15,p95,3.29226584484949,dopt_aug,8,3.04863876805732,46.6666666666667
nominal,mandatory,4,random_f,15,p95,3.29226584484949,iopt_aug,8,3.06935499995671,46.6666666666667
nominal,mandatory,4,random_f,15,p95,3.29226584484949,cdopt_naive,9,3.10212193148203,40
nominal,mandatory,4,random_f,15,p95,3.29226584484949,ciopt_naive,10,3.11313372485103,33.3333333333333
nominal,mandatory,4,random_f,15,p95,3.29226584484949,cdopt_aug,9,2.86167352628826,40
nominal,mandatory,4,random_f,15,p95,3.29226584484949,ciopt_aug,9,2.93125112377493,40
nominal,mandatory,4,random_f,15,p95,3.29226584484949,random_f,15,3.29226584484949,0
nominal,mandatory,4,random_f,16,mean,2.16730695105259,poisson_f,8,2.15726165884811,50
nominal,mandatory,4,random_f,16,mean,2.16730695105259,human_f,12,1.61953358108317,25
nominal,mandatory,4,random_f,16,mean,2.16730695105259,dopt_aug,8,1.95434493158296,50
nominal,mandatory,4,random_f,16,mean,2.16730695105259,iopt_aug,8,1.97846453629388,50
nominal,mandatory,4,random_f,16,mean,2.16730695105259,cdopt_naive,9,2.08513116634251,43.75
nominal,mandatory,4,random_f,16,mean,2.16730695105259,ciopt_naive,10,2.09453613038913,37.5
nominal,mandatory,4,random_f,16,mean,2.16730695105259,cdopt_aug,9,1.89110324045491,43.75
nominal,mandatory,4,random_f,16,mean,2.16730695105259,ciopt_aug,9,1.93461852159238,43.75
nominal,mandatory,4,random_f,16,mean,2.16730695105259,random_f,16,2.16730695105259,0
nominal,mandatory,4,random_f,16,p95,3.41049218959567,poisson_f,9,1.60164937932506,43.75
nominal,mandatory,4,random_f,16,p95,3.41049218959567,human_f,10,3.32553769923963,37.5
nominal,mandatory,4,random_f,16,p95,3.41049218959567,dopt_aug,8,3.04863876805732,50
nominal,mandatory,4,random_f,16,p95,3.41049218959567,iopt_aug,8,3.06935499995671,50
nominal,mandatory,4,random_f,16,p95,3.41049218959567,cdopt_naive,9,3.10212193148203,43.75
nominal,mandatory,4,random_f,16,p95,3.41049218959567,ciopt_naive,10,3.11313372485103,37.5
nominal,mandatory,4,random_f,16,p95,3.41049218959567,cdopt_aug,9,2.86167352628826,43.75
nominal,mandatory,4,random_f,16,p95,3.41049218959567,ciopt_aug,9,2.93125112377493,43.75
nominal,mandatory,4,random_f,16,p95,3.41049218959567,random_f,15,3.29226584484949,6.25
nominal,mandatory,4,random_f,17,mean,1.91678119582489,poisson_f,9,1.22758385095591,47.0588235294118
nominal,mandatory,4,random_f,17,mean,1.91678119582489,human_f,12,1.61953358108317,29.4117647058824
nominal,mandatory,4,random_f,17,mean,1.91678119582489,dopt_aug,9,1.22758385095591,47.0588235294118
nominal,mandatory,4,random_f,17,mean,1.91678119582489,iopt_aug,9,1.22758385095591,47.0588235294118
nominal,mandatory,4,random_f,17,mean,1.91678119582489,cdopt_naive,10,1.68025616768001,41.1764705882353
nominal,mandatory,4,random_f,17,mean,1.91678119582489,ciopt_naive,11,1.34204840912203,35.2941176470588
nominal,mandatory,4,random_f,17,mean,1.91678119582489,cdopt_aug,9,1.89110324045491,47.0588235294118
nominal,mandatory,4,random_f,17,mean,1.91678119582489,ciopt_aug,10,1.48484864613392,41.1764705882353
nominal,mandatory,4,random_f,17,mean,1.91678119582489,random_f,17,1.91678119582489,0
nominal,mandatory,4,random_f,17,p95,2.89613346520194,poisson_f,9,1.60164937932506,47.0588235294118
nominal,mandatory,4,random_f,17,p95,2.89613346520194,human_f,12,2.28186914037131,29.4117647058824
nominal,mandatory,4,random_f,17,p95,2.89613346520194,dopt_aug,9,1.60164937932506,47.0588235294118
nominal,mandatory,4,random_f,17,p95,2.89613346520194,iopt_aug,9,1.60164937932506,47.0588235294118
nominal,mandatory,4,random_f,17,p95,2.89613346520194,cdopt_naive,10,2.40317001863421,41.1764705882353
nominal,mandatory,4,random_f,17,p95,2.89613346520194,ciopt_naive,11,1.84489360449096,35.2941176470588
nominal,mandatory,4,random_f,17,p95,2.89613346520194,cdopt_aug,9,2.86167352628826,47.0588235294118
nominal,mandatory,4,random_f,17,p95,2.89613346520194,ciopt_aug,10,2.10917020326839,41.1764705882353
nominal,mandatory,4,random_f,17,p95,2.89613346520194,random_f,17,2.89613346520194,0
nominal,mandatory,4,random_f,18,mean,1.81261344894719,poisson_f,9,1.22758385095591,50
nominal,mandatory,4,random_f,18,mean,1.81261344894719,human_f,12,1.61953358108317,33.3333333333333
nominal,mandatory,4,random_f,18,mean,1.81261344894719,dopt_aug,9,1.22758385095591,50
nominal,mandatory,4,random_f,18,mean,1.81261344894719,iopt_aug,9,1.22758385095591,50
nominal,mandatory,4,random_f,18,mean,1.81261344894719,cdopt_naive,10,1.68025616768001,44.4444444444444
nominal,mandatory,4,random_f,18,mean,1.81261344894719,ciopt_naive,11,1.34204840912203,38.8888888888889
nominal,mandatory,4,random_f,18,mean,1.81261344894719,cdopt_aug,10,1.48326691323107,44.4444444444444
nominal,mandatory,4,random_f,18,mean,1.81261344894719,ciopt_aug,10,1.48484864613392,44.4444444444444
nominal,mandatory,4,random_f,18,mean,1.81261344894719,random_f,18,1.81261344894719,0
nominal,mandatory,4,random_f,18,p95,2.54697863915035,poisson_f,9,1.60164937932506,50
nominal,mandatory,4,random_f,18,p95,2.54697863915035,human_f,12,2.28186914037131,33.3333333333333
nominal,mandatory,4,random_f,18,p95,2.54697863915035,dopt_aug,9,1.60164937932506,50
nominal,mandatory,4,random_f,18,p95,2.54697863915035,iopt_aug,9,1.60164937932506,50
nominal,mandatory,4,random_f,18,p95,2.54697863915035,cdopt_naive,10,2.40317001863421,44.4444444444444
nominal,mandatory,4,random_f,18,p95,2.54697863915035,ciopt_naive,11,1.84489360449096,38.8888888888889
nominal,mandatory,4,random_f,18,p95,2.54697863915035,cdopt_aug,10,2.04684817159655,44.4444444444444
nominal,mandatory,4,random_f,18,p95,2.54697863915035,ciopt_aug,10,2.10917020326839,44.4444444444444
nominal,mandatory,4,random_f,18,p95,2.54697863915035,random_f,18,2.54697863915035,0
nominal,mandatory,4,random_f,19,mean,1.80370199895844,poisson_f,9,1.22758385095591,52.6315789473684
nominal,mandatory,4,random_f,19,mean,1.80370199895844,human_f,12,1.61953358108317,36.8421052631579
nominal,mandatory,4,random_f,19,mean,1.80370199895844,dopt_aug,9,1.22758385095591,52.6315789473684
nominal,mandatory,4,random_f,19,mean,1.80370199895844,iopt_aug,9,1.22758385095591,52.6315789473684
nominal,mandatory,4,random_f,19,mean,1.80370199895844,cdopt_naive,10,1.68025616768001,47.3684210526316
nominal,mandatory,4,random_f,19,mean,1.80370199895844,ciopt_naive,11,1.34204840912203,42.1052631578947
nominal,mandatory,4,random_f,19,mean,1.80370199895844,cdopt_aug,10,1.48326691323107,47.3684210526316
nominal,mandatory,4,random_f,19,mean,1.80370199895844,ciopt_aug,10,1.48484864613392,47.3684210526316
nominal,mandatory,4,random_f,19,mean,1.80370199895844,random_f,19,1.80370199895844,0
nominal,mandatory,4,random_f,19,p95,2.6467702131142,poisson_f,9,1.60164937932506,52.6315789473684
nominal,mandatory,4,random_f,19,p95,2.6467702131142,human_f,12,2.28186914037131,36.8421052631579
nominal,mandatory,4,random_f,19,p95,2.6467702131142,dopt_aug,9,1.60164937932506,52.6315789473684
nominal,mandatory,4,random_f,19,p95,2.6467702131142,iopt_aug,9,1.60164937932506,52.6315789473684
nominal,mandatory,4,random_f,19,p95,2.6467702131142,cdopt_naive,10,2.40317001863421,47.3684210526316
nominal,mandatory,4,random_f,19,p95,2.6467702131142,ciopt_naive,11,1.84489360449096,42.1052631578947
nominal,mandatory,4,random_f,19,p95,2.6467702131142,cdopt_aug,10,2.04684817159655,47.3684210526316
nominal,mandatory,4,random_f,19,p95,2.6467702131142,ciopt_aug,10,2.10917020326839,47.3684210526316
nominal,mandatory,4,random_f,19,p95,2.6467702131142,random_f,18,2.54697863915035,5.26315789473684
nominal,mandatory,4,poisson_f,6,mean,4.66788031315231,poisson_f,6,4.66788031315231,0
nominal,mandatory,4,poisson_f,6,mean,4.66788031315231,human_f,7,3.91758511915833,-16.6666666666667
nominal,mandatory,4,poisson_f,6,mean,4.66788031315231,dopt_aug,6,4.63608665953927,0
nominal,mandatory,4,poisson_f,6,mean,4.66788031315231,iopt_aug,6,4.63608665953927,0
nominal,mandatory,4,poisson_f,6,mean,4.66788031315231,cdopt_naive,8,2.32976756382536,-33.3333333333333
nominal,mandatory,4,poisson_f,6,mean,4.66788031315231,ciopt_naive,8,3.26957073449402,-33.3333333333333
nominal,mandatory,4,poisson_f,6,mean,4.66788031315231,cdopt_aug,7,3.27035917264175,-16.6666666666667
nominal,mandatory,4,poisson_f,6,mean,4.66788031315231,ciopt_aug,7,3.24802003525137,-16.6666666666667
nominal,mandatory,4,poisson_f,6,mean,4.66788031315231,random_f,7,4.6239813620168,-16.6666666666667
nominal,mandatory,4,poisson_f,6,p95,7.2971616870346,poisson_f,6,7.2971616870346,0
nominal,mandatory,4,poisson_f,6,p95,7.2971616870346,human_f,6,6.85597532089291,0
nominal,mandatory,4,poisson_f,6,p95,7.2971616870346,dopt_aug,7,4.61537946245182,-16.6666666666667
nominal,mandatory,4,poisson_f,6,p95,7.2971616870346,iopt_aug,7,4.61537946245182,-16.6666666666667
nominal,mandatory,4,poisson_f,6,p95,7.2971616870346,cdopt_naive,8,3.65939189657066,-33.3333333333333
nominal,mandatory,4,poisson_f,6,p95,7.2971616870346,ciopt_naive,7,7.03402030020058,-16.6666666666667
nominal,mandatory,4,poisson_f,6,p95,7.2971616870346,cdopt_aug,7,5.48165965342734,-16.6666666666667
nominal,mandatory,4,poisson_f,6,p95,7.2971616870346,ciopt_aug,7,4.86048363566447,-16.6666666666667
nominal,mandatory,4,poisson_f,6,p95,7.2971616870346,random_f,7,6.66261609475508,-16.6666666666667
nominal,mandatory,4,poisson_f,7,mean,4.14357419637208,poisson_f,7,4.14357419637208,0
nominal,mandatory,4,poisson_f,7,mean,4.14357419637208,human_f,7,3.91758511915833,0
nominal,mandatory,4,poisson_f,7,mean,4.14357419637208,dopt_aug,7,2.94629255979468,0
nominal,mandatory,4,poisson_f,7,mean,4.14357419637208,iopt_aug,7,2.94629255979468,0
nominal,mandatory,4,poisson_f,7,mean,4.14357419637208,cdopt_naive,8,2.32976756382536,-14.2857142857143
nominal,mandatory,4,poisson_f,7,mean,4.14357419637208,ciopt_naive,8,3.26957073449402,-14.2857142857143
nominal,mandatory,4,poisson_f,7,mean,4.14357419637208,cdopt_aug,7,3.27035917264175,0
nominal,mandatory,4,poisson_f,7,mean,4.14357419637208,ciopt_aug,7,3.24802003525137,0
nominal,mandatory,4,poisson_f,7,mean,4.14357419637208,random_f,8,3.99767232055418,-14.2857142857143
nominal,mandatory,4,poisson_f,7,p95,7.00449109560123,poisson_f,7,7.00449109560123,0
nominal,mandatory,4,poisson_f,7,p95,7.00449109560123,human_f,6,6.85597532089291,14.2857142857143
nominal,mandatory,4,poisson_f,7,p95,7.00449109560123,dopt_aug,7,4.61537946245182,0
nominal,mandatory,4,poisson_f,7,p95,7.00449109560123,iopt_aug,7,4.61537946245182,0
nominal,mandatory,4,poisson_f,7,p95,7.00449109560123,cdopt_naive,8,3.65939189657066,-14.2857142857143
nominal,mandatory,4,poisson_f,7,p95,7.00449109560123,ciopt_naive,8,5.11744675655192,-14.2857142857143
nominal,mandatory,4,poisson_f,7,p95,7.00449109560123,cdopt_aug,7,5.48165965342734,0
nominal,mandatory,4,poisson_f,7,p95,7.00449109560123,ciopt_aug,7,4.86048363566447,0
nominal,mandatory,4,poisson_f,7,p95,7.00449109560123,random_f,7,6.66261609475508,0
nominal,mandatory,4,poisson_f,8,mean,2.15726165884811,poisson_f,8,2.15726165884811,0
nominal,mandatory,4,poisson_f,8,mean,2.15726165884811,human_f,12,1.61953358108317,-50
nominal,mandatory,4,poisson_f,8,mean,2.15726165884811,dopt_aug,8,1.95434493158296,0
nominal,mandatory,4,poisson_f,8,mean,2.15726165884811,iopt_aug,8,1.97846453629388,0
nominal,mandatory,4,poisson_f,8,mean,2.15726165884811,cdopt_naive,9,2.08513116634251,-12.5
nominal,mandatory,4,poisson_f,8,mean,2.15726165884811,ciopt_naive,10,2.09453613038913,-25
nominal,mandatory,4,poisson_f,8,mean,2.15726165884811,cdopt_aug,9,1.89110324045491,-12.5
nominal,mandatory,4,poisson_f,8,mean,2.15726165884811,ciopt_aug,9,1.93461852159238,-12.5
nominal,mandatory,4,poisson_f,8,mean,2.15726165884811,random_f,17,1.91678119582489,-112.5
nominal,mandatory,4,poisson_f,8,p95,3.45920847407914,poisson_f,8,3.45920847407914,0
nominal,mandatory,4,poisson_f,8,p95,3.45920847407914,human_f,10,3.32553769923963,-25
nominal,mandatory,4,poisson_f,8,p95,3.45920847407914,dopt_aug,8,3.04863876805732,0
nominal,mandatory,4,poisson_f,8,p95,3.45920847407914,iopt_aug,8,3.06935499995671,0
nominal,mandatory,4,poisson_f,8,p95,3.45920847407914,cdopt_naive,9,3.10212193148203,-12.5
nominal,mandatory,4,poisson_f,8,p95,3.45920847407914,ciopt_naive,10,3.11313372485103,-25
nominal,mandatory,4,poisson_f,8,p95,3.45920847407914,cdopt_aug,9,2.86167352628826,-12.5
nominal,mandatory,4,poisson_f,8,p95,3.45920847407914,ciopt_aug,9,2.93125112377493,-12.5
nominal,mandatory,4,poisson_f,8,p95,3.45920847407914,random_f,15,3.29226584484949,-87.5
nominal,mandatory,4,poisson_f,9,mean,1.22758385095591,poisson_f,9,1.22758385095591,0
nominal,mandatory,4,poisson_f,9,mean,1.22758385095591,human_f,NaN,NaN,NaN
nominal,mandatory,4,poisson_f,9,mean,1.22758385095591,dopt_aug,9,1.22758385095591,0
nominal,mandatory,4,poisson_f,9,mean,1.22758385095591,iopt_aug,9,1.22758385095591,0
nominal,mandatory,4,poisson_f,9,mean,1.22758385095591,cdopt_naive,13,1.12486720751422,-44.4444444444444
nominal,mandatory,4,poisson_f,9,mean,1.22758385095591,ciopt_naive,13,1.12389665280917,-44.4444444444444
nominal,mandatory,4,poisson_f,9,mean,1.22758385095591,cdopt_aug,12,1.17650213972933,-33.3333333333333
nominal,mandatory,4,poisson_f,9,mean,1.22758385095591,ciopt_aug,11,1.21060036868733,-22.2222222222222
nominal,mandatory,4,poisson_f,9,mean,1.22758385095591,random_f,NaN,NaN,NaN
nominal,mandatory,4,poisson_f,9,p95,1.60164937932506,poisson_f,9,1.60164937932506,0
nominal,mandatory,4,poisson_f,9,p95,1.60164937932506,human_f,NaN,NaN,NaN
nominal,mandatory,4,poisson_f,9,p95,1.60164937932506,dopt_aug,9,1.60164937932506,0
nominal,mandatory,4,poisson_f,9,p95,1.60164937932506,iopt_aug,9,1.60164937932506,0
nominal,mandatory,4,poisson_f,9,p95,1.60164937932506,cdopt_naive,13,1.49508404094928,-44.4444444444444
nominal,mandatory,4,poisson_f,9,p95,1.60164937932506,ciopt_naive,13,1.48594394219838,-44.4444444444444
nominal,mandatory,4,poisson_f,9,p95,1.60164937932506,cdopt_aug,12,1.55117265366582,-33.3333333333333
nominal,mandatory,4,poisson_f,9,p95,1.60164937932506,ciopt_aug,12,1.56438518059443,-33.3333333333333
nominal,mandatory,4,poisson_f,9,p95,1.60164937932506,random_f,NaN,NaN,NaN
nominal,mandatory,4,poisson_f,10,mean,1.21475086487363,poisson_f,10,1.21475086487363,0
nominal,mandatory,4,poisson_f,10,mean,1.21475086487363,human_f,NaN,NaN,NaN
nominal,mandatory,4,poisson_f,10,mean,1.21475086487363,dopt_aug,10,1.17715779511149,0
nominal,mandatory,4,poisson_f,10,mean,1.21475086487363,iopt_aug,10,1.17157365812896,0
nominal,mandatory,4,poisson_f,10,mean,1.21475086487363,cdopt_naive,13,1.12486720751422,-30
nominal,mandatory,4,poisson_f,10,mean,1.21475086487363,ciopt_naive,13,1.12389665280917,-30
nominal,mandatory,4,poisson_f,10,mean,1.21475086487363,cdopt_aug,12,1.17650213972933,-20
nominal,mandatory,4,poisson_f,10,mean,1.21475086487363,ciopt_aug,11,1.21060036868733,-10
nominal,mandatory,4,poisson_f,10,mean,1.21475086487363,random_f,NaN,NaN,NaN
nominal,mandatory,4,poisson_f,10,p95,1.6011777611714,poisson_f,10,1.6011777611714,0
nominal,mandatory,4,poisson_f,10,p95,1.6011777611714,human_f,NaN,NaN,NaN
nominal,mandatory,4,poisson_f,10,p95,1.6011777611714,dopt_aug,10,1.54699978804083,0
nominal,mandatory,4,poisson_f,10,p95,1.6011777611714,iopt_aug,10,1.53784748737076,0
nominal,mandatory,4,poisson_f,10,p95,1.6011777611714,cdopt_naive,13,1.49508404094928,-30
nominal,mandatory,4,poisson_f,10,p95,1.6011777611714,ciopt_naive,13,1.48594394219838,-30
nominal,mandatory,4,poisson_f,10,p95,1.6011777611714,cdopt_aug,12,1.55117265366582,-20
nominal,mandatory,4,poisson_f,10,p95,1.6011777611714,ciopt_aug,12,1.56438518059443,-20
nominal,mandatory,4,poisson_f,10,p95,1.6011777611714,random_f,NaN,NaN,NaN
nominal,mandatory,4,poisson_f,11,mean,1.20637591827553,poisson_f,11,1.20637591827553,0
nominal,mandatory,4,poisson_f,11,mean,1.20637591827553,human_f,NaN,NaN,NaN
nominal,mandatory,4,poisson_f,11,mean,1.20637591827553,dopt_aug,10,1.17715779511149,9.09090909090909
nominal,mandatory,4,poisson_f,11,mean,1.20637591827553,iopt_aug,10,1.17157365812896,9.09090909090909
nominal,mandatory,4,poisson_f,11,mean,1.20637591827553,cdopt_naive,13,1.12486720751422,-18.1818181818182
nominal,mandatory,4,poisson_f,11,mean,1.20637591827553,ciopt_naive,13,1.12389665280917,-18.1818181818182
nominal,mandatory,4,poisson_f,11,mean,1.20637591827553,cdopt_aug,12,1.17650213972933,-9.09090909090909
nominal,mandatory,4,poisson_f,11,mean,1.20637591827553,ciopt_aug,12,1.16390378095049,-9.09090909090909
nominal,mandatory,4,poisson_f,11,mean,1.20637591827553,random_f,NaN,NaN,NaN
nominal,mandatory,4,poisson_f,11,p95,1.60242981168854,poisson_f,9,1.60164937932506,18.1818181818182
nominal,mandatory,4,poisson_f,11,p95,1.60242981168854,human_f,NaN,NaN,NaN
nominal,mandatory,4,poisson_f,11,p95,1.60242981168854,dopt_aug,9,1.60164937932506,18.1818181818182
nominal,mandatory,4,poisson_f,11,p95,1.60242981168854,iopt_aug,9,1.60164937932506,18.1818181818182
nominal,mandatory,4,poisson_f,11,p95,1.60242981168854,cdopt_naive,13,1.49508404094928,-18.1818181818182
nominal,mandatory,4,poisson_f,11,p95,1.60242981168854,ciopt_naive,13,1.48594394219838,-18.1818181818182
nominal,mandatory,4,poisson_f,11,p95,1.60242981168854,cdopt_aug,12,1.55117265366582,-9.09090909090909
nominal,mandatory,4,poisson_f,11,p95,1.60242981168854,ciopt_aug,12,1.56438518059443,-9.09090909090909
nominal,mandatory,4,poisson_f,11,p95,1.60242981168854,random_f,NaN,NaN,NaN
nominal,mandatory,4,poisson_f,12,mean,1.22900169690868,poisson_f,9,1.22758385095591,25
nominal,mandatory,4,poisson_f,12,mean,1.22900169690868,human_f,NaN,NaN,NaN
nominal,mandatory,4,poisson_f,12,mean,1.22900169690868,dopt_aug,9,1.22758385095591,25
nominal,mandatory,4,poisson_f,12,mean,1.22900169690868,iopt_aug,9,1.22758385095591,25
nominal,mandatory,4,poisson_f,12,mean,1.22900169690868,cdopt_naive,13,1.12486720751422,-8.33333333333333
nominal,mandatory,4,poisson_f,12,mean,1.22900169690868,ciopt_naive,13,1.12389665280917,-8.33333333333333
nominal,mandatory,4,poisson_f,12,mean,1.22900169690868,cdopt_aug,12,1.17650213972933,0
nominal,mandatory,4,poisson_f,12,mean,1.22900169690868,ciopt_aug,11,1.21060036868733,8.33333333333333
nominal,mandatory,4,poisson_f,12,mean,1.22900169690868,random_f,NaN,NaN,NaN
nominal,mandatory,4,poisson_f,12,p95,1.72566803408622,poisson_f,9,1.60164937932506,25
nominal,mandatory,4,poisson_f,12,p95,1.72566803408622,human_f,NaN,NaN,NaN
nominal,mandatory,4,poisson_f,12,p95,1.72566803408622,dopt_aug,9,1.60164937932506,25
nominal,mandatory,4,poisson_f,12,p95,1.72566803408622,iopt_aug,9,1.60164937932506,25
nominal,mandatory,4,poisson_f,12,p95,1.72566803408622,cdopt_naive,13,1.49508404094928,-8.33333333333333
nominal,mandatory,4,poisson_f,12,p95,1.72566803408622,ciopt_naive,13,1.48594394219838,-8.33333333333333
nominal,mandatory,4,poisson_f,12,p95,1.72566803408622,cdopt_aug,12,1.55117265366582,0
nominal,mandatory,4,poisson_f,12,p95,1.72566803408622,ciopt_aug,11,1.63114259694323,8.33333333333333
nominal,mandatory,4,poisson_f,12,p95,1.72566803408622,random_f,NaN,NaN,NaN
nominal,mandatory,4,poisson_f,13,mean,1.10260272357862,poisson_f,13,1.10260272357862,0
nominal,mandatory,4,poisson_f,13,mean,1.10260272357862,human_f,NaN,NaN,NaN
nominal,mandatory,4,poisson_f,13,mean,1.10260272357862,dopt_aug,13,1.04679467298505,0
nominal,mandatory,4,poisson_f,13,mean,1.10260272357862,iopt_aug,13,1.05096714125442,0
nominal,mandatory,4,poisson_f,13,mean,1.10260272357862,cdopt_naive,14,1.06171011216304,-7.69230769230769
nominal,mandatory,4,poisson_f,13,mean,1.10260272357862,ciopt_naive,14,1.08158751037371,-7.69230769230769
nominal,mandatory,4,poisson_f,13,mean,1.10260272357862,cdopt_aug,14,1.08667235485309,-7.69230769230769
nominal,mandatory,4,poisson_f,13,mean,1.10260272357862,ciopt_aug,14,1.06874686932135,-7.69230769230769
nominal,mandatory,4,poisson_f,13,mean,1.10260272357862,random_f,NaN,NaN,NaN
nominal,mandatory,4,poisson_f,13,p95,1.46524978845622,poisson_f,13,1.46524978845622,0
nominal,mandatory,4,poisson_f,13,p95,1.46524978845622,human_f,NaN,NaN,NaN
nominal,mandatory,4,poisson_f,13,p95,1.46524978845622,dopt_aug,12,1.45507316464892,7.69230769230769
nominal,mandatory,4,poisson_f,13,p95,1.46524978845622,iopt_aug,13,1.39910419717229,0
nominal,mandatory,4,poisson_f,13,p95,1.46524978845622,cdopt_naive,14,1.42248530090492,-7.69230769230769
nominal,mandatory,4,poisson_f,13,p95,1.46524978845622,ciopt_naive,14,1.43968767004231,-7.69230769230769
nominal,mandatory,4,poisson_f,13,p95,1.46524978845622,cdopt_aug,14,1.4324585820132,-7.69230769230769
nominal,mandatory,4,poisson_f,13,p95,1.46524978845622,ciopt_aug,14,1.40123022687105,-7.69230769230769
nominal,mandatory,4,poisson_f,13,p95,1.46524978845622,random_f,NaN,NaN,NaN
nominal,mandatory,4,poisson_f,14,mean,1.07673327123985,poisson_f,14,1.07673327123985,0
nominal,mandatory,4,poisson_f,14,mean,1.07673327123985,human_f,NaN,NaN,NaN
nominal,mandatory,4,poisson_f,14,mean,1.07673327123985,dopt_aug,13,1.04679467298505,7.14285714285714
nominal,mandatory,4,poisson_f,14,mean,1.07673327123985,iopt_aug,13,1.05096714125442,7.14285714285714
nominal,mandatory,4,poisson_f,14,mean,1.07673327123985,cdopt_naive,14,1.06171011216304,0
nominal,mandatory,4,poisson_f,14,mean,1.07673327123985,ciopt_naive,15,1.03223672527424,-7.14285714285714
nominal,mandatory,4,poisson_f,14,mean,1.07673327123985,cdopt_aug,15,1.00783917480609,-7.14285714285714
nominal,mandatory,4,poisson_f,14,mean,1.07673327123985,ciopt_aug,14,1.06874686932135,0
nominal,mandatory,4,poisson_f,14,mean,1.07673327123985,random_f,NaN,NaN,NaN
nominal,mandatory,4,poisson_f,14,p95,1.40061337756015,poisson_f,14,1.40061337756015,0
nominal,mandatory,4,poisson_f,14,p95,1.40061337756015,human_f,NaN,NaN,NaN
nominal,mandatory,4,poisson_f,14,p95,1.40061337756015,dopt_aug,13,1.37213785661008,7.14285714285714
nominal,mandatory,4,poisson_f,14,p95,1.40061337756015,iopt_aug,13,1.39910419717229,7.14285714285714
nominal,mandatory,4,poisson_f,14,p95,1.40061337756015,cdopt_naive,15,1.35446699534844,-7.14285714285714
nominal,mandatory,4,poisson_f,14,p95,1.40061337756015,ciopt_naive,15,1.39019089208064,-7.14285714285714
nominal,mandatory,4,poisson_f,14,p95,1.40061337756015,cdopt_aug,15,1.32326050080061,-7.14285714285714
nominal,mandatory,4,poisson_f,14,p95,1.40061337756015,ciopt_aug,15,1.39499961781666,-7.14285714285714
nominal,mandatory,4,poisson_f,14,p95,1.40061337756015,random_f,NaN,NaN,NaN
nominal,mandatory,4,poisson_f,15,mean,0.976670242492818,poisson_f,15,0.976670242492818,0
nominal,mandatory,4,poisson_f,15,mean,0.976670242492818,human_f,NaN,NaN,NaN
nominal,mandatory,4,poisson_f,15,mean,0.976670242492818,dopt_aug,15,0.926243386506228,0
nominal,mandatory,4,poisson_f,15,mean,0.976670242492818,iopt_aug,15,0.926243386506228,0
nominal,mandatory,4,poisson_f,15,mean,0.976670242492818,cdopt_naive,16,0.959960802703255,-6.66666666666667
nominal,mandatory,4,poisson_f,15,mean,0.976670242492818,ciopt_naive,17,0.900772527514221,-13.3333333333333
nominal,mandatory,4,poisson_f,15,mean,0.976670242492818,cdopt_aug,16,0.963417028735672,-6.66666666666667
nominal,mandatory,4,poisson_f,15,mean,0.976670242492818,ciopt_aug,17,0.910790794276326,-13.3333333333333
nominal,mandatory,4,poisson_f,15,mean,0.976670242492818,random_f,NaN,NaN,NaN
nominal,mandatory,4,poisson_f,15,p95,1.26030749021681,poisson_f,15,1.26030749021681,0
nominal,mandatory,4,poisson_f,15,p95,1.26030749021681,human_f,NaN,NaN,NaN
nominal,mandatory,4,poisson_f,15,p95,1.26030749021681,dopt_aug,15,1.18369175287996,0
nominal,mandatory,4,poisson_f,15,p95,1.26030749021681,iopt_aug,15,1.18369175287996,0
nominal,mandatory,4,poisson_f,15,p95,1.26030749021681,cdopt_naive,17,1.18460692838099,-13.3333333333333
nominal,mandatory,4,poisson_f,15,p95,1.26030749021681,ciopt_naive,17,1.17828075712678,-13.3333333333333
nominal,mandatory,4,poisson_f,15,p95,1.26030749021681,cdopt_aug,17,1.1833608373978,-13.3333333333333
nominal,mandatory,4,poisson_f,15,p95,1.26030749021681,ciopt_aug,17,1.17998305200843,-13.3333333333333
nominal,mandatory,4,poisson_f,15,p95,1.26030749021681,random_f,NaN,NaN,NaN
nominal,mandatory,4,poisson_f,16,mean,1.5312435219991,poisson_f,9,1.22758385095591,43.75
nominal,mandatory,4,poisson_f,16,mean,1.5312435219991,human_f,15,1.49846636323554,6.25
nominal,mandatory,4,poisson_f,16,mean,1.5312435219991,dopt_aug,9,1.22758385095591,43.75
nominal,mandatory,4,poisson_f,16,mean,1.5312435219991,iopt_aug,9,1.22758385095591,43.75
nominal,mandatory,4,poisson_f,16,mean,1.5312435219991,cdopt_naive,11,1.34961460561179,31.25
nominal,mandatory,4,poisson_f,16,mean,1.5312435219991,ciopt_naive,11,1.34204840912203,31.25
nominal,mandatory,4,poisson_f,16,mean,1.5312435219991,cdopt_aug,10,1.48326691323107,37.5
nominal,mandatory,4,poisson_f,16,mean,1.5312435219991,ciopt_aug,10,1.48484864613392,37.5
nominal,mandatory,4,poisson_f,16,mean,1.5312435219991,random_f,NaN,NaN,NaN
nominal,mandatory,4,poisson_f,16,p95,2.26364386306597,poisson_f,9,1.60164937932506,43.75
nominal,mandatory,4,poisson_f,16,p95,2.26364386306597,human_f,13,2.25705560218291,18.75
nominal,mandatory,4,poisson_f,16,p95,2.26364386306597,dopt_aug,9,1.60164937932506,43.75
nominal,mandatory,4,poisson_f,16,p95,2.26364386306597,iopt_aug,9,1.60164937932506,43.75
nominal,mandatory,4,poisson_f,16,p95,2.26364386306597,cdopt_naive,11,1.8381751670696,31.25
nominal,mandatory,4,poisson_f,16,p95,2.26364386306597,ciopt_naive,11,1.84489360449096,31.25
nominal,mandatory,4,poisson_f,16,p95,2.26364386306597,cdopt_aug,10,2.04684817159655,37.5
nominal,mandatory,4,poisson_f,16,p95,2.26364386306597,ciopt_aug,10,2.10917020326839,37.5
nominal,mandatory,4,poisson_f,16,p95,2.26364386306597,random_f,NaN,NaN,NaN
nominal,mandatory,4,poisson_f,17,mean,1.56753998862277,poisson_f,9,1.22758385095591,47.0588235294118
nominal,mandatory,4,poisson_f,17,mean,1.56753998862277,human_f,15,1.49846636323554,11.7647058823529
nominal,mandatory,4,poisson_f,17,mean,1.56753998862277,dopt_aug,9,1.22758385095591,47.0588235294118
nominal,mandatory,4,poisson_f,17,mean,1.56753998862277,iopt_aug,9,1.22758385095591,47.0588235294118
nominal,mandatory,4,poisson_f,17,mean,1.56753998862277,cdopt_naive,11,1.34961460561179,35.2941176470588
nominal,mandatory,4,poisson_f,17,mean,1.56753998862277,ciopt_naive,11,1.34204840912203,35.2941176470588
nominal,mandatory,4,poisson_f,17,mean,1.56753998862277,cdopt_aug,10,1.48326691323107,41.1764705882353
nominal,mandatory,4,poisson_f,17,mean,1.56753998862277,ciopt_aug,10,1.48484864613392,41.1764705882353
nominal,mandatory,4,poisson_f,17,mean,1.56753998862277,random_f,NaN,NaN,NaN
nominal,mandatory,4,poisson_f,17,p95,2.54424990695128,poisson_f,9,1.60164937932506,47.0588235294118
nominal,mandatory,4,poisson_f,17,p95,2.54424990695128,human_f,12,2.28186914037131,29.4117647058824
nominal,mandatory,4,poisson_f,17,p95,2.54424990695128,dopt_aug,9,1.60164937932506,47.0588235294118
nominal,mandatory,4,poisson_f,17,p95,2.54424990695128,iopt_aug,9,1.60164937932506,47.0588235294118
nominal,mandatory,4,poisson_f,17,p95,2.54424990695128,cdopt_naive,10,2.40317001863421,41.1764705882353
nominal,mandatory,4,poisson_f,17,p95,2.54424990695128,ciopt_naive,11,1.84489360449096,35.2941176470588
nominal,mandatory,4,poisson_f,17,p95,2.54424990695128,cdopt_aug,10,2.04684817159655,41.1764705882353
nominal,mandatory,4,poisson_f,17,p95,2.54424990695128,ciopt_aug,10,2.10917020326839,41.1764705882353
nominal,mandatory,4,poisson_f,17,p95,2.54424990695128,random_f,NaN,NaN,NaN
nominal,mandatory,4,poisson_f,18,mean,1.18600293649054,poisson_f,13,1.10260272357862,27.7777777777778
nominal,mandatory,4,poisson_f,18,mean,1.18600293649054,human_f,NaN,NaN,NaN
nominal,mandatory,4,poisson_f,18,mean,1.18600293649054,dopt_aug,10,1.17715779511149,44.4444444444444
nominal,mandatory,4,poisson_f,18,mean,1.18600293649054,iopt_aug,10,1.17157365812896,44.4444444444444
nominal,mandatory,4,poisson_f,18,mean,1.18600293649054,cdopt_naive,13,1.12486720751422,27.7777777777778
nominal,mandatory,4,poisson_f,18,mean,1.18600293649054,ciopt_naive,13,1.12389665280917,27.7777777777778
nominal,mandatory,4,poisson_f,18,mean,1.18600293649054,cdopt_aug,12,1.17650213972933,33.3333333333333
nominal,mandatory,4,poisson_f,18,mean,1.18600293649054,ciopt_aug,12,1.16390378095049,33.3333333333333
nominal,mandatory,4,poisson_f,18,mean,1.18600293649054,random_f,NaN,NaN,NaN
nominal,mandatory,4,poisson_f,18,p95,1.70539855333954,poisson_f,9,1.60164937932506,50
nominal,mandatory,4,poisson_f,18,p95,1.70539855333954,human_f,NaN,NaN,NaN
nominal,mandatory,4,poisson_f,18,p95,1.70539855333954,dopt_aug,9,1.60164937932506,50
nominal,mandatory,4,poisson_f,18,p95,1.70539855333954,iopt_aug,9,1.60164937932506,50
nominal,mandatory,4,poisson_f,18,p95,1.70539855333954,cdopt_naive,13,1.49508404094928,27.7777777777778
nominal,mandatory,4,poisson_f,18,p95,1.70539855333954,ciopt_naive,13,1.48594394219838,27.7777777777778
nominal,mandatory,4,poisson_f,18,p95,1.70539855333954,cdopt_aug,12,1.55117265366582,33.3333333333333
nominal,mandatory,4,poisson_f,18,p95,1.70539855333954,ciopt_aug,11,1.63114259694323,38.8888888888889
nominal,mandatory,4,poisson_f,18,p95,1.70539855333954,random_f,NaN,NaN,NaN
nominal,mandatory,4,poisson_f,19,mean,1.2309647928421,poisson_f,9,1.22758385095591,52.6315789473684
nominal,mandatory,4,poisson_f,19,mean,1.2309647928421,human_f,NaN,NaN,NaN
nominal,mandatory,4,poisson_f,19,mean,1.2309647928421,dopt_aug,9,1.22758385095591,52.6315789473684
nominal,mandatory,4,poisson_f,19,mean,1.2309647928421,iopt_aug,9,1.22758385095591,52.6315789473684
nominal,mandatory,4,poisson_f,19,mean,1.2309647928421,cdopt_naive,13,1.12486720751422,31.5789473684211
nominal,mandatory,4,poisson_f,19,mean,1.2309647928421,ciopt_naive,13,1.12389665280917,31.5789473684211
nominal,mandatory,4,poisson_f,19,mean,1.2309647928421,cdopt_aug,12,1.17650213972933,36.8421052631579
nominal,mandatory,4,poisson_f,19,mean,1.2309647928421,ciopt_aug,11,1.21060036868733,42.1052631578947
nominal,mandatory,4,poisson_f,19,mean,1.2309647928421,random_f,NaN,NaN,NaN
nominal,mandatory,4,poisson_f,19,p95,1.71095776666635,poisson_f,9,1.60164937932506,52.6315789473684
nominal,mandatory,4,poisson_f,19,p95,1.71095776666635,human_f,NaN,NaN,NaN
nominal,mandatory,4,poisson_f,19,p95,1.71095776666635,dopt_aug,9,1.60164937932506,52.6315789473684
nominal,mandatory,4,poisson_f,19,p95,1.71095776666635,iopt_aug,9,1.60164937932506,52.6315789473684
nominal,mandatory,4,poisson_f,19,p95,1.71095776666635,cdopt_naive,13,1.49508404094928,31.5789473684211
nominal,mandatory,4,poisson_f,19,p95,1.71095776666635,ciopt_naive,13,1.48594394219838,31.5789473684211
nominal,mandatory,4,poisson_f,19,p95,1.71095776666635,cdopt_aug,12,1.55117265366582,36.8421052631579
nominal,mandatory,4,poisson_f,19,p95,1.71095776666635,ciopt_aug,11,1.63114259694323,42.1052631578947
nominal,mandatory,4,poisson_f,19,p95,1.71095776666635,random_f,NaN,NaN,NaN
nominal,mandatory,5,human_f,6,mean,22.1547763265081,poisson_f,6,19.7179587424265,0
nominal,mandatory,5,human_f,6,mean,22.1547763265081,human_f,6,22.1547763265081,0
nominal,mandatory,5,human_f,6,mean,22.1547763265081,dopt_aug,6,19.4706472892241,0
nominal,mandatory,5,human_f,6,mean,22.1547763265081,iopt_aug,6,19.4706472892241,0
nominal,mandatory,5,human_f,6,mean,22.1547763265081,cdopt_naive,8,16.2385135067107,-33.3333333333333
nominal,mandatory,5,human_f,6,mean,22.1547763265081,ciopt_naive,7,17.115616401102,-16.6666666666667
nominal,mandatory,5,human_f,6,mean,22.1547763265081,cdopt_aug,7,15.8549916562664,-16.6666666666667
nominal,mandatory,5,human_f,6,mean,22.1547763265081,ciopt_aug,7,13.0543608870075,-16.6666666666667
nominal,mandatory,5,human_f,6,mean,22.1547763265081,random_f,8,13.4845592138217,-33.3333333333333
nominal,mandatory,5,human_f,6,p95,36.0011433534987,poisson_f,6,31.1900924257279,0
nominal,mandatory,5,human_f,6,p95,36.0011433534987,human_f,6,36.0011433534987,0
nominal,mandatory,5,human_f,6,p95,36.0011433534987,dopt_aug,6,30.5597781576043,0
nominal,mandatory,5,human_f,6,p95,36.0011433534987,iopt_aug,6,30.5597781576043,0
nominal,mandatory,5,human_f,6,p95,36.0011433534987,cdopt_naive,8,28.9536225044756,-33.3333333333333
nominal,mandatory,5,human_f,6,p95,36.0011433534987,ciopt_naive,7,29.2827052077862,-16.6666666666667
nominal,mandatory,5,human_f,6,p95,36.0011433534987,cdopt_aug,7,25.7979248832585,-16.6666666666667
nominal,mandatory,5,human_f,6,p95,36.0011433534987,ciopt_aug,7,22.8518492747538,-16.6666666666667
nominal,mandatory,5,human_f,6,p95,36.0011433534987,random_f,8,24.120358457318,-33.3333333333333
nominal,mandatory,5,human_f,7,mean,10.8917274187572,poisson_f,8,4.8245580572803,-14.2857142857143
nominal,mandatory,5,human_f,7,mean,10.8917274187572,human_f,7,10.8917274187572,0
nominal,mandatory,5,human_f,7,mean,10.8917274187572,dopt_aug,7,9.14618633026248,0
nominal,mandatory,5,human_f,7,mean,10.8917274187572,iopt_aug,7,9.14618633026248,0
nominal,mandatory,5,human_f,7,mean,10.8917274187572,cdopt_naive,10,3.19714374983673,-42.8571428571429
nominal,mandatory,5,human_f,7,mean,10.8917274187572,ciopt_naive,9,7.7682202583929,-28.5714285714286
nominal,mandatory,5,human_f,7,mean,10.8917274187572,cdopt_aug,9,4.5591847871814,-28.5714285714286
nominal,mandatory,5,human_f,7,mean,10.8917274187572,ciopt_aug,8,6.85398875925692,-14.2857142857143
nominal,mandatory,5,human_f,7,mean,10.8917274187572,random_f,9,9.89343594429128,-28.5714285714286
nominal,mandatory,5,human_f,7,p95,17.5855890837709,poisson_f,8,8.60274400345205,-14.2857142857143
nominal,mandatory,5,human_f,7,p95,17.5855890837709,human_f,7,17.5855890837709,0
nominal,mandatory,5,human_f,7,p95,17.5855890837709,dopt_aug,7,15.3475722741065,0
nominal,mandatory,5,human_f,7,p95,17.5855890837709,iopt_aug,7,15.3475722741065,0
nominal,mandatory,5,human_f,7,p95,17.5855890837709,cdopt_naive,10,5.48079537857154,-42.8571428571429
nominal,mandatory,5,human_f,7,p95,17.5855890837709,ciopt_naive,9,13.1182024683363,-28.5714285714286
nominal,mandatory,5,human_f,7,p95,17.5855890837709,cdopt_aug,9,8.04559620354443,-28.5714285714286
nominal,mandatory,5,human_f,7,p95,17.5855890837709,ciopt_aug,8,10.0712314267692,-14.2857142857143
nominal,mandatory,5,human_f,7,p95,17.5855890837709,random_f,9,15.7864134873267,-28.5714285714286
nominal,mandatory,5,human_f,8,mean,10.4293781204228,poisson_f,8,4.8245580572803,0
nominal,mandatory,5,human_f,8,mean,10.4293781204228,human_f,8,10.4293781204228,0
nominal,mandatory,5,human_f,8,mean,10.4293781204228,dopt_aug,7,9.14618633026248,12.5
nominal,mandatory,5,human_f,8,mean,10.4293781204228,iopt_aug,7,9.14618633026248,12.5
nominal,mandatory,5,human_f,8,mean,10.4293781204228,cdopt_naive,10,3.19714374983673,-25
nominal,mandatory,5,human_f,8,mean,10.4293781204228,ciopt_naive,9,7.7682202583929,-12.5
nominal,mandatory,5,human_f,8,mean,10.4293781204228,cdopt_aug,9,4.5591847871814,-12.5
nominal,mandatory,5,human_f,8,mean,10.4293781204228,ciopt_aug,8,6.85398875925692,0
nominal,mandatory,5,human_f,8,mean,10.4293781204228,random_f,9,9.89343594429128,-12.5
nominal,mandatory,5,human_f,8,p95,16.8628256102333,poisson_f,8,8.60274400345205,0
nominal,mandatory,5,human_f,8,p95,16.8628256102333,human_f,8,16.8628256102333,0
nominal,mandatory,5,human_f,8,p95,16.8628256102333,dopt_aug,7,15.3475722741065,12.5
nominal,mandatory,5,human_f,8,p95,16.8628256102333,iopt_aug,7,15.3475722741065,12.5
nominal,mandatory,5,human_f,8,p95,16.8628256102333,cdopt_naive,10,5.48079537857154,-25
nominal,mandatory,5,human_f,8,p95,16.8628256102333,ciopt_naive,9,13.1182024683363,-12.5
nominal,mandatory,5,human_f,8,p95,16.8628256102333,cdopt_aug,9,8.04559620354443,-12.5
nominal,mandatory,5,human_f,8,p95,16.8628256102333,ciopt_aug,8,10.0712314267692,0
nominal,mandatory,5,human_f,8,p95,16.8628256102333,random_f,9,15.7864134873267,-12.5
nominal,mandatory,5,human_f,9,mean,5.55876776177509,poisson_f,8,4.8245580572803,11.1111111111111
nominal,mandatory,5,human_f,9,mean,5.55876776177509,human_f,9,5.55876776177509,0
nominal,mandatory,5,human_f,9,mean,5.55876776177509,dopt_aug,8,4.8245580572803,11.1111111111111
nominal,mandatory,5,human_f,9,mean,5.55876776177509,iopt_aug,8,4.8245580572803,11.1111111111111
nominal,mandatory,5,human_f,9,mean,5.55876776177509,cdopt_naive,10,3.19714374983673,-11.1111111111111
nominal,mandatory,5,human_f,9,mean,5.55876776177509,ciopt_naive,10,3.12666166358067,-11.1111111111111
nominal,mandatory,5,human_f,9,mean,5.55876776177509,cdopt_aug,9,4.5591847871814,0
nominal,mandatory,5,human_f,9,mean,5.55876776177509,ciopt_aug,9,4.59528086666821,0
nominal,mandatory,5,human_f,9,mean,5.55876776177509,random_f,13,4.89295025866818,-44.4444444444444
nominal,mandatory,5,human_f,9,p95,8.32593248345911,poisson_f,9,2.16897291003797,0
nominal,mandatory,5,human_f,9,p95,8.32593248345911,human_f,9,8.32593248345911,0
nominal,mandatory,5,human_f,9,p95,8.32593248345911,dopt_aug,9,2.16897291003797,0
nominal,mandatory,5,human_f,9,p95,8.32593248345911,iopt_aug,9,2.16897291003797,0
nominal,mandatory,5,human_f,9,p95,8.32593248345911,cdopt_naive,10,5.48079537857154,-11.1111111111111
nominal,mandatory,5,human_f,9,p95,8.32593248345911,ciopt_naive,10,5.25152348149535,-11.1111111111111
nominal,mandatory,5,human_f,9,p95,8.32593248345911,cdopt_aug,9,8.04559620354443,0
nominal,mandatory,5,human_f,9,p95,8.32593248345911,ciopt_aug,10,3.56604980624414,-11.1111111111111
nominal,mandatory,5,human_f,9,p95,8.32593248345911,random_f,13,7.37292045088699,-44.4444444444444
nominal,mandatory,5,human_f,10,mean,4.76792074738594,poisson_f,9,1.58772259070668,10
nominal,mandatory,5,human_f,10,mean,4.76792074738594,human_f,10,4.76792074738594,0
nominal,mandatory,5,human_f,10,mean,4.76792074738594,dopt_aug,9,1.58772259070668,10
nominal,mandatory,5,human_f,10,mean,4.76792074738594,iopt_aug,9,1.58772259070668,10
nominal,mandatory,5,human_f,10,mean,4.76792074738594,cdopt_naive,10,3.19714374983673,0
nominal,mandatory,5,human_f,10,mean,4.76792074738594,ciopt_naive,10,3.12666166358067,0
nominal,mandatory,5,human_f,10,mean,4.76792074738594,cdopt_aug,9,4.5591847871814,10
nominal,mandatory,5,human_f,10,mean,4.76792074738594,ciopt_aug,9,4.59528086666821,10
nominal,mandatory,5,human_f,10,mean,4.76792074738594,random_f,14,4.30368745503037,-40
nominal,mandatory,5,human_f,10,p95,7.97917805733639,poisson_f,9,2.16897291003797,10
nominal,mandatory,5,human_f,10,p95,7.97917805733639,human_f,10,7.97917805733639,0
nominal,mandatory,5,human_f,10,p95,7.97917805733639,dopt_aug,9,2.16897291003797,10
nominal,mandatory,5,human_f,10,p95,7.97917805733639,iopt_aug,9,2.16897291003797,10
nominal,mandatory,5,human_f,10,p95,7.97917805733639,cdopt_naive,10,5.48079537857154,0
nominal,mandatory,5,human_f,10,p95,7.97917805733639,ciopt_naive,10,5.25152348149535,0
nominal,mandatory,5,human_f,10,p95,7.97917805733639,cdopt_aug,10,3.56681968288656,0
nominal,mandatory,5,human_f,10,p95,7.97917805733639,ciopt_aug,10,3.56604980624414,0
nominal,mandatory,5,human_f,10,p95,7.97917805733639,random_f,13,7.37292045088699,-30
nominal,mandatory,5,human_f,11,mean,4.32133912075785,poisson_f,9,1.58772259070668,18.1818181818182
nominal,mandatory,5,human_f,11,mean,4.32133912075785,human_f,11,4.32133912075785,0
nominal,mandatory,5,human_f,11,mean,4.32133912075785,dopt_aug,9,1.58772259070668,18.1818181818182
nominal,mandatory,5,human_f,11,mean,4.32133912075785,iopt_aug,9,1.58772259070668,18.1818181818182
nominal,mandatory,5,human_f,11,mean,4.32133912075785,cdopt_naive,10,3.19714374983673,9.09090909090909
nominal,mandatory,5,human_f,11,mean,4.32133912075785,ciopt_naive,10,3.12666166358067,9.09090909090909
nominal,mandatory,5,human_f,11,mean,4.32133912075785,cdopt_aug,10,2.28211036208316,9.09090909090909
nominal,mandatory,5,human_f,11,mean,4.32133912075785,ciopt_aug,10,2.26461362495273,9.09090909090909
nominal,mandatory,5,human_f,11,mean,4.32133912075785,random_f,14,4.30368745503037,-27.2727272727273
nominal,mandatory,5,human_f,11,p95,7.13141932467063,poisson_f,9,2.16897291003797,18.1818181818182
nominal,mandatory,5,human_f,11,p95,7.13141932467063,human_f,11,7.13141932467063,0
nominal,mandatory,5,human_f,11,p95,7.13141932467063,dopt_aug,9,2.16897291003797,18.1818181818182
nominal,mandatory,5,human_f,11,p95,7.13141932467063,iopt_aug,9,2.16897291003797,18.1818181818182
nominal,mandatory,5,human_f,11,p95,7.13141932467063,cdopt_naive,10,5.48079537857154,9.09090909090909
nominal,mandatory,5,human_f,11,p95,7.13141932467063,ciopt_naive,10,5.25152348149535,9.09090909090909
nominal,mandatory,5,human_f,11,p95,7.13141932467063,cdopt_aug,10,3.56681968288656,9.09090909090909
nominal,mandatory,5,human_f,11,p95,7.13141932467063,ciopt_aug,10,3.56604980624414,9.09090909090909
nominal,mandatory,5,human_f,11,p95,7.13141932467063,random_f,14,6.41279460569578,-27.2727272727273
nominal,mandatory,5,human_f,12,mean,2.38162137016496,poisson_f,9,1.58772259070668,25
nominal,mandatory,5,human_f,12,mean,2.38162137016496,human_f,12,2.38162137016496,0
nominal,mandatory,5,human_f,12,mean,2.38162137016496,dopt_aug,9,1.58772259070668,25
nominal,mandatory,5,human_f,12,mean,2.38162137016496,iopt_aug,9,1.58772259070668,25
nominal,mandatory,5,human_f,12,mean,2.38162137016496,cdopt_naive,11,1.80235992222647,8.33333333333333
nominal,mandatory,5,human_f,12,mean,2.38162137016496,ciopt_naive,11,1.78266202658555,8.33333333333333
nominal,mandatory,5,human_f,12,mean,2.38162137016496,cdopt_aug,10,2.28211036208316,16.6666666666667
nominal,mandatory,5,human_f,12,mean,2.38162137016496,ciopt_aug,10,2.26461362495273,16.6666666666667
nominal,mandatory,5,human_f,12,mean,2.38162137016496,random_f,NaN,NaN,NaN
nominal,mandatory,5,human_f,12,p95,3.48168467110691,poisson_f,9,2.16897291003797,25
nominal,mandatory,5,human_f,12,p95,3.48168467110691,human_f,12,3.48168467110691,0
nominal,mandatory,5,human_f,12,p95,3.48168467110691,dopt_aug,9,2.16897291003797,25
nominal,mandatory,5,human_f,12,p95,3.48168467110691,iopt_aug,9,2.16897291003797,25
nominal,mandatory,5,human_f,12,p95,3.48168467110691,cdopt_naive,11,2.71504987526698,8.33333333333333
nominal,mandatory,5,human_f,12,p95,3.48168467110691,ciopt_naive,11,2.59232832181191,8.33333333333333
nominal,mandatory,5,human_f,12,p95,3.48168467110691,cdopt_aug,11,3.06877467236362,8.33333333333333
nominal,mandatory,5,human_f,12,p95,3.48168467110691,ciopt_aug,11,1.96381070416823,8.33333333333333
nominal,mandatory,5,human_f,12,p95,3.48168467110691,random_f,NaN,NaN,NaN
nominal,mandatory,5,human_f,13,mean,2.21300446916048,poisson_f,9,1.58772259070668,30.7692307692308
nominal,mandatory,5,human_f,13,mean,2.21300446916048,human_f,13,2.21300446916048,0
nominal,mandatory,5,human_f,13,mean,2.21300446916048,dopt_aug,9,1.58772259070668,30.7692307692308
nominal,mandatory,5,human_f,13,mean,2.21300446916048,iopt_aug,9,1.58772259070668,30.7692307692308
nominal,mandatory,5,human_f,13,mean,2.21300446916048,cdopt_naive,11,1.80235992222647,15.3846153846154
nominal,mandatory,5,human_f,13,mean,2.21300446916048,ciopt_naive,11,1.78266202658555,15.3846153846154
nominal,mandatory,5,human_f,13,mean,2.21300446916048,cdopt_aug,11,1.99132766313215,15.3846153846154
nominal,mandatory,5,human_f,13,mean,2.21300446916048,ciopt_aug,11,1.46280260086773,15.3846153846154
nominal,mandatory,5,human_f,13,mean,2.21300446916048,random_f,NaN,NaN,NaN
nominal,mandatory,5,human_f,13,p95,3.06866478761819,poisson_f,9,2.16897291003797,30.7692307692308
nominal,mandatory,5,human_f,13,p95,3.06866478761819,human_f,13,3.06866478761819,0
nominal,mandatory,5,human_f,13,p95,3.06866478761819,dopt_aug,9,2.16897291003797,30.7692307692308
nominal,mandatory,5,human_f,13,p95,3.06866478761819,iopt_aug,9,2.16897291003797,30.7692307692308
nominal,mandatory,5,human_f,13,p95,3.06866478761819,cdopt_naive,11,2.71504987526698,15.3846153846154
nominal,mandatory,5,human_f,13,p95,3.06866478761819,ciopt_naive,11,2.59232832181191,15.3846153846154
nominal,mandatory,5,human_f,13,p95,3.06866478761819,cdopt_aug,12,1.82260408176827,7.69230769230769
nominal,mandatory,5,human_f,13,p95,3.06866478761819,ciopt_aug,11,1.96381070416823,15.3846153846154
nominal,mandatory,5,human_f,13,p95,3.06866478761819,random_f,NaN,NaN,NaN
nominal,mandatory,5,human_f,14,mean,2.22647062116246,poisson_f,9,1.58772259070668,35.7142857142857
nominal,mandatory,5,human_f,14,mean,2.22647062116246,human_f,13,2.21300446916048,7.14285714285714
nominal,mandatory,5,human_f,14,mean,2.22647062116246,dopt_aug,9,1.58772259070668,35.7142857142857
nominal,mandatory,5,human_f,14,mean,2.22647062116246,iopt_aug,9,1.58772259070668,35.7142857142857
nominal,mandatory,5,human_f,14,mean,2.22647062116246,cdopt_naive,11,1.80235992222647,21.4285714285714
nominal,mandatory,5,human_f,14,mean,2.22647062116246,ciopt_naive,11,1.78266202658555,21.4285714285714
nominal,mandatory,5,human_f,14,mean,2.22647062116246,cdopt_aug,11,1.99132766313215,21.4285714285714
nominal,mandatory,5,human_f,14,mean,2.22647062116246,ciopt_aug,11,1.46280260086773,21.4285714285714
nominal,mandatory,5,human_f,14,mean,2.22647062116246,random_f,NaN,NaN,NaN
nominal,mandatory,5,human_f,14,p95,3.14332638630394,poisson_f,9,2.16897291003797,35.7142857142857
nominal,mandatory,5,human_f,14,p95,3.14332638630394,human_f,13,3.06866478761819,7.14285714285714
nominal,mandatory,5,human_f,14,p95,3.14332638630394,dopt_aug,9,2.16897291003797,35.7142857142857
nominal,mandatory,5,human_f,14,p95,3.14332638630394,iopt_aug,9,2.16897291003797,35.7142857142857
nominal,mandatory,5,human_f,14,p95,3.14332638630394,cdopt_naive,11,2.71504987526698,21.4285714285714
nominal,mandatory,5,human_f,14,p95,3.14332638630394,ciopt_naive,11,2.59232832181191,21.4285714285714
nominal,mandatory,5,human_f,14,p95,3.14332638630394,cdopt_aug,11,3.06877467236362,21.4285714285714
nominal,mandatory,5,human_f,14,p95,3.14332638630394,ciopt_aug,11,1.96381070416823,21.4285714285714
nominal,mandatory,5,human_f,14,p95,3.14332638630394,random_f,NaN,NaN,NaN
nominal,mandatory,5,human_f,15,mean,1.88471499566628,poisson_f,9,1.58772259070668,40
nominal,mandatory,5,human_f,15,mean,1.88471499566628,human_f,15,1.88471499566628,0
nominal,mandatory,5,human_f,15,mean,1.88471499566628,dopt_aug,9,1.58772259070668,40
nominal,mandatory,5,human_f,15,mean,1.88471499566628,iopt_aug,9,1.58772259070668,40
nominal,mandatory,5,human_f,15,mean,1.88471499566628,cdopt_naive,11,1.80235992222647,26.6666666666667
nominal,mandatory,5,human_f,15,mean,1.88471499566628,ciopt_naive,11,1.78266202658555,26.6666666666667
nominal,mandatory,5,human_f,15,mean,1.88471499566628,cdopt_aug,12,1.34298928035425,20
nominal,mandatory,5,human_f,15,mean,1.88471499566628,ciopt_aug,11,1.46280260086773,26.6666666666667
nominal,mandatory,5,human_f,15,mean,1.88471499566628,random_f,NaN,NaN,NaN
nominal,mandatory,5,human_f,15,p95,2.63913263863496,poisson_f,9,2.16897291003797,40
nominal,mandatory,5,human_f,15,p95,2.63913263863496,human_f,15,2.63913263863496,0
nominal,mandatory,5,human_f,15,p95,2.63913263863496,dopt_aug,9,2.16897291003797,40
nominal,mandatory,5,human_f,15,p95,2.63913263863496,iopt_aug,9,2.16897291003797,40
nominal,mandatory,5,human_f,15,p95,2.63913263863496,cdopt_naive,12,2.44492081005175,20
nominal,mandatory,5,human_f,15,p95,2.63913263863496,ciopt_naive,11,2.59232832181191,26.6666666666667
nominal,mandatory,5,human_f,15,p95,2.63913263863496,cdopt_aug,12,1.82260408176827,20
nominal,mandatory,5,human_f,15,p95,2.63913263863496,ciopt_aug,11,1.96381070416823,26.6666666666667
nominal,mandatory,5,human_f,15,p95,2.63913263863496,random_f,NaN,NaN,NaN
nominal,mandatory,5,human_f,16,mean,1.86305629167801,poisson_f,9,1.58772259070668,43.75
nominal,mandatory,5,human_f,16,mean,1.86305629167801,human_f,16,1.86305629167801,0
nominal,mandatory,5,human_f,16,mean,1.86305629167801,dopt_aug,9,1.58772259070668,43.75
nominal,mandatory,5,human_f,16,mean,1.86305629167801,iopt_aug,9,1.58772259070668,43.75
nominal,mandatory,5,human_f,16,mean,1.86305629167801,cdopt_naive,11,1.80235992222647,31.25
nominal,mandatory,5,human_f,16,mean,1.86305629167801,ciopt_naive,11,1.78266202658555,31.25
nominal,mandatory,5,human_f,16,mean,1.86305629167801,cdopt_aug,12,1.34298928035425,25
nominal,mandatory,5,human_f,16,mean,1.86305629167801,ciopt_aug,11,1.46280260086773,31.25
nominal,mandatory,5,human_f,16,mean,1.86305629167801,random_f,NaN,NaN,NaN
nominal,mandatory,5,human_f,16,p95,2.60681124541417,poisson_f,9,2.16897291003797,43.75
nominal,mandatory,5,human_f,16,p95,2.60681124541417,human_f,16,2.60681124541417,0
nominal,mandatory,5,human_f,16,p95,2.60681124541417,dopt_aug,9,2.16897291003797,43.75
nominal,mandatory,5,human_f,16,p95,2.60681124541417,iopt_aug,9,2.16897291003797,43.75
nominal,mandatory,5,human_f,16,p95,2.60681124541417,cdopt_naive,12,2.44492081005175,25
nominal,mandatory,5,human_f,16,p95,2.60681124541417,ciopt_naive,11,2.59232832181191,31.25
nominal,mandatory,5,human_f,16,p95,2.60681124541417,cdopt_aug,12,1.82260408176827,25
nominal,mandatory,5,human_f,16,p95,2.60681124541417,ciopt_aug,11,1.96381070416823,31.25
nominal,mandatory,5,human_f,16,p95,2.60681124541417,random_f,NaN,NaN,NaN
nominal,mandatory,5,human_f,17,mean,1.75997039492918,poisson_f,9,1.58772259070668,47.0588235294118
nominal,mandatory,5,human_f,17,mean,1.75997039492918,human_f,17,1.75997039492918,0
nominal,mandatory,5,human_f,17,mean,1.75997039492918,dopt_aug,9,1.58772259070668,47.0588235294118
nominal,mandatory,5,human_f,17,mean,1.75997039492918,iopt_aug,9,1.58772259070668,47.0588235294118
nominal,mandatory,5,human_f,17,mean,1.75997039492918,cdopt_naive,12,1.63636683926066,29.4117647058824
nominal,mandatory,5,human_f,17,mean,1.75997039492918,ciopt_naive,12,1.65905529292887,29.4117647058824
nominal,mandatory,5,human_f,17,mean,1.75997039492918,cdopt_aug,12,1.34298928035425,29.4117647058824
nominal,mandatory,5,human_f,17,mean,1.75997039492918,ciopt_aug,11,1.46280260086773,35.2941176470588
nominal,mandatory,5,human_f,17,mean,1.75997039492918,random_f,NaN,NaN,NaN
nominal,mandatory,5,human_f,17,p95,2.41934146112726,poisson_f,9,2.16897291003797,47.0588235294118
nominal,mandatory,5,human_f,17,p95,2.41934146112726,human_f,17,2.41934146112726,0
nominal,mandatory,5,human_f,17,p95,2.41934146112726,dopt_aug,9,2.16897291003797,47.0588235294118
nominal,mandatory,5,human_f,17,p95,2.41934146112726,iopt_aug,9,2.16897291003797,47.0588235294118
nominal,mandatory,5,human_f,17,p95,2.41934146112726,cdopt_naive,13,1.8219981103067,23.5294117647059
nominal,mandatory,5,human_f,17,p95,2.41934146112726,ciopt_naive,13,1.8219981103067,23.5294117647059
nominal,mandatory,5,human_f,17,p95,2.41934146112726,cdopt_aug,12,1.82260408176827,29.4117647058824
nominal,mandatory,5,human_f,17,p95,2.41934146112726,ciopt_aug,11,1.96381070416823,35.2941176470588
nominal,mandatory,5,human_f,17,p95,2.41934146112726,random_f,NaN,NaN,NaN
nominal,mandatory,5,human_f,18,mean,1.56472958089356,poisson_f,10,1.51670275751074,44.4444444444444
nominal,mandatory,5,human_f,18,mean,1.56472958089356,human_f,18,1.56472958089356,0
nominal,mandatory,5,human_f,18,mean,1.56472958089356,dopt_aug,10,1.42511787316574,44.4444444444444
nominal,mandatory,5,human_f,18,mean,1.56472958089356,iopt_aug,10,1.42795502009991,44.4444444444444
nominal,mandatory,5,human_f,18,mean,1.56472958089356,cdopt_naive,13,1.32214246764096,27.7777777777778
nominal,mandatory,5,human_f,18,mean,1.56472958089356,ciopt_naive,13,1.32214246764096,27.7777777777778
nominal,mandatory,5,human_f,18,mean,1.56472958089356,cdopt_aug,12,1.34298928035425,33.3333333333333
nominal,mandatory,5,human_f,18,mean,1.56472958089356,ciopt_aug,11,1.46280260086773,38.8888888888889
nominal,mandatory,5,human_f,18,mean,1.56472958089356,random_f,NaN,NaN,NaN
nominal,mandatory,5,human_f,18,p95,2.19493820573398,poisson_f,9,2.16897291003797,50
nominal,mandatory,5,human_f,18,p95,2.19493820573398,human_f,18,2.19493820573398,0
nominal,mandatory,5,human_f,18,p95,2.19493820573398,dopt_aug,9,2.16897291003797,50
nominal,mandatory,5,human_f,18,p95,2.19493820573398,iopt_aug,9,2.16897291003797,50
nominal,mandatory,5,human_f,18,p95,2.19493820573398,cdopt_naive,13,1.8219981103067,27.7777777777778
nominal,mandatory,5,human_f,18,p95,2.19493820573398,ciopt_naive,13,1.8219981103067,27.7777777777778
nominal,mandatory,5,human_f,18,p95,2.19493820573398,cdopt_aug,12,1.82260408176827,33.3333333333333
nominal,mandatory,5,human_f,18,p95,2.19493820573398,ciopt_aug,11,1.96381070416823,38.8888888888889
nominal,mandatory,5,human_f,18,p95,2.19493820573398,random_f,NaN,NaN,NaN
nominal,mandatory,5,human_f,19,mean,1.56182485734978,poisson_f,10,1.51670275751074,47.3684210526316
nominal,mandatory,5,human_f,19,mean,1.56182485734978,human_f,19,1.56182485734978,0
nominal,mandatory,5,human_f,19,mean,1.56182485734978,dopt_aug,10,1.42511787316574,47.3684210526316
nominal,mandatory,5,human_f,19,mean,1.56182485734978,iopt_aug,10,1.42795502009991,47.3684210526316
nominal,mandatory,5,human_f,19,mean,1.56182485734978,cdopt_naive,13,1.32214246764096,31.5789473684211
nominal,mandatory,5,human_f,19,mean,1.56182485734978,ciopt_naive,13,1.32214246764096,31.5789473684211
nominal,mandatory,5,human_f,19,mean,1.56182485734978,cdopt_aug,12,1.34298928035425,36.8421052631579
nominal,mandatory,5,human_f,19,mean,1.56182485734978,ciopt_aug,11,1.46280260086773,42.1052631578947
nominal,mandatory,5,human_f,19,mean,1.56182485734978,random_f,NaN,NaN,NaN
nominal,mandatory,5,human_f,19,p95,2.17724677752202,poisson_f,9,2.16897291003797,52.6315789473684
nominal,mandatory,5,human_f,19,p95,2.17724677752202,human_f,19,2.17724677752202,0
nominal,mandatory,5,human_f,19,p95,2.17724677752202,dopt_aug,9,2.16897291003797,52.6315789473684
nominal,mandatory,5,human_f,19,p95,2.17724677752202,iopt_aug,9,2.16897291003797,52.6315789473684
nominal,mandatory,5,human_f,19,p95,2.17724677752202,cdopt_naive,13,1.8219981103067,31.5789473684211
nominal,mandatory,5,human_f,19,p95,2.17724677752202,ciopt_naive,13,1.8219981103067,31.5789473684211
nominal,mandatory,5,human_f,19,p95,2.17724677752202,cdopt_aug,12,1.82260408176827,36.8421052631579
nominal,mandatory,5,human_f,19,p95,2.17724677752202,ciopt_aug,11,1.96381070416823,42.1052631578947
nominal,mandatory,5,human_f,19,p95,2.17724677752202,random_f,NaN,NaN,NaN
nominal,mandatory,5,random_f,6,mean,210.37491511649,poisson_f,6,19.7179587424265,0
nominal,mandatory,5,random_f,6,mean,210.37491511649,human_f,6,22.1547763265081,0
nominal,mandatory,5,random_f,6,mean,210.37491511649,dopt_aug,6,19.4706472892241,0
nominal,mandatory,5,random_f,6,mean,210.37491511649,iopt_aug,6,19.4706472892241,0
nominal,mandatory,5,random_f,6,mean,210.37491511649,cdopt_naive,8,16.2385135067107,-33.3333333333333
nominal,mandatory,5,random_f,6,mean,210.37491511649,ciopt_naive,7,17.115616401102,-16.6666666666667
nominal,mandatory,5,random_f,6,mean,210.37491511649,cdopt_aug,7,15.8549916562664,-16.6666666666667
nominal,mandatory,5,random_f,6,mean,210.37491511649,ciopt_aug,7,13.0543608870075,-16.6666666666667
nominal,mandatory,5,random_f,6,mean,210.37491511649,random_f,6,210.37491511649,0
nominal,mandatory,5,random_f,6,p95,393.033117696012,poisson_f,6,31.1900924257279,0
nominal,mandatory,5,random_f,6,p95,393.033117696012,human_f,6,36.0011433534987,0
nominal,mandatory,5,random_f,6,p95,393.033117696012,dopt_aug,6,30.5597781576043,0
nominal,mandatory,5,random_f,6,p95,393.033117696012,iopt_aug,6,30.5597781576043,0
nominal,mandatory,5,random_f,6,p95,393.033117696012,cdopt_naive,8,28.9536225044756,-33.3333333333333
nominal,mandatory,5,random_f,6,p95,393.033117696012,ciopt_naive,7,29.2827052077862,-16.6666666666667
nominal,mandatory,5,random_f,6,p95,393.033117696012,cdopt_aug,7,25.7979248832585,-16.6666666666667
nominal,mandatory,5,random_f,6,p95,393.033117696012,ciopt_aug,7,22.8518492747538,-16.6666666666667
nominal,mandatory,5,random_f,6,p95,393.033117696012,random_f,6,393.033117696012,0
nominal,mandatory,5,random_f,7,mean,22.4657121735159,poisson_f,6,19.7179587424265,14.2857142857143
nominal,mandatory,5,random_f,7,mean,22.4657121735159,human_f,6,22.1547763265081,14.2857142857143
nominal,mandatory,5,random_f,7,mean,22.4657121735159,dopt_aug,6,19.4706472892241,14.2857142857143
nominal,mandatory,5,random_f,7,mean,22.4657121735159,iopt_aug,6,19.4706472892241,14.2857142857143
nominal,mandatory,5,random_f,7,mean,22.4657121735159,cdopt_naive,8,16.2385135067107,-14.2857142857143
nominal,mandatory,5,random_f,7,mean,22.4657121735159,ciopt_naive,7,17.115616401102,0
nominal,mandatory,5,random_f,7,mean,22.4657121735159,cdopt_aug,7,15.8549916562664,0
nominal,mandatory,5,random_f,7,mean,22.4657121735159,ciopt_aug,7,13.0543608870075,0
nominal,mandatory,5,random_f,7,mean,22.4657121735159,random_f,7,22.4657121735159,0
nominal,mandatory,5,random_f,7,p95,36.0401753506473,poisson_f,6,31.1900924257279,14.2857142857143
nominal,mandatory,5,random_f,7,p95,36.0401753506473,human_f,6,36.0011433534987,14.2857142857143
nominal,mandatory,5,random_f,7,p95,36.0401753506473,dopt_aug,6,30.5597781576043,14.2857142857143
nominal,mandatory,5,random_f,7,p95,36.0401753506473,iopt_aug,6,30.5597781576043,14.2857142857143
nominal,mandatory,5,random_f,7,p95,36.0401753506473,cdopt_naive,8,28.9536225044756,-14.2857142857143
nominal,mandatory,5,random_f,7,p95,36.0401753506473,ciopt_naive,7,29.2827052077862,0
nominal,mandatory,5,random_f,7,p95,36.0401753506473,cdopt_aug,7,25.7979248832585,0
nominal,mandatory,5,random_f,7,p95,36.0401753506473,ciopt_aug,7,22.8518492747538,0
nominal,mandatory,5,random_f,7,p95,36.0401753506473,random_f,7,36.0401753506473,0
nominal,mandatory,5,random_f,8,mean,13.4845592138217,poisson_f,7,11.1969493036463,12.5
nominal,mandatory,5,random_f,8,mean,13.4845592138217,human_f,7,10.8917274187572,12.5
nominal,mandatory,5,random_f,8,mean,13.4845592138217,dopt_aug,7,9.14618633026248,12.5
nominal,mandatory,5,random_f,8,mean,13.4845592138217,iopt_aug,7,9.14618633026248,12.5
nominal,mandatory,5,random_f,8,mean,13.4845592138217,cdopt_naive,10,3.19714374983673,-25
nominal,mandatory,5,random_f,8,mean,13.4845592138217,ciopt_naive,9,7.7682202583929,-12.5
nominal,mandatory,5,random_f,8,mean,13.4845592138217,cdopt_aug,8,12.0507091764909,0
nominal,mandatory,5,random_f,8,mean,13.4845592138217,ciopt_aug,7,13.0543608870075,12.5
nominal,mandatory,5,random_f,8,mean,13.4845592138217,random_f,8,13.4845592138217,0
nominal,mandatory,5,random_f,8,p95,24.120358457318,poisson_f,7,18.9813519836181,12.5
nominal,mandatory,5,random_f,8,p95,24.120358457318,human_f,7,17.5855890837709,12.5
nominal,mandatory,5,random_f,8,p95,24.120358457318,dopt_aug,7,15.3475722741065,12.5
nominal,mandatory,5,random_f,8,p95,24.120358457318,iopt_aug,7,15.3475722741065,12.5
nominal,mandatory,5,random_f,8,p95,24.120358457318,cdopt_naive,10,5.48079537857154,-25
nominal,mandatory,5,random_f,8,p95,24.120358457318,ciopt_naive,9,13.1182024683363,-12.5
nominal,mandatory,5,random_f,8,p95,24.120358457318,cdopt_aug,8,21.6472291382856,0
nominal,mandatory,5,random_f,8,p95,24.120358457318,ciopt_aug,7,22.8518492747538,12.5
nominal,mandatory,5,random_f,8,p95,24.120358457318,random_f,8,24.120358457318,0
nominal,mandatory,5,random_f,9,mean,9.89343594429128,poisson_f,8,4.8245580572803,11.1111111111111
nominal,mandatory,5,random_f,9,mean,9.89343594429128,human_f,9,5.55876776177509,0
nominal,mandatory,5,random_f,9,mean,9.89343594429128,dopt_aug,7,9.14618633026248,22.2222222222222
nominal,mandatory,5,random_f,9,mean,9.89343594429128,iopt_aug,7,9.14618633026248,22.2222222222222
nominal,mandatory,5,random_f,9,mean,9.89343594429128,cdopt_naive,10,3.19714374983673,-11.1111111111111
nominal,mandatory,5,random_f,9,mean,9.89343594429128,ciopt_naive,9,7.7682202583929,0
nominal,mandatory,5,random_f,9,mean,9.89343594429128,cdopt_aug,9,4.5591847871814,0
nominal,mandatory,5,random_f,9,mean,9.89343594429128,ciopt_aug,8,6.85398875925692,11.1111111111111
nominal,mandatory,5,random_f,9,mean,9.89343594429128,random_f,9,9.89343594429128,0
nominal,mandatory,5,random_f,9,p95,15.7864134873267,poisson_f,8,8.60274400345205,11.1111111111111
nominal,mandatory,5,random_f,9,p95,15.7864134873267,human_f,9,8.32593248345911,0
nominal,mandatory,5,random_f,9,p95,15.7864134873267,dopt_aug,7,15.3475722741065,22.2222222222222
nominal,mandatory,5,random_f,9,p95,15.7864134873267,iopt_aug,7,15.3475722741065,22.2222222222222
nominal,mandatory,5,random_f,9,p95,15.7864134873267,cdopt_naive,10,5.48079537857154,-11.1111111111111
nominal,mandatory,5,random_f,9,p95,15.7864134873267,ciopt_naive,9,13.1182024683363,0
nominal,mandatory,5,random_f,9,p95,15.7864134873267,cdopt_aug,9,8.04559620354443,0
nominal,mandatory,5,random_f,9,p95,15.7864134873267,ciopt_aug,8,10.0712314267692,11.1111111111111
nominal,mandatory,5,random_f,9,p95,15.7864134873267,random_f,9,15.7864134873267,0
nominal,mandatory,5,random_f,10,mean,8.4120089903752,poisson_f,8,4.8245580572803,20
nominal,mandatory,5,random_f,10,mean,8.4120089903752,human_f,9,5.55876776177509,10
nominal,mandatory,5,random_f,10,mean,8.4120089903752,dopt_aug,8,4.8245580572803,20
nominal,mandatory,5,random_f,10,mean,8.4120089903752,iopt_aug,8,4.8245580572803,20
nominal,mandatory,5,random_f,10,mean,8.4120089903752,cdopt_naive,10,3.19714374983673,0
nominal,mandatory,5,random_f,10,mean,8.4120089903752,ciopt_naive,9,7.7682202583929,10
nominal,mandatory,5,random_f,10,mean,8.4120089903752,cdopt_aug,9,4.5591847871814,10
nominal,mandatory,5,random_f,10,mean,8.4120089903752,ciopt_aug,8,6.85398875925692,20
nominal,mandatory,5,random_f,10,mean,8.4120089903752,random_f,10,8.4120089903752,0
nominal,mandatory,5,random_f,10,p95,13.7358368146576,poisson_f,8,8.60274400345205,20
nominal,mandatory,5,random_f,10,p95,13.7358368146576,human_f,9,8.32593248345911,10
nominal,mandatory,5,random_f,10,p95,13.7358368146576,dopt_aug,8,8.60274400345205,20
nominal,mandatory,5,random_f,10,p95,13.7358368146576,iopt_aug,8,8.60274400345205,20
nominal,mandatory,5,random_f,10,p95,13.7358368146576,cdopt_naive,10,5.48079537857154,0
nominal,mandatory,5,random_f,10,p95,13.7358368146576,ciopt_naive,9,13.1182024683363,10
nominal,mandatory,5,random_f,10,p95,13.7358368146576,cdopt_aug,9,8.04559620354443,10
nominal,mandatory,5,random_f,10,p95,13.7358368146576,ciopt_aug,8,10.0712314267692,20
nominal,mandatory,5,random_f,10,p95,13.7358368146576,random_f,10,13.7358368146576,0
nominal,mandatory,5,random_f,11,mean,6.56862191454683,poisson_f,8,4.8245580572803,27.2727272727273
nominal,mandatory,5,random_f,11,mean,6.56862191454683,human_f,9,5.55876776177509,18.1818181818182
nominal,mandatory,5,random_f,11,mean,6.56862191454683,dopt_aug,8,4.8245580572803,27.2727272727273
nominal,mandatory,5,random_f,11,mean,6.56862191454683,iopt_aug,8,4.8245580572803,27.2727272727273
nominal,mandatory,5,random_f,11,mean,6.56862191454683,cdopt_naive,10,3.19714374983673,9.09090909090909
nominal,mandatory,5,random_f,11,mean,6.56862191454683,ciopt_naive,10,3.12666166358067,9.09090909090909
nominal,mandatory,5,random_f,11,mean,6.56862191454683,cdopt_aug,9,4.5591847871814,18.1818181818182
nominal,mandatory,5,random_f,11,mean,6.56862191454683,ciopt_aug,9,4.59528086666821,18.1818181818182
nominal,mandatory,5,random_f,11,mean,6.56862191454683,random_f,11,6.56862191454683,0
nominal,mandatory,5,random_f,11,p95,10.5945294779464,poisson_f,8,8.60274400345205,27.2727272727273
nominal,mandatory,5,random_f,11,p95,10.5945294779464,human_f,9,8.32593248345911,18.1818181818182
nominal,mandatory,5,random_f,11,p95,10.5945294779464,dopt_aug,8,8.60274400345205,27.2727272727273
nominal,mandatory,5,random_f,11,p95,10.5945294779464,iopt_aug,8,8.60274400345205,27.2727272727273
nominal,mandatory,5,random_f,11,p95,10.5945294779464,cdopt_naive,10,5.48079537857154,9.09090909090909
nominal,mandatory,5,random_f,11,p95,10.5945294779464,ciopt_naive,10,5.25152348149535,9.09090909090909
nominal,mandatory,5,random_f,11,p95,10.5945294779464,cdopt_aug,9,8.04559620354443,18.1818181818182
nominal,mandatory,5,random_f,11,p95,10.5945294779464,ciopt_aug,8,10.0712314267692,27.2727272727273
nominal,mandatory,5,random_f,11,p95,10.5945294779464,random_f,11,10.5945294779464,0
nominal,mandatory,5,random_f,12,mean,5.58766791449584,poisson_f,8,4.8245580572803,33.3333333333333
nominal,mandatory,5,random_f,12,mean,5.58766791449584,human_f,9,5.55876776177509,25
nominal,mandatory,5,random_f,12,mean,5.58766791449584,dopt_aug,8,4.8245580572803,33.3333333333333
nominal,mandatory,5,random_f,12,mean,5.58766791449584,iopt_aug,8,4.8245580572803,33.3333333333333
nominal,mandatory,5,random_f,12,mean,5.58766791449584,cdopt_naive,10,3.19714374983673,16.6666666666667
nominal,mandatory,5,random_f,12,mean,5.58766791449584,ciopt_naive,10,3.12666166358067,16.6666666666667
nominal,mandatory,5,random_f,12,mean,5.58766791449584,cdopt_aug,9,4.5591847871814,25
nominal,mandatory,5,random_f,12,mean,5.58766791449584,ciopt_aug,9,4.59528086666821,25
nominal,mandatory,5,random_f,12,mean,5.58766791449584,random_f,12,5.58766791449584,0
nominal,mandatory,5,random_f,12,p95,8.45852729347206,poisson_f,9,2.16897291003797,25
nominal,mandatory,5,random_f,12,p95,8.45852729347206,human_f,9,8.32593248345911,25
nominal,mandatory,5,random_f,12,p95,8.45852729347206,dopt_aug,9,2.16897291003797,25
nominal,mandatory,5,random_f,12,p95,8.45852729347206,iopt_aug,9,2.16897291003797,25
nominal,mandatory,5,random_f,12,p95,8.45852729347206,cdopt_naive,10,5.48079537857154,16.6666666666667
nominal,mandatory,5,random_f,12,p95,8.45852729347206,ciopt_naive,10,5.25152348149535,16.6666666666667
nominal,mandatory,5,random_f,12,p95,8.45852729347206,cdopt_aug,9,8.04559620354443,25
nominal,mandatory,5,random_f,12,p95,8.45852729347206,ciopt_aug,9,8.44446157550372,25
nominal,mandatory,5,random_f,12,p95,8.45852729347206,random_f,12,8.45852729347206,0
nominal,mandatory,5,random_f,13,mean,4.89295025866818,poisson_f,8,4.8245580572803,38.4615384615385
nominal,mandatory,5,random_f,13,mean,4.89295025866818,human_f,10,4.76792074738594,23.0769230769231
nominal,mandatory,5,random_f,13,mean,4.89295025866818,dopt_aug,8,4.8245580572803,38.4615384615385
nominal,mandatory,5,random_f,13,mean,4.89295025866818,iopt_aug,8,4.8245580572803,38.4615384615385
nominal,mandatory,5,random_f,13,mean,4.89295025866818,cdopt_naive,10,3.19714374983673,23.0769230769231
nominal,mandatory,5,random_f,13,mean,4.89295025866818,ciopt_naive,10,3.12666166358067,23.0769230769231
nominal,mandatory,5,random_f,13,mean,4.89295025866818,cdopt_aug,9,4.5591847871814,30.7692307692308
nominal,mandatory,5,random_f,13,mean,4.89295025866818,ciopt_aug,9,4.59528086666821,30.7692307692308
nominal,mandatory,5,random_f,13,mean,4.89295025866818,random_f,13,4.89295025866818,0
nominal,mandatory,5,random_f,13,p95,7.37292045088699,poisson_f,9,2.16897291003797,30.7692307692308
nominal,mandatory,5,random_f,13,p95,7.37292045088699,human_f,11,7.13141932467063,15.3846153846154
nominal,mandatory,5,random_f,13,p95,7.37292045088699,dopt_aug,9,2.16897291003797,30.7692307692308
nominal,mandatory,5,random_f,13,p95,7.37292045088699,iopt_aug,9,2.16897291003797,30.7692307692308
nominal,mandatory,5,random_f,13,p95,7.37292045088699,cdopt_naive,10,5.48079537857154,23.0769230769231
nominal,mandatory,5,random_f,13,p95,7.37292045088699,ciopt_naive,10,5.25152348149535,23.0769230769231
nominal,mandatory,5,random_f,13,p95,7.37292045088699,cdopt_aug,10,3.56681968288656,23.0769230769231
nominal,mandatory,5,random_f,13,p95,7.37292045088699,ciopt_aug,10,3.56604980624414,23.0769230769231
nominal,mandatory,5,random_f,13,p95,7.37292045088699,random_f,13,7.37292045088699,0
nominal,mandatory,5,random_f,14,mean,4.30368745503037,poisson_f,9,1.58772259070668,35.7142857142857
nominal,mandatory,5,random_f,14,mean,4.30368745503037,human_f,12,2.38162137016496,14.2857142857143
nominal,mandatory,5,random_f,14,mean,4.30368745503037,dopt_aug,9,1.58772259070668,35.7142857142857
nominal,mandatory,5,random_f,14,mean,4.30368745503037,iopt_aug,9,1.58772259070668,35.7142857142857
nominal,mandatory,5,random_f,14,mean,4.30368745503037,cdopt_naive,10,3.19714374983673,28.5714285714286
nominal,mandatory,5,random_f,14,mean,4.30368745503037,ciopt_naive,10,3.12666166358067,28.5714285714286
nominal,mandatory,5,random_f,14,mean,4.30368745503037,cdopt_aug,10,2.28211036208316,28.5714285714286
nominal,mandatory,5,random_f,14,mean,4.30368745503037,ciopt_aug,10,2.26461362495273,28.5714285714286
nominal,mandatory,5,random_f,14,mean,4.30368745503037,random_f,14,4.30368745503037,0
nominal,mandatory,5,random_f,14,p95,6.41279460569578,poisson_f,9,2.16897291003797,35.7142857142857
nominal,mandatory,5,random_f,14,p95,6.41279460569578,human_f,12,3.48168467110691,14.2857142857143
nominal,mandatory,5,random_f,14,p95,6.41279460569578,dopt_aug,9,2.16897291003797,35.7142857142857
nominal,mandatory,5,random_f,14,p95,6.41279460569578,iopt_aug,9,2.16897291003797,35.7142857142857
nominal,mandatory,5,random_f,14,p95,6.41279460569578,cdopt_naive,10,5.48079537857154,28.5714285714286
nominal,mandatory,5,random_f,14,p95,6.41279460569578,ciopt_naive,10,5.25152348149535,28.5714285714286
nominal,mandatory,5,random_f,14,p95,6.41279460569578,cdopt_aug,10,3.56681968288656,28.5714285714286
nominal,mandatory,5,random_f,14,p95,6.41279460569578,ciopt_aug,10,3.56604980624414,28.5714285714286
nominal,mandatory,5,random_f,14,p95,6.41279460569578,random_f,14,6.41279460569578,0
nominal,mandatory,5,random_f,15,mean,4.11014571176413,poisson_f,9,1.58772259070668,40
nominal,mandatory,5,random_f,15,mean,4.11014571176413,human_f,12,2.38162137016496,20
nominal,mandatory,5,random_f,15,mean,4.11014571176413,dopt_aug,9,1.58772259070668,40
nominal,mandatory,5,random_f,15,mean,4.11014571176413,iopt_aug,9,1.58772259070668,40
nominal,mandatory,5,random_f,15,mean,4.11014571176413,cdopt_naive,10,3.19714374983673,33.3333333333333
nominal,mandatory,5,random_f,15,mean,4.11014571176413,ciopt_naive,10,3.12666166358067,33.3333333333333
nominal,mandatory,5,random_f,15,mean,4.11014571176413,cdopt_aug,10,2.28211036208316,33.3333333333333
nominal,mandatory,5,random_f,15,mean,4.11014571176413,ciopt_aug,10,2.26461362495273,33.3333333333333
nominal,mandatory,5,random_f,15,mean,4.11014571176413,random_f,15,4.11014571176413,0
nominal,mandatory,5,random_f,15,p95,5.9108994690192,poisson_f,9,2.16897291003797,40
nominal,mandatory,5,random_f,15,p95,5.9108994690192,human_f,12,3.48168467110691,20
nominal,mandatory,5,random_f,15,p95,5.9108994690192,dopt_aug,9,2.16897291003797,40
nominal,mandatory,5,random_f,15,p95,5.9108994690192,iopt_aug,9,2.16897291003797,40
nominal,mandatory,5,random_f,15,p95,5.9108994690192,cdopt_naive,10,5.48079537857154,33.3333333333333
nominal,mandatory,5,random_f,15,p95,5.9108994690192,ciopt_naive,10,5.25152348149535,33.3333333333333
nominal,mandatory,5,random_f,15,p95,5.9108994690192,cdopt_aug,10,3.56681968288656,33.3333333333333
nominal,mandatory,5,random_f,15,p95,5.9108994690192,ciopt_aug,10,3.56604980624414,33.3333333333333
nominal,mandatory,5,random_f,15,p95,5.9108994690192,random_f,15,5.9108994690192,0
nominal,mandatory,5,random_f,16,mean,3.45074417976418,poisson_f,9,1.58772259070668,43.75
nominal,mandatory,5,random_f,16,mean,3.45074417976418,human_f,12,2.38162137016496,25
nominal,mandatory,5,random_f,16,mean,3.45074417976418,dopt_aug,9,1.58772259070668,43.75
nominal,mandatory,5,random_f,16,mean,3.45074417976418,iopt_aug,9,1.58772259070668,43.75
nominal,mandatory,5,random_f,16,mean,3.45074417976418,cdopt_naive,10,3.19714374983673,37.5
nominal,mandatory,5,random_f,16,mean,3.45074417976418,ciopt_naive,10,3.12666166358067,37.5
nominal,mandatory,5,random_f,16,mean,3.45074417976418,cdopt_aug,10,2.28211036208316,37.5
nominal,mandatory,5,random_f,16,mean,3.45074417976418,ciopt_aug,10,2.26461362495273,37.5
nominal,mandatory,5,random_f,16,mean,3.45074417976418,random_f,16,3.45074417976418,0
nominal,mandatory,5,random_f,16,p95,5.62304451137607,poisson_f,9,2.16897291003797,43.75
nominal,mandatory,5,random_f,16,p95,5.62304451137607,human_f,12,3.48168467110691,25
nominal,mandatory,5,random_f,16,p95,5.62304451137607,dopt_aug,9,2.16897291003797,43.75
nominal,mandatory,5,random_f,16,p95,5.62304451137607,iopt_aug,9,2.16897291003797,43.75
nominal,mandatory,5,random_f,16,p95,5.62304451137607,cdopt_naive,10,5.48079537857154,37.5
nominal,mandatory,5,random_f,16,p95,5.62304451137607,ciopt_naive,10,5.25152348149535,37.5
nominal,mandatory,5,random_f,16,p95,5.62304451137607,cdopt_aug,10,3.56681968288656,37.5
nominal,mandatory,5,random_f,16,p95,5.62304451137607,ciopt_aug,10,3.56604980624414,37.5
nominal,mandatory,5,random_f,16,p95,5.62304451137607,random_f,16,5.62304451137607,0
nominal,mandatory,5,random_f,17,mean,3.1456774363578,poisson_f,9,1.58772259070668,47.0588235294118
nominal,mandatory,5,random_f,17,mean,3.1456774363578,human_f,12,2.38162137016496,29.4117647058824
nominal,mandatory,5,random_f,17,mean,3.1456774363578,dopt_aug,9,1.58772259070668,47.0588235294118
nominal,mandatory,5,random_f,17,mean,3.1456774363578,iopt_aug,9,1.58772259070668,47.0588235294118
nominal,mandatory,5,random_f,17,mean,3.1456774363578,cdopt_naive,11,1.80235992222647,35.2941176470588
nominal,mandatory,5,random_f,17,mean,3.1456774363578,ciopt_naive,10,3.12666166358067,41.1764705882353
nominal,mandatory,5,random_f,17,mean,3.1456774363578,cdopt_aug,10,2.28211036208316,41.1764705882353
nominal,mandatory,5,random_f,17,mean,3.1456774363578,ciopt_aug,10,2.26461362495273,41.1764705882353
nominal,mandatory,5,random_f,17,mean,3.1456774363578,random_f,17,3.1456774363578,0
nominal,mandatory,5,random_f,17,p95,5.0819565855493,poisson_f,9,2.16897291003797,47.0588235294118
nominal,mandatory,5,random_f,17,p95,5.0819565855493,human_f,12,3.48168467110691,29.4117647058824
nominal,mandatory,5,random_f,17,p95,5.0819565855493,dopt_aug,9,2.16897291003797,47.0588235294118
nominal,mandatory,5,random_f,17,p95,5.0819565855493,iopt_aug,9,2.16897291003797,47.0588235294118
nominal,mandatory,5,random_f,17,p95,5.0819565855493,cdopt_naive,11,2.71504987526698,35.2941176470588
nominal,mandatory,5,random_f,17,p95,5.0819565855493,ciopt_naive,11,2.59232832181191,35.2941176470588
nominal,mandatory,5,random_f,17,p95,5.0819565855493,cdopt_aug,10,3.56681968288656,41.1764705882353
nominal,mandatory,5,random_f,17,p95,5.0819565855493,ciopt_aug,10,3.56604980624414,41.1764705882353
nominal,mandatory,5,random_f,17,p95,5.0819565855493,random_f,17,5.0819565855493,0
nominal,mandatory,5,random_f,18,mean,2.90848516486161,poisson_f,9,1.58772259070668,50
nominal,mandatory,5,random_f,18,mean,2.90848516486161,human_f,12,2.38162137016496,33.3333333333333
nominal,mandatory,5,random_f,18,mean,2.90848516486161,dopt_aug,9,1.58772259070668,50
nominal,mandatory,5,random_f,18,mean,2.90848516486161,iopt_aug,9,1.58772259070668,50
nominal,mandatory,5,random_f,18,mean,2.90848516486161,cdopt_naive,11,1.80235992222647,38.8888888888889
nominal,mandatory,5,random_f,18,mean,2.90848516486161,ciopt_naive,11,1.78266202658555,38.8888888888889
nominal,mandatory,5,random_f,18,mean,2.90848516486161,cdopt_aug,10,2.28211036208316,44.4444444444444
nominal,mandatory,5,random_f,18,mean,2.90848516486161,ciopt_aug,10,2.26461362495273,44.4444444444444
nominal,mandatory,5,random_f,18,mean,2.90848516486161,random_f,18,2.90848516486161,0
nominal,mandatory,5,random_f,18,p95,4.97966687353792,poisson_f,9,2.16897291003797,50
nominal,mandatory,5,random_f,18,p95,4.97966687353792,human_f,12,3.48168467110691,33.3333333333333
nominal,mandatory,5,random_f,18,p95,4.97966687353792,dopt_aug,9,2.16897291003797,50
nominal,mandatory,5,random_f,18,p95,4.97966687353792,iopt_aug,9,2.16897291003797,50
nominal,mandatory,5,random_f,18,p95,4.97966687353792,cdopt_naive,11,2.71504987526698,38.8888888888889
nominal,mandatory,5,random_f,18,p95,4.97966687353792,ciopt_naive,11,2.59232832181191,38.8888888888889
nominal,mandatory,5,random_f,18,p95,4.97966687353792,cdopt_aug,10,3.56681968288656,44.4444444444444
nominal,mandatory,5,random_f,18,p95,4.97966687353792,ciopt_aug,10,3.56604980624414,44.4444444444444
nominal,mandatory,5,random_f,18,p95,4.97966687353792,random_f,18,4.97966687353792,0
nominal,mandatory,5,random_f,19,mean,2.5452471127833,poisson_f,9,1.58772259070668,52.6315789473684
nominal,mandatory,5,random_f,19,mean,2.5452471127833,human_f,12,2.38162137016496,36.8421052631579
nominal,mandatory,5,random_f,19,mean,2.5452471127833,dopt_aug,9,1.58772259070668,52.6315789473684
nominal,mandatory,5,random_f,19,mean,2.5452471127833,iopt_aug,9,1.58772259070668,52.6315789473684
nominal,mandatory,5,random_f,19,mean,2.5452471127833,cdopt_naive,11,1.80235992222647,42.1052631578947
nominal,mandatory,5,random_f,19,mean,2.5452471127833,ciopt_naive,11,1.78266202658555,42.1052631578947
nominal,mandatory,5,random_f,19,mean,2.5452471127833,cdopt_aug,10,2.28211036208316,47.3684210526316
nominal,mandatory,5,random_f,19,mean,2.5452471127833,ciopt_aug,10,2.26461362495273,47.3684210526316
nominal,mandatory,5,random_f,19,mean,2.5452471127833,random_f,19,2.5452471127833,0
nominal,mandatory,5,random_f,19,p95,3.74446278263149,poisson_f,9,2.16897291003797,52.6315789473684
nominal,mandatory,5,random_f,19,p95,3.74446278263149,human_f,12,3.48168467110691,36.8421052631579
nominal,mandatory,5,random_f,19,p95,3.74446278263149,dopt_aug,9,2.16897291003797,52.6315789473684
nominal,mandatory,5,random_f,19,p95,3.74446278263149,iopt_aug,9,2.16897291003797,52.6315789473684
nominal,mandatory,5,random_f,19,p95,3.74446278263149,cdopt_naive,11,2.71504987526698,42.1052631578947
nominal,mandatory,5,random_f,19,p95,3.74446278263149,ciopt_naive,11,2.59232832181191,42.1052631578947
nominal,mandatory,5,random_f,19,p95,3.74446278263149,cdopt_aug,10,3.56681968288656,47.3684210526316
nominal,mandatory,5,random_f,19,p95,3.74446278263149,ciopt_aug,10,3.56604980624414,47.3684210526316
nominal,mandatory,5,random_f,19,p95,3.74446278263149,random_f,19,3.74446278263149,0
nominal,mandatory,5,poisson_f,6,mean,19.7179587424265,poisson_f,6,19.7179587424265,0
nominal,mandatory,5,poisson_f,6,mean,19.7179587424265,human_f,7,10.8917274187572,-16.6666666666667
nominal,mandatory,5,poisson_f,6,mean,19.7179587424265,dopt_aug,6,19.4706472892241,0
nominal,mandatory,5,poisson_f,6,mean,19.7179587424265,iopt_aug,6,19.4706472892241,0
nominal,mandatory,5,poisson_f,6,mean,19.7179587424265,cdopt_naive,8,16.2385135067107,-33.3333333333333
nominal,mandatory,5,poisson_f,6,mean,19.7179587424265,ciopt_naive,7,17.115616401102,-16.6666666666667
nominal,mandatory,5,poisson_f,6,mean,19.7179587424265,cdopt_aug,7,15.8549916562664,-16.6666666666667
nominal,mandatory,5,poisson_f,6,mean,19.7179587424265,ciopt_aug,7,13.0543608870075,-16.6666666666667
nominal,mandatory,5,poisson_f,6,mean,19.7179587424265,random_f,8,13.4845592138217,-33.3333333333333
nominal,mandatory,5,poisson_f,6,p95,31.1900924257279,poisson_f,6,31.1900924257279,0
nominal,mandatory,5,poisson_f,6,p95,31.1900924257279,human_f,7,17.5855890837709,-16.6666666666667
nominal,mandatory,5,poisson_f,6,p95,31.1900924257279,dopt_aug,6,30.5597781576043,0
nominal,mandatory,5,poisson_f,6,p95,31.1900924257279,iopt_aug,6,30.5597781576043,0
nominal,mandatory,5,poisson_f,6,p95,31.1900924257279,cdopt_naive,8,28.9536225044756,-33.3333333333333
nominal,mandatory,5,poisson_f,6,p95,31.1900924257279,ciopt_naive,7,29.2827052077862,-16.6666666666667
nominal,mandatory,5,poisson_f,6,p95,31.1900924257279,cdopt_aug,7,25.7979248832585,-16.6666666666667
nominal,mandatory,5,poisson_f,6,p95,31.1900924257279,ciopt_aug,7,22.8518492747538,-16.6666666666667
nominal,mandatory,5,poisson_f,6,p95,31.1900924257279,random_f,8,24.120358457318,-33.3333333333333
nominal,mandatory,5,poisson_f,7,mean,11.1969493036463,poisson_f,7,11.1969493036463,0
nominal,mandatory,5,poisson_f,7,mean,11.1969493036463,human_f,7,10.8917274187572,0
nominal,mandatory,5,poisson_f,7,mean,11.1969493036463,dopt_aug,7,9.14618633026248,0
nominal,mandatory,5,poisson_f,7,mean,11.1969493036463,iopt_aug,7,9.14618633026248,0
nominal,mandatory,5,poisson_f,7,mean,11.1969493036463,cdopt_naive,10,3.19714374983673,-42.8571428571429
nominal,mandatory,5,poisson_f,7,mean,11.1969493036463,ciopt_naive,9,7.7682202583929,-28.5714285714286
nominal,mandatory,5,poisson_f,7,mean,11.1969493036463,cdopt_aug,9,4.5591847871814,-28.5714285714286
nominal,mandatory,5,poisson_f,7,mean,11.1969493036463,ciopt_aug,8,6.85398875925692,-14.2857142857143
nominal,mandatory,5,poisson_f,7,mean,11.1969493036463,random_f,9,9.89343594429128,-28.5714285714286
nominal,mandatory,5,poisson_f,7,p95,18.9813519836181,poisson_f,7,18.9813519836181,0
nominal,mandatory,5,poisson_f,7,p95,18.9813519836181,human_f,7,17.5855890837709,0
nominal,mandatory,5,poisson_f,7,p95,18.9813519836181,dopt_aug,7,15.3475722741065,0
nominal,mandatory,5,poisson_f,7,p95,18.9813519836181,iopt_aug,7,15.3475722741065,0
nominal,mandatory,5,poisson_f,7,p95,18.9813519836181,cdopt_naive,10,5.48079537857154,-42.8571428571429
nominal,mandatory,5,poisson_f,7,p95,18.9813519836181,ciopt_naive,9,13.1182024683363,-28.5714285714286
nominal,mandatory,5,poisson_f,7,p95,18.9813519836181,cdopt_aug,9,8.04559620354443,-28.5714285714286
nominal,mandatory,5,poisson_f,7,p95,18.9813519836181,ciopt_aug,8,10.0712314267692,-14.2857142857143
nominal,mandatory,5,poisson_f,7,p95,18.9813519836181,random_f,9,15.7864134873267,-28.5714285714286
nominal,mandatory,5,poisson_f,8,mean,4.8245580572803,poisson_f,8,4.8245580572803,0
nominal,mandatory,5,poisson_f,8,mean,4.8245580572803,human_f,10,4.76792074738594,-25
nominal,mandatory,5,poisson_f,8,mean,4.8245580572803,dopt_aug,8,4.8245580572803,0
nominal,mandatory,5,poisson_f,8,mean,4.8245580572803,iopt_aug,8,4.8245580572803,0
nominal,mandatory,5,poisson_f,8,mean,4.8245580572803,cdopt_naive,10,3.19714374983673,-25
nominal,mandatory,5,poisson_f,8,mean,4.8245580572803,ciopt_naive,10,3.12666166358067,-25
nominal,mandatory,5,poisson_f,8,mean,4.8245580572803,cdopt_aug,9,4.5591847871814,-12.5
nominal,mandatory,5,poisson_f,8,mean,4.8245580572803,ciopt_aug,9,4.59528086666821,-12.5
nominal,mandatory,5,poisson_f,8,mean,4.8245580572803,random_f,14,4.30368745503037,-75
nominal,mandatory,5,poisson_f,8,p95,8.60274400345205,poisson_f,8,8.60274400345205,0
nominal,mandatory,5,poisson_f,8,p95,8.60274400345205,human_f,9,8.32593248345911,-12.5
nominal,mandatory,5,poisson_f,8,p95,8.60274400345205,dopt_aug,8,8.60274400345205,0
nominal,mandatory,5,poisson_f,8,p95,8.60274400345205,iopt_aug,8,8.60274400345205,0
nominal,mandatory,5,poisson_f,8,p95,8.60274400345205,cdopt_naive,10,5.48079537857154,-25
nominal,mandatory,5,poisson_f,8,p95,8.60274400345205,ciopt_naive,10,5.25152348149535,-25
nominal,mandatory,5,poisson_f,8,p95,8.60274400345205,cdopt_aug,9,8.04559620354443,-12.5
nominal,mandatory,5,poisson_f,8,p95,8.60274400345205,ciopt_aug,9,8.44446157550372,-12.5
nominal,mandatory,5,poisson_f,8,p95,8.60274400345205,random_f,12,8.45852729347206,-50
nominal,mandatory,5,poisson_f,9,mean,1.58772259070668,poisson_f,9,1.58772259070668,0
nominal,mandatory,5,poisson_f,9,mean,1.58772259070668,human_f,18,1.56472958089356,-100
nominal,mandatory,5,poisson_f,9,mean,1.58772259070668,dopt_aug,9,1.58772259070668,0
nominal,mandatory,5,poisson_f,9,mean,1.58772259070668,iopt_aug,9,1.58772259070668,0
nominal,mandatory,5,poisson_f,9,mean,1.58772259070668,cdopt_naive,13,1.32214246764096,-44.4444444444444
nominal,mandatory,5,poisson_f,9,mean,1.58772259070668,ciopt_naive,13,1.32214246764096,-44.4444444444444
nominal,mandatory,5,poisson_f,9,mean,1.58772259070668,cdopt_aug,12,1.34298928035425,-33.3333333333333
nominal,mandatory,5,poisson_f,9,mean,1.58772259070668,ciopt_aug,11,1.46280260086773,-22.2222222222222
nominal,mandatory,5,poisson_f,9,mean,1.58772259070668,random_f,NaN,NaN,NaN
nominal,mandatory,5,poisson_f,9,p95,2.16897291003797,poisson_f,9,2.16897291003797,0
nominal,mandatory,5,poisson_f,9,p95,2.16897291003797,human_f,NaN,NaN,NaN
nominal,mandatory,5,poisson_f,9,p95,2.16897291003797,dopt_aug,9,2.16897291003797,0
nominal,mandatory,5,poisson_f,9,p95,2.16897291003797,iopt_aug,9,2.16897291003797,0
nominal,mandatory,5,poisson_f,9,p95,2.16897291003797,cdopt_naive,13,1.8219981103067,-44.4444444444444
nominal,mandatory,5,poisson_f,9,p95,2.16897291003797,ciopt_naive,13,1.8219981103067,-44.4444444444444
nominal,mandatory,5,poisson_f,9,p95,2.16897291003797,cdopt_aug,12,1.82260408176827,-33.3333333333333
nominal,mandatory,5,poisson_f,9,p95,2.16897291003797,ciopt_aug,11,1.96381070416823,-22.2222222222222
nominal,mandatory,5,poisson_f,9,p95,2.16897291003797,random_f,NaN,NaN,NaN
nominal,mandatory,5,poisson_f,10,mean,1.51670275751074,poisson_f,10,1.51670275751074,0
nominal,mandatory,5,poisson_f,10,mean,1.51670275751074,human_f,NaN,NaN,NaN
nominal,mandatory,5,poisson_f,10,mean,1.51670275751074,dopt_aug,10,1.42511787316574,0
nominal,mandatory,5,poisson_f,10,mean,1.51670275751074,iopt_aug,10,1.42795502009991,0
nominal,mandatory,5,poisson_f,10,mean,1.51670275751074,cdopt_naive,13,1.32214246764096,-30
nominal,mandatory,5,poisson_f,10,mean,1.51670275751074,ciopt_naive,13,1.32214246764096,-30
nominal,mandatory,5,poisson_f,10,mean,1.51670275751074,cdopt_aug,12,1.34298928035425,-20
nominal,mandatory,5,poisson_f,10,mean,1.51670275751074,ciopt_aug,11,1.46280260086773,-10
nominal,mandatory,5,poisson_f,10,mean,1.51670275751074,random_f,NaN,NaN,NaN
nominal,mandatory,5,poisson_f,10,p95,2.0871898084344,poisson_f,10,2.0871898084344,0
nominal,mandatory,5,poisson_f,10,p95,2.0871898084344,human_f,NaN,NaN,NaN
nominal,mandatory,5,poisson_f,10,p95,2.0871898084344,dopt_aug,10,1.90978050430285,0
nominal,mandatory,5,poisson_f,10,p95,2.0871898084344,iopt_aug,10,1.95720993629208,0
nominal,mandatory,5,poisson_f,10,p95,2.0871898084344,cdopt_naive,13,1.8219981103067,-30
nominal,mandatory,5,poisson_f,10,p95,2.0871898084344,ciopt_naive,13,1.8219981103067,-30
nominal,mandatory,5,poisson_f,10,p95,2.0871898084344,cdopt_aug,12,1.82260408176827,-20
nominal,mandatory,5,poisson_f,10,p95,2.0871898084344,ciopt_aug,11,1.96381070416823,-10
nominal,mandatory,5,poisson_f,10,p95,2.0871898084344,random_f,NaN,NaN,NaN
nominal,mandatory,5,poisson_f,11,mean,1.48598266830304,poisson_f,11,1.48598266830304,0
nominal,mandatory,5,poisson_f,11,mean,1.48598266830304,human_f,NaN,NaN,NaN
nominal,mandatory,5,poisson_f,11,mean,1.48598266830304,dopt_aug,10,1.42511787316574,9.09090909090909
nominal,mandatory,5,poisson_f,11,mean,1.48598266830304,iopt_aug,10,1.42795502009991,9.09090909090909
nominal,mandatory,5,poisson_f,11,mean,1.48598266830304,cdopt_naive,13,1.32214246764096,-18.1818181818182
nominal,mandatory,5,poisson_f,11,mean,1.48598266830304,ciopt_naive,13,1.32214246764096,-18.1818181818182
nominal,mandatory,5,poisson_f,11,mean,1.48598266830304,cdopt_aug,12,1.34298928035425,-9.09090909090909
nominal,mandatory,5,poisson_f,11,mean,1.48598266830304,ciopt_aug,11,1.46280260086773,0
nominal,mandatory,5,poisson_f,11,mean,1.48598266830304,random_f,NaN,NaN,NaN
nominal,mandatory,5,poisson_f,11,p95,1.99549285843025,poisson_f,11,1.99549285843025,0
nominal,mandatory,5,poisson_f,11,p95,1.99549285843025,human_f,NaN,NaN,NaN
nominal,mandatory,5,poisson_f,11,p95,1.99549285843025,dopt_aug,10,1.90978050430285,9.09090909090909
nominal,mandatory,5,poisson_f,11,p95,1.99549285843025,iopt_aug,10,1.95720993629208,9.09090909090909
nominal,mandatory,5,poisson_f,11,p95,1.99549285843025,cdopt_naive,13,1.8219981103067,-18.1818181818182
nominal,mandatory,5,poisson_f,11,p95,1.99549285843025,ciopt_naive,13,1.8219981103067,-18.1818181818182
nominal,mandatory,5,poisson_f,11,p95,1.99549285843025,cdopt_aug,12,1.82260408176827,-9.09090909090909
nominal,mandatory,5,poisson_f,11,p95,1.99549285843025,ciopt_aug,11,1.96381070416823,0
nominal,mandatory,5,poisson_f,11,p95,1.99549285843025,random_f,NaN,NaN,NaN
nominal,mandatory,5,poisson_f,12,mean,1.58557960318589,poisson_f,10,1.51670275751074,16.6666666666667
nominal,mandatory,5,poisson_f,12,mean,1.58557960318589,human_f,18,1.56472958089356,-50
nominal,mandatory,5,poisson_f,12,mean,1.58557960318589,dopt_aug,10,1.42511787316574,16.6666666666667
nominal,mandatory,5,poisson_f,12,mean,1.58557960318589,iopt_aug,10,1.42795502009991,16.6666666666667
nominal,mandatory,5,poisson_f,12,mean,1.58557960318589,cdopt_naive,13,1.32214246764096,-8.33333333333333
nominal,mandatory,5,poisson_f,12,mean,1.58557960318589,ciopt_naive,13,1.32214246764096,-8.33333333333333
nominal,mandatory,5,poisson_f,12,mean,1.58557960318589,cdopt_aug,12,1.34298928035425,0
nominal,mandatory,5,poisson_f,12,mean,1.58557960318589,ciopt_aug,11,1.46280260086773,8.33333333333333
nominal,mandatory,5,poisson_f,12,mean,1.58557960318589,random_f,NaN,NaN,NaN
nominal,mandatory,5,poisson_f,12,p95,2.40125685350781,poisson_f,9,2.16897291003797,25
nominal,mandatory,5,poisson_f,12,p95,2.40125685350781,human_f,18,2.19493820573398,-50
nominal,mandatory,5,poisson_f,12,p95,2.40125685350781,dopt_aug,9,2.16897291003797,25
nominal,mandatory,5,poisson_f,12,p95,2.40125685350781,iopt_aug,9,2.16897291003797,25
nominal,mandatory,5,poisson_f,12,p95,2.40125685350781,cdopt_naive,13,1.8219981103067,-8.33333333333333
nominal,mandatory,5,poisson_f,12,p95,2.40125685350781,ciopt_naive,13,1.8219981103067,-8.33333333333333
nominal,mandatory,5,poisson_f,12,p95,2.40125685350781,cdopt_aug,12,1.82260408176827,0
nominal,mandatory,5,poisson_f,12,p95,2.40125685350781,ciopt_aug,11,1.96381070416823,8.33333333333333
nominal,mandatory,5,poisson_f,12,p95,2.40125685350781,random_f,NaN,NaN,NaN
nominal,mandatory,5,poisson_f,13,mean,1.17460607138405,poisson_f,13,1.17460607138405,0
nominal,mandatory,5,poisson_f,13,mean,1.17460607138405,human_f,NaN,NaN,NaN
nominal,mandatory,5,poisson_f,13,mean,1.17460607138405,dopt_aug,12,1.15745759265975,7.69230769230769
nominal,mandatory,5,poisson_f,13,mean,1.17460607138405,iopt_aug,13,1.11014870922739,0
nominal,mandatory,5,poisson_f,13,mean,1.17460607138405,cdopt_naive,15,1.09636390911981,-15.3846153846154
nominal,mandatory,5,poisson_f,13,mean,1.17460607138405,ciopt_naive,15,1.09910753698288,-15.3846153846154
nominal,mandatory,5,poisson_f,13,mean,1.17460607138405,cdopt_aug,15,1.07974335773573,-15.3846153846154
nominal,mandatory,5,poisson_f,13,mean,1.17460607138405,ciopt_aug,15,1.11619797231058,-15.3846153846154
nominal,mandatory,5,poisson_f,13,mean,1.17460607138405,random_f,NaN,NaN,NaN
nominal,mandatory,5,poisson_f,13,p95,1.60338932104522,poisson_f,13,1.60338932104522,0
nominal,mandatory,5,poisson_f,13,p95,1.60338932104522,human_f,NaN,NaN,NaN
nominal,mandatory,5,poisson_f,13,p95,1.60338932104522,dopt_aug,12,1.51217553027948,7.69230769230769
nominal,mandatory,5,poisson_f,13,p95,1.60338932104522,iopt_aug,13,1.51188520389899,0
nominal,mandatory,5,poisson_f,13,p95,1.60338932104522,cdopt_naive,15,1.48292846702681,-15.3846153846154
nominal,mandatory,5,poisson_f,13,p95,1.60338932104522,ciopt_naive,15,1.48684738522766,-15.3846153846154
nominal,mandatory,5,poisson_f,13,p95,1.60338932104522,cdopt_aug,15,1.4202953492007,-15.3846153846154
nominal,mandatory,5,poisson_f,13,p95,1.60338932104522,ciopt_aug,15,1.50576904733219,-15.3846153846154
nominal,mandatory,5,poisson_f,13,p95,1.60338932104522,random_f,NaN,NaN,NaN
nominal,mandatory,5,poisson_f,14,mean,1.12156356245126,poisson_f,14,1.12156356245126,0
nominal,mandatory,5,poisson_f,14,mean,1.12156356245126,human_f,NaN,NaN,NaN
nominal,mandatory,5,poisson_f,14,mean,1.12156356245126,dopt_aug,13,1.05192227682837,7.14285714285714
nominal,mandatory,5,poisson_f,14,mean,1.12156356245126,iopt_aug,13,1.11014870922739,7.14285714285714
nominal,mandatory,5,poisson_f,14,mean,1.12156356245126,cdopt_naive,15,1.09636390911981,-7.14285714285714
nominal,mandatory,5,poisson_f,14,mean,1.12156356245126,ciopt_naive,15,1.09910753698288,-7.14285714285714
nominal,mandatory,5,poisson_f,14,mean,1.12156356245126,cdopt_aug,15,1.07974335773573,-7.14285714285714
nominal,mandatory,5,poisson_f,14,mean,1.12156356245126,ciopt_aug,15,1.11619797231058,-7.14285714285714
nominal,mandatory,5,poisson_f,14,mean,1.12156356245126,random_f,NaN,NaN,NaN
nominal,mandatory,5,poisson_f,14,p95,1.49270126529179,poisson_f,14,1.49270126529179,0
nominal,mandatory,5,poisson_f,14,p95,1.49270126529179,human_f,NaN,NaN,NaN
nominal,mandatory,5,poisson_f,14,p95,1.49270126529179,dopt_aug,13,1.3646100360276,7.14285714285714
nominal,mandatory,5,poisson_f,14,p95,1.49270126529179,iopt_aug,14,1.4775824264111,0
nominal,mandatory,5,poisson_f,14,p95,1.49270126529179,cdopt_naive,15,1.48292846702681,-7.14285714285714
nominal,mandatory,5,poisson_f,14,p95,1.49270126529179,ciopt_naive,15,1.48684738522766,-7.14285714285714
nominal,mandatory,5,poisson_f,14,p95,1.49270126529179,cdopt_aug,15,1.4202953492007,-7.14285714285714
nominal,mandatory,5,poisson_f,14,p95,1.49270126529179,ciopt_aug,16,1.38347319265109,-14.2857142857143
nominal,mandatory,5,poisson_f,14,p95,1.49270126529179,random_f,NaN,NaN,NaN
nominal,mandatory,5,poisson_f,15,mean,0.954520445140346,poisson_f,15,0.954520445140346,0
nominal,mandatory,5,poisson_f,15,mean,0.954520445140346,human_f,NaN,NaN,NaN
nominal,mandatory,5,poisson_f,15,mean,0.954520445140346,dopt_aug,15,0.896178540819251,0
nominal,mandatory,5,poisson_f,15,mean,0.954520445140346,iopt_aug,15,0.896178540819251,0
nominal,mandatory,5,poisson_f,15,mean,0.954520445140346,cdopt_naive,17,0.890242262340688,-13.3333333333333
nominal,mandatory,5,poisson_f,15,mean,0.954520445140346,ciopt_naive,18,0.889082693175053,-20
nominal,mandatory,5,poisson_f,15,mean,0.954520445140346,cdopt_aug,17,0.896086757026737,-13.3333333333333
nominal,mandatory,5,poisson_f,15,mean,0.954520445140346,ciopt_aug,19,0.915492302373789,-26.6666666666667
nominal,mandatory,5,poisson_f,15,mean,0.954520445140346,random_f,NaN,NaN,NaN
nominal,mandatory,5,poisson_f,15,p95,1.21711778054366,poisson_f,15,1.21711778054366,0
nominal,mandatory,5,poisson_f,15,p95,1.21711778054366,human_f,NaN,NaN,NaN
nominal,mandatory,5,poisson_f,15,p95,1.21711778054366,dopt_aug,15,1.12092577164025,0
nominal,mandatory,5,poisson_f,15,p95,1.21711778054366,iopt_aug,15,1.12092577164025,0
nominal,mandatory,5,poisson_f,15,p95,1.21711778054366,cdopt_naive,17,1.13179016159835,-13.3333333333333
nominal,mandatory,5,poisson_f,15,p95,1.21711778054366,ciopt_naive,18,1.13182949586089,-20
nominal,mandatory,5,poisson_f,15,p95,1.21711778054366,cdopt_aug,17,1.14254385040542,-13.3333333333333
nominal,mandatory,5,poisson_f,15,p95,1.21711778054366,ciopt_aug,19,1.19389092181947,-26.6666666666667
nominal,mandatory,5,poisson_f,15,p95,1.21711778054366,random_f,NaN,NaN,NaN
nominal,mandatory,5,poisson_f,16,mean,2.41532969450239,poisson_f,9,1.58772259070668,43.75
nominal,mandatory,5,poisson_f,16,mean,2.41532969450239,human_f,12,2.38162137016496,25
nominal,mandatory,5,poisson_f,16,mean,2.41532969450239,dopt_aug,9,1.58772259070668,43.75
nominal,mandatory,5,poisson_f,16,mean,2.41532969450239,iopt_aug,9,1.58772259070668,43.75
nominal,mandatory,5,poisson_f,16,mean,2.41532969450239,cdopt_naive,11,1.80235992222647,31.25
nominal,mandatory,5,poisson_f,16,mean,2.41532969450239,ciopt_naive,11,1.78266202658555,31.25
nominal,mandatory,5,poisson_f,16,mean,2.41532969450239,cdopt_aug,10,2.28211036208316,37.5
nominal,mandatory,5,poisson_f,16,mean,2.41532969450239,ciopt_aug,10,2.26461362495273,37.5
nominal,mandatory,5,poisson_f,16,mean,2.41532969450239,random_f,NaN,NaN,NaN
nominal,mandatory,5,poisson_f,16,p95,3.94319973311821,poisson_f,9,2.16897291003797,43.75
nominal,mandatory,5,poisson_f,16,p95,3.94319973311821,human_f,12,3.48168467110691,25
nominal,mandatory,5,poisson_f,16,p95,3.94319973311821,dopt_aug,9,2.16897291003797,43.75
nominal,mandatory,5,poisson_f,16,p95,3.94319973311821,iopt_aug,9,2.16897291003797,43.75
nominal,mandatory,5,poisson_f,16,p95,3.94319973311821,cdopt_naive,11,2.71504987526698,31.25
nominal,mandatory,5,poisson_f,16,p95,3.94319973311821,ciopt_naive,11,2.59232832181191,31.25
nominal,mandatory,5,poisson_f,16,p95,3.94319973311821,cdopt_aug,10,3.56681968288656,37.5
nominal,mandatory,5,poisson_f,16,p95,3.94319973311821,ciopt_aug,10,3.56604980624414,37.5
nominal,mandatory,5,poisson_f,16,p95,3.94319973311821,random_f,19,3.74446278263149,-18.75
nominal,mandatory,5,poisson_f,17,mean,2.0883622760351,poisson_f,9,1.58772259070668,47.0588235294118
nominal,mandatory,5,poisson_f,17,mean,2.0883622760351,human_f,15,1.88471499566628,11.7647058823529
nominal,mandatory,5,poisson_f,17,mean,2.0883622760351,dopt_aug,9,1.58772259070668,47.0588235294118
nominal,mandatory,5,poisson_f,17,mean,2.0883622760351,iopt_aug,9,1.58772259070668,47.0588235294118
nominal,mandatory,5,poisson_f,17,mean,2.0883622760351,cdopt_naive,11,1.80235992222647,35.2941176470588
nominal,mandatory,5,poisson_f,17,mean,2.0883622760351,ciopt_naive,11,1.78266202658555,35.2941176470588
nominal,mandatory,5,poisson_f,17,mean,2.0883622760351,cdopt_aug,11,1.99132766313215,35.2941176470588
nominal,mandatory,5,poisson_f,17,mean,2.0883622760351,ciopt_aug,11,1.46280260086773,35.2941176470588
nominal,mandatory,5,poisson_f,17,mean,2.0883622760351,random_f,NaN,NaN,NaN
nominal,mandatory,5,poisson_f,17,p95,3.59819760181592,poisson_f,9,2.16897291003797,47.0588235294118
nominal,mandatory,5,poisson_f,17,p95,3.59819760181592,human_f,12,3.48168467110691,29.4117647058824
nominal,mandatory,5,poisson_f,17,p95,3.59819760181592,dopt_aug,9,2.16897291003797,47.0588235294118
nominal,mandatory,5,poisson_f,17,p95,3.59819760181592,iopt_aug,9,2.16897291003797,47.0588235294118
nominal,mandatory,5,poisson_f,17,p95,3.59819760181592,cdopt_naive,11,2.71504987526698,35.2941176470588
nominal,mandatory,5,poisson_f,17,p95,3.59819760181592,ciopt_naive,11,2.59232832181191,35.2941176470588
nominal,mandatory,5,poisson_f,17,p95,3.59819760181592,cdopt_aug,10,3.56681968288656,41.1764705882353
nominal,mandatory,5,poisson_f,17,p95,3.59819760181592,ciopt_aug,10,3.56604980624414,41.1764705882353
nominal,mandatory,5,poisson_f,17,p95,3.59819760181592,random_f,NaN,NaN,NaN
nominal,mandatory,5,poisson_f,18,mean,1.29867363764964,poisson_f,13,1.17460607138405,27.7777777777778
nominal,mandatory,5,poisson_f,18,mean,1.29867363764964,human_f,NaN,NaN,NaN
nominal,mandatory,5,poisson_f,18,mean,1.29867363764964,dopt_aug,11,1.29107804231667,38.8888888888889
nominal,mandatory,5,poisson_f,18,mean,1.29867363764964,iopt_aug,12,1.2855356544841,33.3333333333333
nominal,mandatory,5,poisson_f,18,mean,1.29867363764964,cdopt_naive,14,1.26267444056657,22.2222222222222
nominal,mandatory,5,poisson_f,18,mean,1.29867363764964,ciopt_naive,14,1.26679752886105,22.2222222222222
nominal,mandatory,5,poisson_f,18,mean,1.29867363764964,cdopt_aug,13,1.26238394821462,27.7777777777778
nominal,mandatory,5,poisson_f,18,mean,1.29867363764964,ciopt_aug,13,1.29032039304051,27.7777777777778
nominal,mandatory,5,poisson_f,18,mean,1.29867363764964,random_f,NaN,NaN,NaN
nominal,mandatory,5,poisson_f,18,p95,1.9195109441438,poisson_f,13,1.60338932104522,27.7777777777778
nominal,mandatory,5,poisson_f,18,p95,1.9195109441438,human_f,NaN,NaN,NaN
nominal,mandatory,5,poisson_f,18,p95,1.9195109441438,dopt_aug,10,1.90978050430285,44.4444444444444
nominal,mandatory,5,poisson_f,18,p95,1.9195109441438,iopt_aug,11,1.8354500701394,38.8888888888889
nominal,mandatory,5,poisson_f,18,p95,1.9195109441438,cdopt_naive,13,1.8219981103067,27.7777777777778
nominal,mandatory,5,poisson_f,18,p95,1.9195109441438,ciopt_naive,13,1.8219981103067,27.7777777777778
nominal,mandatory,5,poisson_f,18,p95,1.9195109441438,cdopt_aug,12,1.82260408176827,33.3333333333333
nominal,mandatory,5,poisson_f,18,p95,1.9195109441438,ciopt_aug,12,1.89595457576848,33.3333333333333
nominal,mandatory,5,poisson_f,18,p95,1.9195109441438,random_f,NaN,NaN,NaN
nominal,mandatory,5,poisson_f,19,mean,1.52726724899345,poisson_f,10,1.51670275751074,47.3684210526316
nominal,mandatory,5,poisson_f,19,mean,1.52726724899345,human_f,NaN,NaN,NaN
nominal,mandatory,5,poisson_f,19,mean,1.52726724899345,dopt_aug,10,1.42511787316574,47.3684210526316
nominal,mandatory,5,poisson_f,19,mean,1.52726724899345,iopt_aug,10,1.42795502009991,47.3684210526316
nominal,mandatory,5,poisson_f,19,mean,1.52726724899345,cdopt_naive,13,1.32214246764096,31.5789473684211
nominal,mandatory,5,poisson_f,19,mean,1.52726724899345,ciopt_naive,13,1.32214246764096,31.5789473684211
nominal,mandatory,5,poisson_f,19,mean,1.52726724899345,cdopt_aug,12,1.34298928035425,36.8421052631579
nominal,mandatory,5,poisson_f,19,mean,1.52726724899345,ciopt_aug,11,1.46280260086773,42.1052631578947
nominal,mandatory,5,poisson_f,19,mean,1.52726724899345,random_f,NaN,NaN,NaN
nominal,mandatory,5,poisson_f,19,p95,2.19658301062382,poisson_f,9,2.16897291003797,52.6315789473684
nominal,mandatory,5,poisson_f,19,p95,2.19658301062382,human_f,18,2.19493820573398,5.26315789473684
nominal,mandatory,5,poisson_f,19,p95,2.19658301062382,dopt_aug,9,2.16897291003797,52.6315789473684
nominal,mandatory,5,poisson_f,19,p95,2.19658301062382,iopt_aug,9,2.16897291003797,52.6315789473684
nominal,mandatory,5,poisson_f,19,p95,2.19658301062382,cdopt_naive,13,1.8219981103067,31.5789473684211
nominal,mandatory,5,poisson_f,19,p95,2.19658301062382,ciopt_naive,13,1.8219981103067,31.5789473684211
nominal,mandatory,5,poisson_f,19,p95,2.19658301062382,cdopt_aug,12,1.82260408176827,36.8421052631579
nominal,mandatory,5,poisson_f,19,p95,2.19658301062382,ciopt_aug,11,1.96381070416823,42.1052631578947
nominal,mandatory,5,poisson_f,19,p95,2.19658301062382,random_f,NaN,NaN,NaN
