wafer_id,n_terms_x,n_terms_y,raw_rms_x_nm,raw_rms_y_nm,scale_x,scale_y,truth_rms_x_nm,truth_rms_y_nm,scan_a_offset_x_nm,scan_a_offset_y_nm,scan_a_rms_x_nm,scan_b_rms_x_nm,scan_c_rms_x_nm,scan_a_rms_y_nm,scan_b_rms_y_nm,scan_c_rms_y_nm
1,15,18,1.6085050043244,0.964344510175424,1,1.03697380909867,1.6085050043244,1,0.391044200745023,0.314096817359625,0.391044200745023,0.346259849822797,0.241606448714641,0.314096817359625,0.0669867450089429,0.213917546052774
2,10,11,4.33010999337221,0.8113904765166,1,1.23245222730876,4.33010999337221,1,0.270102490540352,0.407456788256724,0.270102490540352,0.203914848412168,0.220467749721086,0.407456788256724,0.448765272596949,0.20789717094526
3,16,17,1.80223824588155,1.28495441834542,1,1,1.80223824588155,1.28495441834542,0.222809393975788,0.144301743715395,0.222809393975788,0.222905618960057,0.201434933331572,0.144301743715394,0.533174866868717,0.246386927653958
4,16,18,0.63811923818249,2.96809947933689,1.56710523702158,1,1,2.96809947933689,0.274887814403203,0.184304061927824,0.274887814403203,0.298760877409106,0.194694093959964,0.184304061927824,0.175351031194685,0.238658955242068
5,17,12,3.86169726839265,0.489622073533742,1,2.04239157924951,3.86169726839265,1,0.294032092143116,0.42723658076836,0.294032092143116,0.360401578090717,0.186937137688441,0.427236580768361,0.123701855074893,0.195959795152492
6,15,17,1.77496020755659,1.82117699951672,1,1,1.77496020755659,1.82117699951672,0.248847402516475,0.416671819255529,0.248847402516475,0.350687560872549,0.20109001988422,0.416671819255529,0.206340102851919,0.221264921054431
7,16,12,0.842253271273704,2.0297043828542,1.18729132210759,1,1,2.0297043828542,0.289454807364861,0.266847481972794,0.289454807364861,0.147675093117543,0.24405108477276,0.266847481972794,0.253444784477952,0.173048112412049
8,17,18,2.19855645016845,1.978437133983,1,1,2.19855645016845,1.978437133983,0.329759104001136,0.262577998863168,0.329759104001136,0.123514599318984,0.199743848924586,0.262577998863168,0.0839579950621298,0.182030046777932
9,11,12,1.22324421169415,0.569924305209837,1,1.75461897458789,1.22324421169415,1,0.301687197251535,0.266970474414864,0.301687197251534,0.420006123299754,0.235417950407025,0.266970474414864,0.305292247706539,0.206734414436417
10,13,11,6.75951378937163,1.29527824284756,1,1,6.75951378937163,1.29527824284756,0.0735612024828732,0.412437990844007,0.0735612024828732,0.147580238617782,0.222333797833743,0.412437990844007,0.408349434253844,0.206195926492918
11,12,14,2.67132052479032,4.4125089791159,1,1,2.67132052479032,4.4125089791159,0.228650390965231,0.440662481979486,0.228650390965231,0.460187368661154,0.203116785792013,0.440662481979485,0.385992901634228,0.200367116955996
12,18,19,4.91216982130931,1.48703688797118,1,1,4.91216982130931,1.48703688797118,0.330113638000809,0.244953366721883,0.330113638000809,0.407699319690987,0.190913988367938,0.244953366721883,0.211609468506101,0.21958706207303
13,19,19,4.04389303867741,1.34885342250562,1,1,4.04389303867741,1.34885342250562,0.471774833381406,0.196280001226202,0.471774833381407,0.166834297819948,0.207994318146387,0.196280001226203,0.208421759179816,0.237392145078335
14,18,17,3.65616781599162,0.728460891165479,1,1.37275729160982,3.65616781599162,1,0.276259891210383,0.322894645279067,0.276259891210383,0.193288826687419,0.200224855698441,0.322894645279068,0.158782350438805,0.197172614783398
15,18,10,1.14152349628632,1.17625968861172,1,1,1.14152349628632,1.17625968861172,0.230433351609212,0.298472872385917,0.230433351609213,0.441484690573295,0.194575359950591,0.298472872385918,0.193584282544526,0.256953157551429
16,15,15,2.21381893943934,5.14352779558165,1,1,2.21381893943934,5.14352779558165,0.427202613081041,0.286958390719001,0.42720261308104,0.411401867087161,0.223828496060735,0.286958390719001,0.391436207231388,0.216572149563261
17,17,13,2.64711471843092,1.50407166373424,1,1,2.64711471843092,1.50407166373424,0.230964365054587,0.289655261558803,0.230964365054587,0.400001422339791,0.165728337334649,0.289655261558803,0.476521886004596,0.221307961846892
18,17,10,1.31619158299885,0.683368990031082,1,1.4633382763747,1.31619158299885,1,0.346102692618603,0.277254635035097,0.346102692618604,0.0874368786024594,0.193511811146688,0.277254635035097,0.296668110926889,0.211633028507326
19,17,18,2.82958825774988,1.8130843520474,1,1,2.82958825774988,1.8130843520474,0.287514890666217,0.272823656063998,0.287514890666217,0.166338658585033,0.216485051581936,0.272823656063998,0.240998672569164,0.216574515684815
20,15,10,1.13284271996264,2.58178318228396,1,1,1.13284271996264,2.58178318228396,0.191109620477282,0.314300037187291,0.191109620477282,0.614294554314104,0.229820398816135,0.314300037187292,0.272109836948361,0.251959061436226
21,17,15,6.41321029814827,2.51377797313174,1,1,6.41321029814827,2.51377797313174,0.257352982452971,0.327095886420765,0.257352982452971,0.284614139478371,0.19065669988468,0.327095886420765,0.42290756861251,0.162479195416641
22,17,16,2.48249363433217,3.47512007144609,1,1,2.48249363433217,3.47512007144609,0.334036901737061,0.280893791841317,0.334036901737061,0.251758613638841,0.225713152151447,0.280893791841317,0.140114265517896,0.215258645059654
23,17,11,1.631925715782,1.08135988264728,1,1,1.631925715782,1.08135988264728,0.480642680939567,0.279263559605029,0.480642680939567,0.0390062733249194,0.208148950866209,0.279263559605028,0.629198991933155,0.212476980206386
24,19,15,3.18447669775464,4.97860523357677,1,1,3.18447669775464,4.97860523357677,0.28906966021669,0.270007520474776,0.28906966021669,0.590991251777567,0.210829026973217,0.270007520474776,0.364612891406626,0.216862937691227
25,14,16,1.33250271138142,1.32008834995589,1,1,1.33250271138142,1.32008834995589,0.320588828037248,0.358964774061931,0.320588828037248,0.318231278611449,0.187599886347235,0.358964774061931,0.219845955198051,0.217256001699548
26,13,17,1.16706883071195,2.16402968935974,1,1,1.16706883071195,2.16402968935974,0.339222979644581,0.299506534382533,0.339222979644581,0.399287990277774,0.209936629280541,0.299506534382532,0.220530074676207,0.218266487839705
27,13,20,2.92355377098564,2.57589386633664,1,1,2.92355377098564,2.57589386633664,0.25216272151784,0.193698786363052,0.25216272151784,0.033090429729933,0.190116467823489,0.193698786363052,0.335405044677872,0.205815926619048
28,11,15,0.76348343625813,3.83884346231367,1.30978610996599,1,1,3.83884346231367,0.303988689397265,0.33286745260716,0.303988689397265,0.0782629560821809,0.212519829210326,0.33286745260716,0.374717545375555,0.191669464910273
29,13,16,2.08103618509363,1.21893311320178,1,1,2.08103618509363,1.21893311320178,0.213441503705501,0.337238508512406,0.213441503705501,0.514077137389692,0.235684206853662,0.337238508512406,0.543318094559784,0.229614561747823
30,11,17,1.01077212601427,2.43409928330895,1,1,1.01077212601427,2.43409928330895,0.253101929357035,0.319472053850321,0.253101929357035,0.454515385358272,0.217982931255346,0.319472053850321,0.442515102016293,0.213499747527302
31,18,15,5.50502409072942,1.75324140848279,1,1,5.50502409072942,1.75324140848279,0.318877434085697,0.191215224630123,0.318877434085698,0.0710865435824539,0.218484806329718,0.191215224630123,0.300649027766254,0.201170105529086
32,17,20,1.95779960788872,0.618446399140543,1,1.61695500432973,1.95779960788872,1,0.31544547619961,0.354939563672908,0.31544547619961,0.266950662058371,0.214986569071099,0.354939563672907,0.257553583114783,0.224947742107376
33,13,10,3.08390644523691,0.549544914217132,1,1.8196874798206,3.08390644523691,1,0.319752892261114,0.268827397637226,0.319752892261114,0.374316289876696,0.21239512811562,0.268827397637226,0.288103180821709,0.229554840488109
34,16,12,0.897812575007839,1.1884598916574,1.11381821533438,1,1,1.1884598916574,0.305605447574143,0.183788373549353,0.305605447574143,0.255374187668614,0.196515279827046,0.183788373549353,0.419317518980103,0.192373257742685
35,14,18,0.658674494765872,2.4547439122753,1.51820058002315,1,1,2.4547439122753,0.311340491783941,0.378188656937219,0.31134049178394,0.629491856638572,0.204018414837937,0.378188656937219,0.166560762518542,0.176415218860056
36,13,12,1.52591548023099,0.742463970703772,1,1.34686670257159,1.52591548023099,1,0.376295384505859,0.239820383509094,0.376295384505859,0.781121460784892,0.219482190469106,0.239820383509094,0.206648460546802,0.230916192219632
37,19,11,3.23063471833192,0.708343689059858,1,1.41174406639698,3.23063471833192,1,0.397408633884812,0.29809755145375,0.397408633884812,0.143576910390493,0.208442227888183,0.29809755145375,0.192722693448957,0.217738759681457
38,15,13,3.70381534847979,8.32875415928847,1,0.960527810882516,3.70381534847979,8,0.257430202995107,0.24776675661681,0.257430202995107,0.687433431703981,0.201581193644618,0.24776675661681,0.262719206928796,0.17034767310479
39,14,12,0.645445977744275,2.22443871632562,1.54931634014489,1,1,2.22443871632562,0.255122189175402,0.315143057044992,0.255122189175402,0.524230929799796,0.210331474497689,0.315143057044992,0.590007313843725,0.215524277186244
40,16,12,0.831626090728226,6.05112179330883,1.20246347625329,1,1,6.05112179330883,0.326874995696195,0.275315270633682,0.326874995696194,0.438885069098743,0.225682256130937,0.275315270633682,0.15030922898598,0.208514428977548
41,13,14,1.99728030066274,1.04573161128634,1,1,1.99728030066274,1.04573161128634,0.263984230651197,0.246713625500898,0.263984230651197,0.505225786568542,0.227876452321722,0.246713625500898,0.325596265281928,0.215532292976148
42,17,17,1.48256486466087,1.8466602390705,1,1,1.48256486466087,1.8466602390705,0.356381061204702,0.184938171225482,0.356381061204702,0.166426160515746,0.218490545146513,0.184938171225482,0.312407972449786,0.202433441942733
43,20,12,1.76934182856826,1.16606903625375,1,1,1.76934182856826,1.16606903625375,0.187245534771986,0.247262608004703,0.187245534771986,0.411312088777363,0.18852016539865,0.247262608004703,0.34848463450273,0.207337858638757
44,13,20,0.556609125198422,2.30796173876404,1.79659289567615,1,1,2.30796173876404,0.344209176879888,0.196872888085158,0.344209176879888,0.0738574448660824,0.206492827778386,0.196872888085158,0.162296294592286,0.189113890692608
45,18,20,2.26181523966458,1.38679649822923,1,1,2.26181523966458,1.38679649822923,0.263938845976511,0.353374462000611,0.263938845976511,0.26627798674373,0.212439511510489,0.353374462000611,0.637233089629686,0.181767907689322
46,11,13,2.85703893798719,0.864609510051974,1,1.15659148826606,2.85703893798719,1,0.302664329271868,0.337504447301571,0.302664329271867,0.469201483783073,0.206173317776038,0.337504447301571,0.366382705577867,0.205729429488028
47,14,17,0.814839698442106,1.02860961485866,1.22723524873899,1,1,1.02860961485866,0.299314170657118,0.201751438641148,0.299314170657118,0.599739965373336,0.219336030343452,0.201751438641148,0.194032657749736,0.223894839963516
48,16,13,1.32880071001758,0.456188119996223,1,2.19207812778702,1.32880071001758,1,0.342717641538822,0.276824743915921,0.342717641538822,0.352541619806911,0.180511189788699,0.276824743915921,0.206868512463303,0.208016433183687
49,13,20,0.619205769704939,2.92695392710747,1.61497203179569,1,1,2.92695392710747,0.323650734333251,0.292897401695125,0.323650734333251,0.546056536640929,0.204541866878203,0.292897401695125,0.419950642735916,0.174988145191207
50,17,18,2.27193561149665,0.927890211447967,1,1.07771370757269,2.27193561149665,1,0.271981179491821,0.442391197882385,0.271981179491821,0.186045130257567,0.209024733184647,0.442391197882385,0.192064132213172,0.201449899188616
51,18,10,1.13953787258191,0.529429305465134,1,1.88882630726579,1.13953787258191,1,0.402126631654235,0.278758600719681,0.402126631654234,0.264164027355564,0.21993425269372,0.278758600719681,0.0673104300042113,0.205283634081831
52,14,17,0.802780028958143,1.77818374943831,1.24567124732514,1,1,1.77818374943831,0.289043350679187,0.354603958736686,0.289043350679187,0.0374627976767871,0.20050688015821,0.354603958736686,0.181866488978186,0.18718149946637
53,13,18,1.12319127657505,2.83516886005727,1,1,1.12319127657505,2.83516886005727,0.317767021080481,0.289914156201628,0.317767021080481,0.0267424893729954,0.207717161833139,0.289914156201628,0.196980531434663,0.203224936387773
54,12,18,1.83648289999482,1.06040034214164,1,1,1.83648289999482,1.06040034214164,0.320514136055084,0.295383516983852,0.320514136055084,0.395514941924582,0.187960924935973,0.295383516983852,0.227013226118633,0.19120185235282
55,11,20,0.713220728739875,6.13462784829605,1.40209048854596,1,1,6.13462784829605,0.271314113540453,0.316451576342721,0.271314113540453,0.34655649668435,0.190636974966488,0.316451576342721,0.368341669591807,0.195662313846899
56,17,17,2.93684392410223,1.1076426871139,1,1,2.93684392410223,1.1076426871139,0.228842075837288,0.309065160329083,0.228842075837288,0.550469484090167,0.203510770046479,0.309065160329083,0.190518006299362,0.217514388354903
57,15,14,4.97872769937889,1.47266157501669,1,1,4.97872769937889,1.47266157501669,0.389140146587685,0.297446539120224,0.389140146587685,0.396147297922869,0.215702442957284,0.297446539120224,0.424967621827477,0.207503729309486
58,17,18,0.862446975347063,1.61268516057187,1.1594915729139,1,1,1.61268516057187,0.309717812321981,0.311238487443822,0.309717812321981,0.136820926990246,0.212643780315564,0.311238487443822,0.384155737114787,0.214211134205234
59,18,16,1.32923294962186,0.679274218433916,1,1.47215950916778,1.32923294962186,1,0.324293867310971,0.276466715507886,0.324293867310971,0.221275142697101,0.197008881851565,0.276466715507886,0.269206171527141,0.216393458279803
60,19,15,1.26636593329463,0.808710160092834,1,1.23653695643592,1.26636593329463,1,0.30247911891185,0.290305979077751,0.30247911891185,0.102136005431857,0.205219296437517,0.290305979077751,0.387183145169997,0.192006510984857
61,20,19,1.60229748415868,1.87797384784215,1,1,1.60229748415868,1.87797384784215,0.239722217891129,0.285376481003852,0.239722217891129,0.192746691629135,0.185653554992217,0.285376481003852,0.136699406318948,0.213213051295046
62,20,11,3.11265658123542,0.502592404354537,1,1.98968386974385,3.11265658123542,1,0.365535290167943,0.272604690321448,0.365535290167943,0.349990231997875,0.204872618545424,0.272604690321448,0.62221841985546,0.200450998449132
63,13,20,0.858175928880473,2.63655900776321,1.16526223393907,1,1,2.63655900776321,0.40571955771129,0.340262119847061,0.405719557711289,0.115681514956921,0.214180242353762,0.340262119847061,0.0646297149725219,0.189373527000482
64,15,12,1.89270446692028,2.64799288126398,1,1,1.89270446692028,2.64799288126398,0.351350190553543,0.332937275792237,0.351350190553543,0.108947252876002,0.209670804451301,0.332937275792237,0.197390149251791,0.178948218395757
65,13,15,3.53553411732967,4.09475590374548,1,1,3.53553411732967,4.09475590374548,0.344900028368563,0.212890773710752,0.344900028368563,0.238771984399803,0.198117793052257,0.212890773710752,0.335296817576328,0.208368049158288
66,17,14,5.97700509349787,3.1273332258788,1,1,5.97700509349787,3.1273332258788,0.263282155704218,0.279148256563275,0.263282155704218,0.450811130776009,0.222264340319226,0.279148256563274,0.341997677952656,0.23465885897783
67,11,15,1.76812107694644,1.13174919908356,1,1,1.76812107694644,1.13174919908356,0.299570286193737,0.355291580694341,0.299570286193737,0.74881059051504,0.200220782211642,0.355291580694341,0.452549497539596,0.194697691788372
68,13,20,1.67807142522098,1.03215243136789,1,1,1.67807142522098,1.03215243136789,0.280620590914386,0.191243851151195,0.280620590914386,0.159379917024048,0.216038336825274,0.191243851151195,0.217718132506182,0.191126258733191
69,13,13,2.07739781140626,0.436328386251459,1,2.29185180590954,2.07739781140626,1,0.341189058810191,0.268256199960315,0.341189058810191,0.142015515567815,0.208386641539855,0.268256199960314,0.299747375300634,0.18018535388177
70,13,10,2.75441836784274,2.01168628556839,1,1,2.75441836784274,2.01168628556839,0.318973037107337,0.311051951201081,0.318973037107338,0.462555101979603,0.207688784963436,0.311051951201081,0.346211199087712,0.214343877332483
71,17,20,1.17641582880492,1.0340383826131,1,1,1.17641582880492,1.0340383826131,0.32040933798079,0.431266933537077,0.32040933798079,0.0627038267709787,0.24472539671306,0.431266933537077,0.244096597381347,0.197589019672971
72,11,16,1.33027781650486,1.8512744392829,1,1,1.33027781650486,1.8512744392829,0.289509071838565,0.27345729562927,0.289509071838564,0.142974363857162,0.217498734195343,0.27345729562927,0.331935412239211,0.218392541719774
73,15,19,1.53578818753692,1.97518104898358,1,1,1.53578818753692,1.97518104898358,0.251097435136377,0.273220094929643,0.251097435136377,0.27859345424251,0.220323608386247,0.273220094929643,0.218073135631495,0.217042660695742
74,10,13,1.21543839661216,1.06427320329808,1,1,1.21543839661216,1.06427320329808,0.189296812076504,0.343479021735853,0.189296812076504,0.69368203759903,0.220600535972358,0.343479021735853,0.205109731571078,0.207203950051227
75,15,15,3.94019825932261,3.17346605417204,1,1,3.94019825932261,3.17346605417204,0.238928317738108,0.331210807930297,0.238928317738108,0.33593632570129,0.216355905940696,0.331210807930297,0.0831562399064264,0.186406812116246
76,15,16,1.1380264423812,1.98747988505817,1,1,1.1380264423812,1.98747988505817,0.360648500353187,0.260053514154916,0.360648500353187,0.0376189653772425,0.245172799922119,0.260053514154916,0.427171675869611,0.186098492590219
77,20,12,1.51554967279408,1.90041594667427,1,1,1.51554967279408,1.90041594667427,0.345213795265038,0.297647656603614,0.345213795265038,0.113461907265112,0.216608282370236,0.297647656603614,0.247842161203921,0.198693983363644
78,16,20,3.8391524341015,1.49890471747314,1,1,3.8391524341015,1.49890471747314,0.250284548167423,0.304150572607654,0.250284548167423,0.538139664640277,0.214482077323716,0.304150572607654,0.2308526966246,0.185558257156368
79,17,18,2.94389462057929,0.947930533787176,1,1.05492962232664,2.94389462057929,1,0.280647787087572,0.195322535486873,0.280647787087573,0.0833402235227358,0.192675563896118,0.195322535486873,0.465305249672532,0.22780759871539
80,12,13,1.20761829180749,0.877457938398929,1,1.13965576723218,1.20761829180749,1,0.244757718317615,0.521456095945079,0.244757718317615,0.16082464930964,0.200239702440381,0.521456095945079,0.288440942478846,0.212334715842584
81,14,20,1.52779934848599,1.36627493059982,1,1,1.52779934848599,1.36627493059982,0.37485293417811,0.324540300177425,0.37485293417811,0.209640220583772,0.211313411996726,0.324540300177425,0.0867250131451308,0.215440268023911
82,19,19,2.38591547735648,3.89962289714486,1,1,2.38591547735648,3.89962289714486,0.285145598887099,0.317934985322881,0.285145598887099,0.289342686708749,0.209637062236377,0.317934985322881,0.370558035447724,0.19547870024351
83,17,19,1.7688349595679,1.98619405443185,1,1,1.7688349595679,1.98619405443185,0.239562836162896,0.259155713486062,0.239562836162896,0.122912354598774,0.207424241587715,0.259155713486062,0.473326985539052,0.206579558674246
84,19,18,1.64564132109123,2.88852126657305,1,1,1.64564132109123,2.88852126657305,0.320287857688903,0.350117017058434,0.320287857688903,0.262409012548126,0.205565036752019,0.350117017058433,0.458469599183865,0.209016914760111
85,10,17,1.15464847397122,1.69554277419628,1,1,1.15464847397122,1.69554277419628,0.33154033747464,0.413786235495087,0.33154033747464,0.297879529347285,0.231443534240566,0.413786235495087,0.396806356058064,0.218349214425039
86,13,13,1.42221692917979,1.42411325241778,1,1,1.42221692917979,1.42411325241778,0.292464797869945,0.266294211736698,0.292464797869944,0.0899669386602599,0.212688895116582,0.266294211736698,0.414161939445174,0.203072740566921
87,11,10,2.17196973843192,0.674196783133416,1,1.48324647197569,2.17196973843192,1,0.291943473746168,0.405854252060579,0.291943473746168,0.218914488122147,0.210559909995674,0.405854252060579,0.517028672861945,0.206288007183861
88,19,18,2.84533456181075,6.02233960065377,1,1,2.84533456181075,6.02233960065377,0.2820528065936,0.190227550674976,0.2820528065936,0.37585549501575,0.208696353597696,0.190227550674976,0.446279606500332,0.235646335004862
89,10,12,6.22749619829627,0.579360784851422,1,1.72604019144384,6.22749619829627,1,0.313285220052082,0.27139489026043,0.313285220052082,0.169278735913374,0.236018921550977,0.27139489026043,0.335654821946341,0.21091486707906
90,17,11,2.87052222671205,3.55143153486116,1,1,2.87052222671205,3.55143153486116,0.218817594341785,0.282910143804653,0.218817594341785,0.505953744778096,0.208142141415701,0.282910143804653,0.570375944641904,0.226403077367027
91,15,11,1.24449325306921,3.97348190370104,1,1,1.24449325306921,3.97348190370104,0.30828910180639,0.272150660737583,0.30828910180639,0.200388096528184,0.218362020373272,0.272150660737583,0.402842512011469,0.215765313394083
92,13,10,4.05135304775966,1.08643134360857,1,1,4.05135304775966,1.08643134360857,0.220351578430728,0.460668371015456,0.220351578430728,0.14840168605284,0.204059167279908,0.460668371015456,0.191515631969988,0.228301322261376
93,18,16,0.749782843357303,3.58833156421412,1.33371950139896,1,1,3.58833156421412,0.26454336376157,0.286148189885922,0.26454336376157,0.32835708795198,0.214828616057132,0.286148189885922,0.245112724606369,0.202108521409316
94,13,19,0.849218264148706,1.18542050434188,1.17755357158085,1,1,1.18542050434188,0.291452815142188,0.32594583985104,0.291452815142188,0.0648270818233592,0.192599346747701,0.325945839851041,0.183704876436019,0.219157444333211
95,17,18,1.27134144064463,2.08267276542825,1,1,1.27134144064463,2.08267276542825,0.33585253674009,0.369143056712726,0.33585253674009,0.466249493505464,0.213405470139363,0.369143056712726,0.307205548937826,0.190131544940287
96,12,18,0.968690270857399,1.32628908031476,1.03232171322923,1,1,1.32628908031476,0.326754613766609,0.247409934544679,0.326754613766609,0.303006388426067,0.251936172882908,0.247409934544679,0.306283507938467,0.198607560835901
97,19,17,0.983749710590397,3.13621852549667,1.01651872344628,1,1,3.13621852549667,0.297320527566803,0.231206299914566,0.297320527566803,0.187464319808874,0.204623447771638,0.231206299914566,0.434281106832377,0.2243963203717
98,11,11,1.14117715948561,1.53363852143332,1,1,1.14117715948561,1.53363852143332,0.308598800341661,0.380315029492748,0.30859880034166,0.248987585401626,0.17746028951608,0.380315029492748,0.478544784636343,0.183817356855682
99,13,20,1.21418076547349,3.29343962549264,1,1,1.21418076547349,3.29343962549264,0.358649745681777,0.255863137474118,0.358649745681777,0.226938438523933,0.207513959278914,0.255863137474118,0.150931109600971,0.199118530440127
100,19,12,1.95553657396039,2.89332120206591,1,1,1.95553657396039,2.89332120206591,0.316302851412681,0.29268248839259,0.316302851412681,0.189003915163658,0.218005248187693,0.29268248839259,0.150479790807185,0.194770919299315
101,18,16,3.39287984491492,1.15225588872295,1,1,3.39287984491492,1.15225588872295,0.283568392994751,0.326906918933997,0.283568392994751,0.0555728140996049,0.223165466873864,0.326906918933997,0.0742000564363159,0.209153699016651
102,16,15,1.2211598221788,1.61155514882557,1,1,1.2211598221788,1.61155514882557,0.250323301392688,0.205751700845975,0.250323301392688,0.390805747508464,0.205482472361533,0.205751700845976,0.164642081811768,0.214152540853344
103,13,15,1.9389079814575,9.22357147359891,1,0.867342983452646,1.9389079814575,8,0.283104998575802,0.236914282363092,0.283104998575802,0.257391201411358,0.207566269431653,0.236914282363092,0.210805413362535,0.190395882435487
104,16,16,2.92120092182422,2.51244195429542,1,1,2.92120092182422,2.51244195429542,0.32321862198079,0.340929026536407,0.32321862198079,0.172332728272197,0.196905763114173,0.340929026536407,0.446076135252653,0.196671706158049
105,18,17,1.36649684390788,1.4044744484756,1,1,1.36649684390788,1.4044744484756,0.275699709099965,0.303029467931591,0.275699709099965,0.538677828676618,0.204618136226177,0.303029467931592,0.146124816625151,0.204553385757491
106,13,12,1.01942133980826,1.03362707201564,1,1,1.01942133980826,1.03362707201564,0.330629577061107,0.257671732657775,0.330629577061107,0.283949828301245,0.184209635007831,0.257671732657775,0.25024668518271,0.184157683648636
107,13,13,3.79569159633744,3.02863039989729,1,1,3.79569159633744,3.02863039989729,0.289905043043994,0.307087607438634,0.289905043043994,0.570126820298514,0.23611473046688,0.307087607438633,0.536459334511539,0.209559796870216
108,17,14,3.43425550657981,1.98217864236341,1,1,3.43425550657981,1.98217864236341,0.382987814040582,0.300770342180475,0.382987814040582,0.10465336507488,0.191050443258589,0.300770342180475,0.324525249004753,0.203076884443503
109,12,11,1.30679577593213,2.29287187828914,1,1,1.30679577593213,2.29287187828914,0.283371513058146,0.25854377848976,0.283371513058146,0.370684626724147,0.20486617187123,0.25854377848976,0.4063575067113,0.210367892447312
110,17,12,2.15609436801852,0.944693817457028,1,1.05854402931507,2.15609436801852,1,0.19517544092517,0.364772400695857,0.19517544092517,0.250392311258364,0.196139910516136,0.364772400695857,0.614275839374077,0.195345229097424
111,15,18,2.30733396997717,1.47653737349734,1,1,2.30733396997717,1.47653737349734,0.411076400350544,0.351782696592139,0.411076400350544,0.576700746554972,0.17036013942584,0.351782696592139,0.245434167044895,0.218736925582566
112,11,15,0.873632699588726,1.23122515921436,1.14464579962582,1,1,1.23122515921436,0.368008000519049,0.36299232898532,0.368008000519049,0.105893276173879,0.196956495408652,0.36299232898532,0.369801852878051,0.22749112602505
113,17,13,1.00903851093394,1.70957368079161,1,1,1.00903851093394,1.70957368079161,0.260201333619183,0.301220708065937,0.260201333619182,0.530304209348974,0.214590957456041,0.301220708065937,0.136810401255947,0.213517424062545
114,18,20,2.18520670655807,4.94689276386669,1,1,2.18520670655807,4.94689276386669,0.327718999550203,0.227224889095993,0.327718999550203,0.356022100344741,0.214202617781534,0.227224889095993,0.592398951483358,0.183275002964299
115,15,12,1.13780280646615,0.825759690486123,1,1.21100607297905,1.13780280646615,1,0.274752142587216,0.266100411613289,0.274752142587216,0.162227614486182,0.211240626814419,0.266100411613289,0.471807194786883,0.194849045036679
116,14,20,0.717182501019412,1.85217504609274,1.394345230926,1,1,1.85217504609274,0.289393770390201,0.203743364483645,0.289393770390201,0.562911334988217,0.192314084975906,0.203743364483645,0.363336762751286,0.189626845938421
117,19,12,2.74554834708736,0.662367242411214,1,1.50973649656904,2.74554834708736,1,0.276144885521268,0.311083490731345,0.276144885521268,0.335030711905981,0.198620108041577,0.311083490731345,0.303107307436117,0.230951761196717
118,11,15,3.07803799664975,1.5154055702637,1,1,3.07803799664975,1.5154055702637,0.319159644245094,0.278256979256712,0.319159644245094,0.412842706403438,0.218184141949487,0.278256979256712,0.122290891769057,0.205900561709325
119,12,11,1.95110352157305,0.736725336064363,1,1.35735796103073,1.95110352157305,1,0.209583677600114,0.260525358985389,0.209583677600114,0.218456435154556,0.217839733009216,0.260525358985389,0.216197400441042,0.20547383764355
120,10,20,1.11340298229323,2.84057779196537,1,1,1.11340298229323,2.84057779196537,0.273245975503179,0.294984795141381,0.273245975503179,0.39949229832409,0.217304390577411,0.294984795141381,0.0408687141406108,0.179351768866916
121,15,15,1.88830540105174,1.76235691029944,1,1,1.88830540105174,1.76235691029944,0.342350073838844,0.300102191365628,0.342350073838844,0.0473019765251646,0.197142999308787,0.300102191365628,0.412395462728777,0.226692379968067
122,17,12,4.53394377276028,2.54249325745408,1,1,4.53394377276028,2.54249325745408,0.273923341600787,0.297603766910975,0.273923341600787,0.226999063777148,0.193374343291288,0.297603766910975,0.0598059877851812,0.199278598784099
123,12,17,3.59156686643185,2.07997765130767,1,1,3.59156686643185,2.07997765130767,0.284319459775299,0.287704272146716,0.284319459775299,0.471123723323334,0.176171227365362,0.287704272146716,0.33949502147239,0.202097627607201
124,16,11,2.15063875124646,3.11577892435672,1,1,2.15063875124646,3.11577892435672,0.32730619292495,0.287147536532091,0.32730619292495,0.208862648233716,0.172262455378865,0.287147536532091,0.285088875543372,0.209443194654866
125,11,16,0.497902866620825,1.43952551829404,2.00842386545556,1,1,1.43952551829404,0.256455866714213,0.343608849721689,0.256455866714213,0.571164223012543,0.191834540114515,0.343608849721689,0.254665377786301,0.190246029997968
126,18,19,1.80398974159063,2.54264825041267,1,1,1.80398974159063,2.54264825041267,0.383699956108638,0.210046171141516,0.383699956108638,0.0224253540858016,0.23748403349324,0.210046171141517,0.492555784047308,0.200571532595295
127,19,16,0.957628341754553,4.10541475996836,1.04424645386728,1,1,4.10541475996836,0.352516524274777,0.198763843796795,0.352516524274777,0.386090774225213,0.213997447280989,0.198763843796795,0.183079011899058,0.201205864858254
128,19,16,1.6874519951804,1.00472597718465,1,1,1.6874519951804,1.00472597718465,0.329468945238825,0.302473779954846,0.329468945238825,0.207109551437947,0.217460456381255,0.302473779954846,0.381705692953086,0.215209162152354
129,17,17,0.937442467551277,1.17980496502569,1.06673212982566,1,1,1.17980496502569,0.229389388779073,0.314010461378797,0.229389388779073,0.594686974055672,0.227237516013411,0.314010461378797,0.393804437204438,0.202515888589173
130,13,13,1.55121908970793,0.52373611327391,1,1.90935850069405,1.55121908970793,1,0.268713999084791,0.325527019892815,0.268713999084791,0.225254491518243,0.202657431217281,0.325527019892815,0.14427362500685,0.209108024420466
131,13,18,1.8014235323408,1.32398734506327,1,1,1.8014235323408,1.32398734506327,0.271926619760615,0.309806976949765,0.271926619760615,0.291717765669019,0.21492623822056,0.309806976949765,0.534056451977585,0.187202264973067
132,19,12,4.51841148986269,1.54002337715085,1,1,4.51841148986269,1.54002337715085,0.368201134978067,0.207784379994206,0.368201134978066,0.30630598667092,0.177648131980484,0.207784379994206,0.026210050756239,0.210026271600345
133,13,11,5.70627421417977,0.542359100882881,1,1.84379684672415,5.70627421417977,1,0.301413004289974,0.366531146513548,0.301413004289974,0.389063188459979,0.192520370609788,0.366531146513548,0.239550466959448,0.184748776803166
134,14,15,1.80845574973061,0.780792863513247,1,1.28074941092624,1.80845574973061,1,0.314229396757769,0.402054791709845,0.314229396757769,0.293659875424896,0.204342614630018,0.402054791709845,0.350723294522344,0.247943826488314
135,17,18,1.39155723699838,5.26618633449425,1,1,1.39155723699838,5.26618633449425,0.229023415393704,0.319530384475445,0.229023415393704,0.204696237053452,0.206996332989584,0.319530384475444,0.329822002211724,0.206133302371737
136,16,19,1.90781689489148,2.10151826825678,1,1,1.90781689489148,2.10151826825678,0.359811603570334,0.282803885942445,0.359811603570334,0.0788284471317879,0.189864940198657,0.282803885942445,0.276270177720173,0.220527528985
137,18,13,5.00861292925307,2.58940070138214,1,1,5.00861292925307,2.58940070138214,0.287272346537976,0.31709867344844,0.287272346537975,0.134921250127769,0.210233708979248,0.31709867344844,0.10517989621569,0.24357529506738
138,15,11,0.567875571323442,0.636827480670348,1.76094914185072,1.57028399425754,1,1,0.327464713766378,0.296511537273516,0.327464713766378,0.251245606310164,0.229634847397909,0.296511537273515,0.592234585101399,0.218434076890314
139,10,19,3.46013061131229,4.69467782526269,1,1,3.46013061131229,4.69467782526269,0.343824528600143,0.261168477111976,0.343824528600143,0.182890393249737,0.209460459294401,0.261168477111976,0.394265778930805,0.229690006090048
140,18,19,4.82119858719223,5.18928218424323,1,1,4.82119858719223,5.18928218424323,0.350652118268945,0.395973954508307,0.350652118268946,0.295268144670014,0.192013897864351,0.395973954508307,0.402807976789335,0.205033650628494
141,12,12,1.77342785251949,1.53271275775119,1,1,1.77342785251949,1.53271275775119,0.353124611914729,0.355475972057916,0.353124611914729,0.199329510234988,0.19563606940067,0.355475972057916,0.336032945677257,0.224826809873067
142,11,16,2.83734096297664,1.44303684871867,1,1,2.83734096297664,1.44303684871867,0.352372170209297,0.259666302859958,0.352372170209296,0.499088399440488,0.200440310864437,0.259666302859958,0.0824966695688655,0.208734825315068
143,13,15,2.06451261380609,2.34422084136325,1,1,2.06451261380609,2.34422084136325,0.274816047408487,0.270185815093334,0.274816047408487,0.340935129885046,0.170576374670162,0.270185815093334,0.156122085558728,0.187340622213658
144,17,19,2.3827115371236,2.89832214948043,1,1,2.3827115371236,2.89832214948043,0.333703981122374,0.261302046478548,0.333703981122374,0.240215096675785,0.201204050917965,0.261302046478548,0.192535385684041,0.197296987351736
145,17,17,6.85925287678922,6.46377533382329,1,1,6.85925287678922,6.46377533382329,0.333612786353435,0.263398356206315,0.333612786353435,0.182410831418504,0.190554794997866,0.263398356206315,0.221027187251983,0.208258146976525
146,19,16,1.42855611340466,2.76736703943593,1,1,1.42855611340466,2.76736703943593,0.294124668078167,0.309244324209862,0.294124668078167,0.149506000364863,0.200632790301057,0.309244324209862,0.13257002840065,0.192771740945563
147,10,11,0.42338385650711,1.35348973976035,2.36192283817795,1,1,1.35348973976035,0.245208689652636,0.354615730860897,0.245208689652636,0.204232938023981,0.224594098758399,0.354615730860897,0.340378401168279,0.177563046209531
148,12,17,1.13551750058322,1.44519600469477,1,1,1.13551750058322,1.44519600469477,0.28832380906658,0.306716035163361,0.288323809066581,0.604978717669196,0.191444972160192,0.306716035163361,0.593398114420238,0.247019901916652
149,19,13,3.33016735231403,2.97793978730783,1,1,3.33016735231403,2.97793978730783,0.295720785464234,0.346579607643332,0.295720785464234,0.185502604007369,0.209135570385979,0.346579607643332,0.559825605997175,0.197350477552967
150,19,15,0.644177649119144,2.91367104013063,1.55236680652831,1,1,2.91367104013063,0.272483381137929,0.257889492805477,0.272483381137929,0.382661531934888,0.159284114732238,0.257889492805477,0.41304944375407,0.232633105946426
151,20,16,3.01806077149564,1.65809344546407,1,1,3.01806077149564,1.65809344546407,0.391175610435872,0.213419762158405,0.391175610435873,0.577326839515124,0.210906467295803,0.213419762158405,0.552847006104257,0.202268444085172
152,13,11,0.977502800912329,1.97127562814315,1.02301497148312,1,1,1.97127562814315,0.25761421238795,0.287637761783627,0.25761421238795,0.298813661976223,0.206180268017219,0.287637761783627,0.397591106274539,0.221392636463152
153,15,18,1.77580414806144,2.56865361279432,1,1,1.77580414806144,2.56865361279432,0.370180950213832,0.259707852102144,0.370180950213832,0.649807835936613,0.183108664319918,0.259707852102144,0.239077419141036,0.205987908317635
154,11,19,1.38675020006947,1.2496938687935,1,1,1.38675020006947,1.2496938687935,0.256191903832853,0.281542208288057,0.256191903832853,0.284748214393001,0.186356785609835,0.281542208288057,0.118901434656248,0.205217902118324
155,11,12,0.933091923695592,0.92545639333055,1.07170577153793,1.08054794067734,1,1,0.115334829821126,0.299778189706085,0.115334829821126,0.415567112452969,0.21135816828771,0.299778189706086,0.685143336069825,0.212255686446427
156,19,10,2.10899210600858,0.725241645341495,1,1.37885076846232,2.10899210600858,1,0.211810845169467,0.323874658439422,0.211810845169468,0.143423953739689,0.192805993995708,0.323874658439423,0.188930294376862,0.246940661927941
157,17,18,3.57328244142799,2.5597924502724,1,1,3.57328244142799,2.5597924502724,0.360998180125154,0.158991203100392,0.360998180125154,0.258134096150368,0.212569086441285,0.158991203100392,0.258386569105153,0.202815875227511
158,13,18,0.814830026204995,2.37261038055732,1.22724981632969,1,1,2.37261038055732,0.281862755759487,0.389289317342719,0.281862755759486,0.183626859222891,0.193684528671528,0.38928931734272,0.577384740289464,0.219902430056984
159,20,14,2.36349654583796,5.3760091673141,1,1,2.36349654583796,5.3760091673141,0.250017176086702,0.222073025094379,0.250017176086702,0.627606490454402,0.187939080241631,0.222073025094378,0.170465595640944,0.184319586292952
160,18,10,0.682418196952535,0.648906528114063,1.4653771022896,1.5410539988037,1,1,0.189064048568547,0.244711511131737,0.189064048568547,0.43119415349583,0.210833847377919,0.244711511131737,0.398892262458818,0.229278257165631
161,12,10,6.30343634097156,0.788875309051006,1,1.26762745458845,6.30343634097156,1,0.289002795235693,0.296449724500228,0.289002795235693,0.199225301390455,0.219379996509815,0.296449724500228,0.162387401973187,0.231867756765537
162,20,10,2.23381934783218,0.768269708214296,1,1.30162622488959,2.23381934783218,1,0.328029948501702,0.322456929265619,0.328029948501702,0.406370801194079,0.200336425316814,0.322456929265618,0.389986942159757,0.221803052742358
163,20,18,1.4113541159628,1.78107515886763,1,1,1.4113541159628,1.78107515886763,0.363884339250278,0.246906980275152,0.363884339250278,0.0745279344130067,0.211832269352931,0.246906980275152,0.175129066834943,0.206223451511761
164,18,17,5.06609899882224,1.50180751526951,1,1,5.06609899882224,1.50180751526951,0.232674523481429,0.345846889581342,0.232674523481429,0.330368310173251,0.206608807658941,0.345846889581342,0.441487563077969,0.228355554177465
165,13,16,1.60431829898741,1.85044140195812,1,1,1.60431829898741,1.85044140195812,0.326743170799184,0.196412212321503,0.326743170799185,0.526433248016058,0.21219814408867,0.196412212321503,0.490418563859817,0.182339734204807
166,16,16,2.33879831291411,1.29321697040133,1,1,2.33879831291411,1.29321697040133,0.337850015618812,0.266953919863818,0.337850015618812,0.318437967541705,0.206874612841782,0.266953919863818,0.202785662795743,0.195024647798204
167,18,13,2.02642204672246,1.55750058804132,1,1,2.02642204672246,1.55750058804132,0.263072449269274,0.250647013930862,0.263072449269275,0.111038116210386,0.209133422504933,0.250647013930862,0.07028093693978,0.211609900688539
168,14,11,3.24358822255112,0.336360356807539,1,2.97300195983615,3.24358822255112,1,0.362099871380263,0.26463734673024,0.362099871380263,0.34419730764145,0.214093222358044,0.26463734673024,0.321745407648855,0.193065807038608
169,10,16,0.453482943427112,6.3361480008583,2.20515460282296,1,1,6.3361480008583,0.282563959490867,0.397031210947124,0.282563959490867,0.348647734982331,0.203462160129451,0.397031210947125,0.489873729512163,0.228453391104632
170,12,16,1.21049125446055,0.852539533066359,1,1.17296613378533,1.21049125446055,1,0.242771709491098,0.294635368593352,0.242771709491098,0.242129264826467,0.201600876576458,0.294635368593351,0.289738621005105,0.18602721653841
171,11,14,1.89995664461549,5.29166768098388,1,1,1.89995664461549,5.29166768098388,0.277609750622724,0.408695453079902,0.277609750622724,0.176425670164177,0.198065764034857,0.408695453079902,0.364337006834143,0.191484464457576
172,12,12,0.699850842495156,1.23499675162515,1.42887589651922,1,1,1.23499675162515,0.257629802109169,0.228523509666464,0.257629802109169,0.563152111939836,0.198706886790792,0.228523509666464,0.196508632155657,0.207568760343665
173,13,19,1.47773329684876,1.6020717768541,1,1,1.47773329684876,1.6020717768541,0.293486383725595,0.317306247125751,0.293486383725595,0.271446090940824,0.206736279458756,0.317306247125751,0.354246843269907,0.195784588630111
174,20,13,3.15008623235366,2.74206149841251,1,1,3.15008623235366,2.74206149841251,0.284917655691513,0.193735549156547,0.284917655691513,0.0831463191909663,0.201900259308192,0.193735549156547,0.146192156841447,0.207326145285782
175,10,10,0.504314095191628,2.25535938134258,1.98289123689875,1,1,2.25535938134258,0.254519463516225,0.28452337310224,0.254519463516225,0.199538583510023,0.18740370112058,0.28452337310224,0.130850327691494,0.188884270854058
176,18,16,1.35928956085663,0.749823047694982,1,1.33364798944775,1.35928956085663,1,0.325785666657421,0.297953276334269,0.325785666657421,0.275138058127572,0.178054903549383,0.297953276334268,0.510640570682438,0.207099251380379
177,10,15,2.20942426937438,1.29551895357111,1,1,2.20942426937438,1.29551895357111,0.369191463128369,0.213459167983708,0.369191463128369,0.406571708223222,0.201195007167867,0.213459167983708,0.181909607435986,0.190717279223434
178,11,12,2.21919174524293,1.22806049126515,1,1,2.21919174524293,1.22806049126515,0.29013414106395,0.3888553141156,0.29013414106395,0.0347735223267136,0.199125951763295,0.3888553141156,0.472692284041418,0.196970016600496
179,12,13,1.01228887979802,1.18211266502157,1,1,1.01228887979802,1.18211266502157,0.352631319803853,0.277432715222667,0.352631319803853,0.184758674816652,0.21871255216406,0.277432715222667,0.110232334908437,0.216181590032155
180,16,13,1.01870206174342,0.676173846035028,1,1.47890961157968,1.01870206174342,1,0.223221482700143,0.255042540593346,0.223221482700143,0.221680966043733,0.20586235111763,0.255042540593346,0.370540417419337,0.178445664438253
181,12,20,4.09718269220562,2.33026890975062,1,1,4.09718269220562,2.33026890975062,0.345461907409485,0.283934573697275,0.345461907409485,0.355450360709882,0.218241723044549,0.283934573697275,0.229995781796272,0.216300485302023
182,20,18,2.06131015342057,2.47211276156305,1,1,2.06131015342057,2.47211276156305,0.422429981208242,0.546319343209267,0.422429981208242,0.16803690528878,0.214736439569143,0.546319343209267,0.421398645571708,0.223429080076425
183,14,10,3.91114487683836,0.59298094938077,1,1.68639481764847,3.91114487683836,1,0.315167115822811,0.297064869527649,0.315167115822811,0.297716280162526,0.210891051354499,0.297064869527649,0.223844230157489,0.205704198260409
184,18,15,4.24576623480272,1.24182057575255,1,1,4.24576623480272,1.24182057575255,0.32712911557736,0.27164746827259,0.32712911557736,0.552243347929546,0.204332008125502,0.27164746827259,0.0774666600116155,0.244900344514742
185,15,18,1.24985471834321,3.48004957149523,1,1,1.24985471834321,3.48004957149523,0.244449375102947,0.304642048946221,0.244449375102947,0.293870096792158,0.220943781810308,0.304642048946222,0.420253230134173,0.235656478114317
186,19,19,1.24837872061036,1.74601659450743,1,1,1.24837872061036,1.74601659450743,0.436992003409161,0.330561788358966,0.436992003409161,0.640590116132644,0.217654792224694,0.330561788358966,0.131982437782843,0.221251273756363
187,13,11,0.671333439381282,2.50455626193277,1.48957275377438,1,1,2.50455626193277,0.330747387419025,0.377881856610549,0.330747387419025,0.266032981013986,0.226286403777528,0.377881856610549,0.424476543136303,0.204979414769152
188,10,10,0.704512190350765,1.09820210504942,1.41942185486119,1,1,1.09820210504942,0.318280128040424,0.453695621894463,0.318280128040424,0.33521415888918,0.199655171129024,0.453695621894463,0.425375136134384,0.189929336749825
189,19,17,1.39423039943646,1.45796229290215,1,1,1.39423039943646,1.45796229290215,0.305812427564651,0.365985603787548,0.305812427564651,0.538489453583707,0.198058395886984,0.365985603787548,0.202043747311614,0.199784471066435
190,20,10,2.20970360455533,3.39364098586907,1,1,2.20970360455533,3.39364098586907,0.232180515551575,0.225257560540841,0.232180515551575,0.610290684020768,0.188833139456575,0.225257560540841,0.288942286295671,0.217409701654554
191,11,19,0.962214471705455,2.39177068507064,1.03926934109354,1,1,2.39177068507064,0.196019952307617,0.280109351235384,0.196019952307617,0.227183625040783,0.187763237988823,0.280109351235384,0.198570026691156,0.19768351668905
192,17,10,1.01718291535604,0.461653077023513,1,2.16612874422381,1.01718291535604,1,0.368487650659046,0.400314257901814,0.368487650659046,0.450269400516373,0.191706850342753,0.400314257901813,0.18907587980093,0.204621792182447
193,14,18,0.453027526352187,2.6008147523221,2.20737138878089,1,1,2.6008147523221,0.283446968183405,0.230353672359213,0.283446968183405,0.63987506138609,0.179566562825436,0.230353672359213,0.167436911407327,0.199496455898859
194,16,20,2.05316823127508,2.84525915360638,1,1,2.05316823127508,2.84525915360638,0.322725166390289,0.260840864965309,0.322725166390289,0.320835488918331,0.229127373979731,0.260840864965309,0.252647640415011,0.19083483772791
195,16,10,1.82655018180907,9.92438135240131,1,0.806095585803373,1.82655018180907,8,0.352294511699629,0.29860770721043,0.352294511699629,0.327754792982586,0.201114309872187,0.298607707210431,0.496432900428255,0.197004611601819
196,20,17,2.26056432956971,4.45917050463999,1,1,2.26056432956971,4.45917050463999,0.29955770690147,0.426879250333937,0.29955770690147,0.356065800078904,0.190718237119447,0.426879250333938,0.245157507889494,0.183659757869492
197,11,11,2.0685008941477,2.03226234043078,1,1,2.0685008941477,2.03226234043078,0.268335114433953,0.302687639397774,0.268335114433953,0.217117929395336,0.201953734815838,0.302687639397773,0.158889403362128,0.211278425443587
198,15,17,1.25491887441789,1.29408212530537,1,1,1.25491887441789,1.29408212530537,0.367522855329084,0.314245961667865,0.367522855329084,0.784106383206113,0.213964716538086,0.314245961667865,0.813012678122775,0.208121308687922
199,17,20,2.40824458691311,2.99608593730091,1,1,2.40824458691311,2.99608593730091,0.334286772560713,0.252069675632169,0.334286772560713,0.419327303368885,0.19211774262238,0.252069675632169,0.332521471486075,0.212299204609168
200,18,19,1.79134856210176,2.3235742925075,1,1,1.79134856210176,2.3235742925075,0.310595713822592,0.211397284653238,0.310595713822592,0.0421377445331329,0.181309207844704,0.211397284653238,0.320717576246975,0.20478181273396
201,10,13,1.3604200184756,1.82137889987418,1,1,1.3604200184756,1.82137889987418,0.247566561445509,0.18855753081398,0.247566561445509,0.242367109348138,0.196060753668161,0.18855753081398,0.319033695803042,0.220805433437167
202,12,17,5.05689376872337,2.21834574252936,1,1,5.05689376872337,2.21834574252936,0.183072515064408,0.370884395847444,0.183072515064408,0.404420815728566,0.216300585892286,0.370884395847444,0.418736835681402,0.197965925016125
203,14,11,0.81364535477374,1.12924659931642,1.22903669778596,1,1,1.12924659931642,0.20362498395327,0.287168756470808,0.20362498395327,0.587241118249342,0.209957060038027,0.287168756470808,0.169980399691661,0.218142255146223
204,13,14,0.626639330939888,1.26151442861689,1.59581429161191,1,1,1.26151442861689,0.269272615344329,0.248382444987226,0.269272615344329,0.36207651678583,0.202500187537563,0.248382444987226,0.48669287608303,0.183325342579911
205,18,10,4.12851188487031,0.948031212498475,1,1.05481759125268,4.12851188487031,1,0.185781358361974,0.182350858455483,0.185781358361974,0.203727815019897,0.222205517910658,0.182350858455483,0.438855200498427,0.218382000313778
206,15,17,1.2286786210102,1.66175872664531,1,1,1.2286786210102,1.66175872664531,0.373191819860909,0.360496099827381,0.373191819860909,0.156814937601195,0.213368622810548,0.360496099827381,0.635493980322444,0.176852580007341
207,15,16,0.939298978242962,1.19938926713155,1.0646237493738,1,1,1.19938926713155,0.203635773008843,0.158430211103203,0.203635773008843,0.16061110644092,0.197203880533402,0.158430211103203,0.0400853869135439,0.207962908603383
208,11,18,1.13996607834765,1.29550504903526,1,1,1.13996607834765,1.29550504903526,0.301836784781464,0.363821113792876,0.301836784781463,0.426412563488331,0.208767639782288,0.363821113792876,0.661417870038353,0.207334644238375
209,13,12,1.40816477796207,1.49853722461887,1,1,1.40816477796207,1.49853722461887,0.211816444576421,0.294193372792412,0.211816444576421,0.216857457032126,0.181231670862753,0.294193372792412,0.168556940332264,0.187520511306915
210,17,20,0.9482938959001,2.42538067052786,1.0545254001143,1,1,2.42538067052786,0.425513780812072,0.253744135978454,0.425513780812072,0.382291474778751,0.199096769937029,0.253744135978454,0.4539125751717,0.212402153851662
211,17,17,2.21159739542848,2.5900574836258,1,1,2.21159739542848,2.5900574836258,0.295682656364175,0.212168598832535,0.295682656364175,0.190580185366757,0.222804542660421,0.212168598832535,0.195148886949784,0.233682243724406
212,17,18,2.64160119406597,0.86321506516341,1,1.1584598559001,2.64160119406597,1,0.365742625129789,0.282849248682864,0.365742625129789,0.302564454092644,0.221462471372385,0.282849248682864,0.456894983366798,0.188343710141759
213,14,19,2.10854031501035,1.31627479155641,1,1,2.10854031501035,1.31627479155641,0.193715444310175,0.235510369008007,0.193715444310175,0.488591246062074,0.226144282336849,0.235510369008007,0.152484444374775,0.191836869150338
214,16,14,1.57293532629864,0.734928051008508,1,1.3606774141057,1.57293532629864,1,0.350721799068155,0.341392467763409,0.350721799068155,0.422826642628271,0.19240042797945,0.341392467763409,0.323219100172292,0.19765195830715
215,13,15,0.52524250114933,3.88242079913283,1.90388248820651,1,1,3.88242079913283,0.307376566822523,0.378087446495617,0.307376566822523,0.436184521969444,0.213343231385922,0.378087446495617,0.559812841101536,0.226824218306535
216,17,14,1.52753890940867,1.93487888314071,1,1,1.52753890940867,1.93487888314071,0.23858948631968,0.317381982494525,0.23858948631968,0.181852338556825,0.230687722377136,0.317381982494526,0.192894117864927,0.202939988112147
217,14,20,0.718879103117472,2.10150976164948,1.39105448421498,1,1,2.10150976164948,0.268361133342326,0.401865130512838,0.268361133342326,0.488531660326997,0.182027084849001,0.401865130512838,0.135982603044291,0.180595273911094
218,20,19,1.60477238195661,1.70633978195203,1,1,1.60477238195661,1.70633978195203,0.367533089295025,0.244636038770335,0.367533089295025,0.446616938032357,0.224048953783187,0.244636038770335,0.461722909097342,0.185246702504411
219,17,12,1.00348352779722,2.25294390674643,1,1,1.00348352779722,2.25294390674643,0.229276609804741,0.418648710791156,0.229276609804741,0.400328507729516,0.195843128129822,0.418648710791156,0.370431122867463,0.194400302505502
220,13,14,0.632385900127348,3.12845417829286,1.5813129290179,1,1,3.12845417829286,0.40889894261288,0.274952003634623,0.408898942612879,0.671948909825293,0.205455992025859,0.274952003634623,0.350300222832936,0.201759140058141
221,18,10,1.85674770532984,0.709611868083409,1,1.40922107560137,1.85674770532984,1,0.266668399710711,0.270129766692213,0.266668399710711,0.146172542514319,0.232777643483783,0.270129766692213,0.569501092063245,0.19311275519776
222,14,16,1.07144114062154,5.67098330762405,1,1,1.07144114062154,5.67098330762405,0.253478357520874,0.345593957277131,0.253478357520874,0.265385357020153,0.223319288181871,0.345593957277131,0.0484691531928709,0.181047924110441
223,19,10,3.20040065459928,0.736132015025792,1,1.35845198902939,3.20040065459928,1,0.35268691654918,0.263317709057411,0.35268691654918,0.345060091034518,0.193207636306238,0.263317709057411,0.362241634732117,0.227313265127194
224,10,16,6.5589935840532,1.9345590013887,1,1,6.5589935840532,1.9345590013887,0.281781015968915,0.340596427440264,0.281781015968915,0.242913710526152,0.184760065662062,0.340596427440263,0.11795018087193,0.235785138576305
225,18,10,3.07240591411171,1.96239650205878,1,1,3.07240591411171,1.96239650205878,0.363279571313209,0.293372407489653,0.363279571313209,0.243158852804991,0.195104758359687,0.293372407489653,0.0605855424677097,0.213541203936655
226,12,19,0.715269037775161,4.69333592188847,1.39807533555555,1,1,4.69333592188847,0.323778195883244,0.285942117216838,0.323778195883244,0.166259819210841,0.18381123883675,0.285942117216838,0.251073505347082,0.20845543513056
227,16,15,3.1137957399161,6.1868653149529,1,1,3.1137957399161,6.1868653149529,0.234518447106093,0.255622612456646,0.234518447106092,0.148195436672419,0.207775084711266,0.255622612456646,0.427139016494689,0.207030158356085
228,16,11,1.63839192026831,1.60999085900906,1,1,1.63839192026831,1.60999085900906,0.308162864957641,0.33993796142176,0.308162864957641,0.456737276711245,0.2368452084756,0.339937961421759,0.436605877155821,0.197820565019892
229,20,16,1.13420210996733,7.92854027151661,1,1,1.13420210996733,7.92854027151661,0.328152114158738,0.293798396194549,0.328152114158738,0.0469737642358007,0.221043551894267,0.293798396194549,0.133669079042442,0.220564481392851
230,20,17,1.88604550774389,2.80378963357783,1,1,1.88604550774389,2.80378963357783,0.330119206636056,0.281970255030092,0.330119206636056,0.274408932041117,0.242789462821439,0.281970255030092,0.401369986461313,0.188975414931013
231,14,19,8.70386196068263,3.8370661068517,0.919132223849351,1,8,3.8370661068517,0.336774816735001,0.391138222359019,0.336774816735001,0.0850922723950629,0.202054653708856,0.391138222359019,0.0785606844939725,0.187583958515123
232,14,20,2.70681397021355,1.95247989649972,1,1,2.70681397021355,1.95247989649972,0.275360450393072,0.276069108827677,0.275360450393072,0.385283690326288,0.169198995472934,0.276069108827677,0.430366822719227,0.213414128659587
233,14,10,1.12771877692052,4.54221610171442,1,1,1.12771877692052,4.54221610171442,0.302243168341664,0.478721452888566,0.302243168341664,0.0637981798689251,0.190569749159734,0.478721452888566,0.356551044803317,0.181837132259842
234,14,11,0.530722857404795,0.687597338789898,1.88422259574412,1.45433954377994,1,1,0.388021869097678,0.280918349820985,0.388021869097678,0.247036449160435,0.184720340652846,0.280918349820985,0.241290887885934,0.185804235756533
235,20,13,3.40293104407011,2.69513663381087,1,1,3.40293104407011,2.69513663381087,0.277978982351559,0.366320524539659,0.277978982351559,0.695122938703915,0.219243059470354,0.366320524539659,0.281925984639535,0.200723333753571
236,14,10,1.57852688529781,1.07010341151109,1,1,1.57852688529781,1.07010341151109,0.350432679617352,0.383048715797283,0.350432679617352,0.246167213287235,0.216386744893239,0.383048715797284,0.148341376789812,0.199011927317054
237,11,14,1.09878222589183,3.17997872691101,1,1,1.09878222589183,3.17997872691101,0.36189533307115,0.281341782724058,0.36189533307115,0.561112907567275,0.193570310625716,0.281341782724058,0.302047965416238,0.212461409274922
238,18,11,2.4715955218001,1.95762226068101,1,1,2.4715955218001,1.95762226068101,0.414652222859745,0.306540788574118,0.414652222859745,0.287648185258628,0.203165895318577,0.306540788574118,0.108701009032721,0.209345454033687
239,19,17,4.98069995656724,1.24156408183314,1,1,4.98069995656724,1.24156408183314,0.310223640349307,0.230109438643614,0.310223640349307,0.117899990601307,0.222475622210217,0.230109438643615,0.248097557959158,0.207553259771246
240,19,18,1.97172839706736,3.03196536614036,1,1,1.97172839706736,3.03196536614036,0.291215074637516,0.300523937548796,0.291215074637517,0.449697674383594,0.219599937300921,0.300523937548796,0.12213762743965,0.188086095868878
241,15,11,1.96433899893866,1.51757952411129,1,1,1.96433899893866,1.51757952411129,0.260143692263523,0.297759608545608,0.260143692263523,0.261229067935842,0.204124392622297,0.297759608545608,0.232616931768633,0.195407295513279
242,17,19,1.8489159852583,4.75409281245429,1,1,1.8489159852583,4.75409281245429,0.27789022089268,0.244558392450757,0.277890220892681,0.374352647797248,0.17382046314229,0.244558392450757,0.33317835490674,0.184444392934568
243,10,20,2.09767438662145,2.03577410984692,1,1,2.09767438662145,2.03577410984692,0.224674121104784,0.345138762604323,0.224674121104784,0.334761126496416,0.206381080293026,0.345138762604323,0.419747265215262,0.212552759307015
244,13,12,0.925074050469878,5.05914923538702,1.08099454253642,1,1,5.05914923538702,0.301174919239614,0.357576366371219,0.301174919239614,0.128311068788625,0.23510179645527,0.357576366371219,0.379199997737813,0.205580079540276
245,13,20,2.78800766368588,3.78972331312219,1,1,2.78800766368588,3.78972331312219,0.315205995285342,0.31739464605146,0.315205995285342,0.105103962772801,0.197539751187644,0.317394646051461,0.327679215671935,0.208761397196048
246,18,12,1.01602810178338,1.31612453401488,1,1,1.01602810178338,1.31612453401488,0.293903660581692,0.274889600202024,0.293903660581693,0.495947511572111,0.210440650506949,0.274889600202024,0.256629919072585,0.228376955485324
247,18,14,3.11151559987633,0.711605450469443,1,1.4052731037126,3.11151559987633,1,0.387997197004059,0.242114940196102,0.387997197004059,0.179523841298942,0.228388495563389,0.242114940196102,0.219239776919034,0.227163105743295
248,18,11,2.38952107735219,5.54673205917764,1,1,2.38952107735219,5.54673205917764,0.25523749280301,0.197092990576709,0.25523749280301,0.405334553445326,0.206518868290163,0.197092990576709,0.42014346255702,0.187880681213358
249,12,17,0.981853660453948,5.8956044178041,1.01848171502224,1,1,5.8956044178041,0.349737684545045,0.189998255275191,0.349737684545045,0.134646634139892,0.214339482582111,0.189998255275191,0.357902065022397,0.21653792878912
250,16,13,2.36238435552936,2.01313783979362,1,1,2.36238435552936,2.01313783979362,0.289679437387036,0.345490544658927,0.289679437387036,0.262056409417945,0.210272412560288,0.345490544658927,0.0718024166658427,0.185309456952742
251,10,12,0.708890858622172,0.955828076765589,1.41065438753666,1.04621325142894,1,1,0.211913690273135,0.180212443994385,0.211913690273134,0.410218023760894,0.186328734011209,0.180212443994385,0.811580776087138,0.220722894966564
252,19,20,3.00327660040894,1.64978711429849,1,1,3.00327660040894,1.64978711429849,0.311420299582694,0.26221249119323,0.311420299582694,0.164273897977263,0.217462459933356,0.26221249119323,0.173157923367533,0.198935921405161
253,11,19,0.744389999589214,0.7822901770772,1.34338183015871,1.27829803991175,1,1,0.32458291666239,0.245007780258765,0.324582916662391,0.155250337893419,0.215000427583386,0.245007780258765,0.464473848128028,0.210711538266119
254,20,18,1.61568237405875,2.47904108660283,1,1,1.61568237405875,2.47904108660283,0.276927120828313,0.327342574510219,0.276927120828313,0.31336474749004,0.225300602232374,0.327342574510219,0.305657312952257,0.219216566705294
255,14,14,0.895949341052224,0.695428280379436,1.11613453370653,1.43796280394922,1,1,0.284382591791393,0.384116168941845,0.284382591791393,0.499477398049793,0.21562228435188,0.384116168941845,0.379292782574308,0.194512868980935
256,14,14,2.01243652151683,0.883308931170848,1,1.13210674624842,2.01243652151683,1,0.307936632355648,0.259962104068852,0.307936632355648,0.111263925302528,0.221811502308753,0.259962104068852,0.12085721106806,0.248198650523099
257,11,20,0.55895453325198,2.28157342084198,1.78905427992869,1,1,2.28157342084198,0.230130481297182,0.242651513486708,0.230130481297182,0.197342120129995,0.216809565201144,0.242651513486708,0.141425277904674,0.194031274853216
258,17,12,2.20788641781429,1.07182999644327,1,1,2.20788641781429,1.07182999644327,0.328784569122618,0.303104171371862,0.328784569122618,0.217647961212116,0.203207253536162,0.303104171371862,0.186681802006512,0.200448175190621
259,11,19,0.63466235257078,4.18906905717525,1.57564096239422,1,1,4.18906905717525,0.164353258015966,0.317606995281078,0.164353258015966,0.52065652722068,0.196429563910172,0.317606995281078,0.512183565523893,0.216470491988555
260,10,18,1.05344926325046,5.0068360585387,1,1,1.05344926325046,5.0068360585387,0.303375156249208,0.306858702591451,0.303375156249208,0.295923291519964,0.179580492260275,0.306858702591452,0.18231972361254,0.212600206349716
261,16,16,1.64639533637753,1.15568679194891,1,1,1.64639533637753,1.15568679194891,0.276502512343829,0.337358512136938,0.276502512343829,0.184532333124353,0.204523609406152,0.337358512136938,0.715712123056415,0.204083179078571
262,11,16,4.19016285265464,1.55790717869049,1,1,4.19016285265464,1.55790717869049,0.288043976275674,0.298581191275198,0.288043976275674,0.343541207787891,0.19182980469868,0.298581191275198,0.105439236710787,0.207020788307655
263,12,14,0.742821738958097,1.70685009953262,1.34621800568549,1,1,1.70685009953262,0.220516495148672,0.25715753151755,0.220516495148672,0.207590993954656,0.212620613380529,0.25715753151755,0.42285729427466,0.199887059131018
264,16,16,1.03542698060759,1.19833067622383,1,1,1.03542698060759,1.19833067622383,0.277184700667685,0.278609909098132,0.277184700667685,0.222831049723413,0.18862986559736,0.278609909098132,0.303976975842831,0.205670245559449
265,15,14,1.42344264334105,4.06904690171542,1,1,1.42344264334105,4.06904690171542,0.374130536746826,0.226721562597939,0.374130536746826,0.400260698677949,0.209693079933855,0.22672156259794,0.143350952459784,0.222294006686182
266,18,15,2.61920589978015,1.83903426972749,1,1,2.61920589978015,1.83903426972749,0.225970949870377,0.276143794267376,0.225970949870377,0.117104598379024,0.226040600469089,0.276143794267376,0.286511021621843,0.207207812829342
267,20,12,1.3570366446389,0.862394669015883,1,1.15956189889386,1.3570366446389,1,0.269672260974115,0.384349912448156,0.269672260974115,0.340369965270617,0.192419536738728,0.384349912448156,0.309863692766298,0.219231274826117
268,13,17,1.24672158594357,1.10479648208408,1,1,1.24672158594357,1.10479648208408,0.275880197585805,0.442791932085293,0.275880197585804,0.0516312571862402,0.199740005962107,0.442791932085293,0.0260900599154803,0.203797944125667
269,18,13,2.37531001211571,1.9773668082786,1,1,2.37531001211571,1.9773668082786,0.346562452922222,0.341796628512148,0.346562452922222,0.110539750167827,0.205567255800382,0.341796628512148,0.343302533216187,0.204681774062454
270,15,20,2.10024752959654,3.58648640688525,1,1,2.10024752959654,3.58648640688525,0.289255315601845,0.260075191424869,0.289255315601845,0.296576031056349,0.229344322844342,0.260075191424869,0.0903510463018342,0.170280482071627
271,14,13,0.822977891398328,1.51002469675865,1.21509947041335,1,1,1.51002469675865,0.330036592820663,0.13875542098421,0.330036592820663,0.581647305930448,0.231685350594756,0.13875542098421,0.458434657059186,0.219165552898064
272,13,10,4.25143519108219,0.506811196526273,1,1.97312136522256,4.25143519108219,1,0.290995197682104,0.284319802311925,0.290995197682104,0.302411103663659,0.208703454911476,0.284319802311925,0.196204443966827,0.225931158121514
273,13,13,3.88385258059847,2.42650084322619,1,1,3.88385258059847,2.42650084322619,0.178107577885173,0.235093437813797,0.178107577885173,0.394103276960825,0.217622935313914,0.235093437813797,0.222579417684394,0.209619089568256
274,12,18,1.12154058355119,3.17133985167587,1,1,1.12154058355119,3.17133985167587,0.250634517447662,0.250512355340653,0.250634517447662,0.253794027342552,0.220981164925572,0.250512355340653,0.342085544246993,0.195154377315428
275,13,14,1.1304664221276,0.665653021721387,1,1.50228417413923,1.1304664221276,1,0.232035977956983,0.235165336641865,0.232035977956983,0.320256129876275,0.196549829634476,0.235165336641865,0.212541855418551,0.217266716370347
276,11,12,0.821211282237756,2.54990827812239,1.21771342117348,1,1,2.54990827812239,0.279162992381508,0.355839803807545,0.279162992381508,0.184158330374502,0.201964548066939,0.355839803807545,0.202027370229981,0.20868021716054
277,16,11,2.77162045035991,1.22565788797001,1,1,2.77162045035991,1.22565788797001,0.399223542937541,0.334118820581672,0.399223542937541,0.170590145895257,0.241836541235183,0.334118820581672,0.357962308314898,0.192177051123904
278,11,15,0.894496339372217,1.74456939457487,1.11794755996635,1,1,1.74456939457487,0.323040492407816,0.338351643458547,0.323040492407816,0.286571382662491,0.206377752795621,0.338351643458547,0.034355474398415,0.198209290433455
279,11,16,1.47404281824937,2.10740847251369,1,1,1.47404281824937,2.10740847251369,0.316300727604814,0.351821598819879,0.316300727604814,0.122077451496377,0.192424572735799,0.351821598819879,0.355760370801622,0.224294982395451
280,18,13,2.71627943244868,2.16887723258923,1,1,2.71627943244868,2.16887723258923,0.23739950602428,0.304322572213323,0.23739950602428,0.221526410738379,0.20607721657853,0.304322572213323,0.0818333573212908,0.212518159581641
281,12,17,0.764571924339345,3.33955719378637,1.30792142395771,1,1,3.33955719378637,0.4493187938183,0.213583954423481,0.4493187938183,0.305862424323665,0.196802980471933,0.213583954423481,0.422018774347174,0.216708842417869
282,17,12,0.705611721192894,0.81274301507284,1.41721001786849,1.2304012233318,1,1,0.314233960966659,0.281028765275168,0.314233960966658,0.222004691074509,0.209277070492674,0.281028765275168,0.489849296781129,0.191175021464813
283,10,15,2.4842162538114,1.08918448402472,1,1,2.4842162538114,1.08918448402472,0.279056460179211,0.37072431521042,0.279056460179211,0.484446374254899,0.219091017307574,0.37072431521042,0.391597300505845,0.223549547013529
284,12,14,0.655678102398686,1.32753939400623,1.52513862570928,1,1,1.32753939400623,0.343671859057934,0.305758707028512,0.343671859057934,0.371534588302965,0.192551375445519,0.305758707028512,0.199391876716278,0.206483992302968
285,16,15,3.06383105494044,3.79005058749153,1,1,3.06383105494044,3.79005058749153,0.271415468146218,0.326558008326906,0.271415468146218,0.388678563442566,0.198173858276235,0.326558008326907,0.432079467323599,0.224925468365642
286,15,11,1.04389735106776,4.37841123545754,1,1,1.04389735106776,4.37841123545754,0.280572312843856,0.267951550122884,0.280572312843856,0.214901242565757,0.228403753495719,0.267951550122884,0.214870092225102,0.221373452856077
287,13,13,4.19927756093651,5.64724420624933,1,1,4.19927756093651,5.64724420624933,0.342673549956386,0.158263439474602,0.342673549956386,0.258663799549568,0.218414852501123,0.158263439474602,0.0920139672568665,0.22774263905279
288,12,14,0.769548068627379,0.92771852654449,1.29946398512009,1.07791315079665,1,1,0.247775993789215,0.358151615776512,0.247775993789215,0.246535354754635,0.225078877085147,0.358151615776512,0.489866084374602,0.183927757401585
289,15,20,2.15326291371202,0.957726866443171,1,1.04413902860825,2.15326291371202,1,0.244065712201303,0.385204837586784,0.244065712201303,0.181507294310807,0.213244226178066,0.385204837586784,0.166770732757399,0.199981176632011
290,19,15,4.45897997271794,0.774844013129001,1,1.2905823405175,4.45897997271794,1,0.264788975015748,0.344450077064884,0.264788975015748,0.403455470669178,0.240299754136833,0.344450077064884,0.147224894416581,0.221568640703648
291,14,12,1.05696005058175,2.22851835048035,1,1,1.05696005058175,2.22851835048035,0.317061110622376,0.198398081171587,0.317061110622376,0.144303059315761,0.171756702750421,0.198398081171587,0.470842461300582,0.203781358120789
292,16,15,1.13912957175191,1.73725009789705,1,1,1.13912957175191,1.73725009789705,0.338049894714916,0.362270117307743,0.338049894714916,0.575096774544999,0.191142037886274,0.362270117307743,0.111547653159071,0.191262535508203
293,11,19,3.70395699995318,1.35085814020131,1,1,3.70395699995318,1.35085814020131,0.1960398314409,0.316459902058972,0.1960398314409,0.121212916343149,0.227173214495723,0.316459902058972,0.373358090568954,0.18990293820759
294,20,18,2.53315061261749,2.19321540740072,1,1,2.53315061261749,2.19321540740072,0.366862111444018,0.212012553921496,0.366862111444018,0.155415590645591,0.208920139852314,0.212012553921496,0.0637550958750034,0.22993006388066
295,16,17,3.37167252935369,3.0438997643081,1,1,3.37167252935369,3.0438997643081,0.322385530928938,0.338794724719809,0.322385530928937,0.134550004243948,0.231325017733668,0.338794724719809,0.380622324721878,0.204066040998845
296,16,12,4.11570945547708,0.646567672127372,1,1.54662851718173,4.11570945547708,1,0.281084244565814,0.347444200949327,0.281084244565814,0.433245531069927,0.158604745557413,0.347444200949327,0.402450130336009,0.224218700370644
297,14,16,0.897955829826889,2.11986923430735,1.11364052304531,1,1,2.11986923430735,0.445676082153925,0.356972895467467,0.445676082153926,0.159481361399809,0.202615954969007,0.356972895467467,0.310777177038533,0.225621486390991
298,17,12,2.46328736029388,1.31650153998918,1,1,2.46328736029388,1.31650153998918,0.217062973234792,0.282269315675466,0.217062973234792,0.0959016448024657,0.216147722380802,0.282269315675466,0.315110475666615,0.193741633324172
299,14,15,1.29605007601838,0.595636479695483,1,1.67887635174939,1.29605007601838,1,0.255822267593036,0.396737395439422,0.255822267593036,0.0430539114814013,0.237817955382738,0.396737395439422,0.32240729310777,0.190763444932472
300,14,11,0.918241598496214,1.25793608204865,1.08903800659617,1,1,1.25793608204865,0.284306368032875,0.167967297376585,0.284306368032875,0.293880080470731,0.195059255243001,0.167967297376585,0.209352543413555,0.182876968711436
301,20,19,5.06821420139605,2.37826518597202,1,1,5.06821420139605,2.37826518597202,0.328182500512981,0.327977415430954,0.328182500512981,0.305396548638467,0.233483116756101,0.327977415430954,0.242300552731745,0.215418424198016
302,20,20,2.54256226752792,0.71645632552663,1,1.39575849130085,2.54256226752792,1,0.24608059615532,0.371169638818291,0.24608059615532,0.314277705580454,0.22640177641402,0.371169638818291,0.244728933417114,0.216091881370749
303,13,19,1.68744541601816,1.30404702282711,1,1,1.68744541601816,1.30404702282711,0.372885238205376,0.258103241473602,0.372885238205376,0.166126367489957,0.220200348359997,0.258103241473602,0.372529328370829,0.210480550055904
304,20,11,2.22571084200346,2.39374560913473,1,1,2.22571084200346,2.39374560913473,0.298596461683134,0.182914898965428,0.298596461683134,0.275377732561554,0.18949553022901,0.182914898965428,0.148359748523134,0.216608513889612
305,14,19,1.50212806354788,1.65459119528658,1,1,1.50212806354788,1.65459119528658,0.40355699133407,0.450093156911123,0.403556991334069,0.282499621108346,0.213796169890703,0.450093156911123,0.232038545512828,0.200326160993407
306,17,15,0.736868130538522,2.36695000992074,1.35709492452764,1,1,2.36695000992074,0.364849956453795,0.394981612951466,0.364849956453795,0.215401741555035,0.224116067086886,0.394981612951466,0.325282011038955,0.202718139974634
307,10,11,0.814303468270441,0.711588386580126,1.22804340023747,1.40530680216125,1,1,0.288085341730518,0.291979460784708,0.288085341730519,0.480976979461524,0.212878160322253,0.291979460784708,0.430758242866162,0.222955077513503
308,11,11,1.40976107248021,2.15350496528311,1,1,1.40976107248021,2.15350496528311,0.30239546856535,0.215741708821833,0.30239546856535,0.186817415670097,0.224639042761104,0.215741708821833,0.250862270033803,0.225456079874414
309,20,11,2.33965119315198,0.674372674268358,1,1.48285960887268,2.33965119315198,1,0.26672600385295,0.402274500352062,0.26672600385295,0.45707901916959,0.199816304918172,0.402274500352062,0.425566586838493,0.208105873907506
310,16,19,1.79159140390965,2.20406650221143,1,1,1.79159140390965,2.20406650221143,0.392781977298126,0.335741173333145,0.392781977298126,0.330279572181808,0.212223256034674,0.335741173333145,0.0187734848789986,0.18047674478411
311,16,20,1.94766855205327,2.49488779994934,1,1,1.94766855205327,2.49488779994934,0.324280450992285,0.231451174003915,0.324280450992285,0.195018545820334,0.199751345392647,0.231451174003915,0.290170671562972,0.206749851022884
312,17,14,1.16760721420568,0.804317169857052,1,1.24329062896634,1.16760721420568,1,0.419426241273416,0.276555802719367,0.419426241273416,0.263380137780597,0.218549336735412,0.276555802719367,0.0490633154085647,0.208203133793405
313,15,19,1.07256437128592,4.39716797609635,1,1,1.07256437128592,4.39716797609635,0.277248445198033,0.28923013718915,0.277248445198033,0.286274176867737,0.184346803121844,0.28923013718915,0.530015469173495,0.193782386836984
314,20,11,5.93431387869029,1.29319964484786,1,1,5.93431387869029,1.29319964484786,0.242180594878038,0.308448054344278,0.242180594878038,0.204428528352563,0.183410186650542,0.308448054344278,0.151942351727301,0.190059812408172
315,12,11,1.0911460648522,1.05198710971452,1,1,1.0911460648522,1.05198710971452,0.254938235262496,0.255542987524228,0.254938235262496,0.0752303311927939,0.219733452314487,0.255542987524228,0.373276522227755,0.214409710523582
316,16,20,1.00396245302113,1.96225368981178,1,1,1.00396245302113,1.96225368981178,0.189582451104646,0.274851064230552,0.189582451104646,0.221738352554947,0.191473600029848,0.274851064230552,0.201957402328976,0.216364845774997
317,11,10,2.14509085278004,2.50456818502531,1,1,2.14509085278004,2.50456818502531,0.366939835643217,0.21940721073794,0.366939835643217,0.322956691200587,0.214740103794093,0.21940721073794,0.0992346980556258,0.210567949200602
318,14,10,0.605313259057958,1.20676209484046,1.65203716428794,1,1,1.20676209484046,0.329509600232812,0.334323565064492,0.329509600232812,0.896114300027157,0.200333173072646,0.334323565064492,0.218484226549287,0.205897698020534
319,18,20,2.39895804005101,1.04990393312457,1,1,2.39895804005101,1.04990393312457,0.2855655551262,0.272805486605771,0.2855655551262,0.266756772727916,0.196501716541578,0.272805486605771,0.205494452507574,0.234983483039995
320,10,16,0.973145694062035,0.905075192997352,1.02759536018278,1.10488057537881,1,1,0.330390620470405,0.285262625773989,0.330390620470405,0.368157370347007,0.210521262063715,0.285262625773989,0.237910417381738,0.219978439020613
321,18,18,2.97015460781506,0.944989011162623,1,1.05821336352864,2.97015460781506,1,0.323806381207883,0.256431751201127,0.323806381207883,0.0834740566285816,0.234830977650721,0.256431751201127,0.292828976385399,0.191300556201032
322,14,16,1.05372243771755,0.982689640212371,1,1.01761528673884,1.05372243771755,1,0.224851458631429,0.269987602499047,0.224851458631429,0.315576186416493,0.208330996021664,0.269987602499047,0.145308264777564,0.241099250369215
323,15,12,2.13183061340118,1.54898584597977,1,1,2.13183061340118,1.54898584597977,0.237507584755501,0.202443893641119,0.237507584755501,0.111540348866541,0.193654263192075,0.202443893641119,0.38337791653611,0.201434429729208
324,16,13,2.49526803897351,1.09599230017458,1,1,2.49526803897351,1.09599230017458,0.293171804960212,0.364144034731036,0.293171804960212,0.225638221029015,0.178686742188843,0.364144034731036,0.386557445702043,0.228902565527877
325,11,19,0.541826492636036,5.62314680811322,1.84560927453899,1,1,5.62314680811322,0.255065067387259,0.262112361712438,0.255065067387259,0.125855102514118,0.198609618694152,0.262112361712438,0.253030778862586,0.183684559583173
326,12,19,2.6736972125702,1.7621980573071,1,1,2.6736972125702,1.7621980573071,0.257365454655043,0.292281098216415,0.257365454655042,0.138231426347905,0.196695407474466,0.292281098216415,0.00986142498354272,0.186023490219736
327,20,12,5.04991393094283,2.10878457497051,1,1,5.04991393094283,2.10878457497051,0.308183985415133,0.329255152845884,0.308183985415134,0.409071405305662,0.194496129760832,0.329255152845885,0.039081303513585,0.186245313753436
328,17,16,1.15345784852309,2.58400913221591,1,1,1.15345784852309,2.58400913221591,0.369517172196184,0.255270385016823,0.369517172196184,0.11517881592421,0.207317920630947,0.255270385016823,0.258576755671607,0.216491590896462
329,15,17,0.688761444171465,3.9819683399915,1.45188150187898,1,1,3.9819683399915,0.282793633364933,0.488786779889899,0.282793633364933,0.200006183938171,0.208841897843485,0.488786779889899,0.116912832875349,0.217974064489484
330,10,12,0.965536626790267,1.53390655397932,1.03569349132233,1,1,1.53390655397932,0.265830354368933,0.393293430856848,0.265830354368933,0.328140617220619,0.216128588373399,0.393293430856847,0.181377876672345,0.184085167181712
331,11,15,5.25220533798184,6.0858633419597,1,1,5.25220533798184,6.0858633419597,0.296151854046452,0.27000076812474,0.296151854046452,0.774073011620212,0.199784915903351,0.27000076812474,0.0938077059870586,0.171281688947871
332,10,14,1.44369192824651,2.49382854851367,1,1,1.44369192824651,2.49382854851367,0.330603806820244,0.358770954891825,0.330603806820244,0.164938274525099,0.202660809519423,0.358770954891825,0.10951469550252,0.209513944111582
333,12,14,2.85191118314898,1.64929739700574,1,1,2.85191118314898,1.64929739700574,0.345467128707284,0.349877525790811,0.345467128707284,0.428844068787844,0.213896787813972,0.349877525790811,0.254525399286718,0.206766072246889
334,19,13,1.42795897756378,0.940296127472098,1,1.06349475530481,1.42795897756378,1,0.306554780140822,0.314460002997859,0.306554780140822,0.237014895187488,0.204291591790968,0.314460002997859,0.38345478830244,0.216196147355161
335,14,17,1.39590307616522,0.648875329507043,1,1.54112809429773,1.39590307616522,1,0.369642398802691,0.300543073550061,0.369642398802691,0.128158464958733,0.204130643283327,0.300543073550061,0.242433852568869,0.1972508185521
336,15,17,2.26168668151307,1.79311408826002,1,1,2.26168668151307,1.79311408826002,0.291310901774441,0.412760847456107,0.291310901774441,0.286468802422939,0.186782190948972,0.412760847456107,0.42112719058941,0.21959890510152
337,17,18,1.51338830096238,1.29449182857077,1,1,1.51338830096238,1.29449182857077,0.333638418821976,0.40969973002662,0.333638418821976,0.324099809108476,0.218483432210052,0.409699730026619,0.0811781707176332,0.210822993051893
338,16,19,5.24741040490376,1.01359679380734,1,1,5.24741040490376,1.01359679380734,0.293528726049053,0.234558547153082,0.293528726049053,0.234060231437232,0.174867285807397,0.234558547153082,0.439921669445496,0.217022112147712
339,17,14,1.73425618613378,2.57537565278633,1,1,1.73425618613378,2.57537565278633,0.302161259498056,0.268929222002277,0.302161259498056,0.174987295540429,0.214892449098125,0.268929222002277,0.148290095234291,0.222183622282044
340,16,16,4.01157323414085,4.64279593446813,1,1,4.01157323414085,4.64279593446813,0.307962771589868,0.336687034361629,0.307962771589868,0.396854396384989,0.177410690338523,0.336687034361629,0.057091127481929,0.225890939533439
341,11,20,1.32288217188674,3.45942255971124,1,1,1.32288217188674,3.45942255971124,0.201112047105456,0.302252152753899,0.201112047105456,0.550404311312886,0.20182317885543,0.302252152753899,0.308790715756912,0.19826354492394
342,14,14,1.56529351553498,1.31777012279045,1,1,1.56529351553498,1.31777012279045,0.349373075612458,0.283570623684348,0.349373075612458,0.198557384872835,0.166777235129961,0.283570623684348,0.197959398927677,0.203087499394274
343,19,17,1.66634500973898,4.85723737429473,1,1,1.66634500973898,4.85723737429473,0.284077110422773,0.33473538393377,0.284077110422773,0.357293994607077,0.209582610509549,0.33473538393377,0.305575285928239,0.232867768776783
344,19,17,1.69462247906095,0.93449751867734,1,1.07009379908827,1.69462247906095,1,0.28775397836386,0.333023182206291,0.287753978363861,0.0794159834554996,0.208773322014733,0.333023182206291,0.213608512591107,0.228234145839525
345,16,14,2.61354498608282,1.68019544628977,1,1,2.61354498608282,1.68019544628977,0.383987683684309,0.171550502331339,0.383987683684309,0.151210801988207,0.232463436518149,0.171550502331339,0.0771208553154925,0.200774007402204
346,11,15,3.34938584138578,1.94942798113441,1,1,3.34938584138578,1.94942798113441,0.270828122213461,0.343435907428661,0.270828122213461,0.616939010225369,0.202697224820833,0.343435907428661,0.348629110116357,0.184648001870835
347,17,13,1.53017026858663,0.737729697043527,1,1.35551002488788,1.53017026858663,1,0.286012956944558,0.294370892061711,0.286012956944558,0.385173955750111,0.182779359505767,0.294370892061711,0.346150286176763,0.22265240746338
348,12,19,2.9420783156352,3.18001626495273,1,1,2.9420783156352,3.18001626495273,0.156620430275952,0.326370591642372,0.156620430275952,0.616398076322294,0.212808493497163,0.326370591642372,0.196672538430394,0.178749628163859
349,16,10,0.953600477657557,3.07700569265769,1.04865719284917,1,1,3.07700569265769,0.288398594200606,0.232087027630195,0.288398594200606,0.519353780007764,0.223524752797523,0.232087027630195,0.51167402458934,0.24313751607665
350,12,11,1.2238577643004,3.19903754760435,1,1,1.2238577643004,3.19903754760435,0.346059879176592,0.360506353892001,0.346059879176593,0.397331750530092,0.20672106593715,0.360506353892001,0.0487934807523409,0.201267964672976
351,10,16,1.21098545004029,3.46607551774224,1,1,1.21098545004029,3.46607551774224,0.302786197752888,0.257448259022328,0.302786197752888,0.323473602259325,0.1898793943812,0.257448259022328,0.245759401025339,0.205032639254682
352,18,12,0.921072553448021,1.99296665451853,1.08569080281083,1,1,1.99296665451853,0.327659323585799,0.355064750053391,0.327659323585799,0.252495528219976,0.187151042209771,0.355064750053391,0.322437567861725,0.227611222039341
353,19,11,2.2979771539395,0.437636083012288,1,2.28500354247966,2.2979771539395,1,0.263843406012518,0.319388681252689,0.263843406012518,0.769583868940043,0.187020307568235,0.319388681252688,0.341832675180343,0.210961198821929
354,18,17,1.53529920493109,5.0272505829009,1,1,1.53529920493109,5.0272505829009,0.288859894556225,0.30560310971159,0.288859894556225,0.124068051724111,0.182462596664218,0.30560310971159,0.465343809320073,0.194911308544557
355,18,16,2.04071029227786,1.71035596208724,1,1,2.04071029227786,1.71035596208724,0.303511970744584,0.305439635986136,0.303511970744584,0.357695194207181,0.219181955423479,0.305439635986136,0.199608255880483,0.220573779170753
356,14,17,3.19344066424372,1.16476345563998,1,1,3.19344066424372,1.16476345563998,0.278417339562277,0.229725667970923,0.278417339562277,0.331648959236868,0.216094872348012,0.229725667970923,0.470177837003748,0.179425035478615
357,19,13,1.35184863682619,0.521645025899176,1,1.91701243249903,1.35184863682619,1,0.308417909571693,0.359655732615263,0.308417909571692,0.155751152562678,0.231836959677762,0.359655732615263,0.258844686301686,0.247474649536841
358,17,14,6.92756001877091,1.17357206855809,1,1,6.92756001877091,1.17357206855809,0.282239107167926,0.343089435612931,0.282239107167926,0.424640044163645,0.209784761872139,0.343089435612931,0.410539952269216,0.216300780816547
359,10,19,0.404936026851235,2.22549033816334,2.46952588480693,1,1,2.22549033816334,0.256647069666217,0.215620381494989,0.256647069666218,0.0836016821782034,0.216308491107439,0.215620381494989,0.176552404916009,0.206636943024877
360,15,11,1.18685234306238,1.97898712247976,1,1,1.18685234306238,1.97898712247976,0.257511715380337,0.415250863405539,0.257511715380337,0.160375037715994,0.202503754213076,0.415250863405539,0.223513262004977,0.207552967857244
361,11,11,0.899343281946683,0.898512709179012,1.11192246617492,1.11295031198136,1,1,0.241337836632149,0.279965238625889,0.241337836632149,0.0953251721197392,0.211681689586268,0.279965238625889,0.126308608066045,0.20260510816406
362,10,20,0.588023627727776,1.68528775715586,1.70061193606143,1,1,1.68528775715586,0.35180214014818,0.386011614084453,0.35180214014818,0.305387331804689,0.187301065039587,0.386011614084453,0.429261286031753,0.196880948575032
363,12,19,2.09128650213194,4.68805832390498,1,1,2.09128650213194,4.68805832390498,0.228806676552112,0.354054708846514,0.228806676552112,0.510425439600899,0.201744152082731,0.354054708846514,0.593868191067488,0.22243769362029
364,20,17,6.67209668539301,3.47329994471796,1,1,6.67209668539301,3.47329994471796,0.303841526125692,0.263262412345723,0.303841526125693,0.70266343066512,0.201208065483777,0.263262412345723,0.395494715169736,0.200094770935387
365,19,15,2.87274697769689,0.623874153030257,1,1.60288736942032,2.87274697769689,1,0.272241692011853,0.316756140631304,0.272241692011854,0.376073270071925,0.219457559020511,0.316756140631304,0.267328592416333,0.221335294705276
366,11,15,0.897115525248538,1.39225775756447,1.11468364090897,1,1,1.39225775756447,0.371771574161358,0.485840658801509,0.371771574161358,0.811596391181777,0.193198617306595,0.485840658801508,0.198559779260701,0.21347097692917
367,11,20,0.820670199597472,1.27338228604594,1.21851628155925,1,1,1.27338228604594,0.407149956395591,0.337488080510565,0.407149956395591,0.0954693970161796,0.21476462944834,0.337488080510565,0.232409940694181,0.214400547928777
368,17,18,0.788518348345553,1.85043501141486,1.26820130704399,1,1,1.85043501141486,0.281019488802578,0.379319329783316,0.281019488802578,0.374013534397702,0.163717954256979,0.379319329783316,0.114796679106119,0.224271132660348
369,16,10,1.33105054383452,0.64204474987629,1,1.55752383333511,1.33105054383452,1,0.305994103455566,0.248390905279882,0.305994103455567,0.514788487817745,0.21625954116456,0.248390905279882,0.474844067187856,0.199999269193976
370,12,14,1.28308139653822,0.865107383683716,1,1.15592586407239,1.28308139653822,1,0.209318168365304,0.311271723940823,0.209318168365304,0.42376307090223,0.223657167025135,0.311271723940823,0.0346273829476826,0.217112440794981
371,11,20,1.84461756203133,1.00329879516896,1,1,1.84461756203133,1.00329879516896,0.243287879683149,0.264354649355666,0.243287879683149,0.48704442595112,0.179836604556043,0.264354649355666,0.224530023025099,0.198107124325172
372,10,14,0.952810943511822,3.24871663899388,1.04952614871766,1,1,3.24871663899388,0.408391127312526,0.322968836530921,0.408391127312526,0.441221119781589,0.212501354437089,0.322968836530921,0.522738495883612,0.218376526265712
373,10,19,1.1522102335767,2.97103987258136,1,1,1.1522102335767,2.97103987258136,0.371952133153955,0.335313571759606,0.371952133153955,0.0948855198313543,0.216607091780571,0.335313571759606,0.40782894015031,0.211350244343599
374,18,13,2.04416377864181,1.7985938706925,1,1,2.04416377864181,1.7985938706925,0.226416610140775,0.238644335377126,0.226416610140775,0.0255830113351051,0.233260336906352,0.238644335377126,0.0868391628241397,0.187020778308898
375,15,14,1.05904337756785,0.785453518810496,1,1.27314981224404,1.05904337756785,1,0.284313813320198,0.308208550035637,0.284313813320198,0.299703875538138,0.245459140290217,0.308208550035637,0.147624761774663,0.222396323746826
376,13,11,1.25543761287198,3.00703438846284,1,1,1.25543761287198,3.00703438846284,0.24269344456717,0.348727643663844,0.24269344456717,0.496791117094376,0.22222596578553,0.348727643663844,0.10494075498603,0.209912781444441
377,16,11,0.798338626689676,0.760598201468136,1.25260129795613,1.31475462086258,1,1,0.35851759275814,0.261178495491374,0.35851759275814,0.206059888376593,0.214101477944205,0.261178495491374,0.199844586902703,0.214027461930873
378,15,17,0.974377094764817,2.24521086960641,1.02629670316847,1,1,2.24521086960641,0.375674691661787,0.31304280656188,0.375674691661787,0.038531593696411,0.190283494642133,0.31304280656188,0.117199494526279,0.200136114732221
379,18,19,3.3079718291348,4.30469842765277,1,1,3.3079718291348,4.30469842765277,0.392435949912059,0.198772383064373,0.392435949912059,0.133514650727515,0.188157822278421,0.198772383064373,0.61049047317851,0.186866923352866
380,13,14,1.6445044113676,1.36317292063377,1,1,1.6445044113676,1.36317292063377,0.238950013604703,0.252337660182905,0.238950013604703,0.085884321015071,0.195864667999856,0.252337660182905,0.721632289300681,0.208246015868173
381,12,17,0.847706940781353,1.36557097299517,1.17965295775245,1,1,1.36557097299517,0.242578222917958,0.276657116598178,0.242578222917958,0.221726939889157,0.180610400064795,0.276657116598178,0.109771589504271,0.199747483302477
382,17,15,1.1824707293271,1.15254754536073,1,1,1.1824707293271,1.15254754536073,0.332475834729883,0.332033842240468,0.332475834729884,0.132556403071796,0.212459101780061,0.332033842240468,0.373878463722119,0.184050752140039
383,13,12,3.25986975281647,0.714270144274921,1,1.40003051788638,3.25986975281647,1,0.335173795152832,0.378978915178814,0.335173795152832,0.299825728775712,0.172637687729684,0.378978915178814,0.307953048341595,0.183422880448342
384,12,15,0.519124059451941,4.93163316845189,1.92632181420321,1,1,4.93163316845189,0.344105805831369,0.221788300333494,0.344105805831369,0.236225092660413,0.189051283795386,0.221788300333494,0.285884952579465,0.203979398804406
385,18,14,1.96159392316594,2.33193981709316,1,1,1.96159392316594,2.33193981709316,0.416609347778568,0.319830708323075,0.416609347778569,0.159484232075258,0.23047663415289,0.319830708323075,0.45128994291967,0.192459104932093
386,10,12,1.27758507145128,5.49382930777266,1,1,1.27758507145128,5.49382930777266,0.261086826683334,0.276265349263455,0.261086826683334,0.20679858228708,0.22350116117666,0.276265349263455,0.549929061336623,0.196300830047666
387,11,11,2.59538732105113,2.98189108723942,1,1,2.59538732105113,2.98189108723942,0.360777299285579,0.22503734605824,0.360777299285579,0.124505350597004,0.213146848102159,0.225037346058241,0.67433692517179,0.20527242534769
388,19,18,7.65103260114897,0.932160613549837,1,1.072776499526,7.65103260114897,1,0.329712454937788,0.230552713529073,0.329712454937788,0.124065847071415,0.219057144699937,0.230552713529072,0.220448191174261,0.215792078100629
389,19,14,3.81199164627699,3.10283388328592,1,1,3.81199164627699,3.10283388328592,0.290905654402488,0.339879255748587,0.290905654402488,0.385976183488326,0.230015020292367,0.339879255748587,0.546620185633104,0.198192720155481
390,19,18,0.649614386249775,1.51054240235578,1.53937477550798,1,1,1.51054240235578,0.244071274672467,0.341752082420516,0.244071274672467,0.185724455730349,0.239553694047816,0.341752082420516,0.217940004723834,0.241732278668654
391,20,18,3.86629557773353,2.16460122258991,1,1,3.86629557773353,2.16460122258991,0.320075369138463,0.279464620213555,0.320075369138463,0.2860126736017,0.232206062764507,0.279464620213556,0.37762818704234,0.208665278761462
392,14,10,0.703069495360874,1.60504657378086,1.42233450120989,1,1,1.60504657378086,0.27819438889207,0.33650259253788,0.278194388892071,0.509132082433851,0.202402079034604,0.33650259253788,0.25187025134257,0.208932713566544
393,10,18,1.03233961961965,0.886313484597847,1,1.12826896733241,1.03233961961965,1,0.291645294291372,0.324826892408344,0.291645294291372,0.215674630236804,0.233581850292583,0.324826892408344,0.313877631591323,0.208527597297628
394,17,20,0.875310394956472,1.90007140395065,1.14245187280077,1,1,1.90007140395065,0.299852439297523,0.34377359354309,0.299852439297524,0.176860466211808,0.20266113294642,0.34377359354309,0.15833660860253,0.221227348128679
395,15,10,5.94315114479555,0.921264657557972,1,1.08546441220348,5.94315114479555,1,0.304545545377022,0.269443580151175,0.304545545377022,0.55649335585038,0.181288380726332,0.269443580151176,0.102654533502353,0.230909239073429
396,17,12,2.87699087219828,0.582423552939043,1,1.71696353101411,2.87699087219828,1,0.331359494018269,0.252768811074238,0.331359494018269,0.509449227512841,0.205438766189408,0.252768811074238,0.136387062817601,0.231461049539873
397,19,15,1.25398426070612,4.52088039768728,1,1,1.25398426070612,4.52088039768728,0.212134877358212,0.246655894925606,0.212134877358212,0.243789611878149,0.183204987007052,0.246655894925606,0.270320732049097,0.226184701427162
398,14,11,0.613655703298823,2.13510140412094,1.62957827104728,1,1,2.13510140412094,0.228739648200622,0.322684794959851,0.228739648200622,0.0793788340219207,0.203625689764916,0.322684794959851,0.261717541294021,0.234959758382229
399,17,14,1.53757205451636,2.65646444966665,1,1,1.53757205451636,2.65646444966665,0.315335724730248,0.295102341567458,0.315335724730248,0.29050236739823,0.177518282140584,0.295102341567459,0.128379144573505,0.221489086711825
400,18,15,1.04169410410927,0.65207676887929,1,1.5335617640829,1.04169410410927,1,0.299532719957659,0.352375968391449,0.299532719957658,0.457549258069374,0.184089364248726,0.352375968391449,0.0485711806646199,0.181110045000697
401,15,10,1.75180172822896,0.65574718321771,1,1.52497795734793,1.75180172822896,1,0.373368469805602,0.281067933719674,0.373368469805601,0.425234786178328,0.18346557422442,0.281067933719674,0.339260989194436,0.201170343975812
402,11,10,1.55450180103519,2.07214899385441,1,1,1.55450180103519,2.07214899385441,0.295965248739236,0.19737851767786,0.295965248739236,0.294681749473427,0.210498669731163,0.19737851767786,0.180115040332207,0.213051336034277
403,12,11,0.508000458160137,0.862169718070883,1.96850216163539,1.15986444320674,1,1,0.24201791499823,0.189342561488524,0.24201791499823,0.389813069018389,0.199706750677497,0.189342561488524,0.402387268587845,0.177149233058646
404,20,18,1.78211859166695,1.62538644213221,1,1,1.78211859166695,1.62538644213221,0.207315534910186,0.273723337738052,0.207315534910186,0.357235165952793,0.216159904767094,0.273723337738052,0.208805978381151,0.186557272396718
405,18,14,2.45842566729349,2.4613108645565,1,1,2.45842566729349,2.4613108645565,0.239387384742364,0.421303279257473,0.239387384742364,0.216638983304975,0.216994816522492,0.421303279257473,0.478673870392556,0.215930834127528
406,18,14,1.26564140219089,0.842219244411829,1,1.18733929037487,1.26564140219089,1,0.394931146029685,0.339733996958439,0.394931146029685,0.209251982410514,0.199430964121006,0.339733996958439,0.238079366885313,0.226633433203301
407,14,18,2.97167639833277,0.723409421955453,1,1.38234306832346,2.97167639833277,1,0.328671081479192,0.248481333086708,0.328671081479192,0.0585775282066131,0.199351432561703,0.248481333086708,0.119178654627822,0.188523642610743
408,12,20,2.5572136943741,2.78728299429073,1,1,2.5572136943741,2.78728299429073,0.381488377003756,0.284906406962066,0.381488377003756,0.152577576226244,0.198109773792607,0.284906406962066,0.352896839887634,0.201018240194102
409,17,12,2.04420877196716,0.696129966823595,1,1.4365133633924,2.04420877196716,1,0.23874422341945,0.340386637952329,0.23874422341945,0.37663934685543,0.194487240574836,0.340386637952329,0.0692405169024149,0.231106524558405
410,12,19,3.35225570668543,3.15447545070221,1,1,3.35225570668543,3.15447545070221,0.33565684846611,0.401406208151195,0.33565684846611,0.497253409293704,0.194347137755752,0.401406208151196,0.293087648136005,0.218263640903362
411,10,10,0.644875906778584,0.960875030191358,1.55068593738508,1.0407180627858,1,1,0.352355788079646,0.25839826723349,0.352355788079646,0.36180281608535,0.18626856916679,0.25839826723349,0.34801081823535,0.184339084743062
412,13,11,5.54637915080051,1.51011612023762,1,1,5.54637915080051,1.51011612023762,0.243364447881453,0.328758007290247,0.243364447881453,0.483396555623479,0.223453637466216,0.328758007290247,0.313620348280026,0.188292839561947
413,17,11,1.72916978701374,1.06178955488127,1,1,1.72916978701374,1.06178955488127,0.353940414426795,0.35091480357419,0.353940414426795,0.275989337241108,0.213866080129265,0.35091480357419,0.472255779548867,0.206071167463477
414,17,12,5.36256417206827,1.54309791721533,1,1,5.36256417206827,1.54309791721533,0.326307780098083,0.279709752622547,0.326307780098083,0.0836847729581143,0.224293052238772,0.279709752622547,0.209748570988507,0.205808550252436
415,11,16,2.49647611498288,1.90317220434362,1,1,2.49647611498288,1.90317220434362,0.298170058129413,0.261349305287914,0.298170058129413,0.128468262905816,0.219004429053123,0.261349305287914,0.193817610100074,0.227983844885782
416,14,18,1.92264118526199,1.63364688337821,1,1,1.92264118526199,1.63364688337821,0.386423787042609,0.353575692338467,0.386423787042609,0.412747094105653,0.207331560600983,0.353575692338467,0.395543492677688,0.20690355010999
417,11,19,0.822271549234422,0.820033897293554,1.21614325697034,1.21946178481208,1,1,0.281573032634716,0.211199958032905,0.281573032634716,0.21337625307588,0.189701263299344,0.211199958032905,0.323146505251744,0.190075061070974
418,14,13,4.10611500260909,0.63747252560147,1,1.56869505718145,4.10611500260909,1,0.247450413271684,0.284950886766161,0.247450413271684,0.254115432925957,0.253458558749359,0.284950886766161,0.489285080910395,0.226746087356066
419,17,16,1.44203615415864,1.17790510354144,1,1,1.44203615415864,1.17790510354144,0.327389292360357,0.405196810747353,0.327389292360357,0.455780820735267,0.213629310717084,0.405196810747353,0.137366325860384,0.189392949533054
420,18,19,1.87967548948638,1.82460769069531,1,1,1.87967548948638,1.82460769069531,0.254246172254378,0.260663981892625,0.254246172254378,0.368211055317184,0.182326828739945,0.260663981892625,0.130477399967491,0.18171039762927
421,18,18,6.75674573146702,3.42867309881608,1,1,6.75674573146702,3.42867309881608,0.236460277996342,0.246063484413213,0.236460277996342,0.496479345229159,0.208797419542511,0.246063484413213,0.367731126626077,0.185702287563984
422,14,11,0.807455968352152,0.929379153356125,1.23845762393804,1.0759871214981,1,1,0.231779844081627,0.242468078808057,0.231779844081627,0.35749907799406,0.223987676215247,0.242468078808057,0.160655954661154,0.199412384486343
423,15,10,1.14670880225568,0.623092733339402,1,1.60489754813959,1.14670880225568,1,0.328034278493611,0.419397380064186,0.328034278493611,0.354769969089081,0.206604144052139,0.419397380064187,0.220728871374398,0.209972042762779
424,14,14,3.36788907386439,1.39825571489219,1,1,3.36788907386439,1.39825571489219,0.393278704844571,0.285804746354475,0.39327870484457,0.405765633307321,0.197694392085185,0.285804746354475,0.288012378873953,0.216185629030669
425,15,13,0.777877608472896,1.15064934391413,1.28554928064219,1,1,1.15064934391413,0.25469228819018,0.239674708824252,0.25469228819018,0.251406593212394,0.209168833929592,0.239674708824253,0.165249913805469,0.207231753027421
426,15,16,0.857914675819578,1.18580721088348,1.16561708079499,1,1,1.18580721088348,0.344034441378546,0.271453391576081,0.344034441378546,0.126511995650061,0.220233177109589,0.271453391576081,0.361548603386047,0.201552747398953
427,11,15,4.1166119545719,2.62322534646305,1,1,4.1166119545719,2.62322534646305,0.435062418488103,0.213119192307816,0.435062418488103,0.149395936414825,0.205536336311726,0.213119192307816,0.144568547374376,0.199707593915179
428,17,15,2.72069911147683,0.858595968355058,1,1.16469216821021,2.72069911147683,1,0.386862742671821,0.2436808718671,0.386862742671821,0.231141759104105,0.183448795381506,0.2436808718671,0.452271684009312,0.226779313332238
429,17,11,2.06976050299716,0.982700556788705,1,1.01760398230345,2.06976050299716,1,0.206234055835946,0.172409149523819,0.206234055835946,0.346303510602343,0.209821514082066,0.172409149523819,0.359186074041749,0.205144634309186
430,13,12,2.49604193697787,0.856221529843412,1,1.16792204487416,2.49604193697787,1,0.241039888316944,0.349799324447475,0.241039888316945,0.527540621353679,0.182949288937706,0.349799324447475,0.546047959523427,0.214808841136871
431,13,16,4.28546856811442,3.61905908038071,1,1,4.28546856811442,3.61905908038071,0.24990607726169,0.25393473912533,0.24990607726169,0.220517559634086,0.193175674741278,0.25393473912533,0.232842283538761,0.229295865176859
432,16,19,1.13584253828096,0.673285613481302,1,1.48525377637194,1.13584253828096,1,0.279241466164793,0.338490162316897,0.279241466164793,0.497420633401743,0.181059637840688,0.338490162316897,0.126070320677814,0.192055022052665
433,19,12,1.29547442016063,1.97418341918636,1,1,1.29547442016063,1.97418341918636,0.366334324911143,0.216623275000243,0.366334324911143,0.138295920851107,0.202574459173999,0.216623275000243,0.0194837793988493,0.245630655221895
434,11,18,0.632967458012717,1.91184513928896,1.57986005021432,1,1,1.91184513928896,0.268681259581037,0.320812748613685,0.268681259581037,0.204500743224426,0.212605363653655,0.320812748613685,0.324095630030802,0.205205773938086
435,20,17,0.711204138415646,1.71978689063,1.40606605893451,1,1,1.71978689063,0.27572012628927,0.323642676501771,0.27572012628927,0.343679325070225,0.224659119260069,0.323642676501771,0.188924398933398,0.186575934515248
436,12,10,1.30874022469886,1.39276133932078,1,1,1.30874022469886,1.39276133932078,0.342075918587377,0.210574164955886,0.342075918587377,0.37132291450697,0.206042126642137,0.210574164955886,0.255404447177557,0.194969462511447
437,17,12,1.55524709183484,1.2456399723694,1,1,1.55524709183484,1.2456399723694,0.238023450805026,0.310692694025599,0.238023450805027,0.419408274076463,0.253037248648911,0.310692694025599,0.451643165681125,0.196265209680378
438,11,11,1.13368783874901,4.53784341467255,1,1,1.13368783874901,4.53784341467255,0.419813438708619,0.263653098008226,0.419813438708619,0.17598773635243,0.217520502942003,0.263653098008226,0.194033480824409,0.179542079075131
439,11,17,3.32841806186214,2.54785553022384,1,1,3.32841806186214,2.54785553022384,0.240107370450009,0.224500316585488,0.240107370450009,0.195970443433123,0.200166348939252,0.224500316585488,0.257265454778067,0.218880711142609
440,11,14,1.22376350396919,0.654921688023535,1,1.52690011384089,1.22376350396919,1,0.35224648771863,0.297620010710566,0.35224648771863,0.338888210222314,0.214438929759696,0.297620010710566,0.0888367014502299,0.199248637576001
441,16,20,3.44237081708463,1.96452764941054,1,1,3.44237081708463,1.96452764941054,0.294336843078045,0.340574496698958,0.294336843078045,0.209138133455918,0.228340581633171,0.340574496698957,0.157254220158974,0.19300821115672
442,11,18,0.688776639334683,1.17547640855274,1.45184947179094,1,1,1.17547640855274,0.352055115457088,0.357260177821206,0.352055115457088,0.272580973514707,0.175833533042689,0.357260177821207,0.353637123892108,0.197425647511954
443,17,11,3.55173899691296,0.817435437323399,1,1.22333820426771,3.55173899691296,1,0.240786591647824,0.319601202024753,0.240786591647824,0.136528246768351,0.196085966535788,0.319601202024753,0.276601224417823,0.2304269758506
444,18,13,1.69802346436941,0.952154705483789,1,1.05024949647432,1.69802346436941,1,0.341026998189135,0.377424461485136,0.341026998189135,0.223429773928924,0.19965019364633,0.377424461485136,0.195399592384928,0.208720847256092
445,17,17,2.77710943943623,4.45732296132726,1,1,2.77710943943623,4.45732296132726,0.307777262389884,0.165860920260297,0.307777262389884,0.466411698632588,0.190018912338665,0.165860920260297,0.452559398405766,0.205384180126957
446,18,16,2.20900340712349,0.755464577715162,1,1.32368879957868,2.20900340712349,1,0.285708540363683,0.320623350161002,0.285708540363683,0.157198726974976,0.209495486278517,0.320623350161002,0.23378695076136,0.202830592471857
447,11,15,0.834988922105698,2.75740404156058,1.19762067918,1,1,2.75740404156058,0.255644360592904,0.355502439122178,0.255644360592904,0.164079156950286,0.180140129800909,0.355502439122178,0.214564238854263,0.259032503489018
448,19,11,2.1494607255989,2.09483949354303,1,1,2.1494607255989,2.09483949354303,0.259665547629558,0.268682858274354,0.259665547629558,0.316495116416262,0.215964568717151,0.268682858274354,0.169619493472507,0.200591231090241
449,14,12,0.932132517604315,4.44444312533322,1.07280883470315,1,1,4.44444312533322,0.330494918987979,0.253306776885319,0.33049491898798,0.196805815228368,0.232603514736529,0.253306776885319,0.515405753153455,0.192742332796292
450,18,20,0.928592440600469,4.09144181329376,1.07689870849407,1,1,4.09144181329376,0.28944059014498,0.3336812909372,0.28944059014498,0.145534707072254,0.190647319442498,0.3336812909372,0.394449981022033,0.167965669992658
451,20,15,1.37068742865858,1.59473626106745,1,1,1.37068742865858,1.59473626106745,0.265736177699588,0.231810058324083,0.265736177699588,0.31271997682712,0.183886519227045,0.231810058324083,0.438772600166326,0.190961827562445
452,16,10,2.30597027053811,1.53564572184986,1,1,2.30597027053811,1.53564572184986,0.327560056582089,0.299392847628987,0.327560056582089,0.277453967871312,0.24271491743777,0.299392847628988,0.28225377459797,0.172877728355725
453,16,10,1.53605163587642,0.454965476909373,1,2.19796896853164,1.53605163587642,1,0.288284575153293,0.334559913582501,0.288284575153294,0.0458125411845418,0.18744358285885,0.334559913582501,0.243095800351743,0.207378605994701
454,14,12,1.35763851211922,4.75927213319615,1,1,1.35763851211922,4.75927213319615,0.224381781800057,0.260489603366413,0.224381781800057,0.638434134339479,0.206340826241606,0.260489603366413,0.236407535984689,0.191724790754378
455,18,17,4.0869531588501,1.58136805694962,1,1,4.0869531588501,1.58136805694962,0.284258511102543,0.296066138414421,0.284258511102543,0.490334255367398,0.198218126120621,0.296066138414421,0.181894328241572,0.203413423234505
456,10,10,0.520386389863409,2.24451190137064,1.9216490274899,1,1,2.24451190137064,0.281429573297839,0.279780134694655,0.281429573297839,0.147080271590628,0.171833891399377,0.279780134694655,0.0518003805514125,0.199511618392808
457,14,19,2.14823088860877,5.02742427600257,1,1,2.14823088860877,5.02742427600257,0.410220472659065,0.289867867601126,0.410220472659065,0.697383981530119,0.1911060695917,0.289867867601126,0.115317578366744,0.221761586703791
458,12,15,1.08414349345753,3.90686950269127,1,1,1.08414349345753,3.90686950269127,0.307681047434942,0.42349144304544,0.307681047434942,0.306515827874893,0.18993514936844,0.42349144304544,0.756065208643704,0.227406108800318
459,10,17,2.60560853356133,1.48646807249336,1,1,2.60560853356133,1.48646807249336,0.3479602629125,0.257053300568782,0.3479602629125,0.383099762169892,0.199038505367547,0.257053300568782,0.205498605532458,0.221346091375528
460,14,20,1.00692161713711,0.904231266018819,1,1.1059117701192,1.00692161713711,1,0.370445872181876,0.398291867274155,0.370445872181876,0.377612485027343,0.233070935586952,0.398291867274155,0.0545271288882927,0.223597796796712
461,19,13,3.10513728646081,5.42812898240479,1,1,3.10513728646081,5.42812898240479,0.232623417574721,0.432607997566307,0.232623417574721,0.351788690664951,0.212424299323467,0.432607997566307,0.436118784409565,0.210633789846142
462,10,14,0.756143039231592,2.83502919092591,1.32250109849086,1,1,2.83502919092591,0.359468921450849,0.431337045366888,0.359468921450849,0.153789455159752,0.201156498381577,0.431337045366888,0.193508664248551,0.231817664086485
463,17,14,0.973136082442356,0.690721742770657,1.02760550969421,1.447760998501,1,1,0.381629298840506,0.246076531127391,0.381629298840506,0.504868128447258,0.208671874235417,0.246076531127391,0.0985526022756577,0.196877390586525
464,16,11,3.10069638962158,0.835551119814802,1,1.19681486420801,3.10069638962158,1,0.254606769907495,0.27520491840144,0.254606769907495,0.550123815290153,0.203214503087765,0.27520491840144,0.0481070153505453,0.205618515448561
465,12,18,0.758085787111452,3.16984701518263,1.31911192242545,1,1,3.16984701518263,0.333711983200492,0.334954881539879,0.333711983200491,0.229067586299603,0.18577988454412,0.334954881539879,0.117178447495732,0.209241094474309
466,18,11,2.34059750694612,3.38973323985905,1,1,2.34059750694612,3.38973323985905,0.298346743376228,0.320165323082018,0.298346743376228,0.585547992054115,0.207394488032389,0.320165323082018,0.160797684170432,0.25333509497202
467,18,20,1.19413090354818,3.34577305471221,1,1,1.19413090354818,3.34577305471221,0.382151978925902,0.26471869762537,0.382151978925902,0.613605462211899,0.222138773755306,0.26471869762537,0.461359096588745,0.215569218631903
468,11,10,2.71857666707262,0.714403998646092,1,1.39976820103913,2.71857666707262,1,0.395966148566258,0.275382235720294,0.395966148566257,0.40778045806812,0.211476038143877,0.275382235720294,0.294375834101118,0.200802712493581
469,13,10,1.20450186850131,1.2315856515913,1,1,1.20450186850131,1.2315856515913,0.266388437614037,0.372422025224981,0.266388437614037,0.358307652247485,0.220712904656147,0.372422025224981,0.19479680759112,0.176083954172689
470,17,14,2.0312540581739,0.733829394593655,1,1.36271455922494,2.0312540581739,1,0.215705470564803,0.220069842627024,0.215705470564803,0.144471201803915,0.212005187691389,0.220069842627024,0.168687986024458,0.199300888452109
471,15,19,0.802745268468475,7.84162325052768,1.2457251874033,1,1,7.84162325052768,0.268044717340944,0.463786176881123,0.268044717340944,0.197114480814097,0.201995518435209,0.463786176881122,0.240573540497552,0.21803665293675
472,15,15,3.00959073583848,1.10265952452847,1,1,3.00959073583848,1.10265952452847,0.275814707656429,0.262003720839654,0.275814707656429,0.261105608323441,0.191962056673583,0.262003720839654,0.840969453072858,0.211961414981926
473,14,15,1.87225704502164,4.23423467876627,1,1,1.87225704502164,4.23423467876627,0.2554599340135,0.341867017753381,0.255459934013499,0.187762238903868,0.215092477729852,0.341867017753381,0.297425022730938,0.229059233593316
474,16,14,0.888113475816432,1.97880517915126,1.12598223901592,1,1,1.97880517915126,0.303210778871953,0.329041191191971,0.303210778871953,0.26353547224969,0.180430502133148,0.329041191191971,0.0795047044996035,0.198317270639737
475,16,19,1.12305068478603,4.04157957296569,1,1,1.12305068478603,4.04157957296569,0.226670237533788,0.421671033842979,0.226670237533788,0.446285339503729,0.215037015274666,0.42167103384298,0.156660537605428,0.204459820654501
476,20,11,2.86317788883849,1.08508307026367,1,1,2.86317788883849,1.08508307026367,0.312903698956867,0.232049356498617,0.312903698956867,0.224416851479145,0.216278259015793,0.232049356498617,0.135667290159372,0.202852168748965
477,17,15,3.71966596108612,2.09475213425103,1,1,3.71966596108612,2.09475213425103,0.289583476710519,0.268396587298523,0.289583476710519,0.120956528222251,0.220561106462788,0.268396587298523,0.0684960634905441,0.209391552924946
478,19,14,3.31887399171988,2.09608594511391,1,1,3.31887399171988,2.09608594511391,0.310063589252067,0.336588203326973,0.310063589252067,0.401757986690093,0.230448010938919,0.336588203326973,0.0705270101459698,0.20517056796204
479,13,15,2.98652677714537,0.933077542523012,1,1.07172228933517,2.98652677714537,1,0.376869304268663,0.368469796082708,0.376869304268663,0.403722881086909,0.234630257240566,0.368469796082708,0.3720932698236,0.182192114794303
480,13,20,1.34088341754662,0.957988331103331,1,1.04385405075684,1.34088341754662,1,0.273556446272017,0.281418057257815,0.273556446272017,0.537960911875129,0.221175839013848,0.281418057257815,0.550127972975465,0.201399469330926
481,20,17,3.71225695369999,3.67969024882838,1,1,3.71225695369999,3.67969024882838,0.34137730511153,0.397137820787895,0.34137730511153,0.0992377788526171,0.21333097196786,0.397137820787895,0.381988242126398,0.213568138397571
482,12,12,0.682634313740243,2.09825690577279,1.46491317513892,1,1,2.09825690577279,0.167254797047689,0.337867252087982,0.167254797047689,0.0554930355122621,0.183987724331381,0.337867252087982,0.117336548726841,0.226892817688923
483,11,19,0.314926422504483,1.60735948529321,3.17534486959653,1,1,1.60735948529321,0.288702871370174,0.338752590632716,0.288702871370174,0.69237020808534,0.223194549598333,0.338752590632716,0.110805010217402,0.209422082243888
484,16,20,4.98423670760465,6.65666191239302,1,1,4.98423670760465,6.65666191239302,0.300090628585962,0.271332059456387,0.300090628585962,0.240958827917465,0.201656131968096,0.271332059456388,0.185527968080254,0.222475409424989
485,15,15,4.42380709393301,2.87674438413602,1,1,4.42380709393301,2.87674438413602,0.248000956958396,0.360387386580554,0.248000956958396,0.275536051145065,0.22327957408323,0.360387386580555,0.463980425055327,0.211503614962879
486,20,10,1.01402168388574,2.11811364881714,1,1,1.01402168388574,2.11811364881714,0.389237446576815,0.313103126483198,0.389237446576815,0.618732664498131,0.225551644233262,0.313103126483198,0.514361195591459,0.212593060714392
487,20,11,0.759028052646711,0.457683444944786,1.31747436278939,2.18491625826807,1,1,0.29783130429944,0.235881211360527,0.29783130429944,0.243853081917269,0.201270647670744,0.235881211360527,0.519089651717956,0.200176753383909
488,18,12,1.68023322781442,0.609836968103384,1,1.63978251943308,1.68023322781442,1,0.238287712768056,0.181034224968978,0.238287712768056,0.46865683994147,0.190215867760339,0.181034224968978,0.585282387712588,0.194061281725251
489,17,11,2.5936076673609,0.954965166631611,1,1.04715861367723,2.5936076673609,1,0.241437600430333,0.25177275248495,0.241437600430333,0.495113337347936,0.191612708442217,0.25177275248495,0.268178347262828,0.189075557770699
490,10,19,1.92343843654398,2.71740205585121,1,1,1.92343843654398,2.71740205585121,0.361248979692229,0.232434059702988,0.361248979692229,0.226092931794671,0.184987640257378,0.232434059702988,0.0552024095608736,0.186762138345099
491,19,17,2.11319337477198,1.30092291045564,1,1,2.11319337477198,1.30092291045564,0.237675000950206,0.243753997373333,0.237675000950206,0.238578328676437,0.241866260882903,0.243753997373333,0.321710785300886,0.221891383811772
492,19,12,3.352339429045,1.66450651782221,1,1,3.352339429045,1.66450651782221,0.256792792455395,0.276933187967971,0.256792792455395,0.184592068935198,0.216601787333865,0.276933187967971,0.285500448443588,0.190974795241475
493,18,13,2.7785692359352,0.738595854562211,1,1.35392040697647,2.7785692359352,1,0.284664600200463,0.170546232707312,0.284664600200463,0.605972222905806,0.183480573516727,0.170546232707312,0.385403902936815,0.205171089229133
494,12,16,3.59235801754086,2.13407299764724,1,1,3.59235801754086,2.13407299764724,0.278178013133352,0.337056546675038,0.278178013133352,0.270153671595547,0.180752182704958,0.337056546675038,0.406535407537569,0.219086954071274
495,13,16,3.26109572456424,0.765082182250125,1,1.30704912910006,3.26109572456424,1,0.36834665879925,0.289331978128493,0.36834665879925,0.337814834323781,0.205838295868131,0.289331978128494,0.269938665882484,0.188572607588816
496,10,20,2.21849570098286,2.45823789499019,1,1,2.21849570098286,2.45823789499019,0.294516938866518,0.328605469656413,0.294516938866518,0.389730631132453,0.254895670046267,0.328605469656412,0.195104898027488,0.200196929675222
497,18,16,1.80565895339803,1.09354670349505,1,1,1.80565895339803,1.09354670349505,0.36926310062948,0.330927231473404,0.36926310062948,0.243114914879714,0.218869721709567,0.330927231473404,0.415436739214233,0.197434167517294
498,12,13,0.795813083563196,5.51058401680671,1.25657647587618,1,1,5.51058401680671,0.299931505888789,0.272560142908187,0.299931505888789,0.333080249951099,0.184420312738935,0.272560142908186,0.188238132862824,0.205907526082752
499,20,17,2.45166893250951,2.49543831257688,1,1,2.45166893250951,2.49543831257688,0.295699260942575,0.361210034259651,0.295699260942575,0.235105265969934,0.195187923106072,0.361210034259651,0.536803132489927,0.185768835597762
500,17,19,4.26173750017188,1.78085084979784,1,1,4.26173750017188,1.78085084979784,0.29024345935334,0.27440994280378,0.29024345935334,0.164285674525097,0.212552166471686,0.27440994280378,0.405289925880545,0.175293555634079
501,11,11,2.42390871671848,1.02986714531389,1,1,2.42390871671848,1.02986714531389,0.198153022976316,0.288286780082505,0.198153022976316,0.312026209395495,0.205420219281307,0.288286780082505,0.449775493481142,0.205317229715188
502,18,13,0.746866964120549,1.25101767229644,1.33892653985241,1,1,1.25101767229644,0.235279548568237,0.295878630510941,0.235279548568237,0.35166235612151,0.230352389794935,0.295878630510941,0.407942339180412,0.179189714924678
503,14,18,3.37525365627978,5.53756064325809,1,1,3.37525365627978,5.53756064325809,0.335616125438137,0.27138885918223,0.335616125438137,0.465054978882399,0.232915060230346,0.271388859182229,0.42431545933755,0.203803978980077
504,14,20,1.71641035979143,1.42374011472734,1,1,1.71641035979143,1.42374011472734,0.307424252305701,0.303240391078736,0.307424252305702,0.530772054358439,0.17054483386564,0.303240391078735,0.089920503209982,0.203273474435595
505,19,11,1.63572499660665,2.32097316563927,1,1,1.63572499660665,2.32097316563927,0.254368268659598,0.367300093461986,0.254368268659598,0.0566414301089678,0.189128566407005,0.367300093461987,0.602837975015961,0.154243156731729
506,14,20,0.892835610309752,1.08784829095787,1.12002701107886,1,1,1.08784829095787,0.360415015010428,0.195923543730345,0.360415015010428,0.595724093777527,0.20940337779701,0.195923543730345,0.109577250225677,0.178916102089622
507,14,14,2.9936502952173,0.450631725215486,1,2.21910696483212,2.9936502952173,1,0.18485335148325,0.346076255579614,0.18485335148325,0.344771070599802,0.207200065266553,0.346076255579614,0.184757500890011,0.211241680410053
508,11,20,2.11454208294621,0.896472551246061,1,1.11548312171972,2.11454208294621,1,0.326743998352785,0.26922518084039,0.326743998352785,0.2999935511227,0.203583392079349,0.26922518084039,0.174611238060288,0.215804796644084
509,13,19,1.39504621749723,4.13477533478351,1,1,1.39504621749723,4.13477533478351,0.293349171840602,0.275459458299883,0.293349171840602,0.213944711771728,0.213715158569381,0.275459458299883,0.13204617617392,0.192877593626342
510,20,11,2.75351253176953,0.446559043261723,1,2.23934553580166,2.75351253176953,1,0.299581468073365,0.292158196847828,0.299581468073365,0.341275184363476,0.22255185518243,0.292158196847827,0.390762761616744,0.235191312893952
511,19,15,3.937963274246,1.03505155499767,1,1,3.937963274246,1.03505155499767,0.265682675321882,0.410046059194487,0.265682675321882,0.185904003484542,0.209515807284179,0.410046059194487,0.246987942307504,0.216022954802029
512,11,12,2.43779503693222,1.88495919283637,1,1,2.43779503693222,1.88495919283637,0.307823630394336,0.394333375100496,0.307823630394336,0.598054993471535,0.235227289506651,0.394333375100496,0.165950845612115,0.221940698847226
513,16,20,1.75834318459111,0.66120822724896,1,1.51238287545306,1.75834318459111,1,0.356137637365471,0.252299206716415,0.356137637365471,0.505132084188822,0.217837609635589,0.252299206716415,0.148992767489488,0.185182836147496
514,11,16,1.582563360564,1.13409576320438,1,1,1.582563360564,1.13409576320438,0.257077761287293,0.393511287702331,0.257077761287293,0.304039150508165,0.201387548007298,0.393511287702331,0.670767916361165,0.178781476087591
515,12,13,1.39244712742396,2.35976589395145,1,1,1.39244712742396,2.35976589395145,0.28048439167537,0.234205946747168,0.280484391675369,0.216083622752468,0.207007412227453,0.234205946747168,0.210946007830318,0.197459448970738
516,19,16,0.657272927433799,7.35010153859556,1.52143798757134,1,1,7.35010153859556,0.275340665356077,0.370982254262146,0.275340665356077,0.208757712937058,0.214481633147228,0.370982254262146,0.325616242016602,0.178543563690785
517,19,20,2.49434810818004,3.04010815100029,1,1,2.49434810818004,3.04010815100029,0.258092182524666,0.389547460350174,0.258092182524666,0.644252105520293,0.230072080197672,0.389547460350175,0.148695571345262,0.21727000666371
518,15,17,1.07490924391424,2.33176692913823,1,1,1.07490924391424,2.33176692913823,0.322302710140703,0.29098795691304,0.322302710140702,0.239159918203318,0.205777897783668,0.29098795691304,0.191064322097953,0.239527319631551
519,12,11,1.12367748968824,1.30027442407221,1,1,1.12367748968824,1.30027442407221,0.257089707055887,0.296571416601692,0.257089707055887,0.443105791783509,0.204473783368052,0.296571416601692,0.236688233790601,0.224779873727758
520,19,13,5.87702345420906,3.17523098070086,1,1,5.87702345420906,3.17523098070086,0.272472834382558,0.30857872535893,0.272472834382559,0.224746446565531,0.212269328540414,0.30857872535893,0.28265802347415,0.177499874508731
521,19,20,3.22180989039723,2.52931116118991,1,1,3.22180989039723,2.52931116118991,0.239076867198587,0.371989135654341,0.239076867198587,0.229357779403416,0.200656267700281,0.37198913565434,0.210148382277959,0.186955955678385
522,10,16,2.10577999953224,1.81526754364698,1,1,2.10577999953224,1.81526754364698,0.265823541226086,0.270975685124539,0.265823541226086,0.208638094374961,0.211751306821351,0.270975685124539,0.312975822157148,0.219642209344459
523,17,14,2.22254664844898,1.08678383614276,1,1,2.22254664844898,1.08678383614276,0.271562124290734,0.256279866059808,0.271562124290734,0.353592701555224,0.193825277835092,0.256279866059808,0.430606987697296,0.209585856325281
524,13,11,1.0067906603299,2.80011956197789,1,1,1.0067906603299,2.80011956197789,0.265709592197645,0.21009988044538,0.265709592197645,0.232910426738364,0.225916492925081,0.21009988044538,0.317436670451253,0.220653688511491
525,10,20,3.63814721418813,2.54534000376271,1,1,3.63814721418813,2.54534000376271,0.222820285014612,0.285283451384487,0.222820285014612,0.522898866451348,0.20828740977293,0.285283451384486,0.336886031518437,0.200549258644382
526,11,12,4.37319980709165,6.02517717397925,1,1,4.37319980709165,6.02517717397925,0.348316881222518,0.319484020725841,0.348316881222517,0.130295182963615,0.182317415097914,0.31948402072584,0.64547512581431,0.196497424433375
527,17,11,0.939605973604366,0.583497501581492,1.06427590723371,1.71380339639781,1,1,0.207798429522822,0.243016245370308,0.207798429522822,0.292490922838409,0.203565999235199,0.243016245370308,0.0825753074910973,0.197813529938467
528,11,16,2.45373761605304,4.20679035072828,1,1,2.45373761605304,4.20679035072828,0.342061828734877,0.236777800326416,0.342061828734877,0.182570618032827,0.241655605430866,0.236777800326416,0.192766031943012,0.198013008939623
529,15,12,2.68981694662263,1.59350144817121,1,1,2.68981694662263,1.59350144817121,0.309663292010427,0.317279392983927,0.309663292010427,0.372126713808589,0.196037152960465,0.317279392983927,0.136286739286619,0.189213140789287
530,14,17,3.6952732986334,2.30243058722221,1,1,3.6952732986334,2.30243058722221,0.305191934006564,0.280820168021125,0.305191934006564,0.279028356339074,0.220342245372466,0.280820168021124,0.227246297882097,0.191002672773346
531,20,16,1.90323152316657,1.4447455702517,1,1,1.90323152316657,1.4447455702517,0.247876810747116,0.202451091998633,0.247876810747116,0.326329595648349,0.223389371683429,0.202451091998633,0.639187412151555,0.196815124583632
532,16,12,1.36399045659966,3.68101728262721,1,1,1.36399045659966,3.68101728262721,0.267237603546079,0.331229760270069,0.267237603546079,0.282125598336123,0.227163598803892,0.33122976027007,0.163427566715134,0.190628479671962
533,20,12,3.75208887445281,1.00255496428237,1,1,3.75208887445281,1.00255496428237,0.235536130705101,0.336038109962814,0.235536130705101,0.241012599411439,0.201659986418112,0.336038109962814,0.253594424681121,0.198844515328862
534,20,20,1.33122191484952,2.22870063505656,1,1,1.33122191484952,2.22870063505656,0.357120886685366,0.312447466953062,0.357120886685366,0.391660365506621,0.21009987004403,0.312447466953062,0.337438681943486,0.200880106883464
535,10,13,0.910614335415583,3.7680303080163,1.09815973800108,1,1,3.7680303080163,0.175403131885961,0.224496399964992,0.175403131885961,0.466263808144418,0.217832956559091,0.224496399964991,0.461895611278454,0.185874433896659
536,14,16,2.00370090804757,1.16374466271153,1,1,2.00370090804757,1.16374466271153,0.252635180592913,0.402198806025384,0.252635180592913,0.237560200356711,0.221021444924099,0.402198806025384,0.1266973728268,0.199297992314033
537,14,12,1.62230586669139,0.688721860808342,1,1.45196494681658,1.62230586669139,1,0.376453322387401,0.353302089752266,0.376453322387401,0.0645714374757615,0.221487781718324,0.353302089752266,0.137103038502388,0.197693561189606
538,10,13,1.31389831566779,1.4990024385871,1,1,1.31389831566779,1.4990024385871,0.340118417603739,0.323153655411914,0.340118417603739,0.320879382693675,0.208874399131449,0.323153655411914,0.232372281276164,0.219985452477833
539,11,12,1.47412673561682,2.84003387793148,1,1,1.47412673561682,2.84003387793148,0.218702450232734,0.243189883704946,0.218702450232733,0.334529164620952,0.208027455957517,0.243189883704946,0.495686206780981,0.185480949313389
540,11,15,1.37204299633182,2.79785931735053,1,1,1.37204299633182,2.79785931735053,0.326126853837914,0.300104747856346,0.326126853837914,0.39580193260856,0.190861450997527,0.300104747856346,0.315568003767567,0.197300991204463
541,16,12,3.7490100881833,1.02881432267028,1,1,3.7490100881833,1.02881432267028,0.383909794109114,0.275987443457743,0.383909794109114,0.203808946085323,0.228010800879317,0.275987443457743,0.216302527654943,0.202555821259244
542,13,13,1.9820326882393,0.871713700018825,1,1.14716563474729,1.9820326882393,1,0.344125052512157,0.342609976672183,0.344125052512157,0.284608422198557,0.174913505144487,0.342609976672183,0.0987994771720909,0.220527250686481
543,20,15,2.22855047164629,0.82675840401583,1,1.20954319320212,2.22855047164629,1,0.285161417639507,0.339765351930456,0.285161417639506,0.0998047983711851,0.216084872765826,0.339765351930456,0.196894988757214,0.206584893325979
544,10,19,0.83417462837059,0.584156612786184,1.19878975695211,1.7118696906133,1,1,0.370242391107145,0.243387133493866,0.370242391107145,0.314659935440606,0.23356934104932,0.243387133493866,0.095980487202024,0.190797761432861
545,12,14,1.57098110137317,2.79928302591512,1,1,1.57098110137317,2.79928302591512,0.329826636572386,0.399383333549999,0.329826636572386,0.659486047142457,0.224135751133054,0.399383333549999,0.576623124758745,0.210257791849204
546,18,14,3.07791621067587,1.35524451950311,1,1,3.07791621067587,1.35524451950311,0.298614660549307,0.198360369214899,0.298614660549307,0.246184137609533,0.189938495343539,0.198360369214899,0.378078514363072,0.222995067033239
547,20,18,6.13625791043448,2.03589815464753,1,1,6.13625791043448,2.03589815464753,0.376957113453717,0.302800524836342,0.376957113453717,0.351479879368862,0.218793589720115,0.302800524836342,0.302018135082849,0.199479061869548
548,17,18,1.24797980567941,5.42071916286261,1,1,1.24797980567941,5.42071916286261,0.33139840004596,0.345973271410797,0.33139840004596,0.453813204107675,0.193205617377146,0.345973271410797,0.108959156334135,0.19962729283147
549,20,10,2.4310130714605,0.564286914473858,1,1.7721481295245,2.4310130714605,1,0.397689583168194,0.26356952472227,0.397689583168194,0.315665233110534,0.211494993969644,0.26356952472227,0.0909093577457999,0.191848862115555
550,13,10,0.784434601174796,3.95504446488871,1.27480353174422,1,1,3.95504446488871,0.283735388239987,0.240507353170866,0.283735388239987,0.315685139773893,0.220869537661805,0.240507353170866,0.330651716709036,0.206482847951741
551,15,11,1.10648307069659,1.32088430699709,1,1,1.10648307069659,1.32088430699709,0.356030760506684,0.376222630401773,0.356030760506684,0.366416525483857,0.199740885312082,0.376222630401773,0.19973968216122,0.199180955092457
552,12,12,1.47253385420458,2.91976563277862,1,1,1.47253385420458,2.91976563277862,0.360709388611576,0.299636489474402,0.360709388611577,0.213147210985792,0.212881695383937,0.299636489474402,0.293869583486557,0.173375855640011
553,17,12,4.44384582471396,1.20522310760476,1,1,4.44384582471396,1.20522310760476,0.39300576608203,0.29225937271829,0.393005766082031,0.323714562996625,0.234024508907433,0.292259372718291,0.224770586720825,0.234803693030833
554,12,10,0.900605180100091,1.61335809458221,1.11036447723836,1,1,1.61335809458221,0.366559176205631,0.295280539846081,0.366559176205631,0.433641340334455,0.197242308449758,0.29528053984608,0.176411748933537,0.224292101874164
555,13,14,3.9924506176794,0.721377015392568,1,1.38623767969071,3.9924506176794,1,0.237119561373202,0.350982383202042,0.237119561373202,0.364053996854824,0.206073299699769,0.350982383202041,0.604604314570327,0.225198871822186
556,17,12,0.540874930023137,0.533103988973916,1.84885625953716,1.87580663563358,1,1,0.448699691334107,0.261877446376747,0.448699691334107,0.395276931544763,0.222911884685844,0.261877446376747,0.193947470216663,0.19180977826447
557,10,18,1.35524816258928,1.44151221874981,1,1,1.35524816258928,1.44151221874981,0.206663857845323,0.293960288516751,0.206663857845323,0.424523639562445,0.205291997270485,0.293960288516751,0.319727327788231,0.191198250385354
558,16,13,4.04918391265716,2.59804797723773,1,1,4.04918391265716,2.59804797723773,0.248387003115107,0.243024094803882,0.248387003115107,0.167213215300147,0.200033259524223,0.243024094803882,0.43320515571843,0.218019061042812
559,12,16,0.838360737864701,1.48821928156002,1.19280395041757,1,1,1.48821928156002,0.367645778931448,0.290135817572098,0.367645778931448,0.320938383660917,0.19851628553975,0.290135817572098,0.105636102940777,0.199595061958556
560,11,15,1.76321565866187,2.96056103540471,1,1,1.76321565866187,2.96056103540471,0.299182894750033,0.298262245601988,0.299182894750033,0.441744662054252,0.213272581925212,0.298262245601988,0.398969639258704,0.185126334558818
561,10,13,2.36452147392746,1.71074576794579,1,1,2.36452147392746,1.71074576794579,0.306497351288312,0.265494829271911,0.306497351288312,0.245358145785821,0.176670503475004,0.265494829271911,0.114959519971495,0.192960285973865
562,19,10,3.2898388284222,3.25988310761111,1,1,3.2898388284222,3.25988310761111,0.284131570333998,0.208297409906443,0.284131570333998,0.264081146746253,0.189631583309587,0.208297409906443,0.0600763562306488,0.212057280684693
563,20,10,3.66565782603632,0.803981154109389,1,1.24381024964167,3.66565782603632,1,0.370268463192262,0.297983852005394,0.370268463192263,0.315307619261335,0.19653624394361,0.297983852005394,0.320846823319137,0.185023703924104
564,19,16,2.52573746340807,2.32635486024607,1,1,2.52573746340807,2.32635486024607,0.255841864041075,0.283141881710115,0.255841864041075,0.110980763363837,0.219838971464356,0.283141881710115,0.118725426458653,0.20288075652857
565,14,13,1.29257069633429,2.32051259000555,1,1,1.29257069633429,2.32051259000555,0.179279867619901,0.249251317940095,0.179279867619901,0.385149104178708,0.19448353309872,0.249251317940095,0.1146174878244,0.220800740765712
566,18,11,4.19916459828051,1.04149804482221,1,1,4.19916459828051,1.04149804482221,0.299358503922622,0.286118259948299,0.299358503922622,0.187794382520547,0.20187055521709,0.286118259948299,0.416883553337997,0.19002136729633
567,16,15,0.819944986928527,1.82624317484053,1.21959401660098,1,1,1.82624317484053,0.282018532063301,0.321545291374014,0.282018532063301,0.284275285491329,0.209345390627044,0.321545291374014,0.286764531759725,0.177548714829555
568,16,11,1.1773734976458,0.537040007025966,1,1.86205866772911,1.1773734976458,1,0.300492283671578,0.256009784650535,0.300492283671578,0.258638316184657,0.19522871409644,0.256009784650535,0.200577833563451,0.165362184353732
569,20,10,1.51365670009577,5.22555601261629,1,1,1.51365670009577,5.22555601261629,0.320193762130188,0.251838858808268,0.320193762130188,0.258074758630398,0.232122806940343,0.251838858808268,0.313751213489585,0.188821570227689
570,15,14,5.1107606831707,0.775046765441546,1,1.29024472404616,5.1107606831707,1,0.348067796146077,0.385910981816225,0.348067796146077,0.216770230794222,0.202114899793044,0.385910981816226,0.123604573134911,0.200362535459444
571,14,13,1.64949682437847,1.1040810529958,1,1,1.64949682437847,1.1040810529958,0.318802654540803,0.291042218473862,0.318802654540803,0.325349050843326,0.215134668872417,0.291042218473862,0.293391232097641,0.20859303033996
572,12,13,0.814316732652696,1.65431786109988,1.22802339667322,1,1,1.65431786109988,0.35164791180106,0.277006664806651,0.35164791180106,0.231523666124543,0.204124146216891,0.27700666480665,0.0680175114696064,0.194702024429481
573,14,17,0.73347474944938,1.53449965833958,1.36337345048443,1,1,1.53449965833958,0.30219704285447,0.301863831585738,0.30219704285447,0.505900167262698,0.220606360603807,0.301863831585738,0.279716575836113,0.170087110956602
574,11,17,1.30986872979506,3.99056780179263,1,1,1.30986872979506,3.99056780179263,0.237893641356574,0.29504626385113,0.237893641356574,0.275765300602816,0.179299126339296,0.29504626385113,0.25928397098775,0.204393110438645
575,11,20,0.693684232861479,4.99853659554317,1.4415781022944,1,1,4.99853659554317,0.364467031273434,0.209354635802616,0.364467031273434,0.408281683829639,0.227855247522665,0.209354635802616,0.205016179481993,0.214692025180188
576,12,17,1.3442399364721,1.06029407374499,1,1,1.3442399364721,1.06029407374499,0.271812572114291,0.316649687177235,0.271812572114291,0.196505226023124,0.212196739922977,0.316649687177235,0.361294167609636,0.218851603164833
577,17,10,1.10075382806897,2.13888389260056,1,1,1.10075382806897,2.13888389260056,0.241604799610535,0.299957650777189,0.241604799610535,0.610070356982902,0.251810083396203,0.299957650777189,0.290781879616489,0.229555720179763
578,11,15,1.3116611799474,1.07310667751102,1,1,1.3116611799474,1.07310667751102,0.25301194440084,0.243466552444127,0.25301194440084,0.0816201487691088,0.231314480677183,0.243466552444127,0.314359538665982,0.196425177211345
579,13,13,1.64917815743631,0.843342165942652,1,1.18575833200779,1.64917815743631,1,0.142094165583792,0.282531682412051,0.142094165583792,0.20749238938315,0.218273230934936,0.282531682412051,0.426532362504121,0.220217859334286
580,19,19,3.32451127243671,1.40127326871055,1,1,3.32451127243671,1.40127326871055,0.228358233312579,0.316752001155779,0.228358233312579,0.395888126614381,0.201182434363622,0.316752001155779,0.376496772013784,0.21193658606129
581,16,16,1.18716565329596,2.16254453908312,1,1,1.18716565329596,2.16254453908312,0.314869904161263,0.281593036512793,0.314869904161263,0.169774670281378,0.183481799950444,0.281593036512793,0.197156133423776,0.214771416130785
582,18,12,0.915021060833588,3.1323084863305,1.09287101991838,1,1,3.1323084863305,0.236106666716113,0.296472254416498,0.236106666716113,0.211437729709436,0.217251795301486,0.296472254416498,0.331290215526087,0.209645230753479
583,18,19,2.39550146778461,2.51408296041908,1,1,2.39550146778461,2.51408296041908,0.366081707479521,0.260964531702637,0.366081707479521,0.329821431625186,0.205794828645956,0.260964531702637,0.632522547333832,0.197543970487527
584,20,11,0.790495512013006,0.774523668666318,1.26502931996854,1.29111612782852,1,1,0.321994020556494,0.358981146663124,0.321994020556494,0.182291141085155,0.196084002639286,0.358981146663124,0.174788054388315,0.180158156864287
585,10,12,0.489134436668932,2.47661605918264,2.04442771768459,1,1,2.47661605918264,0.331856796184963,0.296090246025512,0.331856796184963,0.346603042753896,0.189900988092061,0.296090246025512,0.124192446339317,0.215937177731193
586,13,11,0.822895237439803,1.51840391192915,1.21522151849026,1,1,1.51840391192915,0.327048626881042,0.267432975591714,0.327048626881042,0.178182159192141,0.205845568146001,0.267432975591714,0.419067388823889,0.191892424644698
587,11,18,1.10701164992765,1.69437458056663,1,1,1.10701164992765,1.69437458056663,0.259374583601351,0.30539552056922,0.259374583601351,0.12911890114092,0.229181523710993,0.30539552056922,0.180291749082761,0.191689463110216
588,16,15,1.88708546538437,0.704125217851454,1,1.42020193943823,1.88708546538437,1,0.164660328040461,0.30843257819169,0.16466032804046,0.511842252506988,0.198573256298783,0.308432578191691,0.288784770541849,0.171508387155179
589,11,17,0.769832015160716,2.21045384283907,1.29898468796629,1,1,2.21045384283907,0.209394398781757,0.315074036916386,0.209394398781757,0.334802244511991,0.182269203105089,0.315074036916386,0.412768437503077,0.175866215721282
590,14,10,1.57600205900315,1.37727054390195,1,1,1.57600205900315,1.37727054390195,0.228668296538968,0.356835868462816,0.228668296538968,0.313434818028499,0.213423789900195,0.356835868462816,0.256090910448765,0.196775284623112
591,13,18,1.1515278912488,1.15038831914119,1,1,1.1515278912488,1.15038831914119,0.327126465192271,0.487845025816603,0.327126465192271,0.476082978450722,0.197287073203155,0.487845025816603,0.298845945024721,0.199362883088288
592,13,19,3.32028491128447,3.91524748049589,1,1,3.32028491128447,3.91524748049589,0.350251293325756,0.148807944235621,0.350251293325756,0.121906582458366,0.199596342611544,0.148807944235622,0.307521077762871,0.24224537829317
593,16,19,2.68824086785468,0.98196096202806,1,1.01837042272504,2.68824086785468,1,0.241903229110681,0.257164504091835,0.241903229110681,0.487661382677609,0.220107876800832,0.257164504091835,0.271948775586653,0.194883585874838
594,15,17,3.53763382584346,1.60959619636058,1,1,3.53763382584346,1.60959619636058,0.203802559308187,0.342420068223244,0.203802559308187,0.448827998401891,0.191113881009082,0.342420068223244,0.175414373497584,0.230251223354233
595,12,12,2.5039804213289,1.33601003268182,1,1,2.5039804213289,1.33601003268182,0.292231807624722,0.318178125978347,0.292231807624722,0.3072203973592,0.217219084357985,0.318178125978346,0.256854669421889,0.223289317047508
596,14,20,1.4297089467817,4.23602489342224,1,1,1.4297089467817,4.23602489342224,0.299525775895057,0.405841490134428,0.299525775895056,0.21473778555854,0.214689735108051,0.405841490134428,0.0387354101949536,0.205763935853366
597,11,17,2.80876500139919,2.04588374953501,1,1,2.80876500139919,2.04588374953501,0.265837075394705,0.267681653484848,0.265837075394705,0.318570269424601,0.199616687918082,0.267681653484848,0.252037715305233,0.186840604458988
598,14,11,2.33655935366791,1.08842799548014,1,1,2.33655935366791,1.08842799548014,0.307857947168791,0.266941253418676,0.307857947168791,0.297686252511933,0.196618988586807,0.266941253418677,0.337805100701377,0.19047944824623
599,15,12,2.63411441573891,2.21133027987224,1,1,2.63411441573891,2.21133027987224,0.236952184862817,0.296264438883228,0.236952184862818,0.320125794905053,0.217191600405625,0.296264438883228,0.457856051358349,0.199258626404013
600,11,16,0.614040596597917,4.5222070342181,1.6285568178073,1,1,4.5222070342181,0.419917492026734,0.262627511129722,0.419917492026735,0.26964555205758,0.209084851535829,0.262627511129722,0.248250265451186,0.21632149895745
601,17,13,1.1855844359189,4.89844991457713,1,1,1.1855844359189,4.89844991457713,0.185584028116713,0.412198611852027,0.185584028116713,0.308175010646923,0.230295843346821,0.412198611852026,0.268558623053628,0.20552451542216
602,18,15,1.50052410550077,0.884803897993575,1,1.13019393593049,1.50052410550077,1,0.214048216091708,0.34369098029897,0.214048216091707,0.349338655613222,0.176855187376218,0.34369098029897,0.509135671162933,0.210878225726448
603,11,19,0.551563987544764,3.05783711820364,1.81302627180467,1,1,3.05783711820364,0.317614162652711,0.33825221463452,0.317614162652711,0.088861496172637,0.234368933651516,0.33825221463452,0.368629033516229,0.213194490045222
604,15,12,3.29297994157124,1.20167337475933,1,1,3.29297994157124,1.20167337475933,0.207657248823247,0.226901441310467,0.207657248823247,0.382177174848127,0.213264805166925,0.226901441310467,0.313201691281639,0.218724121409395
605,12,10,1.52653992251143,1.49300708374265,1,1,1.52653992251143,1.49300708374265,0.189609042112616,0.329022584306902,0.189609042112616,0.277371006769478,0.250401677717041,0.329022584306902,0.545356701642532,0.188236239194791
606,15,10,0.490985731579,5.65061229411963,2.03671906469465,1,1,5.65061229411963,0.308447581453371,0.382600862503748,0.308447581453371,0.1008399679211,0.232699012688071,0.382600862503747,0.120203437728724,0.262438990326002
607,19,17,4.5928244183935,3.32728469992968,1,1,4.5928244183935,3.32728469992968,0.347310397067645,0.279915297506545,0.347310397067645,0.262180353062848,0.195391089807899,0.279915297506545,0.396651970395567,0.184824451725262
608,12,14,0.474080928172927,0.596806842597107,2.10934450338242,1.67558400578708,1,1,0.24260030056289,0.315981963140459,0.24260030056289,0.457912047664198,0.190518029692709,0.315981963140459,0.0732507716782391,0.2120917681893
609,14,17,4.86182141785846,0.947544818491773,1,1.05535905055311,4.86182141785846,1,0.287202144632968,0.388198288425886,0.287202144632968,0.237951834353373,0.211371170869152,0.388198288425886,0.26245297553886,0.180626864156916
610,12,16,2.31303092223658,2.97602021814927,1,1,2.31303092223658,2.97602021814927,0.300525618654585,0.282116645687397,0.300525618654585,0.294355247784415,0.181564083922628,0.282116645687397,0.296851792118987,0.188035398312171
611,12,10,0.561763683624964,0.770526739332586,1.78010795134917,1.2978134942678,1,1,0.361538071495065,0.291453974252026,0.361538071495066,0.231353480644185,0.199833721540573,0.291453974252026,0.115892548845561,0.18598662258389
612,15,12,2.33014634879566,0.570264822932859,1,1.75357125283833,2.33014634879566,1,0.29346218628,0.334191636754427,0.293462186279999,0.31536691593064,0.209964377014943,0.334191636754427,0.193320094360029,0.187970496321396
613,19,15,2.01383674309313,1.3279459750416,1,1,2.01383674309313,1.3279459750416,0.131557332283152,0.264552321057033,0.131557332283152,0.328420484806511,0.205694060929879,0.264552321057033,0.114791466615047,0.20093993129517
614,17,20,2.93849628716955,1.06181916435836,1,1,2.93849628716955,1.06181916435836,0.337285374670434,0.243311567826558,0.337285374670434,0.269521860125849,0.203870150532715,0.243311567826558,0.21453476614928,0.187199229489569
615,14,15,3.43500300151972,2.21218233326009,1,1,3.43500300151972,2.21218233326009,0.341422426607006,0.316180384834238,0.341422426607006,1.0376093262783,0.264581557131597,0.316180384834238,0.408223257974402,0.218586464647088
616,18,17,2.31653547121563,1.9656848830872,1,1,2.31653547121563,1.9656848830872,0.284329263389794,0.272154960025398,0.284329263389794,0.385711597370669,0.219975795893577,0.272154960025398,0.163844391036032,0.171796391092245
617,18,12,1.8356850029714,4.258115814726,1,1,1.8356850029714,4.258115814726,0.317569649869537,0.345776936368393,0.317569649869537,0.277441306324539,0.208454569334636,0.345776936368392,0.187313337978183,0.192045043030498
618,20,11,1.9709700133337,5.97192621460599,1,1,1.9709700133337,5.97192621460599,0.337777981194286,0.309060235227426,0.337777981194286,0.436133729406186,0.214457494914167,0.309060235227426,0.236942508222253,0.213895181805799
619,16,16,5.83161883817228,0.800914612002004,1,1.2485725506997,5.83161883817228,1,0.229517075264037,0.371321273772445,0.229517075264037,0.689548196912873,0.204853628369248,0.371321273772445,0.29192438960286,0.201743630043633
620,14,17,1.54697563135889,1.14493149144957,1,1,1.54697563135889,1.14493149144957,0.349344259529955,0.259059695228067,0.349344259529955,0.351656588082657,0.229909350943409,0.259059695228067,0.457880308904266,0.208633093343798
621,10,16,1.83764377812274,1.88775644089028,1,1,1.83764377812274,1.88775644089028,0.330435999566963,0.246748645167382,0.330435999566963,0.524468259391174,0.199637045870607,0.246748645167382,0.22491118267374,0.18482738821154
622,20,12,2.06087671066093,1.22913301691147,1,1,2.06087671066093,1.22913301691147,0.401348373222379,0.293334105061346,0.401348373222379,0.117660035462155,0.187616731097495,0.293334105061346,0.403449388142857,0.196888606466886
623,10,15,2.2399131426803,0.576158567476297,1,1.73563330730327,2.2399131426803,1,0.234110091712868,0.303627889886141,0.234110091712868,0.0871264515723408,0.196236569292667,0.30362788988614,0.166045489374575,0.191008158865141
624,13,11,0.689789476070627,1.73683950937437,1.44971768154029,1,1,1.73683950937437,0.353433594666965,0.227653938248675,0.353433594666966,0.581814185374757,0.214683572017584,0.227653938248675,0.430415254122771,0.204767358852581
625,16,12,4.05141927862082,0.739023798405788,1,1.35313639717312,4.05141927862082,1,0.247606895450113,0.346209183726623,0.247606895450113,0.374647883905501,0.204749816592145,0.346209183726623,0.209001969663852,0.203771022870827
626,11,19,2.25312137877297,1.68135137455543,1,1,2.25312137877297,1.68135137455543,0.178159778869704,0.271708731685563,0.178159778869704,0.176159070381945,0.224162285600891,0.271708731685563,0.130893247672205,0.217358174314861
627,18,18,2.26760351343037,0.905340009549007,1,1.10455739219804,2.26760351343037,1,0.213747785706447,0.332234825015383,0.213747785706447,0.25071034097412,0.189722920028193,0.332234825015383,0.395872785033533,0.201701189567933
628,19,12,1.65008105563402,1.96711415895573,1,1,1.65008105563402,1.96711415895573,0.194064532085322,0.230159386803248,0.194064532085322,0.345378028016866,0.153023728381795,0.230159386803248,0.278346259414596,0.211124621747921
629,14,13,2.08443734056333,0.867976684837561,1,1.15210467915638,2.08443734056333,1,0.335632959010201,0.259755871630981,0.335632959010201,0.344820018368388,0.198803504873381,0.259755871630981,0.182312348837495,0.192399168059319
630,13,19,0.965132646688172,3.25654437537007,1.03612700640837,1,1,3.25654437537007,0.267044011273106,0.288823911016833,0.267044011273106,0.428803479144586,0.196459115562325,0.288823911016833,0.458925097673014,0.223067726202903
631,13,15,1.05646773667489,1.44968486497653,1,1,1.05646773667489,1.44968486497653,0.230671892836608,0.290800874743289,0.230671892836608,0.488724003712634,0.193824996591587,0.290800874743289,0.166716236442744,0.243716164140461
632,18,20,4.56257317349841,1.2563265410787,1,1,4.56257317349841,1.2563265410787,0.210935311177022,0.34179034290708,0.210935311177022,0.106476806524695,0.179669121775982,0.34179034290708,0.128216243819323,0.204500910568053
633,18,10,5.50208329148493,1.82755457505157,1,1,5.50208329148493,1.82755457505157,0.358623692195559,0.274807228838202,0.358623692195559,0.133268548508186,0.217436698492571,0.274807228838202,0.259688869712536,0.211000018692461
634,12,10,2.19150102755621,4.49735700061392,1,1,2.19150102755621,4.49735700061392,0.212546062117406,0.333085918435934,0.212546062117406,0.368868305604968,0.212220639400004,0.333085918435934,0.0138544450930766,0.212086811606954
635,11,20,0.885199572704256,3.7471135655574,1.12968875136827,1,1,3.7471135655574,0.364872716175728,0.340423077578606,0.364872716175728,0.219206394610154,0.197815387802956,0.340423077578606,0.390401780003942,0.232801921699445
636,11,16,1.1444007706893,2.58414102120295,1,1,1.1444007706893,2.58414102120295,0.285878730567713,0.355399570202741,0.285878730567713,0.218742526741155,0.204230877127253,0.355399570202741,0.401488335296027,0.207285905529376
637,20,20,0.76025815370693,4.04201519063279,1.31534268343472,1,1,4.04201519063279,0.290945062425699,0.23744057507492,0.290945062425699,0.660292921603171,0.165313188269277,0.23744057507492,0.0347839051264207,0.221399429596148
638,19,14,2.54190684208803,1.89204588175841,1,1,2.54190684208803,1.89204588175841,0.287736128249065,0.290597179940546,0.287736128249066,0.25765997526543,0.220386823029761,0.290597179940546,0.52402222151483,0.211863435204332
639,10,14,4.11180688800703,0.979714336429214,1,1.02070569227834,4.11180688800703,1,0.239041655237131,0.295857628936785,0.239041655237131,0.500077128975075,0.218601642832528,0.295857628936785,0.27463433365219,0.211352446599137
640,10,14,1.62908745476477,4.39464194982109,1,1,1.62908745476477,4.39464194982109,0.302347171739831,0.222518258606783,0.302347171739831,0.131390197723054,0.198459449959226,0.222518258606783,0.282270518581785,0.189238584504376
641,18,11,2.3586566962545,2.6437691426006,1,1,2.3586566962545,2.6437691426006,0.336115826728357,0.281050244268062,0.336115826728357,0.0223349889980655,0.210220901557299,0.281050244268062,0.143423634814309,0.20664456202175
642,10,13,0.674403580203401,0.933075376349591,1.48279165377266,1.07172477738319,1,1,0.254559708950421,0.337000307434449,0.254559708950421,0.384097801150411,0.193940751396937,0.337000307434449,0.281235124195164,0.190788002823758
643,15,20,3.6830831490429,1.57666157191314,1,1,3.6830831490429,1.57666157191314,0.240129616274863,0.291105984504306,0.240129616274863,0.127238256270643,0.201055755656654,0.291105984504306,0.0904452240514751,0.196068428733437
644,10,18,0.538342098611281,4.44641325497233,1.8575548941456,1,1,4.44641325497233,0.264465770076189,0.26333398058505,0.264465770076189,0.493031873137682,0.201009855350794,0.26333398058505,0.427700393255289,0.196574690511717
645,19,16,1.7954248845656,0.816976275675166,1,1.22402575175586,1.7954248845656,1,0.226445227930022,0.37259413143519,0.226445227930022,0.171166031165872,0.192712675362598,0.372594131435189,0.410484967257562,0.202246407497515
646,19,17,2.74089163858178,1.1855728975745,1,1,2.74089163858178,1.1855728975745,0.397483213558611,0.282626557145498,0.397483213558611,0.263928189747417,0.231358360882761,0.282626557145498,0.381009335335992,0.203340248147309
647,14,12,2.13314565656607,7.97671304425033,1,1,2.13314565656607,7.97671304425033,0.274118626149812,0.374412058839302,0.274118626149812,0.419073879379746,0.223632461755782,0.374412058839301,0.136342836748917,0.193521756138239
648,14,10,2.99995986595169,0.824243057312315,1,1.21323436227754,2.99995986595169,1,0.306676706276349,0.258987593546134,0.306676706276349,0.512664867183082,0.206786992665632,0.258987593546134,0.141538195509426,0.217250720536827
649,14,20,0.510201240976457,6.17319795017424,1.9600109127256,1,1,6.17319795017424,0.319942329183915,0.305265712097867,0.319942329183915,0.393050992406502,0.18476924665835,0.305265712097867,0.222903797882238,0.216675667454461
650,15,20,2.94117958771982,1.17781656785607,1,1,2.94117958771982,1.17781656785607,0.258385333649542,0.288061628966311,0.258385333649542,0.147345649252591,0.201643662389297,0.288061628966311,0.122806389379118,0.17332562639363
651,12,19,0.828492380159265,2.37427159670447,1.20701170457086,1,1,2.37427159670447,0.3975931049327,0.244071756423275,0.397593104932699,0.541186308962356,0.243338931947687,0.244071756423274,0.0509601993210417,0.215010507992245
652,19,17,2.54805747363588,2.59009665707787,1,1,2.54805747363588,2.59009665707787,0.390185652038114,0.282942730232788,0.390185652038114,0.190671984307755,0.192703512363766,0.282942730232788,0.827135160385164,0.185760793286969
653,13,17,4.60594988247936,3.98496608404415,1,1,4.60594988247936,3.98496608404415,0.344593190886433,0.416907947131044,0.344593190886434,0.281287826042096,0.214451300652817,0.416907947131044,0.249792871777031,0.210017568158823
654,18,15,1.3078642175558,1.34556043744485,1,1,1.3078642175558,1.34556043744485,0.308633286870946,0.279294669979097,0.308633286870946,0.265117053836849,0.171935144888667,0.279294669979097,0.15776987869225,0.221074131837162
655,12,12,0.854780402894839,5.83357643748347,1.16989111661118,1,1,5.83357643748347,0.380348020520303,0.327090077308453,0.380348020520302,0.279799278109208,0.232094064082004,0.327090077308452,0.327965096358891,0.212931438764496
656,19,19,1.45506695264446,3.10640393084836,1,1,1.45506695264446,3.10640393084836,0.418706620786958,0.350360534821592,0.418706620786958,0.149784205595773,0.190769490539678,0.350360534821592,0.381347781675972,0.185688075883315
657,13,11,0.613897328509682,2.22031402004806,1.62893688172196,1,1,2.22031402004806,0.258394398254141,0.336898790406637,0.258394398254141,0.112749383771277,0.24256971362632,0.336898790406637,0.411010930320633,0.179271536329459
658,15,19,2.788916604044,3.30169451700876,1,1,2.788916604044,3.30169451700876,0.344170320637816,0.323115234873051,0.344170320637816,0.336493252317108,0.230527378001839,0.323115234873051,0.388897904116219,0.221417785170645
659,20,19,1.58022861399244,1.95165862929995,1,1,1.58022861399244,1.95165862929995,0.273820323608998,0.384284682985475,0.273820323608998,0.442986368294411,0.188179550702048,0.384284682985474,0.325562584594967,0.208902509180246
660,15,19,6.93053524128251,1.56298374951951,1,1,6.93053524128251,1.56298374951951,0.243005499746995,0.39621000354235,0.243005499746995,0.334530387709598,0.185900590142854,0.39621000354235,0.149976458501205,0.216860404786053
661,14,14,3.2169099473116,1.55896245791281,1,1,3.2169099473116,1.55896245791281,0.233480968388968,0.231627279995104,0.233480968388968,0.581096739003506,0.187811123611887,0.231627279995104,0.0884955077499804,0.214150523344887
662,10,14,0.660453719290244,0.746157482212159,1.51411063454174,1.34019965468317,1,1,0.331939560987656,0.298182769764266,0.331939560987656,0.355773251822566,0.197677988376646,0.298182769764266,0.568375544023927,0.176772823042706
663,17,19,3.31915347677663,3.84916849594504,1,1,3.31915347677663,3.84916849594504,0.324198213163513,0.263131710231471,0.324198213163513,0.605891184768698,0.226132004824067,0.263131710231471,0.265062001983338,0.18978224091166
664,17,15,3.96285099332934,0.839359747062473,1,1.19138427057019,3.96285099332934,1,0.337455899746206,0.264869604442815,0.337455899746206,0.426360640134448,0.209611883831369,0.264869604442815,0.206331769954914,0.182890461115669
665,11,15,4.32838662405822,1.71647176539861,1,1,4.32838662405822,1.71647176539861,0.378020817767537,0.239862745063617,0.378020817767537,0.115051886724698,0.220343642206261,0.239862745063617,0.0553739191488655,0.218616654931588
666,13,15,1.52634794375793,2.62183565421947,1,1,1.52634794375793,2.62183565421947,0.2941841474593,0.299597702775513,0.2941841474593,0.179725820042385,0.205241482404878,0.299597702775513,0.349376678195292,0.201404510950268
667,13,18,1.85078644971189,7.51843641213159,1,1,1.85078644971189,7.51843641213159,0.287547327697318,0.245601018926363,0.287547327697318,0.495544934176143,0.210342640806648,0.245601018926363,0.390105922780824,0.20778496447807
668,10,11,5.50828537133943,2.2788920588945,1,1,5.50828537133943,2.2788920588945,0.342700706176767,0.389024974659108,0.342700706176767,0.509766967863199,0.205691854037137,0.389024974659109,0.211693931692898,0.216844977355592
669,17,18,0.936349974488954,1.43755955044497,1.06797674720479,1,1,1.43755955044497,0.324008388931168,0.28412457440798,0.324008388931168,0.101824053413763,0.246605179975688,0.28412457440798,0.240383658931108,0.180245137708087
670,14,18,1.71177922159069,3.91947927549442,1,1,1.71177922159069,3.91947927549442,0.339112688012076,0.356940730940174,0.339112688012076,0.272549687991299,0.198691319662636,0.356940730940174,0.259095165933873,0.18856599009904
671,11,10,0.741346891943038,1.14624575336724,1.34889619268389,1,1,1.14624575336724,0.316836161677176,0.352206518703069,0.316836161677175,0.131560248236281,0.224428961998306,0.352206518703069,0.178374226484993,0.215190027047912
672,13,15,1.82690019853139,1.44601832064506,1,1,1.82690019853139,1.44601832064506,0.14229583394718,0.345998842721272,0.14229583394718,0.601375994451436,0.199794780008071,0.345998842721272,0.201375910915255,0.218070322901185
673,19,17,2.61453997961492,3.08628692747586,1,1,2.61453997961492,3.08628692747586,0.292325168763154,0.211303513933568,0.292325168763154,0.257964753821281,0.201084661424804,0.211303513933568,0.396904758973006,0.218469684213483
674,20,20,1.19051091442044,1.72847178296732,1,1,1.19051091442044,1.72847178296732,0.29607764576946,0.319564467932011,0.29607764576946,0.227717875151588,0.200692193368747,0.319564467932011,0.437797396652166,0.197057519407416
675,19,11,3.02756371959246,0.485897131499604,1,2.05804878269963,3.02756371959246,1,0.37400350609511,0.36841210744782,0.37400350609511,0.379191912790166,0.218693211332231,0.36841210744782,0.302142303742963,0.209153990172381
676,10,20,1.49848830490068,6.60537095710843,1,1,1.49848830490068,6.60537095710843,0.138684775013258,0.323782141411944,0.138684775013258,0.585736812135038,0.181654118735356,0.323782141411944,0.55879298249903,0.222568289293946
677,16,16,0.968022177035592,3.05365016619108,1.03303418426046,1,1,3.05365016619108,0.262840865155086,0.307591810191512,0.262840865155086,0.50273587796466,0.211970997316611,0.307591810191512,0.121004501559255,0.15479484911671
678,19,19,1.92939223224978,2.06784160201345,1,1,1.92939223224978,2.06784160201345,0.401561989669618,0.276898634755459,0.401561989669618,0.181373607743979,0.204648916888847,0.276898634755459,0.155691793001456,0.23500692469033
679,18,17,1.30730835315631,1.35066184490223,1,1,1.30730835315631,1.35066184490223,0.299957114227291,0.251804789492834,0.299957114227291,0.181769249335315,0.196241177981832,0.251804789492834,0.417048398598667,0.214366293487913
680,12,14,0.360119085382496,0.681465406640049,2.77685921294025,1.4674259181115,1,1,0.29828903551512,0.224600524990205,0.29828903551512,0.277261877833592,0.208434409789349,0.224600524990205,0.0671906285404055,0.22186123653256
681,16,11,1.19469278196569,0.578100832326551,1,1.72980204158421,1.19469278196569,1,0.19337645694006,0.238933781574089,0.19337645694006,0.525560884083562,0.188788453208387,0.238933781574089,0.127600378199483,0.223087593615746
682,20,10,0.711522264513469,3.33534441237852,1.40543739792006,1,1,3.33534441237852,0.391633033621528,0.297857447358994,0.391633033621528,0.138707202510535,0.191930546432409,0.297857447358994,0.11919504303183,0.194191110641279
683,18,10,3.41245334095776,1.89248325995927,1,1,3.41245334095776,1.89248325995927,0.345236131947234,0.238319602883209,0.345236131947234,0.26846554464489,0.222654684517509,0.238319602883209,0.222606328222682,0.194749308335427
684,12,15,4.81309510381927,1.70847262415049,1,1,4.81309510381927,1.70847262415049,0.238576307249218,0.388406349681619,0.238576307249218,0.254027160691613,0.213600393822978,0.388406349681619,0.263391602796587,0.185762374232416
685,12,13,6.25604928304265,1.81130036123465,1,1,6.25604928304265,1.81130036123465,0.417649861291914,0.295850072894148,0.417649861291914,0.153094515934655,0.195012701988841,0.295850072894148,0.359494593711234,0.220546129917059
686,19,10,1.75094242572759,1.13693021343111,1,1,1.75094242572759,1.13693021343111,0.29816504156421,0.360462044014315,0.29816504156421,0.343932367712017,0.181451033295051,0.360462044014315,0.349951517634113,0.201645020090659
687,13,12,0.77429059894816,3.28728439702786,1.29150476753619,1,1,3.28728439702786,0.312923477426134,0.419086846765855,0.312923477426135,0.413585455876297,0.214878517993243,0.419086846765855,0.3050230580882,0.20960656179221
688,15,14,0.932981205039165,2.20405153921207,1.07183295290286,1,1,2.20405153921207,0.260246467309914,0.277352715812144,0.260246467309914,0.175310489075102,0.211300665346149,0.277352715812143,0.584187868706297,0.192789329158676
689,11,13,4.99188791999554,0.960272820551374,1,1.04137072152663,4.99188791999554,1,0.38533104568278,0.310083555086075,0.38533104568278,0.312336753690573,0.195881954250469,0.310083555086075,0.255271459033151,0.219949585972306
690,16,15,2.01118725200345,2.42416198047666,1,1,2.01118725200345,2.42416198047666,0.444105987450304,0.245318540682562,0.444105987450304,0.40492605608095,0.195367375191811,0.245318540682562,0.34012072449928,0.196885599394348
691,11,17,0.362302213431163,3.03728704797894,2.76012666477954,1,1,3.03728704797894,0.278482365713601,0.197805089249225,0.278482365713601,0.32788394205415,0.205035257410431,0.197805089249225,0.286319977741642,0.19235039158442
692,14,12,7.13828749563207,1.24076357356214,1,1,7.13828749563207,1.24076357356214,0.296394492125495,0.343890382920757,0.296394492125494,0.179425817967036,0.204825663723008,0.343890382920757,0.402452607573928,0.203277913422381
693,10,20,0.917478976338513,4.85106846945583,1.08994323116897,1,1,4.85106846945583,0.278575938501954,0.352538206201564,0.278575938501953,0.205422246101611,0.226833717347838,0.352538206201564,0.289380777860893,0.204077013549262
694,19,15,1.33513885811798,4.36568879212959,1,1,1.33513885811798,4.36568879212959,0.357167492282716,0.286451944600429,0.357167492282716,0.315133622538192,0.192297416451123,0.286451944600429,0.187222082156937,0.216650783748012
695,19,13,1.59387041836836,1.16735755641518,1,1,1.59387041836836,1.16735755641518,0.172269307299012,0.310264063277674,0.172269307299012,0.118590773648115,0.20061118109548,0.310264063277674,0.226783941376392,0.23372659965415
696,14,19,8.45199498916105,1.990815250769,0.94652209451843,1,8,1.990815250769,0.324923650445672,0.251567452175975,0.324923650445672,0.357502702695227,0.192646929920005,0.251567452175975,0.369952548200228,0.225768357196313
697,14,12,0.994876665629808,0.928285810366033,1.00514971809792,1.0772544283594,1,1,0.314616034040341,0.36894389079229,0.314616034040341,0.177122491291015,0.228844244254405,0.36894389079229,0.0774534407626944,0.200871386395951
698,18,17,2.14888373275184,1.63444966704956,1,1,2.14888373275184,1.63444966704956,0.270211938797001,0.314542516142898,0.270211938797002,0.17027524434367,0.201705482134615,0.314542516142898,0.585505824914696,0.224215273616995
699,19,18,2.31071807945954,0.9977808410946,1,1.00222409452457,2.31071807945954,1,0.308351015445017,0.292474446208662,0.308351015445017,0.349698695894425,0.168983294049299,0.292474446208662,0.770909841078896,0.213931124707362
700,17,16,1.43384012977364,2.03063287081279,1,1,1.43384012977364,2.03063287081279,0.377894227462999,0.206188561511127,0.377894227463,0.507736521363199,0.212809525122113,0.206188561511127,0.436057725114032,0.187431098346786
701,14,13,1.02387608604806,1.48344949482963,1,1,1.02387608604806,1.48344949482963,0.350036613004934,0.367366500432781,0.350036613004934,0.166840803467745,0.224168235490191,0.367366500432781,0.317498725176451,0.199239941277792
702,16,16,3.21225960604526,1.66577640777874,1,1,3.21225960604526,1.66577640777874,0.33484937939942,0.274130966289141,0.33484937939942,0.321167066667518,0.220421387417183,0.274130966289141,0.352405896103412,0.204321071292152
703,14,16,1.67025140875544,2.47870177143285,1,1,1.67025140875544,2.47870177143285,0.387592108561694,0.331075429741565,0.387592108561693,0.177800678399215,0.224664043963314,0.331075429741565,0.394758405263895,0.235235215784228
704,15,15,0.847624148695252,0.682854500582046,1.17976818090813,1.46444081301013,1,1,0.296935987801214,0.277239836409647,0.296935987801214,0.193463308430146,0.224545153584799,0.277239836409648,0.125040764672838,0.267364849556586
705,10,11,5.00740990039544,0.688094724926032,1,1.45328828106842,5.00740990039544,1,0.185641900922643,0.305998481856337,0.185641900922643,0.318556280187593,0.173172695274174,0.305998481856337,0.329696406297712,0.190114111253498
706,20,18,4.12772859122894,1.95666175739679,1,1,4.12772859122894,1.95666175739679,0.273064829689705,0.264939305871193,0.273064829689705,0.126897791315461,0.228411732794488,0.264939305871193,0.156807265628573,0.176013848205805
707,15,18,2.68320493520885,2.35207741059901,1,1,2.68320493520885,2.35207741059901,0.297677894767415,0.227188447004016,0.297677894767415,0.0611172033958376,0.221564163164469,0.227188447004016,0.250620100799738,0.186897822304743
708,20,13,1.06539061266267,1.56019385268692,1,1,1.06539061266267,1.56019385268692,0.337499739685316,0.31429047872568,0.337499739685316,0.33419449281218,0.235335673612434,0.31429047872568,0.207885846070331,0.213761599417625
709,13,13,0.586052956381094,1.17638989408477,1.70633044183421,1,1,1.17638989408477,0.328510746143234,0.361580684311601,0.328510746143234,0.391986534150615,0.206063144047621,0.361580684311601,0.782476833690253,0.200886157565466
710,20,20,1.46365474086609,2.60388838880617,1,1,1.46365474086609,2.60388838880617,0.386188988354308,0.230574500708828,0.386188988354308,0.249798816532916,0.202066294590703,0.230574500708828,0.0384946286317525,0.203421325791396
711,11,18,1.23049508515749,2.70529110536587,1,1,1.23049508515749,2.70529110536587,0.338386396817556,0.328401930475484,0.338386396817556,0.439263465185249,0.243847302518183,0.328401930475484,0.147742985130841,0.201840431882408
712,14,13,1.43510867769933,0.857162263552356,1,1.1666402529851,1.43510867769933,1,0.428732304299494,0.278391729007284,0.428732304299494,0.249759671083035,0.186785771885043,0.278391729007284,0.0672400232090161,0.181658864078385
713,10,13,0.767134591763057,0.744756573957003,1.30355221982855,1.34272060827453,1,1,0.157456009542703,0.434508639186133,0.157456009542703,0.237509688069592,0.208863432101871,0.434508639186134,0.103521378173796,0.200404481796242
714,16,11,1.75246207003821,1.79203093033965,1,1,1.75246207003821,1.79203093033965,0.320960879911237,0.387716733213442,0.320960879911237,0.585265066035466,0.222993180110654,0.387716733213442,0.310766047587866,0.203933620184265
715,13,17,1.32644804290192,3.15923168947722,1,1,1.32644804290192,3.15923168947722,0.274273197780438,0.236316009114217,0.274273197780438,0.362261112198363,0.216008359532981,0.236316009114217,0.323829989405622,0.218189371850587
716,17,17,2.38140114598758,2.54795971476185,1,1,2.38140114598758,2.54795971476185,0.340225531964154,0.377607263337509,0.340225531964154,0.400048956670725,0.213227168291925,0.377607263337509,0.327316158722922,0.183166894266448
717,15,19,1.64155862271848,6.13558530084624,1,1,1.64155862271848,6.13558530084624,0.341810389248259,0.234768864721834,0.341810389248259,0.393169741922904,0.209667218864941,0.234768864721834,0.515070567438555,0.181618587320082
718,17,18,4.52467667075202,2.42490355786937,1,1,4.52467667075202,2.42490355786937,0.330163461102926,0.0871621063487113,0.330163461102926,0.460604098086289,0.207771931927652,0.0871621063487113,0.366459748925932,0.200074692713563
719,13,20,1.37865288430884,4.41199122534864,1,1,1.37865288430884,4.41199122534864,0.413993866826469,0.233126018990622,0.413993866826469,0.40006030757323,0.2012177822627,0.233126018990622,0.223155089540641,0.215141281364999
720,18,19,4.67639519467522,3.14398374485043,1,1,4.67639519467522,3.14398374485043,0.133745774371216,0.387467987116794,0.133745774371216,0.0504532709479626,0.22984302346449,0.387467987116794,0.359695394934256,0.226275057806763
721,15,12,3.77140673074534,2.32649789487251,1,1,3.77140673074534,2.32649789487251,0.264576716461733,0.239772789298307,0.264576716461733,0.490004529806172,0.1888967366395,0.239772789298307,0.349064677120744,0.218573634995743
722,10,10,1.90538478411338,4.62019008545024,1,1,1.90538478411338,4.62019008545024,0.283696568615541,0.321312446198963,0.283696568615541,0.258777319108078,0.18386737292496,0.321312446198963,0.328632010702042,0.217205513824666
723,20,18,2.66921700629227,4.38738778110777,1,1,2.66921700629227,4.38738778110777,0.259979327684051,0.25089606585691,0.259979327684051,0.109484140482,0.189048593326215,0.25089606585691,0.477051110797893,0.242352744313696
724,19,10,2.58312158400008,0.503857176870718,1,1.98468940387165,2.58312158400008,1,0.229985735373208,0.348366080183901,0.229985735373208,0.360263828815487,0.199113405988907,0.3483660801839,0.844218348878381,0.227886551221239
725,10,16,1.13661546945409,1.25293237635585,1,1,1.13661546945409,1.25293237635585,0.262246499853558,0.289977198987697,0.262246499853558,0.427978088290246,0.220029128034116,0.289977198987697,0.304742509790735,0.193202681039368
726,11,20,0.877290552054271,0.798150337363521,1.13987321265274,1.25289679548747,1,1,0.303916798446244,0.276496838222664,0.303916798446244,0.172512681054189,0.246134261866396,0.276496838222665,0.279701617661094,0.210158205932664
727,19,14,3.47173565070385,1.5744153096599,1,1,3.47173565070385,1.5744153096599,0.251571592685735,0.328523396420672,0.251571592685736,0.0477010950093994,0.202979263499756,0.328523396420672,0.601061711414965,0.217618467250121
728,14,13,2.54582745998903,1.8739077384613,1,1,2.54582745998903,1.8739077384613,0.275802711875475,0.390642307324719,0.275802711875475,0.515063886943027,0.216099533451189,0.390642307324719,0.425604875081613,0.235755124074651
729,20,20,1.50502655262977,1.1565037241021,1,1,1.50502655262977,1.1565037241021,0.299919747624037,0.292505387837558,0.299919747624037,0.442660351899907,0.238935157928411,0.292505387837558,0.236421498222596,0.192944977491491
730,17,13,2.15579273355575,1.54694564824176,1,1,2.15579273355575,1.54694564824176,0.239117031138363,0.162587258831565,0.239117031138363,0.232534804881724,0.185026908549932,0.162587258831565,0.0952394050022932,0.206216438212185
731,18,12,7.87188598308981,0.353573472973972,1,2.82826647482577,7.87188598308981,1,0.232890573358773,0.276880670266118,0.232890573358773,0.288669010544038,0.218108448000083,0.276880670266118,0.309676951585653,0.23641928505613
732,19,17,2.2230985757388,2.59045537247277,1,1,2.2230985757388,2.59045537247277,0.317258325554384,0.279081663924325,0.317258325554384,0.212776107749471,0.209354090003826,0.279081663924325,0.520641176881885,0.197512752344091
733,18,11,2.28300346125453,0.606367876968719,1,1.64916387886357,2.28300346125453,1,0.275377851627788,0.321688597257708,0.275377851627788,0.185006579960032,0.210716599004916,0.321688597257708,0.21949617534107,0.24210412883421
734,11,20,1.86633231124541,6.66435715451346,1,1,1.86633231124541,6.66435715451346,0.301618764929315,0.332366210845732,0.301618764929315,0.336974922769869,0.200936602858735,0.332366210845732,0.15042750864076,0.234347664651867
735,13,19,1.57451306551799,3.23315917314473,1,1,1.57451306551799,3.23315917314473,0.230008174803983,0.34508176641808,0.230008174803983,0.116581414256316,0.184442427138308,0.34508176641808,0.163876444979347,0.164305214088338
736,15,10,6.49002404373501,1.0069087443113,1,1,6.49002404373501,1.0069087443113,0.295790388665762,0.227999055743837,0.295790388665762,0.436216280769322,0.186724155083084,0.227999055743837,0.641226524935249,0.226713444154512
737,16,15,1.89548706711991,1.41313124537826,1,1,1.89548706711991,1.41313124537826,0.390099773440507,0.330826483586641,0.390099773440507,0.225776464296,0.238720398027782,0.330826483586641,0.491524239341048,0.213608262096583
738,15,19,1.94522653790438,2.81022738736756,1,1,1.94522653790438,2.81022738736756,0.257082088522261,0.384249981272593,0.257082088522261,0.313231205788919,0.21453712428365,0.384249981272593,0.0787654237598299,0.193539235451533
739,17,17,1.25545183675143,2.52218335191778,1,1,1.25545183675143,2.52218335191778,0.368476648929717,0.318580748979363,0.368476648929717,0.27104479759846,0.223939029153008,0.318580748979363,0.389862060686624,0.191942062355425
740,11,17,1.74758933379536,1.87255034530842,1,1,1.74758933379536,1.87255034530842,0.380172367554823,0.287586976383074,0.380172367554824,0.100368247586054,0.236545101485117,0.287586976383074,0.493047401476988,0.220522062132689
741,19,11,2.1301612523277,4.4321532287374,1,1,2.1301612523277,4.4321532287374,0.38367791711929,0.367302489772242,0.38367791711929,0.250624427996946,0.194295338789896,0.367302489772242,0.141875079228014,0.219559658464023
742,12,14,6.63840596041399,0.994610975551101,1,1.0054182233872,6.63840596041399,1,0.292072506661603,0.24575587137673,0.292072506661603,0.264002549893153,0.191975363834678,0.245755871376729,0.260179441822205,0.212307565789979
743,15,18,0.827913780352714,0.687730017862831,1.20785524257607,1.45405896794729,1,1,0.237512579834198,0.264607030967125,0.237512579834197,0.0509390334672687,0.211835874414693,0.264607030967125,0.353403220024374,0.220591853622852
744,13,18,1.69366093878198,0.774395537780596,1,1.29132975490275,1.69366093878198,1,0.241813970832296,0.275737460994338,0.241813970832296,0.38579503156034,0.255222277874712,0.275737460994338,0.159422864697341,0.205881103447868
745,10,20,4.88351230072036,1.19113734098924,1,1,4.88351230072036,1.19113734098924,0.36941723214313,0.172297528384884,0.36941723214313,0.124685956459006,0.191739226645443,0.172297528384884,0.365416931278408,0.201930044729587
746,18,14,1.2477185959364,1.37847339345361,1,1,1.2477185959364,1.37847339345361,0.323143713155029,0.28334248157113,0.323143713155029,0.222154666597851,0.205709007911701,0.28334248157113,0.357460320484967,0.180336685771307
747,18,14,3.06831473852287,3.38491417340041,1,1,3.06831473852287,3.38491417340041,0.218593435067628,0.364727122843795,0.218593435067627,0.149572217739794,0.188169054758528,0.364727122843795,0.263195017776988,0.21229446156235
748,15,10,0.765219529509788,5.08318532930403,1.30681453025724,1,1,5.08318532930403,0.246304626713263,0.276214563331885,0.246304626713263,0.194101188070136,0.220700840978656,0.276214563331885,0.308154212973629,0.19817858706937
749,18,13,0.760551068083103,3.21933389434808,1.31483609972491,1,1,3.21933389434808,0.157404211972706,0.318422261423967,0.157404211972706,0.285883128995841,0.185992896120921,0.318422261423967,0.698592777338131,0.202490750992259
750,10,16,0.631710291752037,0.813048280221505,1.58300412872255,1.22993925985252,1,1,0.210045545358332,0.19853836155855,0.210045545358332,0.259689543629349,0.194618790343553,0.198538361558549,0.0996556125438152,0.209437094492391
751,18,15,2.9958193222071,1.59865929627336,1,1,2.9958193222071,1.59865929627336,0.336513918377267,0.178634421818713,0.336513918377267,0.291404275738939,0.24432222302927,0.178634421818713,0.28560199028826,0.208234981815024
752,12,12,0.723543616833388,1.15071789948535,1.38208668660023,1,1,1.15071789948535,0.264805272529272,0.300752318533015,0.264805272529272,0.230788359261014,0.21014724019548,0.300752318533015,0.361427121353669,0.213260960965068
753,10,15,0.833064868411012,0.835512316595009,1.20038671407114,1.196870447195,1,1,0.245762497284503,0.152251709838141,0.245762497284503,0.315785214351033,0.200913547893487,0.152251709838141,0.126851832141974,0.215792235233294
754,18,16,5.22636233640663,0.788586223126952,1,1.26809215108367,5.22636233640663,1,0.315138122515124,0.268047323963892,0.315138122515125,0.377571849666433,0.192827350461772,0.268047323963892,0.148492893887559,0.198394460661206
755,19,15,2.75274965357563,4.90486068436113,1,1,2.75274965357563,4.90486068436113,0.305119986140493,0.235267690109261,0.305119986140493,0.255135802347103,0.196789807653861,0.235267690109261,0.233370328183035,0.184841687461426
756,13,10,1.19623694357431,0.760388075221255,1,1.31511794120262,1.19623694357431,1,0.256287391077132,0.336526412447325,0.256287391077132,0.372799790520804,0.186118630606839,0.336526412447325,0.184497991248292,0.18127723291888
757,15,20,0.854553779964011,2.32437086612037,1.17020136525768,1,1,2.32437086612037,0.350736600950915,0.328438020474347,0.350736600950915,0.013949550759671,0.220230396414211,0.328438020474347,0.100927952138432,0.198612073267469
758,13,18,2.6306957586286,4.09286112141172,1,1,2.6306957586286,4.09286112141172,0.372001080089885,0.251865384209753,0.372001080089885,0.0861815238780998,0.198278035523849,0.251865384209753,0.277990551157576,0.200929280143332
759,11,10,2.54383774355342,0.802288861252026,1,1.24643385730101,2.54383774355342,1,0.457174106389388,0.339315990678719,0.457174106389388,0.206714427655297,0.219073972172858,0.339315990678719,0.186340836085608,0.221547509443703
760,19,16,2.26438735489678,4.4238201977882,1,1,2.26438735489678,4.4238201977882,0.309286267256062,0.300989332960714,0.309286267256062,0.12296702183944,0.184535201134781,0.300989332960714,0.116583476450975,0.207925178563937
761,18,11,0.87044817132607,1.09573647526237,1.14883347790434,1,1,1.09573647526237,0.308845338646728,0.373364009467743,0.308845338646728,0.395835234799066,0.209393411299852,0.373364009467744,0.351591193577196,0.233385009722677
762,15,14,1.97842640421002,1.74471246211122,1,1,1.97842640421002,1.74471246211122,0.276418222169102,0.327010580603749,0.276418222169102,0.415612332378843,0.2157659745859,0.327010580603749,0.825119808021624,0.193172996052942
763,16,11,2.61626349776228,0.311855892521121,1,3.20660928326783,2.61626349776228,1,0.257758654869209,0.294630563833658,0.257758654869209,0.321099989796535,0.194531913068071,0.294630563833658,0.269661934935332,0.242920800345536
764,12,13,0.97452022134279,0.94789819545971,1.02614597224273,1.05496561211937,1,1,0.346156886738337,0.309614742417991,0.346156886738337,0.0403545080465873,0.233325224875955,0.309614742417991,0.458365005138639,0.216074992101918
765,13,19,3.21969847668798,1.48305970442769,1,1,3.21969847668798,1.48305970442769,0.275518798393695,0.20552803644606,0.275518798393695,0.450274016890988,0.191348193853982,0.20552803644606,0.227677026788011,0.215403133670506
766,20,10,1.77453673129677,2.43580300220775,1,1,1.77453673129677,2.43580300220775,0.257955082625005,0.305751612834094,0.257955082625005,0.218049261292004,0.220868049180312,0.305751612834094,0.452439631227723,0.19056858208874
767,17,15,3.46645634415515,1.77778205667349,1,1,3.46645634415515,1.77778205667349,0.328560639402344,0.37410862981302,0.328560639402344,0.225152988851321,0.206234072411788,0.37410862981302,0.509443906424296,0.235822784090245
768,18,17,2.10647263861856,1.45603793358253,1,1,2.10647263861856,1.45603793358253,0.332846194900061,0.313419599334277,0.332846194900061,0.20148723460649,0.192329545453,0.313419599334278,0.188212554369483,0.213030850480037
769,16,19,4.12848361937083,2.79115375064867,1,1,4.12848361937083,2.79115375064867,0.128510063700769,0.331142172723005,0.128510063700769,0.315728558271084,0.197375006810461,0.331142172723004,0.195655646716825,0.206829239510597
770,18,11,2.60946653130472,2.79840716459397,1,1,2.60946653130472,2.79840716459397,0.355847643543067,0.300708361639862,0.355847643543067,0.403674391485924,0.210889757494158,0.300708361639862,0.152518589573238,0.213291628835787
771,10,12,1.72918028599401,0.972602381450478,1,1.02816939282902,1.72918028599401,1,0.27150232520005,0.169305829745943,0.27150232520005,0.325862315183627,0.202073354484372,0.169305829745943,0.250677622816106,0.20479422452556
772,11,15,2.95755748871442,3.04047659744343,1,1,2.95755748871442,3.04047659744343,0.363201626654836,0.343743243234144,0.363201626654836,0.126791260271403,0.207934252534199,0.343743243234144,0.100181616481881,0.214128708210395
773,19,19,4.09821513724224,1.40924456067434,1,1,4.09821513724224,1.40924456067434,0.301070467608155,0.270993778127389,0.301070467608155,0.12760646631213,0.206811606454636,0.270993778127389,0.476466697813477,0.191029332803546
774,16,12,2.72704619871018,1.86932453017579,1,1,2.72704619871018,1.86932453017579,0.292435311983596,0.321402150494173,0.292435311983596,0.409508548256361,0.198003982410077,0.321402150494173,0.644935422611195,0.206407611378109
775,20,17,2.05379479904884,7.29963296042722,1,1,2.05379479904884,7.29963296042722,0.332897778867885,0.279985408420129,0.332897778867885,0.265278069539902,0.214166538946191,0.279985408420129,0.253898287783935,0.18094308289136
776,10,19,2.05324682335087,2.07488608291681,1,1,2.05324682335087,2.07488608291681,0.336315855639473,0.3002331231275,0.336315855639473,0.556124403141858,0.201569226946769,0.3002331231275,0.277754836668442,0.184285083989143
777,12,13,2.30379858082847,5.47378883953703,1,1,2.30379858082847,5.47378883953703,0.19730095660876,0.285894044395162,0.197300956608759,0.0770674078971383,0.214670115778447,0.285894044395162,0.27328192406256,0.225207850043786
778,18,14,1.93553398688318,2.18594850215466,1,1,1.93553398688318,2.18594850215466,0.431501877674576,0.248983014555809,0.431501877674577,0.129029760259469,0.222387885909308,0.248983014555809,0.559194825424719,0.195602804617003
779,13,16,1.15221874180883,2.55809587335094,1,1,1.15221874180883,2.55809587335094,0.210704193986987,0.249175438602418,0.210704193986987,0.226873455427876,0.203873064996547,0.249175438602418,0.13413521353592,0.22289779739822
780,17,16,1.05470899183097,1.80686153386792,1,1,1.05470899183097,1.80686153386792,0.338931887084552,0.27560873654931,0.338931887084552,0.209414254286028,0.210907819241427,0.27560873654931,0.149026301059265,0.209923167917799
781,17,20,1.01430640651831,2.25589719050834,1,1,1.01430640651831,2.25589719050834,0.391738886161387,0.337671531144289,0.391738886161387,0.104665680572878,0.192189701530834,0.337671531144289,0.458456519984308,0.224274903160049
782,15,13,0.726757609999574,0.543763936937058,1.37597458387892,1.8390333232337,1,1,0.3691937776855,0.278229992515713,0.3691937776855,0.301602821049451,0.19001591395152,0.278229992515713,1.07943403256142,0.203422788035209
783,18,11,1.37186657834949,4.00653895388073,1,1,1.37186657834949,4.00653895388073,0.287678795927674,0.317941948584219,0.287678795927674,0.338415865504775,0.202091775137358,0.317941948584219,0.16021611177862,0.213171990010933
784,12,10,0.895126446661547,0.403896454201829,1.11716060197929,2.47588209699978,1,1,0.312963316748868,0.318743541526385,0.312963316748868,0.440129875704459,0.217076903756571,0.318743541526385,0.320036437479877,0.184469509048636
785,11,20,3.35609891060196,2.10452083724572,1,1,3.35609891060196,2.10452083724572,0.246949419368633,0.157480336649714,0.246949419368633,0.281928494892196,0.232502436780338,0.157480336649714,0.320251819706234,0.216355839542232
786,17,11,4.19200501702496,0.499587285681722,1,2.00165222106369,4.19200501702496,1,0.325874738793763,0.353734909737595,0.325874738793763,0.481437009928681,0.187625988189894,0.353734909737595,0.0440068784941088,0.248040042977895
787,19,13,4.05407432835862,2.1860445528639,1,1,4.05407432835862,2.1860445528639,0.244611438467718,0.234392823099633,0.244611438467718,0.226183599135386,0.218098146358651,0.234392823099634,0.157889473905407,0.21120080684988
788,10,17,2.17050095496493,3.34954871212955,1,1,2.17050095496493,3.34954871212955,0.196293126990219,0.288099969623122,0.19629312699022,0.397465235407264,0.193605697988759,0.288099969623122,0.123742096316209,0.210090257725029
789,18,16,1.72135850611798,2.89174799758053,1,1,1.72135850611798,2.89174799758053,0.279336413177366,0.244395514972969,0.279336413177366,0.215047768512335,0.211357751008715,0.244395514972969,0.337552983437926,0.20704101660847
790,13,13,3.69010891779726,1.02146602537953,1,1,3.69010891779726,1.02146602537953,0.260594537254769,0.349519758321443,0.260594537254769,0.39741844698693,0.215610178023695,0.349519758321443,0.481288033056295,0.221462592825602
791,13,19,1.4960389394722,2.45120364823078,1,1,1.4960389394722,2.45120364823078,0.266736851156061,0.25302657059645,0.266736851156061,0.305899940321689,0.200503418881248,0.25302657059645,0.114132264956609,0.209234913567473
792,10,12,0.670483162190909,1.76360996230027,1.49146176427808,1,1,1.76360996230027,0.306626888366542,0.327581478006911,0.306626888366542,0.373541474591908,0.215522243850609,0.327581478006911,0.103302981915916,0.169758218361741
793,17,10,2.06573535199399,0.712224200900565,1,1.40405226154287,2.06573535199399,1,0.291659671580142,0.207330649078928,0.291659671580142,0.156611885140158,0.191885922867966,0.207330649078928,0.499188714808472,0.205162528113315
794,11,11,7.57234247140283,1.55183611743387,1,1,7.57234247140283,1.55183611743387,0.309522114755263,0.368493323194112,0.309522114755263,0.112971107417136,0.189691497601734,0.368493323194112,0.326810971784876,0.211075817442763
795,14,13,1.62996503140406,1.71708722150936,1,1,1.62996503140406,1.71708722150936,0.310894964960194,0.377103898599197,0.310894964960194,0.23012320305551,0.222993778631457,0.377103898599197,0.375126671050457,0.181945487931913
796,13,16,0.891631550437663,3.21945882395169,1.12153949634145,1,1,3.21945882395169,0.269459631719006,0.308945538866992,0.269459631719006,0.396236082584207,0.205491107670535,0.308945538866992,0.321393953636755,0.207704014593801
797,10,19,4.35313496170882,1.01252194309065,1,1,4.35313496170882,1.01252194309065,0.224309246507652,0.285370939065956,0.224309246507652,0.415897408185893,0.22088581118363,0.285370939065956,0.161958800158939,0.196161943152999
798,14,10,1.64708619565484,1.81917631687944,1,1,1.64708619565484,1.81917631687944,0.355893012461963,0.329767316618805,0.355893012461963,0.329991985860632,0.177363268913726,0.329767316618805,0.322937278187755,0.217975272407162
799,16,15,2.17671493305445,1.84096161457742,1,1,2.17671493305445,1.84096161457742,0.302038175520559,0.412357818472435,0.302038175520559,0.428318298018539,0.201460633849994,0.412357818472435,0.385866169472009,0.206799551378364
800,13,16,0.433889787933115,3.10229758704662,2.30473274045839,1,1,3.10229758704662,0.296773083119308,0.264721613266275,0.296773083119307,0.333339602505498,0.242841037009426,0.264721613266275,0.471299453248956,0.187716392759917
801,20,18,1.77519099130647,1.8940716907902,1,1,1.77519099130647,1.8940716907902,0.217503161975419,0.359864108246408,0.217503161975419,0.246732491793956,0.180401727315173,0.359864108246408,0.17438894077219,0.1890128964396
802,15,15,2.74242780021068,0.65306878531491,1,1.53123227213777,2.74242780021068,1,0.247736392193834,0.257781159767402,0.247736392193834,0.359478140314162,0.188564304062657,0.257781159767402,0.340606533973799,0.233253979555966
803,10,16,4.2991004058564,3.17367172559997,1,1,4.2991004058564,3.17367172559997,0.303653967712783,0.286725000671706,0.303653967712784,0.370422663832736,0.201079994825342,0.286725000671706,0.104811309891483,0.17887521444407
804,14,18,1.58736166523642,2.39812274587262,1,1,1.58736166523642,2.39812274587262,0.370396152577051,0.254075911697854,0.370396152577051,0.0459776129450587,0.19499781911789,0.254075911697854,0.384629255044936,0.20969381233326
805,12,19,1.74745921297832,0.951196869367824,1,1.05130707659353,1.74745921297832,1,0.253577180645925,0.31843979215976,0.253577180645925,0.208560722744245,0.206995864218589,0.31843979215976,0.247310951953183,0.202159431673545
806,13,12,2.89831324578926,1.05811151664495,1,1,2.89831324578926,1.05811151664495,0.35682923834411,0.344510095060159,0.35682923834411,0.30268141463899,0.1919031510141,0.344510095060158,0.307209151833055,0.208441468316775
807,10,10,0.856519828997925,5.11922731067421,1.16751529403579,1,1,5.11922731067421,0.47976024317467,0.327680265989972,0.47976024317467,0.705096536340333,0.173475701268481,0.327680265989972,0.196357831176498,0.209939219102403
808,14,18,1.18380889221339,1.84260163541402,1,1,1.18380889221339,1.84260163541402,0.25176189481677,0.280302582483536,0.25176189481677,0.245609400887151,0.197993847043114,0.280302582483536,0.453354178813305,0.220821332852632
809,11,14,4.64153099354528,1.02060825919367,1,1,4.64153099354528,1.02060825919367,0.411636000571472,0.321989746598608,0.411636000571472,0.148559010305979,0.222820981054087,0.321989746598608,0.0992556405610395,0.181603116299479
810,11,12,2.78602525141113,1.10165287737678,1,1,2.78602525141113,1.10165287737678,0.312862852987676,0.282847702502338,0.312862852987676,0.562805605903172,0.201503026914426,0.282847702502338,0.291931805340653,0.225929168064457
811,18,20,2.46285944772119,2.02747666153164,1,1,2.46285944772119,2.02747666153164,0.257604554083243,0.328732239927782,0.257604554083243,0.324653058490884,0.201077830378574,0.328732239927782,0.346331756538849,0.208032613661547
812,13,12,6.22023961057274,0.5230681946616,1,1.91179660741359,6.22023961057274,1,0.236810207962504,0.193361889471139,0.236810207962504,0.162450313376365,0.194419979238069,0.193361889471139,0.363897741651694,0.210328242147659
813,15,18,2.20357262217604,3.21528660963879,1,1,2.20357262217604,3.21528660963879,0.279546935182625,0.246187578133423,0.279546935182625,0.193949912092432,0.22458720463392,0.246187578133423,0.164464957012285,0.205031586400175
814,20,11,3.11129417812667,2.22906107077038,1,1,3.11129417812667,2.22906107077038,0.31359523387772,0.325946579448363,0.313595233877719,0.23985157166834,0.1923190602954,0.325946579448363,0.196920345084088,0.175477444264968
815,13,19,1.33377289528946,1.54341466938903,1,1,1.33377289528946,1.54341466938903,0.25162190204383,0.248148754736637,0.25162190204383,0.27477602391259,0.202525064102051,0.248148754736637,0.206199380001541,0.197697230505426
816,16,13,7.97251784371279,0.93055921255422,1,1.07462264250243,7.97251784371279,1,0.297717042200791,0.343203928096926,0.297717042200792,0.0659795186206442,0.191268988238719,0.343203928096925,0.129411915528723,0.235542439243385
817,15,10,1.52160931901246,0.405976853675938,1,2.46319461551921,1.52160931901246,1,0.224356569353459,0.337564922911211,0.224356569353459,0.181919489847744,0.226924589585121,0.337564922911211,0.110590245970431,0.185818634168084
818,19,12,5.86058116323463,1.81728161377143,1,1,5.86058116323463,1.81728161377143,0.287129975660341,0.234315579839754,0.28712997566034,0.154279512145285,0.190034888204445,0.234315579839754,0.372643778105925,0.200129117391046
819,11,20,0.938047520498335,4.48617444827944,1.06604407361874,1,1,4.48617444827944,0.223371853100273,0.32142457631143,0.223371853100273,0.545730430857505,0.209136335568311,0.32142457631143,0.15559490432062,0.173961173160099
820,17,10,0.836612476765925,0.972226597186516,1.19529654143538,1.0285668000586,1,1,0.383688407935668,0.215855604651053,0.383688407935668,0.412796813858737,0.196863097945226,0.215855604651054,0.343295807357628,0.224185991649365
821,12,16,1.48021286487125,0.923155544086132,1,1.08324107070162,1.48021286487125,1,0.255819148741103,0.318794901491674,0.255819148741103,0.544201103612617,0.177431279743718,0.318794901491674,0.263685641964702,0.164485818149253
822,11,10,1.28367570896334,0.577156050449707,1,1.73263365985824,1.28367570896334,1,0.296792231467031,0.323290819853392,0.296792231467031,0.0501727258641489,0.172355780003799,0.323290819853393,0.219474025168071,0.204774161165274
823,15,17,3.0765191518648,1.90056659999814,1,1,3.0765191518648,1.90056659999814,0.123287413744981,0.277678489726248,0.123287413744981,0.304101473365337,0.223258328564654,0.277678489726248,0.204797618493393,0.198032973624585
824,18,13,0.949881740237789,4.0009427000898,1.05276263100885,1,1,4.0009427000898,0.252828495831585,0.309078851346197,0.252828495831586,0.265197363519359,0.198103680617128,0.309078851346197,0.216931316459825,0.218715962113044
825,18,16,1.10487678595055,1.22962797424089,1,1,1.10487678595055,1.22962797424089,0.296962455017161,0.231421140107993,0.296962455017161,0.374949781658332,0.20126774816816,0.231421140107993,0.0541182608368393,0.250289692808282
826,20,12,3.12060483746865,3.4833239331984,1,1,3.12060483746865,3.4833239331984,0.30355110669621,0.31029298207484,0.30355110669621,0.445908829554333,0.195856686178139,0.31029298207484,0.461645390408181,0.186239189365552
827,14,19,4.61430480435427,3.93884662139789,1,1,4.61430480435427,3.93884662139789,0.252690260323101,0.262554073453748,0.252690260323101,0.630264994486161,0.197843669508144,0.262554073453748,0.382182615073543,0.211286101786259
828,16,11,1.02164262993831,0.680949320644882,1,1.46853806837338,1.02164262993831,1,0.286888848617243,0.329305948553449,0.286888848617243,0.359202161560161,0.186248034008269,0.329305948553449,0.176137236279662,0.235538857720537
829,15,18,2.19762531333939,1.50012147213474,1,1,2.19762531333939,1.50012147213474,0.230682265332541,0.296433597783781,0.230682265332541,0.372795708155688,0.206842470717933,0.296433597783781,0.478585606668159,0.214581703611197
830,18,15,0.968765994745562,1.63992299021939,1.03224102148903,1,1,1.63992299021939,0.258768087740313,0.225450363380702,0.258768087740313,0.329187364009923,0.199122424206808,0.225450363380701,0.240313875015095,0.209432043913954
831,15,15,1.90260535078327,3.51659492636765,1,1,1.90260535078327,3.51659492636765,0.425512673179752,0.281926364633704,0.425512673179752,0.262600811550454,0.232924329045111,0.281926364633704,0.261287032261461,0.20693778369888
832,15,16,4.74002046213662,2.95209887520307,1,1,4.74002046213662,2.95209887520307,0.308099829520059,0.22908378548263,0.308099829520059,0.342815652477216,0.203124558430775,0.22908378548263,0.264113849486659,0.173250768630063
833,20,19,1.53144124602984,2.73657351249138,1,1,1.53144124602984,2.73657351249138,0.337369856159173,0.30034450837713,0.337369856159173,0.342853450905902,0.234537353959497,0.30034450837713,0.297109334502536,0.189879117261307
834,11,12,0.675620753411539,3.6587019203368,1.48012031150688,1,1,3.6587019203368,0.322533669562721,0.215594423316462,0.322533669562721,0.684890739549257,0.173486153491479,0.215594423316462,0.120624661583335,0.176422644181119
835,11,14,1.01321007355539,1.419077903103,1,1,1.01321007355539,1.419077903103,0.306324598578846,0.325198818042998,0.306324598578845,0.179858595831174,0.178863503432375,0.325198818042998,0.449968655457014,0.190687974890012
836,12,18,0.550401300838952,6.55707135172065,1.81685617108053,1,1,6.55707135172065,0.328339251216654,0.304621417854632,0.328339251216654,0.0517028864912416,0.262292705296894,0.304621417854632,0.429094735112427,0.194601312257817
837,13,13,2.60258761595081,0.691777535910685,1,1.44555142092545,2.60258761595081,1,0.40762937629399,0.275858352649111,0.407629376293989,0.0408740317171249,0.199402838010303,0.275858352649111,0.239719214285997,0.209451019191145
838,14,11,2.4421965682198,1.34061118956221,1,1,2.4421965682198,1.34061118956221,0.340055533778471,0.305390640592741,0.340055533778471,0.326562597416684,0.1815221881026,0.305390640592741,0.732667046291764,0.224209848100825
839,15,17,3.72067360720239,3.76223762150157,1,1,3.72067360720239,3.76223762150157,0.253658423955317,0.176337472705732,0.253658423955317,0.67851983837556,0.197911320160752,0.176337472705732,0.715419707048952,0.221961898700619
840,20,19,3.52405824582958,0.801822156800605,1,1.24715935013589,3.52405824582958,1,0.312621865906727,0.269129920767576,0.312621865906727,0.258739122547511,0.214032977731852,0.269129920767576,0.201683955951333,0.188828789309123
841,19,11,3.55408332050965,0.887263327060902,1,1.12706112097808,3.55408332050965,1,0.165530074795585,0.239182787825317,0.165530074795585,0.179117122685363,0.231479526902238,0.239182787825317,0.164434112913746,0.228157611107297
842,12,19,1.74603104357696,1.70587429900456,1,1,1.74603104357696,1.70587429900456,0.255338518513215,0.32690651273298,0.255338518513215,0.19736729842248,0.206364615179095,0.32690651273298,0.439135074081391,0.192388779003573
843,15,14,5.2308708349394,1.43869599612677,1,1,5.2308708349394,1.43869599612677,0.272815686147633,0.244682706024233,0.272815686147634,0.219380448888556,0.21045062272284,0.244682706024233,0.380777682569389,0.190497797643055
844,14,10,1.48118445140941,0.462370115591224,1,2.16276953522681,1.48118445140941,1,0.255389002280743,0.153560349295207,0.255389002280743,0.081074545937803,0.192413872754141,0.153560349295207,0.313344167106985,0.210746812528343
845,11,15,0.676657645640043,1.29019516410691,1.47785221440025,1,1,1.29019516410691,0.317810459032954,0.319844819099614,0.317810459032954,0.143855923885474,0.210612789608949,0.319844819099614,0.182079537103332,0.204147475416471
846,14,17,1.67305262998476,0.919153864778334,1,1.08795712918115,1.67305262998476,1,0.244908377189024,0.247011584091969,0.244908377189024,0.375308429858795,0.204486049447841,0.247011584091969,0.264992711679664,0.217234729339977
847,13,11,3.83814487897836,0.906508466048833,1,1.10313365782304,3.83814487897836,1,0.316210285476608,0.345630807105182,0.316210285476608,0.262371306050313,0.201059183508687,0.345630807105182,0.233472710803083,0.203850891202217
848,12,12,1.56560297094565,2.21638595630905,1,1,1.56560297094565,2.21638595630905,0.259947295436257,0.26917926882513,0.259947295436257,0.25937811750458,0.1928772673423,0.269179268825129,0.140474942884419,0.192774218942005
849,13,19,0.997235762129438,1.88286055643571,1.00277190006169,1,1,1.88286055643571,0.346099954983026,0.209655423478953,0.346099954983026,0.315627093442474,0.182943291174556,0.209655423478953,0.207023729360421,0.19416788093914
850,17,12,1.76976259588379,0.375264831824144,1,2.66478474718521,1.76976259588379,1,0.310739391683934,0.284787102773715,0.310739391683933,0.279478118356469,0.198617364253161,0.284787102773714,0.636398118869201,0.219973790781633
851,17,10,1.46715742687849,3.0840811138344,1,1,1.46715742687849,3.0840811138344,0.330324364765603,0.290921690586117,0.330324364765603,0.457961206763584,0.178086879241064,0.290921690586117,0.389770163218677,0.228508690921547
852,18,12,2.48187829804084,1.14464416270096,1,1,2.48187829804084,1.14464416270096,0.319120856464738,0.241765326842943,0.319120856464738,0.285929085334218,0.18932116830519,0.241765326842943,0.331793452633134,0.207119900390848
853,12,18,1.80351967270675,4.83323096530856,1,1,1.80351967270675,4.83323096530856,0.259282278254917,0.259110275047014,0.259282278254917,0.115053285391689,0.211132647408213,0.259110275047014,0.31008102105621,0.209680578435148
854,18,17,2.16354805268938,3.09969773671779,1,1,2.16354805268938,3.09969773671779,0.336279388367231,0.348634288620599,0.336279388367231,0.25503001322123,0.210870952758986,0.348634288620599,0.49434090174754,0.235634356224429
855,13,14,1.85262277167675,1.13390269960921,1,1,1.85262277167675,1.13390269960921,0.241717691466857,0.293476330934069,0.241717691466857,0.345815967941429,0.204668536939482,0.293476330934069,0.377473528820167,0.228148370080937
856,20,10,1.50553595930089,2.04367904410369,1,1,1.50553595930089,2.04367904410369,0.31733226862064,0.200209380679981,0.31733226862064,0.386063762077297,0.178252616158268,0.200209380679981,0.281719236062948,0.222060885773975
857,13,11,1.96126042362605,1.64730417389553,1,1,1.96126042362605,1.64730417389553,0.239628937317338,0.314764636933432,0.239628937317338,0.150334427834433,0.218217700229366,0.314764636933432,0.522918296182034,0.210583810774535
858,11,16,2.08357079664482,7.0751924089817,1,1,2.08357079664482,7.0751924089817,0.239164805814938,0.265692546275698,0.239164805814938,0.082931132983431,0.183913256959613,0.265692546275698,0.412608231237659,0.196943064752376
859,14,17,0.604772638166638,2.54845326245245,1.65351396027355,1,1,2.54845326245245,0.223196151959095,0.298513014028051,0.223196151959095,0.368833996750258,0.192232868319779,0.29851301402805,0.449231774366658,0.19430800255343
860,11,10,2.11782711930809,0.643698610554247,1,1.55352207322456,2.11782711930809,1,0.345524115386053,0.19852874210809,0.345524115386053,0.237611457990032,0.228021318100547,0.19852874210809,0.411676682266207,0.205141736954008
861,14,12,1.3839508784629,2.08428289417639,1,1,1.3839508784629,2.08428289417639,0.290606457357764,0.329598503782293,0.290606457357764,0.133389635616114,0.154197230273356,0.329598503782293,0.17546618463242,0.191792991947593
862,16,20,1.41562638253597,2.0677925111608,1,1,1.41562638253597,2.0677925111608,0.259230713070926,0.250873413922672,0.259230713070926,0.334568574053209,0.185400312251868,0.250873413922672,0.369425888652492,0.228953938299794
863,18,11,2.96182459382033,2.35945883147716,1,1,2.96182459382033,2.35945883147716,0.306857536660332,0.31948045216544,0.306857536660332,0.290064004996726,0.20194716783953,0.31948045216544,0.192162445836355,0.182592960730431
864,18,10,0.62265049584676,2.23547751066694,1.60603742656636,1,1,2.23547751066694,0.219568184156451,0.411949369485485,0.219568184156451,0.693604327785216,0.24484000274789,0.411949369485485,0.231444825299695,0.187451742217324
865,10,16,0.496379463020309,2.01883279059626,2.01458777910617,1,1,2.01883279059626,0.330196485139086,0.285971180923926,0.330196485139086,0.0863051623765537,0.191637416132044,0.285971180923926,0.555537509455581,0.19695551432803
866,15,15,1.34089957097609,3.92931399902777,1,1,1.34089957097609,3.92931399902777,0.307409365917981,0.364831794430509,0.307409365917981,0.152595030460891,0.209575263978472,0.364831794430509,0.461228985912855,0.204886397404808
867,11,19,1.72903830402543,3.13183702681449,1,1,1.72903830402543,3.13183702681449,0.279637548282302,0.266169874515897,0.279637548282302,0.472764643984891,0.199666614263162,0.266169874515897,0.230322487194271,0.228971322536292
868,14,16,1.60242782429268,1.64533461279577,1,1,1.60242782429268,1.64533461279577,0.360538799890889,0.228745748473744,0.360538799890888,0.526357602672491,0.201278441085788,0.228745748473744,0.466364854132204,0.231368080162592
869,13,11,1.22385850503826,1.51871143964175,1,1,1.22385850503826,1.51871143964175,0.230384420112965,0.373930563345951,0.230384420112965,0.170286616049722,0.20182537633734,0.37393056334595,0.374656716535292,0.190358604460065
870,12,14,0.853233760457447,1.26085819218353,1.17201175849379,1,1,1.26085819218353,0.313458235777339,0.30367114388602,0.313458235777339,0.29325513866997,0.237355105978597,0.30367114388602,0.540240953935062,0.194599737655263
871,16,14,1.85620037753705,2.06237791895904,1,1,1.85620037753705,2.06237791895904,0.36140506887734,0.269568170752905,0.36140506887734,0.223793353250545,0.199035628326188,0.269568170752906,0.379944670187281,0.166766646525067
872,19,19,1.36223565649335,1.09430323986878,1,1,1.36223565649335,1.09430323986878,0.345463135014742,0.310730879591627,0.345463135014742,0.0830522234766414,0.215580873444219,0.310730879591626,0.193809288773461,0.2146883095541
873,14,19,1.50054131330397,0.723643483183328,1,1.38189595185874,1.50054131330397,1,0.292012764894647,0.292204310126869,0.292012764894646,0.0495104747281273,0.21440046959446,0.292204310126869,0.114434128295917,0.202520835275505
874,10,13,1.29684853567464,3.66197983158096,1,1,1.29684853567464,3.66197983158096,0.350571457528058,0.420009955802267,0.350571457528058,0.229536401270567,0.238054373527686,0.420009955802267,0.140950209669074,0.199545496426763
875,17,14,2.97574243155608,1.32485082587057,1,1,2.97574243155608,1.32485082587057,0.289963677206694,0.206322196119774,0.289963677206694,0.0758898599623137,0.192496233230776,0.206322196119774,0.12113155000001,0.185772715093941
876,20,12,3.59814760916284,0.981028447784336,1,1.01933843229369,3.59814760916284,1,0.218069332794345,0.275767506020136,0.218069332794345,0.376388975949877,0.17936103046029,0.275767506020136,0.173335274297822,0.188810412919554
877,13,18,0.958517805794781,2.06418241016093,1.04327743726244,1,1,2.06418241016093,0.329219902614318,0.340620162045967,0.329219902614318,0.12446606879487,0.21339879354887,0.340620162045967,0.0623059085487191,0.194419658899801
878,16,13,2.40501907368067,0.727067478315646,1,1.37538815835449,2.40501907368067,1,0.305746707145681,0.354283480125781,0.305746707145681,0.321206209311227,0.206745489678735,0.354283480125781,0.273563487697344,0.2153632255963
879,15,20,4.7023412880632,1.63007744061193,1,1,4.7023412880632,1.63007744061193,0.273055572042979,0.227606400950117,0.273055572042979,0.786865514555855,0.194370382107415,0.227606400950117,0.333324707279255,0.20633036607083
880,17,18,1.3398119752376,3.41715293617564,1,1,1.3398119752376,3.41715293617564,0.352030441860054,0.254324947194301,0.352030441860054,0.398474248124089,0.193190722325386,0.254324947194301,0.136070255683274,0.214245834452856
881,10,11,3.03407717319967,1.28952955758177,1,1,3.03407717319967,1.28952955758177,0.249280653121182,0.245498375413396,0.249280653121182,0.344278826308918,0.194316374194528,0.245498375413396,0.071286440067862,0.217108214755139
882,14,20,1.76544961047168,1.86430819342304,1,1,1.76544961047168,1.86430819342304,0.247940251391859,0.24359192949019,0.247940251391859,0.170600534470244,0.212244736242775,0.243591929490191,0.414437250003168,0.213444295624267
883,13,10,3.11674926070355,1.73800663294824,1,1,3.11674926070355,1.73800663294824,0.31120039225448,0.27703393854469,0.31120039225448,0.443258466394065,0.220958440543113,0.27703393854469,0.139371843274087,0.215038484395015
884,11,10,1.28079977545035,0.856106078237519,1,1.16807954693969,1.28079977545035,1,0.290556416080331,0.283484894055437,0.290556416080331,0.239159893612494,0.182139098332152,0.283484894055437,0.742973309367094,0.206873613231101
885,13,19,3.83476599348153,1.686140234599,1,1,3.83476599348153,1.686140234599,0.292215024371665,0.333214814452795,0.292215024371665,0.220966789104825,0.207780533423756,0.333214814452795,0.137031275908645,0.211413702160171
886,18,17,2.32779161717767,2.6016012895428,1,1,2.32779161717767,2.6016012895428,0.202664864334521,0.251752961376443,0.202664864334521,0.190565947500471,0.220218643743576,0.251752961376444,0.372103005606922,0.190777385347629
887,15,15,1.87552388746533,1.03401576182374,1,1,1.87552388746533,1.03401576182374,0.192435051732141,0.326952332152991,0.192435051732141,0.322378336663203,0.218012511828351,0.326952332152991,0.296912063185701,0.228464875707535
888,10,18,1.08479825542241,3.30823335518121,1,1,1.08479825542241,3.30823335518121,0.302662234487994,0.271300295039951,0.302662234487994,0.152492959811379,0.194166738070699,0.27130029503995,0.40523714292966,0.21151633750951
889,20,20,9.4938489896748,2.21022958645542,0.842650858329486,1,8,2.21022958645542,0.410528425189516,0.282878934642802,0.410528425189516,0.366310210645754,0.202396628914702,0.282878934642802,0.349207807524436,0.187808774677776
890,17,16,2.51352259882578,1.37944826153508,1,1,2.51352259882578,1.37944826153508,0.194597948935582,0.315282751364741,0.194597948935582,0.153111954506804,0.156183846812796,0.315282751364741,0.166987855097866,0.187716040819409
891,20,16,1.96592744675971,3.73479332081087,1,1,1.96592744675971,3.73479332081087,0.224653809213436,0.316526903362948,0.224653809213437,0.60716247509359,0.232336440606243,0.316526903362948,0.204176076787831,0.192743409241972
892,16,13,2.59848530494404,2.33726861843994,1,1,2.59848530494404,2.33726861843994,0.397731675371915,0.287995416177571,0.397731675371915,0.0286225569829908,0.260020501682382,0.287995416177571,0.228228674589323,0.201673622506446
893,17,12,4.47942354653012,5.65415675603433,1,1,4.47942354653012,5.65415675603433,0.261229022753962,0.320583205129665,0.261229022753962,0.185682291113777,0.174628284783493,0.320583205129665,0.23484093064453,0.204223709507537
894,10,16,0.767789972942117,2.05877545468542,1.30243951502527,1,1,2.05877545468542,0.24504866880565,0.330090726814946,0.24504866880565,0.159894889861419,0.210330860251692,0.330090726814946,0.300217102477519,0.212392377767047
895,20,18,1.17368260451147,8.72349147691773,1,0.917064001399889,1.17368260451147,8,0.332349892540498,0.205444701230948,0.332349892540498,0.0555106333396161,0.190745063211203,0.205444701230948,0.449462377885254,0.219937939487181
896,15,10,1.16756437944852,1.18170381840607,1,1,1.16756437944852,1.18170381840607,0.364311709222816,0.301206647863606,0.364311709222816,0.240930276932848,0.195581651609633,0.301206647863607,0.159673897939513,0.218726937659706
897,10,18,0.432657425065778,5.29436027731515,2.31129744242334,1,1,5.29436027731515,0.269091451945118,0.308807481952777,0.269091451945118,0.151016065117072,0.186051999686748,0.308807481952777,0.247025190198819,0.179716119006081
898,11,18,0.350877951540005,2.53706132483397,2.84999383862963,1,1,2.53706132483397,0.232174176994939,0.37930631509132,0.232174176994939,0.29335496576865,0.223495136712192,0.379306315091319,0.361228712654636,0.194626219646812
899,11,10,1.24888790472361,1.37806626129639,1,1,1.24888790472361,1.37806626129639,0.257261502749723,0.205258793702943,0.257261502749723,0.107800400797652,0.198206502275222,0.205258793702942,0.0861685474729545,0.209915352405143
900,12,13,0.815428406434681,1.25527922895899,1.22634923202189,1,1,1.25527922895899,0.262318195820609,0.27546809271857,0.262318195820609,0.224093832887949,0.210900364451247,0.27546809271857,0.110734145089398,0.244804617817449
901,20,15,1.08851151226265,6.08234516269675,1,1,1.08851151226265,6.08234516269675,0.211448626918755,0.343946626458645,0.211448626918755,0.0866395600456478,0.2196196799653,0.343946626458645,0.378708339362234,0.18437846996876
902,13,18,2.21694141935859,1.19748828367525,1,1,2.21694141935859,1.19748828367525,0.225516043083119,0.18854416880549,0.225516043083119,0.38055898042817,0.212617541347179,0.18854416880549,0.221507811903354,0.195730754558123
903,12,12,1.68690398197764,0.758191831172402,1,1.3189274256011,1.68690398197764,1,0.227906234912161,0.349921630569211,0.227906234912161,0.0685470518550489,0.230879173783698,0.349921630569211,0.292747497002863,0.227233342299876
904,17,14,1.87474041587324,5.79749211131359,1,1,1.87474041587324,5.79749211131359,0.323498476669416,0.171968168780484,0.323498476669417,0.369816890160917,0.200045870319255,0.171968168780484,0.558340531512791,0.236474166693455
905,10,15,1.21964848269863,2.80617651185294,1,1,1.21964848269863,2.80617651185294,0.413448870212926,0.187366845402277,0.413448870212926,0.483990719697888,0.203724922089748,0.187366845402277,0.382748888082785,0.225140854658862
906,16,15,2.24939040838961,1.24185192877861,1,1,2.24939040838961,1.24185192877861,0.337534619688821,0.367702831997817,0.337534619688821,0.467211307490056,0.206834722144984,0.367702831997817,0.289289508180181,0.186251144404958
907,14,11,4.78503550988499,2.8115818895479,1,1,4.78503550988499,2.8115818895479,0.326759484215053,0.27288557198707,0.326759484215053,0.286576525491897,0.236538548050107,0.27288557198707,0.265159209164285,0.200694401571656
908,16,13,0.839452197419806,2.10817603965906,1.1912530613103,1,1,2.10817603965906,0.445041287260186,0.325317711689134,0.445041287260186,0.224505556807216,0.179277569995976,0.325317711689134,0.290478234822842,0.186344856060551
909,10,10,0.967582430227813,0.633557018602065,1.03350367757769,1.5783899012065,1,1,0.221706556568608,0.293448245968769,0.221706556568608,0.399917207079429,0.186757779568641,0.29344824596877,0.105701992487596,0.187601405122895
910,10,10,1.48499697353441,0.475052937414426,1,2.10502855838069,1.48499697353441,1,0.283760200358247,0.241071298311577,0.283760200358247,0.65022936270108,0.215663318136533,0.241071298311577,0.335977750385351,0.204733320703717
911,11,17,10.0627982382982,0.583382979387299,0.795007493000568,1.71413982809416,8,1,0.327673286436029,0.306391781998087,0.327673286436029,0.641359859761018,0.189500121462425,0.306391781998087,0.313119343145904,0.209760837925602
912,11,20,0.910238691752917,7.52964807578347,1.09861293423401,1,1,7.52964807578347,0.299194033691913,0.30062236164315,0.299194033691913,0.347340533486624,0.197546353242283,0.30062236164315,0.41027989229127,0.209507372483061
913,18,11,1.4369751079321,3.56049731041288,1,1,1.4369751079321,3.56049731041288,0.302257896052996,0.350206497471098,0.302257896052996,0.591236127806101,0.168736042707987,0.350206497471098,0.380187277482244,0.209564618490911
914,17,18,0.854054891741313,3.01033118777744,1.17088492750287,1,1,3.01033118777744,0.319546168409636,0.214953860388971,0.319546168409636,0.187431276575921,0.199940132562881,0.214953860388971,0.189476516072814,0.229126483224403
915,14,11,1.53818374497516,0.798520058216055,1,1.25231669475412,1.53818374497516,1,0.331676537948126,0.339121325015939,0.331676537948126,0.138902916575209,0.199344088764353,0.339121325015939,0.0876479244818375,0.197318626446592
916,19,10,1.51737543867881,0.614596587300499,1,1.62708355474656,1.51737543867881,1,0.358018270563749,0.195150410799775,0.358018270563749,0.10381852053312,0.235235240812515,0.195150410799774,0.352365200931279,0.179372183253763
917,14,15,0.745540476805247,3.08758735239944,1.3413087969216,1,1,3.08758735239944,0.344251945177508,0.360599652597368,0.344251945177508,0.816154609105703,0.218169451593216,0.360599652597368,0.315273569793919,0.201369408864512
918,16,19,0.924647951983614,1.47471122562128,1.08149268903342,1,1,1.47471122562128,0.360100930146796,0.368323938449235,0.360100930146796,0.0971747358861067,0.226616554440141,0.368323938449235,0.969269929613342,0.212641646957799
919,13,10,1.20799412716308,0.419039333988146,1,2.38641081848486,1.20799412716308,1,0.296846183404001,0.241780148233448,0.296846183404001,0.337144148409562,0.220765000960155,0.241780148233448,0.230227161187605,0.199945666069892
920,11,15,0.561349598200376,2.23422255974039,1.78142106666841,1,1,2.23422255974039,0.221313273058451,0.241038922594514,0.221313273058451,0.105803137953244,0.204723692902904,0.241038922594514,0.340070152057891,0.212351448496768
921,10,13,0.491568376521209,0.972245665375258,2.03430498738939,1.02854662727041,1,1,0.288107377141795,0.279110474122834,0.288107377141795,0.063908736606684,0.199914311182519,0.279110474122834,0.381113275086986,0.237346370988074
922,14,15,1.26014013818109,0.365822695448262,1,2.73356468158611,1.26014013818109,1,0.394706802833459,0.332864526916152,0.394706802833459,0.30360578060732,0.206755644363602,0.332864526916152,0.293623935500264,0.21874008244149
923,12,20,1.14077061276487,2.24355563156623,1,1,1.14077061276487,2.24355563156623,0.338031021048886,0.232526271545542,0.338031021048885,0.586564563742394,0.238195360624988,0.232526271545542,0.378141599590516,0.200590630222244
924,11,13,1.56592212247279,1.07446915160108,1,1,1.56592212247279,1.07446915160108,0.36655802125769,0.21817250633796,0.36655802125769,0.348727900481505,0.188435283738241,0.21817250633796,0.240077714172178,0.191865820342165
925,11,13,1.33304891921905,1.59855537151253,1,1,1.33304891921905,1.59855537151253,0.341867790101281,0.220038161139945,0.341867790101281,0.0890492217881753,0.204494317211988,0.220038161139945,0.123511585614936,0.211159349914751
926,16,13,3.21101656838558,0.707745257093756,1,1.41293776253103,3.21101656838558,1,0.285398347684757,0.336231205059821,0.285398347684758,0.278580186334339,0.207123564503038,0.336231205059822,0.45507537496706,0.190314493133421
927,12,16,4.24993947089116,0.884139435854952,1,1.13104331675129,4.24993947089116,1,0.287244520938681,0.272635509065424,0.287244520938681,0.304967591126043,0.20134958785258,0.272635509065425,0.0747395869977129,0.178327840232299
928,17,12,0.669866291029749,1.31646389220407,1.49283523203228,1,1,1.31646389220407,0.30351438871729,0.392623629518291,0.303514388717291,0.616250986469539,0.193211502127719,0.392623629518291,0.272421754435005,0.230288510386559
929,20,11,6.40064071227913,1.37321260103456,1,1,6.40064071227913,1.37321260103456,0.328182474442612,0.244027577670324,0.328182474442611,0.273271262920226,0.198536415433195,0.244027577670324,0.419823828015969,0.20361268756477
930,10,15,0.509732804315761,0.78986968228425,1.96181213281407,1.26603162829097,1,1,0.240866607739923,0.29892665388501,0.240866607739923,0.235166795458848,0.149647324658162,0.29892665388501,0.0223770017186076,0.193607455677489
931,12,12,3.04536813658932,2.37415329857513,1,1,3.04536813658932,2.37415329857513,0.375805009440775,0.241580951332462,0.375805009440775,0.0841306263670557,0.188044727498779,0.241580951332462,0.287970514833502,0.200251540540826
932,17,20,4.66161866641212,5.01296432501777,1,1,4.66161866641212,5.01296432501777,0.240208022899669,0.323196861685867,0.240208022899669,0.384400654943326,0.187581449688438,0.323196861685868,0.111264098050665,0.220470611489353
933,14,20,1.81956808786395,8.464847728548,1,0.945084927283419,1.81956808786395,8,0.338092073125591,0.331642781740897,0.338092073125591,0.303130790231015,0.20250169574994,0.331642781740897,0.629921627493802,0.194351560168871
934,12,11,0.388090245906888,1.32937066193442,2.57672026170924,1,1,1.32937066193442,0.317280903027665,0.249926204784329,0.317280903027664,0.204765823937335,0.209016114599879,0.249926204784329,0.287017149563986,0.199716942178085
935,19,10,1.48217773338795,0.744111507982755,1,1.34388460502505,1.48217773338795,1,0.462495471578109,0.364025914968493,0.462495471578109,0.331710006174988,0.198867526665568,0.364025914968493,0.122593719673934,0.237451818857352
936,10,10,1.14979349700028,3.11391964851406,1,1,1.14979349700028,3.11391964851406,0.294176554826958,0.296139367182917,0.294176554826958,0.29737013402855,0.194919945485035,0.296139367182917,0.207421932745284,0.221059787697451
937,16,20,0.652830571526631,1.97483947030887,1.53179100920706,1,1,1.97483947030887,0.373653009101769,0.325438595589551,0.373653009101769,0.746750642447929,0.203624488120671,0.325438595589551,0.270066105014709,0.220301645775759
938,11,19,3.87509349214318,2.1369571036563,1,1,3.87509349214318,2.1369571036563,0.333893824294414,0.192591962034619,0.333893824294414,0.18982973006976,0.220740402440645,0.192591962034619,0.36752201776595,0.182381300845536
939,15,10,1.16529667353075,5.62897674017244,1,1,1.16529667353075,5.62897674017244,0.261844468725368,0.34314117541641,0.261844468725368,0.220054108869604,0.202067862987476,0.34314117541641,0.489999550844956,0.2173620995083
940,12,20,0.537941547778492,1.81010425463827,1.8589380279877,1,1,1.81010425463827,0.375932397723568,0.304696470709091,0.375932397723568,0.284105168913099,0.198540561882932,0.304696470709091,0.215215627836688,0.197970374049493
941,14,17,2.58320355147222,1.87437856691177,1,1,2.58320355147222,1.87437856691177,0.361192132486911,0.307630275477861,0.361192132486911,0.0462762316916021,0.221523054186087,0.307630275477861,0.401956774189292,0.208117608387106
942,16,14,2.64896394865464,1.18500401510508,1,1,2.64896394865464,1.18500401510508,0.349449235408294,0.264045458221402,0.349449235408295,0.177878983508483,0.208618793772386,0.264045458221402,0.227237852876414,0.197016398908079
943,11,17,4.9380214071465,2.13650259429813,1,1,4.9380214071465,2.13650259429813,0.311184455377724,0.314264831250198,0.311184455377724,0.448562867546193,0.210976960894559,0.314264831250198,0.225185481166999,0.233494350098952
944,11,15,2.99665936382295,1.06092543535533,1,1,2.99665936382295,1.06092543535533,0.339756845333395,0.258571345488445,0.339756845333395,0.19363526823935,0.188712500465547,0.258571345488444,0.323186520880735,0.192179301065639
945,16,19,1.18508496756795,1.59095774810608,1,1,1.18508496756795,1.59095774810608,0.335878941714602,0.243549196092728,0.335878941714602,0.643811311870314,0.176997000793283,0.243549196092728,0.452691070920113,0.203654037365843
946,12,14,0.531035682184694,1.18620353036005,1.88311262980667,1,1,1.18620353036005,0.3522629354423,0.311186961855252,0.3522629354423,0.374278325100486,0.195966773902588,0.311186961855253,0.309756913594179,0.197379446564015
947,20,12,3.35757541675104,1.77314894891513,1,1,3.35757541675104,1.77314894891513,0.400546972178013,0.354343973214987,0.400546972178014,0.217176333209622,0.204633460497023,0.354343973214987,0.247455167287024,0.217003876123569
948,15,19,1.98449479515503,2.95341176700994,1,1,1.98449479515503,2.95341176700994,0.332763669468079,0.36713660680182,0.332763669468079,0.216001273662578,0.211441463897544,0.36713660680182,0.215059396173928,0.19608621132392
949,16,12,0.875662048444245,0.861674401054737,1.14199308029469,1.16053116905405,1,1,0.300769249898791,0.287954351711796,0.300769249898791,0.421693452038164,0.206715098061226,0.287954351711796,0.326713754568791,0.183469577044506
950,15,18,0.803735141406645,4.66655138048584,1.24419096351799,1,1,4.66655138048584,0.335717509195663,0.262108814280175,0.335717509195663,0.309732757108477,0.217190518683557,0.262108814280175,0.163733112571838,0.223939895527633
951,19,20,0.784332166429011,2.08524690213326,1.27497002265367,1,1,2.08524690213326,0.312097343464038,0.248271121172779,0.312097343464038,0.0756701233599542,0.235497897155046,0.248271121172779,0.33352662677393,0.211164093858224
952,18,19,3.11743043870103,1.49768730886262,1,1,3.11743043870103,1.49768730886262,0.375826795580406,0.335133017692414,0.375826795580406,0.159054347502685,0.206944568189329,0.335133017692414,0.385474906601633,0.194179735165261
953,13,15,0.929985579777499,1.88497528426117,1.07528549016776,1,1,1.88497528426117,0.255447233628653,0.332733724488017,0.255447233628653,0.638699866963219,0.216909919446911,0.332733724488017,0.130392833803106,0.208123419429341
954,17,20,7.99388635113519,1.5308874989405,1,1,7.99388635113519,1.5308874989405,0.262986156842112,0.34069417913213,0.262986156842112,0.263351265874945,0.211415150368101,0.34069417913213,0.67194491779231,0.206169459264911
955,17,17,5.24080403702766,1.0354706379093,1,1,5.24080403702766,1.0354706379093,0.240573809801461,0.283318284117781,0.240573809801462,0.184702944028237,0.209109891286083,0.283318284117781,0.202529860452417,0.206866909781221
956,19,18,2.78610278278871,2.68108367290504,1,1,2.78610278278871,2.68108367290504,0.360996299257725,0.361844621944236,0.360996299257724,0.0879220389100261,0.188524593938174,0.361844621944236,0.357169895932897,0.19327438260854
957,20,13,2.45292003183171,0.637156494017255,1,1.56947313476321,2.45292003183171,1,0.350532837588616,0.240207198288766,0.350532837588616,0.243900841345313,0.186486295545677,0.240207198288766,0.1748526628058,0.200274922370446
958,15,17,0.393006527760794,1.9651484729629,2.5444869979581,1,1,1.9651484729629,0.261259981026084,0.303069218981018,0.261259981026084,0.283866227968801,0.216753034876607,0.303069218981018,0.283196774878401,0.218200382413152
959,16,17,4.20133455128229,2.14963527361346,1,1,4.20133455128229,2.14963527361346,0.329221072646397,0.251770745583458,0.329221072646397,0.212971314015436,0.212362353690883,0.251770745583458,0.30932773838244,0.181391295847071
960,12,13,2.47069483065348,2.07280168136484,1,1,2.47069483065348,2.07280168136484,0.322604611869431,0.352353242227372,0.322604611869431,0.635458491035585,0.209029824877269,0.352353242227372,0.270295451657384,0.207367411580487
961,10,12,0.911088095247499,1.97785250503672,1.0975887021423,1,1,1.97785250503672,0.295285961947882,0.148017830859097,0.295285961947882,0.29558434506026,0.184140805072463,0.148017830859097,0.209050203191316,0.198977919469287
962,13,10,7.50475783698491,0.611279888977813,1,1.63591182702282,7.50475783698491,1,0.303845325932912,0.326816004139648,0.303845325932912,0.195619967656947,0.200086405632511,0.326816004139648,0.343361384650718,0.198150545743315
963,14,19,0.759163409855547,1.68287292679182,1.3172394599343,1,1,1.68287292679182,0.360104324980769,0.321011650703609,0.360104324980769,0.0688946155695033,0.186759702166217,0.321011650703609,0.498135904007973,0.171903165257662
964,17,10,4.32770236787515,1.71502828505723,1,1,4.32770236787515,1.71502828505723,0.291985257053754,0.263673901461299,0.291985257053754,0.0788025627550277,0.228595732043578,0.263673901461299,0.0158707267662172,0.184508670122835
965,16,15,0.625243289752405,1.18980072745247,1.59937742058135,1,1,1.18980072745247,0.287473383064989,0.346271561544924,0.287473383064988,0.258301142123144,0.218502589594947,0.346271561544924,0.0844932993741226,0.225746203112378
966,20,19,3.7878807186152,4.31982083499632,1,1,3.7878807186152,4.31982083499632,0.201575475381773,0.292937715898062,0.201575475381773,0.54397465567182,0.212969582845764,0.292937715898062,0.222420801403946,0.182528849182151
967,11,20,1.59090353435949,2.64404341261031,1,1,1.59090353435949,2.64404341261031,0.366812166848559,0.27162226812607,0.366812166848559,0.417070650472842,0.212904476635827,0.27162226812607,0.675366341302073,0.20065237606877
968,11,10,2.44372185057714,3.549445337961,1,1,2.44372185057714,3.549445337961,0.370315446240915,0.282740094055638,0.370315446240915,0.447386490436916,0.195183521983172,0.282740094055638,0.28511921197515,0.19922727304637
969,19,18,2.21355737305274,4.57199692670896,1,1,2.21355737305274,4.57199692670896,0.352198998273552,0.36228709519428,0.352198998273553,0.316814162526851,0.22461574060114,0.36228709519428,0.493287658112274,0.220677473846243
970,16,16,1.73657247163022,2.18995541891817,1,1,1.73657247163022,2.18995541891817,0.208908486984961,0.354641204042742,0.208908486984961,0.145482701452051,0.219913056623783,0.354641204042742,0.230652287120672,0.192419970385056
971,13,12,1.25863408278934,0.864012448973093,1,1.15739073110409,1.25863408278934,1,0.272836966323492,0.291008167502526,0.272836966323491,0.410684257803452,0.235362550698074,0.291008167502526,0.245324823304376,0.175806721970111
972,14,15,1.85133660017187,2.25684336611061,1,1,1.85133660017187,2.25684336611061,0.267262634813436,0.337175646808491,0.267262634813436,0.254069058265103,0.206925439102352,0.337175646808491,0.579247897362872,0.198893257652312
973,14,18,1.94731643052287,3.41413637063031,1,1,1.94731643052287,3.41413637063031,0.291966708816695,0.233303851367454,0.291966708816695,0.109128233131182,0.200348945450981,0.233303851367454,0.326301911088015,0.192401370433014
974,19,13,0.776103719309778,3.33130487309294,1.28848757597676,1,1,3.33130487309294,0.298341294635581,0.271072795038798,0.298341294635581,0.237853283848615,0.195495278930085,0.271072795038797,0.500929485619568,0.192189253022246
975,17,14,2.96718402860863,2.40620823496391,1,1,2.96718402860863,2.40620823496391,0.372079802506867,0.359511028424416,0.372079802506866,0.479518594269398,0.224743940947228,0.359511028424415,0.31784021315882,0.166128822335051
976,10,12,2.04833569727526,0.946257860023371,1,1.05679439214941,2.04833569727526,1,0.24911698258175,0.2697416865502,0.24911698258175,0.274892741836983,0.195111694054597,0.2697416865502,0.335723878679664,0.176178594882998
977,19,11,2.48235599201231,0.375162868808372,1,2.6655089912717,2.48235599201231,1,0.387162862734923,0.255033845125677,0.387162862734923,0.32019862356716,0.198178886464622,0.255033845125676,0.270415366517564,0.1756814574725
978,14,10,3.87079612339192,1.75981148582814,1,1,3.87079612339192,1.75981148582814,0.303131178534479,0.238726314709527,0.303131178534479,0.107835474274436,0.214114265800529,0.238726314709527,0.331086036182562,0.218164972118005
979,15,13,6.32221586348827,1.869337132162,1,1,6.32221586348827,1.869337132162,0.254022771017323,0.216923314393993,0.254022771017323,0.323604101021792,0.229420590547629,0.216923314393993,0.283570469274571,0.194014985829603
980,18,20,1.99773683014056,4.96067928976443,1,1,1.99773683014056,4.96067928976443,0.229630191309421,0.411697167474115,0.229630191309421,0.221789265704666,0.20212427532438,0.411697167474115,0.223624358022783,0.230177214567526
981,11,20,4.74623789366964,3.04810068988457,1,1,4.74623789366964,3.04810068988457,0.330432515617065,0.28188715842449,0.330432515617065,0.49536496309497,0.233886037960827,0.28188715842449,0.459275322610414,0.206677260280395
982,11,17,1.33731720358055,1.10486399595261,1,1,1.33731720358055,1.10486399595261,0.183149220738549,0.26933977016862,0.183149220738549,0.550022471564907,0.198750751597081,0.269339770168621,0.205515331063062,0.188020281006923
983,12,12,0.8254392901673,1.10762878175564,1.21147613387451,1,1,1.10762878175564,0.305730717415214,0.315930979787231,0.305730717415214,0.143940651143926,0.200352354201643,0.315930979787231,0.218456030718679,0.194828583029546
984,14,17,1.55977016383333,7.0879852317276,1,1,1.55977016383333,7.0879852317276,0.351420868542051,0.319527196330834,0.351420868542051,0.586563229960406,0.202332536908179,0.319527196330834,0.296910403594552,0.224037850289348
985,19,12,1.52828132270941,0.630349093872261,1,1.5864225232037,1.52828132270941,1,0.369998041746974,0.30739493789545,0.369998041746974,0.40616907174689,0.196906127618407,0.307394937895451,0.655514760084196,0.189191366702404
986,17,19,3.22087085809363,1.11493157382312,1,1,3.22087085809363,1.11493157382312,0.360623931140171,0.312478799016247,0.360623931140171,0.352764870672643,0.198528455810817,0.312478799016247,0.50731328486645,0.183264148494677
987,17,11,3.70604882233995,0.559511325389572,1,1.78727392033348,3.70604882233995,1,0.282417859613134,0.362355266947782,0.282417859613134,0.246910055969124,0.18256889111533,0.362355266947782,0.592296972913013,0.171821747186955
988,16,11,0.686381338210719,2.05059741788379,1.45691606739605,1,1,2.05059741788379,0.194581376407989,0.291206708628069,0.194581376407989,0.0749919372096082,0.233513551853892,0.291206708628069,0.134491910832628,0.211565346470074
989,12,11,1.93865252667248,0.745594149927168,1,1.34121224006074,1.93865252667248,1,0.363574144893185,0.27687787365926,0.363574144893185,0.12512713003129,0.20120690364184,0.27687787365926,0.44628803897504,0.207227985659033
990,11,10,0.782848356094933,0.345746864832489,1.27738660011791,2.89228942244926,1,1,0.292936057639955,0.30970009672027,0.292936057639955,0.473197521663716,0.177542657821141,0.30970009672027,0.340377450874914,0.212436675016723
991,11,14,1.57572990343276,1.77594064931434,1,1,1.57572990343276,1.77594064931434,0.32095084281389,0.432251330326251,0.32095084281389,0.264796112150859,0.205411905402622,0.432251330326251,0.551727016992603,0.203875544012164
992,12,11,1.95929526007626,0.55116590786572,1,1.81433573036529,1.95929526007626,1,0.217169791143121,0.344172289550168,0.217169791143121,0.103064180723712,0.206899036842296,0.344172289550167,0.488543486910923,0.207656261704849
993,20,11,2.40010457453777,0.564624366455575,1,1.77108899192129,2.40010457453777,1,0.315899884948421,0.235369609621092,0.315899884948421,0.252806361252532,0.215946247618223,0.235369609621092,0.17386818436761,0.230725357455401
994,15,16,2.88950897127255,3.20130924641386,1,1,2.88950897127255,3.20130924641386,0.290600175997462,0.366935997150769,0.290600175997462,0.103531105674986,0.234023747311518,0.366935997150769,0.357165580938228,0.209496294126047
995,12,15,3.29661684257601,5.14474611662495,1,1,3.29661684257601,5.14474611662495,0.362035801208734,0.282704436369025,0.362035801208734,0.279141793502363,0.216097151906322,0.282704436369025,0.333346782363358,0.191233596034522
996,15,12,1.05949407406965,4.3841534967666,1,1,1.05949407406965,4.3841534967666,0.296094034722856,0.355360675852223,0.296094034722857,0.425755144148218,0.223995388130472,0.355360675852223,0.17366069395036,0.182613486197928
997,17,11,5.25964396433904,0.76063230519294,1,1.31469567249887,5.25964396433904,1,0.286685722613807,0.298012646163974,0.286685722613807,0.654737158668814,0.179800138548002,0.298012646163974,0.292173080695552,0.222110723128246
998,10,20,1.23739592838582,1.81977711557751,1,1,1.23739592838582,1.81977711557751,0.292796979730341,0.308015116154827,0.292796979730341,0.285925495464857,0.199403758232709,0.308015116154827,0.113269365510839,0.205549957744356
999,16,10,3.20564688035921,0.759635507643894,1,1.31642082279912,3.20564688035921,1,0.168457854049037,0.317553354103086,0.168457854049037,0.411288953869366,0.196382033276349,0.317553354103086,0.216948259339016,0.222385585502848
1000,18,14,2.94051284569294,1.06716109404186,1,1,2.94051284569294,1.06716109404186,0.180248601255609,0.328142137583743,0.180248601255609,0.466839840738856,0.176929215419219,0.328142137583743,0.166126459439042,0.196547235353548
