wafer_id,component,fringe_index,n,m,coefficient_nm
1,x,2,1,1,-1.69881879700538
1,x,3,1,-1,-2.56117727727387
1,x,9,4,0,0.857167738381512
1,x,11,3,-3,1.50772323518936
1,x,13,4,-2,0.626397668857742
1,x,15,5,-1,-0.449497489066389
1,x,18,4,-4,1.50135418385726
1,x,19,5,3,-0.586610188875772
1,x,21,6,2,0.427441927885865
1,x,26,5,5,-0.0138082080376158
1,x,27,5,-5,0.555734252495224
1,x,28,6,4,-0.365869611787198
1,x,30,7,3,0.28054662517478
1,x,39,7,5,0.360775613952545
1,x,40,7,-5,-0.331289203671971
1,y,2,1,1,-0.858935555111064
1,y,5,2,2,-0.631804990516146
1,y,9,4,0,1.31438833658562
1,y,14,5,1,-0.128079088627463
1,y,17,4,4,-0.776987720373884
1,y,18,4,-4,0.0917299171541837
1,y,20,5,-3,1.061238462262
1,y,21,6,2,1.46948749430624
1,y,23,7,1,-0.671610897832912
1,y,24,7,-1,0.453740008459436
1,y,26,5,5,-0.56917387758321
1,y,28,6,4,-0.241987690607433
1,y,30,7,3,-0.479720112101642
1,y,37,6,6,0.253310000284038
1,y,38,6,-6,0.0699468630547941
1,y,39,7,5,-0.106637954245596
1,y,40,7,-5,-0.186313527835265
1,y,51,7,-7,-0.0531563188072199
2,x,1,0,0,-4.33903746697685
2,x,11,3,-3,0.812485862143114
2,x,12,4,2,1.08633348996765
2,x,13,4,-2,-0.846613181400077
2,x,15,5,-1,-0.578339956724824
2,x,19,5,3,-0.0550474861925828
2,x,24,7,-1,-0.453236696601802
2,x,27,5,-5,-0.254393358312545
2,x,31,7,-3,0.164256587935373
2,x,40,7,-5,0.177898263812203
2,y,5,2,2,-0.955908063107885
2,y,7,3,1,2.29007900654505
2,y,12,4,2,0.0482104467702125
2,y,13,4,-2,0.188978298339206
2,y,14,5,1,0.311487147418504
2,y,15,5,-1,0.496678329131897
2,y,17,4,4,1.36390885406109
2,y,19,5,3,-0.910244599892455
2,y,22,6,-2,-0.276076765341828
2,y,29,6,-4,0.464791679695022
2,y,50,7,7,-0.0432902559449037
3,x,2,1,1,0.460299716805689
3,x,3,1,-1,-3.64228448685075
3,x,7,3,1,1.78411313639362
3,x,8,3,-1,-0.616022688008232
3,x,10,3,3,-0.0455255413056208
3,x,11,3,-3,1.0493947419668
3,x,12,4,2,0.974970743429153
3,x,13,4,-2,0.169046213593432
3,x,16,6,0,-0.518762327091666
3,x,18,4,-4,1.11244809883732
3,x,21,6,2,-0.148305680796736
3,x,27,5,-5,-0.0242822492741954
3,x,29,6,-4,-0.312896135426587
3,x,31,7,-3,-0.179053177138611
3,x,37,6,6,-0.281639451172409
3,x,51,7,-7,0.33912361534629
3,y,4,2,0,0.861310827732941
3,y,5,2,2,-2.11076634067847
3,y,8,3,-1,-0.232025897824245
3,y,10,3,3,2.42815358499218
3,y,11,3,-3,0.531480234783873
3,y,13,4,-2,-0.997713544677429
3,y,14,5,1,1.15465816992395
3,y,16,6,0,0.0663299864000927
3,y,17,4,4,0.662513248430705
3,y,19,5,3,0.345005748846127
3,y,21,6,2,0.0337842635958877
3,y,22,6,-2,-0.555065454488888
3,y,28,6,4,0.0180175941911509
3,y,29,6,-4,-0.0808862409846477
3,y,37,6,6,-0.875093619160984
3,y,39,7,5,-0.442980649027594
3,y,50,7,7,0.811057391522771
4,x,5,2,2,0.121669576440284
4,x,8,3,-1,-1.74100143374538
4,x,11,3,-3,0.338622346526864
4,x,12,4,2,-0.102008677924229
4,x,14,5,1,-1.09695609822052
4,x,15,5,-1,0.30475862327655
4,x,16,6,0,-0.941982755497029
4,x,17,4,4,0.621389918072371
4,x,18,4,-4,-0.728179667923189
4,x,19,5,3,-1.52230262159854
4,x,22,6,-2,1.02673208952755
4,x,23,7,1,-0.176519613952579
4,x,24,7,-1,0.447064431038588
4,x,26,5,5,0.648266918191864
4,x,28,6,4,-0.185238918798383
4,x,30,7,3,1.12795193283857
4,y,1,0,0,2.91794112208131
4,y,3,1,-1,0.456318652365779
4,y,5,2,2,-1.13404931964687
4,y,7,3,1,-0.977386783616469
4,y,8,3,-1,-0.925394862913158
4,y,9,4,0,0.195504318187671
4,y,11,3,-3,0.561496955175091
4,y,12,4,2,-0.189863834041815
4,y,13,4,-2,-1.04945223250163
4,y,16,6,0,0.351965000178867
4,y,23,7,1,-0.395608707730939
4,y,24,7,-1,1.11288116989485
4,y,26,5,5,0.834588142409822
4,y,31,7,-3,-0.607202442001601
4,y,37,6,6,-0.190104756435814
4,y,38,6,-6,-0.160013415180406
4,y,40,7,-5,-0.127343385774925
4,y,51,7,-7,0.342743681794578
5,x,1,0,0,-1.11860637982144
5,x,2,1,1,-7.20048649682195
5,x,5,2,2,0.947210801652143
5,x,7,3,1,-0.0523696537388247
5,x,12,4,2,0.080277569813129
5,x,13,4,-2,0.223127731200619
5,x,14,5,1,-0.379656652552072
5,x,15,5,-1,-0.167889983352379
5,x,16,6,0,0.397409384414958
5,x,19,5,3,-0.0892734458718051
5,x,20,5,-3,-0.69451001593749
5,x,22,6,-2,0.247779004943197
5,x,27,5,-5,0.37402856181643
5,x,31,7,-3,-0.100167083020002
5,x,38,6,-6,0.256052261586631
5,x,39,7,5,-0.117910902330674
5,x,51,7,-7,0.440956914656472
5,y,6,2,-2,-0.838235763782813
5,y,8,3,-1,-0.975112284912995
5,y,9,4,0,-1.13555999842441
5,y,11,3,-3,-0.233344639120455
5,y,17,4,4,-1.30546545185208
5,y,18,4,-4,0.935760102033661
5,y,20,5,-3,1.84024802342832
5,y,31,7,-3,0.715954474034791
5,y,38,6,-6,-2.175631015246
5,y,39,7,5,0.51698504872636
5,y,40,7,-5,-0.323237536985968
5,y,51,7,-7,0.342339315572539
6,x,1,0,0,1.67492548945794
6,x,3,1,-1,0.32433247772405
6,x,4,2,0,0.515806933532965
6,x,5,2,2,0.656503546950098
6,x,8,3,-1,-0.870754957471115
6,x,12,4,2,-0.23249645919176
6,x,14,5,1,-0.0471073104557418
6,x,16,6,0,0.336628739828371
6,x,18,4,-4,-0.0196494965651409
6,x,20,5,-3,0.477859007617453
6,x,23,7,1,-0.734493432921223
6,x,27,5,-5,-1.04832853307441
6,x,37,6,6,-0.378481484333949
6,x,39,7,5,-0.275627156551511
6,x,40,7,-5,0.0419755099677229
6,y,2,1,1,-2.95307863321344
6,y,6,2,-2,0.533016090390212
6,y,8,3,-1,2.72493978460871
6,y,9,4,0,-0.617420952401593
6,y,11,3,-3,-0.631703647596589
6,y,12,4,2,-0.140508057644271
6,y,13,4,-2,-0.269984838960169
6,y,17,4,4,-0.044332746580981
6,y,18,4,-4,-0.648678484112411
6,y,19,5,3,-0.14383171459024
6,y,21,6,2,0.250651042893925
6,y,22,6,-2,-1.20819943488542
6,y,28,6,4,0.300599908030597
6,y,29,6,-4,-0.207421049506051
6,y,31,7,-3,0.405499087009512
6,y,38,6,-6,-0.606809533009735
6,y,51,7,-7,-0.766140641089539
7,x,3,1,-1,-0.466300151975528
7,x,5,2,2,-0.506685405463408
7,x,8,3,-1,0.889450133671385
7,x,9,4,0,-1.21746608787208
7,x,11,3,-3,0.444769962329263
7,x,12,4,2,-1.4123534963758
7,x,15,5,-1,0.435896734232954
7,x,16,6,0,0.61072938101102
7,x,17,4,4,-0.424934090224876
7,x,18,4,-4,-0.95875241409486
7,x,19,5,3,-0.530873110964237
7,x,21,6,2,0.170061405096401
7,x,28,6,4,-0.551992004585866
7,x,29,6,-4,-0.355599115505237
7,x,50,7,7,0.449017938427304
7,x,51,7,-7,0.622545924555331
7,y,4,2,0,3.51757278965492
7,y,5,2,2,0.240680852091332
7,y,8,3,-1,0.326413958736777
7,y,11,3,-3,0.547550834963365
7,y,12,4,2,-0.118965124730188
7,y,15,5,-1,-0.881767420328689
7,y,16,6,0,-0.336943452396396
7,y,19,5,3,0.786030029072667
7,y,21,6,2,-0.447706201654687
7,y,22,6,-2,0.226178366194435
7,y,26,5,5,0.407935394902464
7,y,40,7,-5,-0.618436228240281
8,x,1,0,0,1.72973096125891
8,x,4,2,0,-1.72526562633297
8,x,6,2,-2,-0.775756400157908
8,x,7,3,1,1.33815401656247
8,x,11,3,-3,-1.07567884271261
8,x,13,4,-2,-0.430328920238245
8,x,15,5,-1,-0.273429014750937
8,x,21,6,2,0.178954397788302
8,x,23,7,1,-0.265769298217583
8,x,24,7,-1,0.675371137630799
8,x,26,5,5,0.110595834816945
8,x,27,5,-5,-0.757728547373674
8,x,29,6,-4,0.0218555210885579
8,x,31,7,-3,0.136018479015469
8,x,39,7,5,0.231174442919649
8,x,40,7,-5,0.844109891709206
8,x,50,7,7,0.142301335230076
8,y,1,0,0,-1.44941840592357
8,y,2,1,1,-0.698977818777837
8,y,5,2,2,-0.338635670127532
8,y,7,3,1,-0.305976096036789
8,y,9,4,0,2.05891509419388
8,y,11,3,-3,-1.43460019990587
8,y,12,4,2,-0.730570917784367
8,y,15,5,-1,0.0311007490860678
8,y,17,4,4,-0.535356298569404
8,y,18,4,-4,0.452020242861251
8,y,19,5,3,0.92560877597671
8,y,22,6,-2,-1.34613677215548
8,y,26,5,5,0.137295622871193
8,y,27,5,-5,-0.164157291425041
8,y,29,6,-4,0.4012508280365
8,y,38,6,-6,-0.352943523196679
8,y,50,7,7,-0.812528280316554
8,y,51,7,-7,0.915602959749685
9,x,3,1,-1,-0.772882352804326
9,x,4,2,0,-1.39944173782175
9,x,5,2,2,-1.80706326086596
9,x,8,3,-1,-0.817079388969882
9,x,9,4,0,0.208370010800828
9,x,14,5,1,-0.247279668237386
9,x,20,5,-3,-0.296420429015085
9,x,28,6,4,-0.287423461781068
9,x,29,6,-4,-0.324362050514167
9,x,37,6,6,-0.192686723113519
9,x,38,6,-6,0.553296285370453
9,y,5,2,2,-1.89541085051217
9,y,8,3,-1,-1.2890487337014
9,y,9,4,0,0.494506768130674
9,y,16,6,0,0.0177196000236749
9,y,20,5,-3,0.740092818494458
9,y,24,7,-1,0.201637114266007
9,y,26,5,5,-0.34667373049768
9,y,28,6,4,1.98518320671316
9,y,30,7,3,-0.89288497582454
9,y,31,7,-3,-0.915472267193906
9,y,40,7,-5,0.624792280600872
9,y,50,7,7,0.885575653780235
10,x,1,0,0,6.77627576679338
10,x,5,2,2,-0.662968215749106
10,x,10,3,3,0.0689703827737982
10,x,14,5,1,-0.447926868158623
10,x,18,4,-4,-0.061479402407327
10,x,20,5,-3,-0.648824864957374
10,x,22,6,-2,0.0943241038913409
10,x,23,7,1,-0.194221906575193
10,x,26,5,5,-0.0177311241167835
10,x,27,5,-5,0.64369879977003
10,x,30,7,3,0.00748514602177698
10,x,40,7,-5,0.0753204611173263
10,x,51,7,-7,0.710390907337269
10,y,3,1,-1,-2.17950602094271
10,y,5,2,2,0.183793688021039
10,y,6,2,-2,1.74377896141072
10,y,8,3,-1,-0.675643697860831
10,y,9,4,0,-0.540278304031464
10,y,14,5,1,0.0425179832554809
10,y,19,5,3,0.920907888274949
10,y,21,6,2,0.280403905549816
10,y,27,5,-5,0.560338612954215
10,y,37,6,6,0.165690212931388
10,y,38,6,-6,-0.154282893429282
11,x,3,1,-1,-5.59251088772735
11,x,6,2,-2,-0.263528444493577
11,x,14,5,1,-0.453708673754727
11,x,15,5,-1,0.619054184676463
11,x,16,6,0,-0.58015481080776
11,x,17,4,4,-1.15030181463558
11,x,18,4,-4,-0.0424814260556818
11,x,23,7,1,-0.0713165227613176
11,x,30,7,3,0.176536030300785
11,x,37,6,6,0.58444784993074
11,x,38,6,-6,0.25605921859983
11,x,51,7,-7,-0.591439904885492
11,y,1,0,0,-4.3202862404458
11,y,9,4,0,-0.130774598293243
11,y,10,3,3,-1.84508009705361
11,y,11,3,-3,-0.0344380774074274
11,y,12,4,2,-0.704923068036428
11,y,13,4,-2,-0.503760630901892
11,y,18,4,-4,0.379052294788719
11,y,22,6,-2,0.38480622845973
11,y,24,7,-1,0.171332010240901
11,y,37,6,6,-0.233215778896752
11,y,38,6,-6,0.671559720490922
11,y,40,7,-5,-0.411598272237744
11,y,50,7,7,-0.097586771263573
11,y,51,7,-7,0.727126232278954
12,x,1,0,0,-4.63040872172963
12,x,2,1,1,-1.62859119868665
12,x,3,1,-1,-2.01893329508673
12,x,4,2,0,-2.81424670131063
12,x,5,2,2,1.24913936613217
12,x,8,3,-1,1.60628438190483
12,x,10,3,3,-1.10792548418125
12,x,11,3,-3,-0.0567204876296016
12,x,14,5,1,0.859456229757049
12,x,16,6,0,0.218357439973979
12,x,17,4,4,-1.26948095805652
12,x,20,5,-3,-1.32055055299887
12,x,21,6,2,0.833302631824164
12,x,24,7,-1,-0.601771642631172
12,x,30,7,3,0.125532222769472
12,x,37,6,6,0.0502250092811016
12,x,39,7,5,-0.41053971503428
12,x,50,7,7,-0.943941251019349
12,y,2,1,1,1.29311403602978
12,y,3,1,-1,-1.73241607812554
12,y,5,2,2,-1.39084534431888
12,y,6,2,-2,0.900849974974963
12,y,7,3,1,-0.412868180617924
12,y,8,3,-1,-0.0966729310836964
12,y,10,3,3,1.08628440743192
12,y,11,3,-3,-0.618040400458246
12,y,13,4,-2,-0.902229774972717
12,y,14,5,1,0.0734219393183722
12,y,16,6,0,0.988053243176302
12,y,19,5,3,0.0943624510620995
12,y,20,5,-3,-1.22533725784714
12,y,23,7,1,-0.24756094611699
12,y,24,7,-1,0.142162786683729
12,y,28,6,4,0.271187186427294
12,y,29,6,-4,0.378036723363658
12,y,38,6,-6,0.739422383982055
12,y,39,7,5,0.571205516742822
13,x,1,0,0,3.11313939950186
13,x,2,1,1,3.1043916945872
13,x,4,2,0,-0.995775335871951
13,x,5,2,2,1.70550694763561
13,x,6,2,-2,-3.85286171043789
13,x,9,4,0,-0.0732286803748906
13,x,11,3,-3,0.690756117499551
13,x,12,4,2,-0.190026729878842
13,x,13,4,-2,-0.00244498879224215
13,x,14,5,1,-0.314810921337029
13,x,16,6,0,1.31693945269834
13,x,21,6,2,-0.235626647574247
13,x,24,7,-1,-0.902563287195716
13,x,26,5,5,-0.634753425236936
13,x,27,5,-5,0.147890170147898
13,x,28,6,4,0.851322351800331
13,x,30,7,3,-0.776593461807857
13,x,31,7,-3,-0.577520916942618
13,x,50,7,7,-0.779464474486369
13,y,1,0,0,1.06330677818692
13,y,5,2,2,-1.87457310988483
13,y,7,3,1,0.758785307791596
13,y,9,4,0,-0.259506755600226
13,y,10,3,3,0.736845724294231
13,y,11,3,-3,-0.547688900998469
13,y,12,4,2,-1.82549701840673
13,y,15,5,-1,-0.313932692687907
13,y,18,4,-4,0.962509394934515
13,y,21,6,2,-0.0995559959839703
13,y,22,6,-2,0.656116055724119
13,y,26,5,5,-0.126907791984771
13,y,28,6,4,0.124670733248699
13,y,31,7,-3,0.443766295515168
13,y,37,6,6,-0.880063477961399
13,y,38,6,-6,-0.188848370477686
13,y,39,7,5,-0.288310142803832
13,y,50,7,7,-0.335519925945373
13,y,51,7,-7,-0.120074299405537
14,x,1,0,0,2.87695716064116
14,x,3,1,-1,3.73119680949072
14,x,4,2,0,-1.52596815009761
14,x,7,3,1,0.729198101355606
14,x,9,4,0,0.313882920086678
14,x,10,3,3,-1.11179182435342
14,x,11,3,-3,-0.429385927137689
14,x,12,4,2,0.305845672774307
14,x,16,6,0,0.486139303464288
14,x,19,5,3,-0.22237142847627
14,x,20,5,-3,-0.292537355705881
14,x,21,6,2,-1.04555358008528
14,x,23,7,1,-0.556259265563486
14,x,24,7,-1,-0.299587049691941
14,x,27,5,-5,-2.08764852400007
14,x,28,6,4,1.04262431294527
14,x,30,7,3,0.595039662314047
14,x,39,7,5,-1.01676462194765
14,y,2,1,1,0.899177408169202
14,y,6,2,-2,0.397343531084396
14,y,8,3,-1,1.78757522044416
14,y,9,4,0,-0.523779081052491
14,y,15,5,-1,0.613255076809689
14,y,17,4,4,0.806514871742318
14,y,20,5,-3,-1.40912229637265
14,y,21,6,2,0.849551622203898
14,y,22,6,-2,0.787737288340177
14,y,23,7,1,-0.0475548398928431
14,y,26,5,5,-0.543847111075748
14,y,28,6,4,1.05158880815144
14,y,30,7,3,0.387176484910844
14,y,31,7,-3,-0.319273772681549
14,y,38,6,-6,0.668920968570912
14,y,39,7,5,0.512971856774234
14,y,40,7,-5,0.971670712543435
15,x,1,0,0,-0.421078620062685
15,x,4,2,0,0.238917511200861
15,x,5,2,2,-0.659419828376291
15,x,7,3,1,-1.38678113907783
15,x,8,3,-1,1.59645907511446
15,x,10,3,3,-1.86115898415148
15,x,12,4,2,0.0326433049164732
15,x,13,4,-2,0.00380703789069583
15,x,19,5,3,0.0704565574583133
15,x,21,6,2,-0.465367700043305
15,x,22,6,-2,0.549482400139126
15,x,23,7,1,0.16130811039441
15,x,24,7,-1,0.232658880718114
15,x,26,5,5,-0.0573969400169281
15,x,28,6,4,-0.243863712215086
15,x,31,7,-3,-0.531228682114283
15,x,38,6,-6,0.637998035725422
15,x,50,7,7,0.215348528999195
15,y,3,1,-1,-2.46494310162951
15,y,8,3,-1,-0.505941651808424
15,y,10,3,3,0.481482761963749
15,y,14,5,1,-0.392385057782852
15,y,16,6,0,0.27351708495344
15,y,20,5,-3,0.114878256870146
15,y,22,6,-2,-0.81795884402579
15,y,26,5,5,0.0661023028613619
15,y,29,6,-4,-0.738405642479452
15,y,40,7,-5,0.436797732066672
16,x,1,0,0,-2.204754094166
16,x,6,2,-2,-0.0234421548375658
16,x,7,3,1,-0.567666896720251
16,x,10,3,3,0.210263865814453
16,x,11,3,-3,-0.669379150192518
16,x,12,4,2,0.572467553619337
16,x,13,4,-2,-0.131977991214336
16,x,14,5,1,-0.359925117790346
16,x,15,5,-1,-0.374402607846976
16,x,26,5,5,-0.602781418186294
16,x,28,6,4,-0.179971273578579
16,x,30,7,3,0.357803199028663
16,x,37,6,6,0.598437303380301
16,x,38,6,-6,-0.107005842140744
16,x,40,7,-5,0.225206032933125
16,y,1,0,0,-4.6688294665146
16,y,2,1,1,-1.66982885031918
16,y,3,1,-1,-3.47578507712403
16,y,4,2,0,1.20219320368403
16,y,7,3,1,-1.5250810226243
16,y,9,4,0,-0.167446349129827
16,y,14,5,1,0.590421447527624
16,y,15,5,-1,-0.0862212793107393
16,y,16,6,0,-0.233149268545161
16,y,17,4,4,0.250707998198659
16,y,23,7,1,-0.0649550276989136
16,y,27,5,-5,0.158073406675829
16,y,28,6,4,0.209306911285627
16,y,31,7,-3,-0.475829349971379
16,y,50,7,7,0.587991435731295
17,x,1,0,0,-2.52180829660169
17,x,5,2,2,-0.746554277375506
17,x,6,2,-2,-0.142932580611875
17,x,8,3,-1,-0.583784752435155
17,x,10,3,3,1.02635983444004
17,x,11,3,-3,-0.261432189900409
17,x,15,5,-1,0.544010307407537
17,x,17,4,4,-0.384526477513012
17,x,20,5,-3,0.485408745632453
17,x,21,6,2,-0.808044896986414
17,x,23,7,1,0.633899895021318
17,x,28,6,4,0.0102623472687552
17,x,30,7,3,0.190158694682444
17,x,31,7,-3,-0.0280803880802105
17,x,39,7,5,0.13337827837306
17,x,40,7,-5,0.717012667038329
17,x,51,7,-7,-0.428115208052754
17,y,2,1,1,0.807890916493763
17,y,3,1,-1,2.64208110907468
17,y,6,2,-2,1.13356967521586
17,y,8,3,-1,0.798035149752073
17,y,9,4,0,0.0116127491788885
17,y,12,4,2,-0.0351971436134126
17,y,15,5,-1,0.0408864243652901
17,y,17,4,4,-1.39223116238357
17,y,18,4,-4,1.74643559166351
17,y,27,5,-5,0.184977852537584
17,y,28,6,4,0.830450933574239
17,y,30,7,3,0.162055906776647
17,y,51,7,-7,-0.431720678122185
18,x,1,0,0,-1.16399725558398
18,x,4,2,0,-0.844829838358748
18,x,6,2,-2,-0.0559023758808131
18,x,7,3,1,0.441200019887215
18,x,10,3,3,-1.21446073304104
18,x,12,4,2,0.236858864477595
18,x,16,6,0,0.233117090018268
18,x,18,4,-4,0.146684088633879
18,x,19,5,3,0.0837649641133864
18,x,20,5,-3,0.0648612043925971
18,x,22,6,-2,0.142746934167876
18,x,23,7,1,-0.445673608599022
18,x,26,5,5,1.29649479918362
18,x,27,5,-5,-0.365854495955299
18,x,28,6,4,-0.478077185464241
18,x,30,7,3,0.138585552914942
18,x,37,6,6,0.135121850851003
18,y,5,2,2,-2.1845893173276
18,y,7,3,1,0.781442536220309
18,y,9,4,0,-0.225725936854259
18,y,10,3,3,0.509003543368773
18,y,11,3,-3,0.796464423352796
18,y,14,5,1,0.188915560010696
18,y,15,5,-1,-0.240762376058423
18,y,21,6,2,0.245460032151576
18,y,23,7,1,0.359568598826442
18,y,50,7,7,0.985653647391693
19,x,1,0,0,2.65073197222981
19,x,3,1,-1,0.0826310530358261
19,x,6,2,-2,-0.317673662250377
19,x,9,4,0,0.0683102905502046
19,x,11,3,-3,-0.30267507618425
19,x,12,4,2,1.32000651027309
19,x,18,4,-4,-2.60051403952754
19,x,22,6,-2,0.425007982772011
19,x,23,7,1,0.259935592210171
19,x,24,7,-1,-0.240966180438111
19,x,26,5,5,0.711397237314418
19,x,31,7,-3,-0.221399627365831
19,x,38,6,-6,0.267671213124653
19,x,39,7,5,-0.14175682735236
19,x,40,7,-5,0.0812555571935469
19,x,50,7,7,0.0343705686476236
19,x,51,7,-7,0.268194364568982
19,y,2,1,1,2.07710874546844
19,y,3,1,-1,1.05511919294452
19,y,4,2,0,2.11710324481865
19,y,8,3,-1,-0.417345156440836
19,y,9,4,0,0.252695474343333
19,y,11,3,-3,1.1038934893281
19,y,16,6,0,0.227962546978726
19,y,17,4,4,-0.345812723978049
19,y,19,5,3,0.136412697009878
19,y,20,5,-3,-1.08272356683524
19,y,22,6,-2,0.636660705328658
19,y,23,7,1,-1.14955089551742
19,y,26,5,5,0.0903028965750553
19,y,28,6,4,-0.232890271330105
19,y,30,7,3,0.589501854650241
19,y,38,6,-6,0.432122196608953
19,y,40,7,-5,0.233109184425501
19,y,51,7,-7,-0.597831584952181
20,x,3,1,-1,0.581752890590379
20,x,5,2,2,-1.87986162528093
20,x,6,2,-2,-1.41302536971272
20,x,9,4,0,-0.680539516561834
20,x,12,4,2,-0.976757845213299
20,x,13,4,-2,0.201855686421004
20,x,14,5,1,-0.546504419709008
20,x,20,5,-3,0.537224000833467
20,x,23,7,1,0.294660645170007
20,x,24,7,-1,0.488210551143596
20,x,26,5,5,-0.0409489077727012
20,x,29,6,-4,0.171190883064781
20,x,37,6,6,-0.0316726514199354
20,x,38,6,-6,1.05220872634357
20,x,39,7,5,-0.355783771791793
20,y,2,1,1,-3.33397998470315
20,y,3,1,-1,-2.2941519518774
20,y,4,2,0,-2.12291499739633
20,y,6,2,-2,-2.79786162849181
20,y,11,3,-3,0.0272668969621685
20,y,18,4,-4,-0.0338240226974916
20,y,20,5,-3,1.01608173947631
20,y,21,6,2,0.30173792387463
20,y,39,7,5,-0.165408867310655
20,y,40,7,-5,-0.0812684056906918
21,x,1,0,0,-6.30992765165092
21,x,2,1,1,-1.61182198213684
21,x,3,1,-1,1.36057328848884
21,x,7,3,1,-0.846703214197695
21,x,9,4,0,-0.83058178732831
21,x,12,4,2,-0.136218044103129
21,x,14,5,1,-0.808585658314036
21,x,15,5,-1,-0.989015361284268
21,x,16,6,0,-0.409046792483555
21,x,19,5,3,-0.0315947686775059
21,x,23,7,1,0.0518358490625773
21,x,26,5,5,-0.806319236663861
21,x,30,7,3,0.297664133433715
21,x,31,7,-3,0.569063235116606
21,x,39,7,5,0.370426861334676
21,x,40,7,-5,1.49210609000477
21,x,51,7,-7,0.0497778880476771
21,y,1,0,0,2.20367077730175
21,y,6,2,-2,-1.34289399752896
21,y,7,3,1,-0.287619253252131
21,y,8,3,-1,-0.232006678637351
21,y,9,4,0,-1.12354598722586
21,y,10,3,3,2.08946671974198
21,y,17,4,4,1.58173935778357
21,y,18,4,-4,-0.46387560234363
21,y,20,5,-3,-0.286530781503354
21,y,21,6,2,-0.320024926913692
21,y,22,6,-2,-0.670528424286106
21,y,24,7,-1,0.139729159845365
21,y,37,6,6,0.305860537625744
21,y,39,7,5,0.139642480125436
21,y,51,7,-7,-0.415773106678945
22,x,1,0,0,-0.528720325946034
22,x,2,1,1,4.00628750612802
22,x,4,2,0,0.713913206858721
22,x,5,2,2,-0.587381192615808
22,x,6,2,-2,1.54056699477611
22,x,11,3,-3,1.59155321472215
22,x,12,4,2,1.45345399202301
22,x,13,4,-2,0.224029929689993
22,x,16,6,0,-0.607553634544603
22,x,17,4,4,-0.46387432562485
22,x,18,4,-4,1.74599072528264
22,x,22,6,-2,0.422168238067798
22,x,23,7,1,-0.601067916197173
22,x,26,5,5,-0.624522721917041
22,x,27,5,-5,1.77136446960548
22,x,31,7,-3,0.0378016086006033
22,x,51,7,-7,-0.0116237824479882
22,y,1,0,0,-3.19775880385678
22,y,3,1,-1,-0.554323567338712
22,y,5,2,2,0.365929373359883
22,y,6,2,-2,2.27891185108653
22,y,7,3,1,0.2260625869751
22,y,9,4,0,-0.0223019038538332
22,y,10,3,3,1.4188239605155
22,y,12,4,2,0.401104350142265
22,y,17,4,4,1.17532800257119
22,y,18,4,-4,1.36194474535005
22,y,20,5,-3,0.0480668643270875
22,y,22,6,-2,-0.610575765391053
22,y,27,5,-5,0.237498223321284
22,y,29,6,-4,0.473686228506951
22,y,37,6,6,-0.708857511131463
22,y,38,6,-6,-1.35035613146378
23,x,2,1,1,2.24542241544593
23,x,4,2,0,-0.0870239294679724
23,x,5,2,2,-2.10745398406012
23,x,7,3,1,-0.907977206397598
23,x,11,3,-3,-1.8293615651573
23,x,13,4,-2,-0.214095271416302
23,x,15,5,-1,0.831210756391527
23,x,17,4,4,-0.37529811460159
23,x,21,6,2,1.17865926816155
23,x,22,6,-2,0.409394188691782
23,x,23,7,1,-0.675800341687401
23,x,27,5,-5,0.201680254633679
23,x,30,7,3,0.255100480459761
23,x,31,7,-3,-0.125918157828259
23,x,37,6,6,0.50575509105704
23,x,38,6,-6,-0.661420533007037
23,x,40,7,-5,-0.0260373391548389
23,y,1,0,0,1.05381787630704
23,y,7,3,1,0.314825590631458
23,y,12,4,2,-0.742845280042299
23,y,14,5,1,-0.356021570542978
23,y,17,4,4,0.301044636799892
23,y,18,4,-4,-0.369187114308275
23,y,21,6,2,0.323429621642494
23,y,30,7,3,0.0478296466927864
23,y,31,7,-3,0.649783919287006
23,y,38,6,-6,0.109794752962123
23,y,40,7,-5,0.00682478927226168
24,x,3,1,-1,4.78732330414757
24,x,4,2,0,-3.63604851964719
24,x,5,2,2,-1.09359349386351
24,x,7,3,1,-1.96708624510212
24,x,9,4,0,-0.624973887607416
24,x,11,3,-3,-0.125642461370109
24,x,13,4,-2,0.840667344291228
24,x,14,5,1,-0.141400798165346
24,x,17,4,4,-0.0725126713862298
24,x,18,4,-4,0.44336925876273
24,x,19,5,3,-0.061587803653626
24,x,21,6,2,-0.0122866829594502
24,x,24,7,-1,-0.393403063182878
24,x,26,5,5,0.317475356987154
24,x,28,6,4,-0.529242566931637
24,x,29,6,-4,0.00236922836841826
24,x,31,7,-3,0.340510848906393
24,x,37,6,6,0.263400253686683
24,x,39,7,5,-0.764281017482647
24,y,1,0,0,4.67385729706398
24,y,3,1,-1,3.6164127016387
24,y,6,2,-2,0.217610686522511
24,y,8,3,-1,-0.654634396865839
24,y,9,4,0,-0.181136933779798
24,y,11,3,-3,-0.246808958143875
24,y,12,4,2,-0.663675656609527
24,y,16,6,0,-0.278036078374985
24,y,17,4,4,0.365433309622613
24,y,18,4,-4,-0.702997416312804
24,y,19,5,3,0.055192876509889
24,y,24,7,-1,-0.250282851590676
24,y,29,6,-4,-0.825902760789176
24,y,30,7,3,-0.481915300638716
24,y,51,7,-7,0.102614394600436
25,x,2,1,1,-2.2790201215756
25,x,6,2,-2,-0.645404452352454
25,x,9,4,0,-0.247080409823043
25,x,11,3,-3,-0.452722278961482
25,x,15,5,-1,0.245005996350963
25,x,19,5,3,1.41133474732408
25,x,20,5,-3,0.394977007359024
25,x,21,6,2,0.275451060662892
25,x,23,7,1,0.0719407693446149
25,x,26,5,5,0.834239737253604
25,x,29,6,-4,-0.268264084021678
25,x,38,6,-6,-0.0239161542906396
25,x,50,7,7,-0.696935430117069
25,x,51,7,-7,0.0759350774643186
25,y,1,0,0,0.968833959909006
25,y,2,1,1,-1.4701787541974
25,y,8,3,-1,0.83987310601541
25,y,10,3,3,-0.717338509335287
25,y,11,3,-3,0.480791898814764
25,y,12,4,2,-0.365204772082078
25,y,13,4,-2,-0.216278646765406
25,y,16,6,0,-0.079322049380631
25,y,23,7,1,0.145308785672434
25,y,26,5,5,0.283487471898463
25,y,28,6,4,-0.134255516467508
25,y,31,7,-3,-0.551795940768239
25,y,38,6,-6,0.509108100296288
25,y,39,7,5,-0.0903558996388366
25,y,40,7,-5,0.611203924203289
25,y,51,7,-7,-0.0147423281995223
26,x,4,2,0,1.54219964454087
26,x,6,2,-2,1.25560727123046
26,x,8,3,-1,-0.722227416888622
26,x,12,4,2,1.09528917911815
26,x,17,4,4,0.258137025875666
26,x,20,5,-3,-0.0971391624251267
26,x,26,5,5,-0.204920894431987
26,x,29,6,-4,-0.394630350714159
26,x,31,7,-3,0.599413296466203
26,x,37,6,6,0.525187319855566
26,x,38,6,-6,-0.0237958392278803
26,x,39,7,5,-0.377993829829626
26,x,40,7,-5,0.0956934992112103
26,y,1,0,0,1.71880104657627
26,y,2,1,1,1.58622901748457
26,y,4,2,0,-0.298215604217523
26,y,5,2,2,0.67194463986368
26,y,6,2,-2,0.978019063633941
26,y,7,3,1,-1.87500714667973
26,y,8,3,-1,-0.220949177395787
26,y,10,3,3,-0.529755890538592
26,y,11,3,-3,-0.0640825456580096
26,y,14,5,1,0.232933040399508
26,y,18,4,-4,0.275614865783133
26,y,20,5,-3,-1.02998739150982
26,y,21,6,2,-0.808643414860875
26,y,29,6,-4,0.647046813280871
26,y,30,7,3,0.580497635473085
26,y,31,7,-3,0.556272092227185
26,y,39,7,5,0.23260508103171
27,x,1,0,0,-2.81828781438615
27,x,6,2,-2,-0.0192512350240022
27,x,9,4,0,-0.848161330519278
27,x,12,4,2,-0.739947580264726
27,x,13,4,-2,0.759244704517782
27,x,14,5,1,-0.879385900207599
27,x,17,4,4,0.838172390175829
27,x,18,4,-4,0.504480933243768
27,x,19,5,3,-0.672132928534589
27,x,27,5,-5,-0.839003726125538
27,x,30,7,3,-0.135472270441814
27,x,31,7,-3,-0.200745569173158
27,x,40,7,-5,0.240041677121841
27,y,1,0,0,1.94317324864181
27,y,2,1,1,-1.90472838642336
27,y,3,1,-1,1.14200230406929
27,y,8,3,-1,1.44696680455063
27,y,9,4,0,-0.270039421981807
27,y,10,3,3,0.545394822225673
27,y,11,3,-3,0.875433494516674
27,y,12,4,2,1.48372767956912
27,y,15,5,-1,0.439486828055953
27,y,18,4,-4,-2.49407380763639
27,y,19,5,3,-1.21670400445233
27,y,20,5,-3,-0.899371813260209
27,y,22,6,-2,-0.287298040140775
27,y,26,5,5,0.835585602413469
27,y,27,5,-5,0.432598743669288
27,y,30,7,3,0.0162367475441119
27,y,37,6,6,1.38599291934379
27,y,38,6,-6,-0.358821082984854
27,y,40,7,-5,0.195471608383261
27,y,50,7,7,-0.134076210093226
28,x,5,2,2,-1.38728370082065
28,x,9,4,0,0.528425098633879
28,x,13,4,-2,0.252870624114464
28,x,17,4,4,-1.55581721614056
28,x,18,4,-4,1.77814293472216
28,x,23,7,1,-0.578227876638177
28,x,30,7,3,0.693623834571736
28,x,31,7,-3,-0.466744876552133
28,x,37,6,6,0.209225641816529
28,x,39,7,5,0.304284958274112
28,x,51,7,-7,0.885904456093681
28,y,1,0,0,-3.59635422028065
28,y,2,1,1,1.43252720067124
28,y,4,2,0,0.269435507751135
28,y,5,2,2,-0.930198384933734
28,y,8,3,-1,1.22651274536163
28,y,10,3,3,1.33604510818698
28,y,15,5,-1,-0.376119926024044
28,y,18,4,-4,-0.571786153483145
28,y,19,5,3,1.28575838248233
28,y,20,5,-3,-1.24248643679298
28,y,24,7,-1,-0.55114645239288
28,y,27,5,-5,0.247264691322473
28,y,30,7,3,-0.597374037079909
28,y,39,7,5,0.334853699082003
28,y,40,7,-5,-0.170099348722067
29,x,1,0,0,-1.97531062402122
29,x,6,2,-2,-0.87609535537921
29,x,7,3,1,0.770038614843186
29,x,16,6,0,0.500071113316996
29,x,17,4,4,-1.05399466694517
29,x,19,5,3,0.654927720546875
29,x,21,6,2,-0.109011122201156
29,x,22,6,-2,0.992830840438509
29,x,23,7,1,0.741218774346146
29,x,26,5,5,0.650698896585991
29,x,27,5,-5,0.520074028002296
29,x,28,6,4,-0.332656285363313
29,x,37,6,6,0.608663833106919
29,y,2,1,1,0.288256990093832
29,y,6,2,-2,0.784793933386838
29,y,7,3,1,-1.0031142601215
29,y,8,3,-1,-1.30255125291833
29,y,10,3,3,-1.52080899433999
29,y,11,3,-3,-2.14771102229452
29,y,13,4,-2,-1.02531720091736
29,y,15,5,-1,-0.245841782005735
29,y,18,4,-4,0.151406493374012
29,y,23,7,1,-0.203312260485398
29,y,26,5,5,-0.0165622879850732
29,y,28,6,4,-0.201313095444252
29,y,29,6,-4,-0.763504407774215
29,y,30,7,3,0.0389914164945769
29,y,50,7,7,-0.508672670359069
29,y,51,7,-7,-0.633582709514411
30,x,2,1,1,1.86821336940432
30,x,5,2,2,0.193582366180177
30,x,14,5,1,-0.547360421312017
30,x,17,4,4,0.287806147818611
30,x,18,4,-4,0.183114334619655
30,x,19,5,3,0.154300850457993
30,x,27,5,-5,0.503179589531801
30,x,30,7,3,-0.0243589630590174
30,x,39,7,5,0.784687825578437
30,x,40,7,-5,0.413269825505787
30,x,50,7,7,0.0424843772122769
30,y,1,0,0,-1.89145262739231
30,y,2,1,1,1.6667025138459
30,y,3,1,-1,2.28195567606494
30,y,5,2,2,1.96392454422938
30,y,7,3,1,-0.925157419004506
30,y,10,3,3,0.154141287596984
30,y,12,4,2,-0.00978091183485298
30,y,14,5,1,-0.273912273863447
30,y,17,4,4,0.276593697501834
30,y,18,4,-4,0.228902562864795
30,y,19,5,3,0.131355921674849
30,y,21,6,2,-0.353930289491692
30,y,27,5,-5,-0.212857529249983
30,y,31,7,-3,-0.338408987514766
30,y,38,6,-6,-0.329174219096248
30,y,40,7,-5,-0.163731374279681
30,y,50,7,7,0.332044146995775
31,x,1,0,0,-5.17203859620887
31,x,2,1,1,-3.41625937712223
31,x,3,1,-1,-0.638823325078011
31,x,9,4,0,0.273252030386534
31,x,11,3,-3,-0.632387118132078
31,x,12,4,2,0.109481575889471
31,x,13,4,-2,0.0848627319427569
31,x,14,5,1,-0.0397442892708586
31,x,15,5,-1,-1.30349419446491
31,x,16,6,0,0.25358898574066
31,x,18,4,-4,-1.05672784725092
31,x,19,5,3,0.565208030051661
31,x,20,5,-3,0.473496175146096
31,x,22,6,-2,0.201432293141499
31,x,30,7,3,-0.174239931340909
31,x,38,6,-6,0.358795813505554
31,x,39,7,5,0.0922135316439553
31,x,51,7,-7,0.545399180902608
31,y,2,1,1,0.235875035372058
31,y,3,1,-1,1.15778820884375
31,y,4,2,0,2.51800808289744
31,y,5,2,2,-2.57446955414652
31,y,12,4,2,-0.356730082071997
31,y,16,6,0,0.192693789058382
31,y,17,4,4,-1.0105252619044
31,y,18,4,-4,-0.46848307976638
31,y,19,5,3,-0.581124465380536
31,y,22,6,-2,0.669804683752091
31,y,27,5,-5,-0.349661438570154
31,y,30,7,3,-0.220790347320512
31,y,37,6,6,-0.682486005449601
31,y,40,7,-5,0.1301223134211
31,y,51,7,-7,-0.503712828349957
32,x,1,0,0,-1.67243896089246
32,x,5,2,2,0.367893598768381
32,x,6,2,-2,-1.23243103976578
32,x,7,3,1,-0.27641076444612
32,x,8,3,-1,1.37696543441413
32,x,9,4,0,-0.412657471089847
32,x,10,3,3,-0.17223951110212
32,x,13,4,-2,0.205745548571364
32,x,16,6,0,0.421803666775646
32,x,17,4,4,1.85623573819759
32,x,21,6,2,-0.110199669127782
32,x,24,7,-1,0.00342826474221971
32,x,27,5,-5,0.637767810745235
32,x,31,7,-3,0.050592821322228
32,x,37,6,6,0.144021209140641
32,x,39,7,5,-0.539127919724014
32,x,40,7,-5,-0.105715538495761
32,y,6,2,-2,-0.884261289690088
32,y,8,3,-1,-0.632381983284249
32,y,11,3,-3,-1.95331782712148
32,y,13,4,-2,0.723313368787832
32,y,15,5,-1,0.368464166209703
32,y,17,4,4,-0.702638780906793
32,y,18,4,-4,0.75380272533515
32,y,20,5,-3,-0.196017983527738
32,y,21,6,2,-0.250291680706282
32,y,22,6,-2,0.119346384401215
32,y,23,7,1,0.83713199599054
32,y,24,7,-1,-0.58420168922107
32,y,27,5,-5,-0.837329810164244
32,y,29,6,-4,1.47237344999911
32,y,31,7,-3,-0.440763429052827
32,y,37,6,6,0.915055381925624
32,y,38,6,-6,-0.81793014971608
32,y,39,7,5,0.260408939074113
32,y,40,7,-5,1.04262658952419
32,y,51,7,-7,-1.0038907487671
33,x,1,0,0,0.190969713088419
33,x,2,1,1,-4.21231457025638
33,x,3,1,-1,-4.19055657956377
33,x,5,2,2,-3.13256981415297
33,x,6,2,-2,1.54546234697708
33,x,8,3,-1,-1.61880363561114
33,x,12,4,2,-1.3753729585129
33,x,15,5,-1,-0.34400422333626
33,x,16,6,0,-0.201398890719776
33,x,17,4,4,0.293651256779055
33,x,27,5,-5,-0.780708142960328
33,x,29,6,-4,0.390028730179574
33,x,40,7,-5,-0.151576790934488
33,y,2,1,1,1.18725373006208
33,y,5,2,2,-1.01378828769068
33,y,7,3,1,0.673546616030775
33,y,13,4,-2,1.63842554957214
33,y,14,5,1,0.547036246886942
33,y,19,5,3,-0.86394790421921
33,y,30,7,3,-0.643709964440986
33,y,31,7,-3,-0.949448891169439
33,y,38,6,-6,0.747358531456197
33,y,40,7,-5,1.1922727835997
34,x,5,2,2,0.261715832142005
34,x,6,2,-2,-0.436442322389526
34,x,7,3,1,1.48424654844133
34,x,9,4,0,-0.523833736725273
34,x,12,4,2,1.24541038953647
34,x,14,5,1,0.452660179585109
34,x,15,5,-1,-0.0322346238051663
34,x,16,6,0,-0.969732279134028
34,x,17,4,4,1.22223603148007
34,x,20,5,-3,-0.367885983205858
34,x,21,6,2,0.818746466429758
34,x,22,6,-2,0.530809320738005
34,x,24,7,-1,-0.271213335886088
34,x,38,6,-6,-0.734731235769162
34,x,39,7,5,0.274840955395118
34,x,50,7,7,0.648006814643059
34,y,4,2,0,0.363886220433971
34,y,5,2,2,0.826953070417748
34,y,6,2,-2,2.51854953331564
34,y,14,5,1,0.44551380205181
34,y,16,6,0,-0.475398407561265
34,y,18,4,-4,0.661519642977041
34,y,19,5,3,0.431830804718931
34,y,20,5,-3,-0.198599486626541
34,y,21,6,2,-0.700254135028674
34,y,23,7,1,-0.976957897747824
34,y,28,6,4,-0.116039502051324
34,y,39,7,5,-0.0141983866492029
35,x,3,1,-1,-0.165845897603182
35,x,6,2,-2,-1.02227955463258
35,x,13,4,-2,-1.28007543958784
35,x,14,5,1,0.140550747550326
35,x,15,5,-1,-0.293577340846522
35,x,16,6,0,1.32536103865895
35,x,20,5,-3,-0.57249905449552
35,x,24,7,-1,-0.235302035271123
35,x,26,5,5,-0.704240158047747
35,x,27,5,-5,-1.73992442139645
35,x,29,6,-4,-1.18757394786649
35,x,31,7,-3,-0.421474796784131
35,x,38,6,-6,-0.466197853804209
35,x,40,7,-5,1.18148418030924
35,y,2,1,1,4.21288102666011
35,y,5,2,2,2.1933536468526
35,y,7,3,1,-0.569184950891752
35,y,8,3,-1,0.856879954760615
35,y,11,3,-3,-0.774700313005624
35,y,12,4,2,-0.00521489778981711
35,y,15,5,-1,0.0457087494476487
35,y,16,6,0,-0.187439333171726
35,y,17,4,4,1.55912079265785
35,y,23,7,1,-0.185383250701285
35,y,24,7,-1,-0.40433891127025
35,y,26,5,5,-0.466064202537705
35,y,27,5,-5,-0.285292520703527
35,y,28,6,4,0.643361264621486
35,y,30,7,3,-0.2481934497632
35,y,31,7,-3,0.140841537685358
35,y,38,6,-6,0.0811798323311912
35,y,39,7,5,0.302018693090748
36,x,2,1,1,2.33153598957152
36,x,5,2,2,-1.4721069517061
36,x,6,2,-2,-0.194979861361253
36,x,8,3,-1,-0.877717848005651
36,x,10,3,3,1.43782083443166
36,x,12,4,2,-0.966185763547922
36,x,13,4,-2,-1.43580120004966
36,x,19,5,3,-0.280397238752521
36,x,22,6,-2,0.137940673459905
36,x,23,7,1,0.0512048013164077
36,x,31,7,-3,-0.078437127675735
36,x,39,7,5,0.0117438015607834
36,x,40,7,-5,0.17407806816195
36,y,2,1,1,-0.425460830437112
36,y,4,2,0,-0.301571651217724
36,y,10,3,3,1.45922638626674
36,y,11,3,-3,-1.36996376135852
36,y,14,5,1,-0.564933342434365
36,y,15,5,-1,-0.862358179724215
36,y,16,6,0,0.477679119324772
36,y,18,4,-4,2.14239026811486
36,y,19,5,3,0.506285298548458
36,y,20,5,-3,-0.797075318691069
36,y,30,7,3,-0.215419779253471
36,y,39,7,5,0.0161278709023042
37,x,2,1,1,5.01939483110839
37,x,3,1,-1,-0.229343737781184
37,x,4,2,0,-3.05920704402257
37,x,5,2,2,-0.51366300499828
37,x,6,2,-2,-0.906490537037292
37,x,7,3,1,0.852100881914187
37,x,8,3,-1,-0.826147190645516
37,x,13,4,-2,0.963540789992466
37,x,15,5,-1,1.38907636510111
37,x,17,4,4,0.0476452905739009
37,x,21,6,2,0.131152686133635
37,x,22,6,-2,-0.334652102387073
37,x,23,7,1,0.0500572973417034
37,x,24,7,-1,0.545427377596173
37,x,28,6,4,0.217390903207696
37,x,37,6,6,-0.56817096131622
37,x,38,6,-6,0.0224429007623548
37,x,39,7,5,-0.933015530903462
37,x,50,7,7,0.26674038575666
37,y,9,4,0,1.21596249198023
37,y,11,3,-3,-1.09883951157795
37,y,12,4,2,0.357127622994362
37,y,17,4,4,-1.37017752928423
37,y,18,4,-4,0.797533679812554
37,y,22,6,-2,-0.725704799868552
37,y,28,6,4,-0.559445829221949
37,y,29,6,-4,-1.577689365817
37,y,31,7,-3,-0.15147958638056
37,y,38,6,-6,0.90386342071909
37,y,51,7,-7,0.126915645891964
38,x,1,0,0,0.519378438386922
38,x,3,1,-1,7.87665276780094
38,x,5,2,2,0.524674009290875
38,x,9,4,0,-0.855096329304739
38,x,13,4,-2,-0.26344628581698
38,x,14,5,1,-0.417177731126713
38,x,15,5,-1,0.0956637107911574
38,x,19,5,3,-0.423502791318859
38,x,20,5,-3,-0.386180474389809
38,x,22,6,-2,-0.584972748106786
38,x,26,5,5,0.778144517425909
38,x,31,7,-3,-0.795819534262816
38,x,37,6,6,-0.0338448329596693
38,x,38,6,-6,0.183745409294664
38,x,39,7,5,0.464983705952901
38,y,1,0,0,7.73593020400063
38,y,2,1,1,-1.7950812524179
38,y,4,2,0,-2.21411817597854
38,y,11,3,-3,-0.391899029945883
38,y,14,5,1,-0.623786811105907
38,y,15,5,-1,-0.735427709712383
38,y,21,6,2,-0.0573300763735837
38,y,22,6,-2,0.0314141593747655
38,y,23,7,1,-0.156131019197843
38,y,24,7,-1,0.365922435452398
38,y,26,5,5,-0.284506053764341
38,y,27,5,-5,0.213932530649806
38,y,50,7,7,-0.156220010856724
39,x,5,2,2,0.448381206635437
39,x,7,3,1,-0.785641182827361
39,x,10,3,3,1.06474876554332
39,x,11,3,-3,0.886615783209208
39,x,14,5,1,-0.555897734556084
39,x,16,6,0,2.06928589492839
39,x,19,5,3,0.255564926413556
39,x,20,5,-3,0.354641900988869
39,x,24,7,-1,-1.05016057810984
39,x,28,6,4,0.41987231517884
39,x,38,6,-6,-0.964544650941801
39,x,39,7,5,-0.227158715547247
39,x,50,7,7,0.876055401198938
39,x,51,7,-7,0.381568147321236
39,y,2,1,1,4.15742055671077
39,y,4,2,0,0.480472023479174
39,y,11,3,-3,0.686579486795178
39,y,16,6,0,0.645325951426611
39,y,21,6,2,0.439219902069498
39,y,23,7,1,0.915275651596208
39,y,26,5,5,0.176715473952078
39,y,27,5,-5,-1.08452613842536
39,y,30,7,3,-0.284979974367634
39,y,31,7,-3,-0.126182978312517
39,y,50,7,7,0.619599205785175
39,y,51,7,-7,-0.263167215972597
40,x,4,2,0,0.69763099729979
40,x,6,2,-2,1.45887168474782
40,x,8,3,-1,0.0544023723240759
40,x,9,4,0,0.0925352149963651
40,x,10,3,3,-1.21275939620951
40,x,14,5,1,0.0446573127542838
40,x,15,5,-1,1.50799726772438
40,x,17,4,4,-0.195491339788371
40,x,18,4,-4,1.17469370376002
40,x,19,5,3,-0.184532572109866
40,x,20,5,-3,-0.414318009934844
40,x,23,7,1,0.0087676718325606
40,x,31,7,-3,-0.623606893926268
40,x,37,6,6,0.0849256541185529
40,x,40,7,-5,0.0627833172734216
40,x,50,7,7,-0.063068151061861
40,y,1,0,0,5.95354915597559
40,y,4,2,0,-0.503085136711286
40,y,9,4,0,-0.64842237569854
40,y,11,3,-3,-0.513525345947855
40,y,12,4,2,0.310336501793844
40,y,16,6,0,-0.784823690158141
40,y,17,4,4,0.144696544114861
40,y,18,4,-4,1.29686825370311
40,y,20,5,-3,-0.782613312932986
40,y,26,5,5,-0.0177005133161246
40,y,30,7,3,-0.143023427347021
40,y,40,7,-5,-0.480618945550284
41,x,2,1,1,-3.64159571754939
41,x,7,3,1,0.172299217192487
41,x,8,3,-1,1.03003623014692
41,x,11,3,-3,-1.41573058458771
41,x,16,6,0,-0.125443326597584
41,x,17,4,4,0.0207965888058305
41,x,18,4,-4,1.79597426235846
41,x,20,5,-3,0.0621308127222413
41,x,23,7,1,0.273736571754528
41,x,27,5,-5,1.00494849030447
41,x,29,6,-4,-0.219728843052464
41,x,31,7,-3,-0.269287912094878
41,x,37,6,6,-0.721023920482599
41,y,2,1,1,0.269659793470667
41,y,3,1,-1,-0.157120778709618
41,y,5,2,2,0.896905204781974
41,y,7,3,1,2.02147869324018
41,y,10,3,3,-1.57901729193164
41,y,11,3,-3,-1.1330419221551
41,y,14,5,1,-0.435445241458587
41,y,16,6,0,-0.501057452755615
41,y,19,5,3,-0.47612921615964
41,y,21,6,2,0.0725792205842623
41,y,22,6,-2,0.2999524816723
41,y,37,6,6,0.426525784775904
41,y,40,7,-5,0.419069335065748
41,y,50,7,7,-0.492890465309734
42,x,3,1,-1,-2.54468272739956
42,x,7,3,1,-0.983648397682437
42,x,10,3,3,-0.267486336853089
42,x,11,3,-3,-0.534855945307591
42,x,12,4,2,-0.531481574232137
42,x,14,5,1,0.397104684981292
42,x,17,4,4,-0.0472526398587209
42,x,18,4,-4,-0.493099258023213
42,x,20,5,-3,-1.44953122432555
42,x,21,6,2,0.279726448608721
42,x,22,6,-2,0.787315644532427
42,x,26,5,5,0.689879865086787
42,x,27,5,-5,0.681521442427429
42,x,30,7,3,0.0811706552936148
42,x,39,7,5,-0.0262921183023358
42,x,40,7,-5,0.292368165604371
42,x,50,7,7,0.265167205110388
42,y,2,1,1,2.6708023123772
42,y,4,2,0,-1.63672532700829
42,y,5,2,2,1.40106680436716
42,y,6,2,-2,-0.941516431961959
42,y,7,3,1,-1.0316660015693
42,y,15,5,-1,0.819570689426942
42,y,16,6,0,0.0562030830498306
42,y,17,4,4,-0.94849548232018
42,y,18,4,-4,-0.768509381048367
42,y,19,5,3,0.946258469530757
42,y,20,5,-3,0.300047978898387
42,y,27,5,-5,-0.26829077182033
42,y,28,6,4,0.94609082948424
42,y,31,7,-3,-0.427161839627252
42,y,37,6,6,-0.11702651883432
42,y,39,7,5,-0.0268151542505625
42,y,40,7,-5,-0.333538062165973
43,x,1,0,0,-1.60988559416219
43,x,5,2,2,1.26570834804112
43,x,7,3,1,-0.216337082259439
43,x,8,3,-1,0.90464619349743
43,x,10,3,3,-0.461608697021527
43,x,11,3,-3,-0.685659424014777
43,x,12,4,2,0.151546236760347
43,x,17,4,4,0.992140065206938
43,x,19,5,3,-0.88199573606803
43,x,20,5,-3,-1.08900645055022
43,x,22,6,-2,0.367133951538264
43,x,27,5,-5,-0.11886977193324
43,x,28,6,4,-0.1266048427986
43,x,29,6,-4,-0.311792027469718
43,x,30,7,3,0.422218934097569
43,x,31,7,-3,0.205497132089007
43,x,37,6,6,0.466007814883616
43,x,38,6,-6,-0.149974673959876
43,x,40,7,-5,-0.165244412100833
43,x,50,7,7,0.0199853441719918
43,y,2,1,1,1.13847051638522
43,y,3,1,-1,-1.47767219327896
43,y,4,2,0,0.766409058288007
43,y,7,3,1,-0.922111759355144
43,y,8,3,-1,0.704027603744659
43,y,13,4,-2,0.139443010798958
43,y,15,5,-1,-0.0849638942056813
43,y,18,4,-4,0.630884862088534
43,y,19,5,3,-0.330376672989563
43,y,21,6,2,0.593281779434681
43,y,26,5,5,0.0743319733778531
43,y,28,6,4,-0.769091733978801
44,x,1,0,0,-0.0578114120206803
44,x,2,1,1,0.647351956173881
44,x,3,1,-1,-0.983855747467556
44,x,14,5,1,-0.570527555659837
44,x,15,5,-1,1.22117150529173
44,x,18,4,-4,-0.941829483177616
44,x,21,6,2,0.422157974106458
44,x,24,7,-1,-0.840227935494505
44,x,27,5,-5,-0.041700959614986
44,x,28,6,4,-1.13131646547837
44,x,31,7,-3,-1.46905285094005
44,x,39,7,5,0.501963218063778
44,x,40,7,-5,-1.67340566026141
44,y,3,1,-1,2.05033405577871
44,y,4,2,0,3.21100515504114
44,y,5,2,2,1.09348039827524
44,y,6,2,-2,-1.16985648012201
44,y,7,3,1,0.74232222008564
44,y,11,3,-3,-1.67775082842961
44,y,14,5,1,0.810349136063577
44,y,16,6,0,-0.0289757703488889
44,y,17,4,4,0.299352588165441
44,y,18,4,-4,-0.309099127109238
44,y,19,5,3,0.679620126294038
44,y,20,5,-3,0.175818188750665
44,y,23,7,1,0.786748949896823
44,y,28,6,4,0.109202001755056
44,y,29,6,-4,-0.532621423602777
44,y,30,7,3,0.183150603763208
44,y,37,6,6,0.281052592398234
44,y,38,6,-6,1.22951519481459
44,y,40,7,-5,0.13310293826609
44,y,51,7,-7,0.886135727429071
45,x,1,0,0,1.63049669250687
45,x,3,1,-1,2.06789236576329
45,x,4,2,0,2.27216896088411
45,x,6,2,-2,-0.226606164418624
45,x,7,3,1,-0.162342000125847
45,x,9,4,0,0.739976608388044
45,x,10,3,3,1.02649237178256
45,x,12,4,2,-0.0596825052235687
45,x,14,5,1,-0.799138034440699
45,x,20,5,-3,0.942830946442061
45,x,22,6,-2,0.115458025400728
45,x,23,7,1,-0.0949885911882177
45,x,27,5,-5,0.406660559705831
45,x,29,6,-4,-1.05491461806092
45,x,30,7,3,0.208701338125639
45,x,37,6,6,-0.03862171879182
45,x,38,6,-6,0.138782978861578
45,x,50,7,7,-0.456788125336029
45,y,3,1,-1,-1.75161345774086
45,y,4,2,0,-1.74371183619784
45,y,6,2,-2,0.174568849283464
45,y,8,3,-1,0.218798534908922
45,y,10,3,3,-0.193149983723697
45,y,13,4,-2,0.406415017118775
45,y,14,5,1,0.396669164312732
45,y,15,5,-1,-0.242904492780824
45,y,16,6,0,-0.719964663541155
45,y,17,4,4,-0.626625037131434
45,y,19,5,3,0.561306443042008
45,y,20,5,-3,-0.150770341069749
45,y,21,6,2,-0.173491963850953
45,y,22,6,-2,0.445055699565227
45,y,24,7,-1,-0.0347359466651464
45,y,37,6,6,-0.165490539263976
45,y,38,6,-6,2.17368877706865
45,y,39,7,5,0.346469682332441
45,y,40,7,-5,0.068315118619893
45,y,50,7,7,-0.0166985067098404
46,x,2,1,1,1.02349218130609
46,x,3,1,-1,5.95639837661819
46,x,12,4,2,0.60760470973671
46,x,14,5,1,-0.317064493062749
46,x,23,7,1,-0.136703493650009
46,x,26,5,5,0.238865967293826
46,x,27,5,-5,-0.55468405014231
46,x,29,6,-4,-0.0812557669087062
46,x,30,7,3,0.415677328276313
46,x,39,7,5,0.456923082598702
46,x,50,7,7,0.0510239741166866
46,y,2,1,1,-0.856719704866145
46,y,5,2,2,-0.201317231680313
46,y,7,3,1,-1.09224064943364
46,y,8,3,-1,-1.6491614398148
46,y,10,3,3,0.124887906740785
46,y,11,3,-3,-0.213622426698365
46,y,12,4,2,1.58766308167736
46,y,14,5,1,0.176067816545804
46,y,15,5,-1,-0.265482659771148
46,y,18,4,-4,-1.21370112241606
46,y,22,6,-2,-0.0847384488988147
46,y,28,6,4,0.0426946479042711
46,y,39,7,5,0.445707613739393
47,x,6,2,-2,-0.12896286933409
47,x,7,3,1,1.0424926179536
47,x,9,4,0,1.07358012646663
47,x,10,3,3,1.37683590582085
47,x,13,4,-2,-1.05094450219257
47,x,16,6,0,-0.292295038556744
47,x,18,4,-4,-1.59524739830946
47,x,19,5,3,-0.164649802252371
47,x,20,5,-3,0.663054380505662
47,x,23,7,1,-0.243017954653863
47,x,26,5,5,-0.869219207205612
47,x,28,6,4,-0.314118504368366
47,x,31,7,-3,-0.0971167319412373
47,x,38,6,-6,-0.759241772799318
47,y,4,2,0,-1.25372016458668
47,y,5,2,2,2.24545718574013
47,y,8,3,-1,-0.291267398159555
47,y,9,4,0,-0.674176951952303
47,y,10,3,3,0.0895286718350131
47,y,13,4,-2,-0.136375219007596
47,y,15,5,-1,-0.765374155853062
47,y,17,4,4,-0.00819927593289889
47,y,18,4,-4,-0.0330699111110087
47,y,19,5,3,0.0833678029305399
47,y,20,5,-3,0.616602650245731
47,y,22,6,-2,-0.626252737449416
47,y,27,5,-5,0.275026814619742
47,y,28,6,4,0.158826315562144
47,y,30,7,3,-0.11741064020567
47,y,39,7,5,-0.606567226753513
47,y,50,7,7,-0.360862536887491
48,x,5,2,2,-0.188933636434503
48,x,6,2,-2,2.91992008227816
48,x,7,3,1,-0.138312509402619
48,x,8,3,-1,-1.03662007454311
48,x,10,3,3,-0.33879284323084
48,x,12,4,2,-0.344861776259646
48,x,13,4,-2,-1.12448700277751
48,x,15,5,-1,-0.710492975534298
48,x,18,4,-4,-0.427745908656751
48,x,19,5,3,-0.190021664062436
48,x,20,5,-3,-0.020429353171625
48,x,24,7,-1,0.761989300192697
48,x,28,6,4,0.677700406753612
48,x,31,7,-3,-0.0147376907027523
48,x,38,6,-6,0.973592885982082
48,x,51,7,-7,0.273096173542811
48,y,3,1,-1,0.797467794922
48,y,8,3,-1,1.80337693132673
48,y,9,4,0,-1.14470112927483
48,y,11,3,-3,-0.998249590590142
48,y,13,4,-2,-0.10721961032795
48,y,17,4,4,-0.942132694534698
48,y,19,5,3,1.0213987825319
48,y,22,6,-2,0.218162453584346
48,y,23,7,1,-1.1088633506478
48,y,27,5,-5,-0.0806372645130599
48,y,31,7,-3,1.60637860347147
48,y,37,6,6,0.29496930136389
48,y,40,7,-5,-0.720599038255036
49,x,7,3,1,-2.36910910793524
49,x,10,3,3,-0.0553494766984761
49,x,11,3,-3,-0.0554297546968352
49,x,12,4,2,0.254598955413579
49,x,13,4,-2,0.476961041253185
49,x,15,5,-1,0.419503321696077
49,x,20,5,-3,0.350017277243669
49,x,22,6,-2,-0.438442668922634
49,x,27,5,-5,-0.348093606258948
49,x,31,7,-3,0.0574215517560629
49,x,38,6,-6,1.92363544417288
49,x,39,7,5,0.277964169539419
49,x,40,7,-5,0.595879978719977
49,y,1,0,0,0.828084518681716
49,y,2,1,1,-5.34481017266236
49,y,5,2,2,0.733709193580522
49,y,6,2,-2,-0.196640699881515
49,y,9,4,0,0.302623314546535
49,y,12,4,2,-0.108548377556712
49,y,13,4,-2,-0.6413825718028
49,y,14,5,1,-0.887442972953596
49,y,16,6,0,0.496042991098387
49,y,17,4,4,0.120620142399771
49,y,18,4,-4,-0.517526511539741
49,y,20,5,-3,0.053331979649064
49,y,21,6,2,0.662774730963372
49,y,22,6,-2,-0.325652754696195
49,y,23,7,1,-0.030004500008381
49,y,24,7,-1,0.383398091809283
49,y,27,5,-5,0.516494894743283
49,y,28,6,4,0.0907617984031497
49,y,50,7,7,-0.202470842023225
49,y,51,7,-7,-0.421991993858162
50,x,3,1,-1,4.54838090271249
50,x,4,2,0,-0.734736323823988
50,x,7,3,1,0.870817645635447
50,x,9,4,0,-0.927963421755961
50,x,12,4,2,1.22409591976792
50,x,13,4,-2,0.07420507314099
50,x,15,5,-1,0.634979737282022
50,x,16,6,0,0.0298340893009048
50,x,18,4,-4,-0.14292304739088
50,x,19,5,3,0.214307489470426
50,x,24,7,-1,-0.69009023218104
50,x,27,5,-5,-0.762030014083365
50,x,29,6,-4,1.02343259281628
50,x,30,7,3,-0.364130916874785
50,x,31,7,-3,0.0651784710144292
50,x,37,6,6,-0.417155781925805
50,x,39,7,5,-0.181938948534787
50,y,1,0,0,-0.0850442784835185
50,y,3,1,-1,-0.275466887521304
50,y,4,2,0,-0.804705391634508
50,y,8,3,-1,-0.641099629243254
50,y,9,4,0,-0.218461185917909
50,y,11,3,-3,1.46304304755975
50,y,12,4,2,-0.362807329591957
50,y,13,4,-2,-0.322542603716263
50,y,14,5,1,-0.256507575320117
50,y,18,4,-4,-1.98693216189411
50,y,19,5,3,-1.69118027040062
50,y,21,6,2,-0.334653068360692
50,y,23,7,1,0.138758341731097
50,y,26,5,5,1.43968614533139
50,y,27,5,-5,0.0943181448267332
50,y,30,7,3,0.107922925640596
50,y,37,6,6,0.505280850793376
50,y,39,7,5,0.296211344730398
51,x,5,2,2,-1.33993972797678
51,x,6,2,-2,-1.0142236153894
51,x,8,3,-1,-0.637398754317145
51,x,9,4,0,-1.52054286570529
51,x,10,3,3,0.677886190992564
51,x,11,3,-3,0.322016583378579
51,x,16,6,0,-0.250805807605878
51,x,17,4,4,-0.47323119787087
51,x,18,4,-4,-0.701737385170821
51,x,19,5,3,0.772416605852718
51,x,20,5,-3,-0.702764229213699
51,x,22,6,-2,0.323348852186595
51,x,27,5,-5,0.454572771870192
51,x,28,6,4,0.090783315148477
51,x,30,7,3,0.364207223557774
51,x,31,7,-3,0.322306261201018
51,x,37,6,6,0.335833687695022
51,x,51,7,-7,-0.109886485404483
51,y,4,2,0,-1.32521834014796
51,y,6,2,-2,0.237146026459284
51,y,15,5,-1,-0.25625384884997
51,y,18,4,-4,-1.04124151972043
51,y,21,6,2,0.622010085181058
51,y,27,5,-5,-0.378428168705333
51,y,37,6,6,-1.32529731182798
51,y,39,7,5,1.18819724791585
51,y,50,7,7,0.487087235579916
51,y,51,7,-7,1.26995478226981
52,x,2,1,1,-0.240716797677672
52,x,5,2,2,-0.195658885041563
52,x,6,2,-2,1.16246134458714
52,x,10,3,3,1.25991947036945
52,x,12,4,2,-1.59082797898706
52,x,13,4,-2,-0.882744879674806
52,x,17,4,4,-0.109089324340485
52,x,19,5,3,-0.97832954454299
52,x,21,6,2,-0.0729880490068798
52,x,22,6,-2,-1.05425414768119
52,x,27,5,-5,-0.821203955714299
52,x,29,6,-4,-0.27308316199459
52,x,30,7,3,-0.540323287312026
52,x,37,6,6,0.792048987709014
52,y,1,0,0,0.423475091244595
52,y,2,1,1,-2.31305451556848
52,y,4,2,0,-1.75906282190948
52,y,9,4,0,-0.00953459250628304
52,y,10,3,3,-1.17917089133695
52,y,12,4,2,0.513007870410506
52,y,15,5,-1,-1.02257158403596
52,y,18,4,-4,-0.789607218257016
52,y,21,6,2,-0.591092644702664
52,y,22,6,-2,-0.622839471983549
52,y,24,7,-1,0.0718810945819375
52,y,27,5,-5,-0.373394609966999
52,y,31,7,-3,-0.0689621431251865
52,y,37,6,6,0.180588065368299
52,y,39,7,5,-0.27381284234062
52,y,40,7,-5,-0.331838200270156
52,y,50,7,7,-0.840817054218953
53,x,4,2,0,0.972001361376582
53,x,5,2,2,-0.131733285850134
53,x,7,3,1,-1.93371984426347
53,x,9,4,0,1.57688639179315
53,x,12,4,2,0.116539181863981
53,x,13,4,-2,-0.102475586612773
53,x,17,4,4,0.0803204424530989
53,x,20,5,-3,-0.759780795648284
53,x,22,6,-2,0.712704845455322
53,x,23,7,1,0.370897973885902
53,x,29,6,-4,-0.302462784812139
53,x,40,7,-5,-0.383152946995037
53,x,51,7,-7,-0.249103237909554
53,y,1,0,0,1.66939335833527
53,y,2,1,1,-3.87687611568975
53,y,4,2,0,-1.42702667763082
53,y,7,3,1,0.48031619253859
53,y,11,3,-3,-0.389791674253345
53,y,12,4,2,1.15421002714145
53,y,13,4,-2,0.239753666021631
53,y,16,6,0,-0.236217373409735
53,y,17,4,4,1.14057615011925
53,y,19,5,3,-0.419235259756488
53,y,20,5,-3,0.00108298985924236
53,y,21,6,2,-0.140131539710239
53,y,22,6,-2,0.222171962255333
53,y,24,7,-1,0.0748660082622745
53,y,27,5,-5,-0.654876838768123
53,y,30,7,3,-0.297720473606597
53,y,39,7,5,0.615758924410344
53,y,51,7,-7,0.131795755238204
54,x,2,1,1,-3.34970743112569
54,x,3,1,-1,-0.293446779880916
54,x,4,2,0,0.444654122624459
54,x,7,3,1,-1.33524673549331
54,x,12,4,2,-0.846999119795386
54,x,14,5,1,-0.396404471239127
54,x,17,4,4,-0.00159454327231907
54,x,20,5,-3,-0.564217161276664
54,x,21,6,2,-0.238796796760042
54,x,22,6,-2,-0.0349383404850542
54,x,37,6,6,0.833526195955999
54,x,38,6,-6,0.755518054697695
54,y,3,1,-1,2.04644629851958
54,y,5,2,2,0.119354287015093
54,y,6,2,-2,0.52659643816635
54,y,7,3,1,0.515061100041297
54,y,11,3,-3,0.228221246117803
54,y,12,4,2,0.113116449591708
54,y,15,5,-1,0.895118766374636
54,y,17,4,4,-1.0428650107498
54,y,19,5,3,-0.208503958405358
54,y,23,7,1,-0.432421273001222
54,y,27,5,-5,0.480338178925747
54,y,28,6,4,0.487883780455374
54,y,29,6,-4,-0.445683987092441
54,y,30,7,3,0.443370641709836
54,y,31,7,-3,0.314660307449281
54,y,38,6,-6,0.443708594490552
54,y,50,7,7,0.32573822714206
54,y,51,7,-7,0.0478712644808558
55,x,1,0,0,-0.656586574899233
55,x,5,2,2,-1.02241679636027
55,x,6,2,-2,0.841602867743906
55,x,7,3,1,0.568846497306028
55,x,9,4,0,0.525153380261823
55,x,10,3,3,0.96103413217827
55,x,13,4,-2,-0.343807299665639
55,x,19,5,3,0.438071357481361
55,x,27,5,-5,0.641986626746117
55,x,39,7,5,-0.43692826703004
55,x,50,7,7,0.0735683706649864
55,y,1,0,0,6.00675233158045
55,y,2,1,1,0.0558311495854774
55,y,3,1,-1,-2.08254234757427
55,y,4,2,0,-0.746892034794569
55,y,5,2,2,-1.59896480027493
55,y,7,3,1,-0.664238163905882
55,y,8,3,-1,-0.961917881701523
55,y,11,3,-3,-0.712802670044851
55,y,14,5,1,0.0218347238235541
55,y,15,5,-1,-0.853207438246381
55,y,16,6,0,0.303934032687951
55,y,17,4,4,-0.615368008904949
55,y,22,6,-2,0.24126344287687
55,y,23,7,1,0.169112588043821
55,y,28,6,4,-0.203741381983489
55,y,29,6,-4,0.612537585678743
55,y,30,7,3,-0.36075601238874
55,y,31,7,-3,-0.328652128287674
55,y,40,7,-5,-0.232881986530355
55,y,51,7,-7,-0.178020474061212
56,x,1,0,0,-2.88205551931293
56,x,3,1,-1,-0.253885311186952
56,x,6,2,-2,-1.38557136055507
56,x,9,4,0,-0.427992208913656
56,x,12,4,2,0.763818716328007
56,x,13,4,-2,-0.30768230750613
56,x,15,5,-1,-1.45737627837147
56,x,19,5,3,-0.164098942372675
56,x,22,6,-2,-0.0647125622945385
56,x,24,7,-1,-0.20898582820661
56,x,28,6,4,-1.13685192364756
56,x,29,6,-4,-0.714523791396863
56,x,30,7,3,-0.625566997031469
56,x,37,6,6,0.382281739095384
56,x,40,7,-5,-0.440867997364149
56,x,50,7,7,-0.0353552640078103
56,x,51,7,-7,0.0686197259719338
56,y,1,0,0,0.701330172340539
56,y,7,3,1,1.09467453118407
56,y,9,4,0,0.0179898112520989
56,y,11,3,-3,1.32457146745125
56,y,13,4,-2,-1.21151888939882
56,y,15,5,-1,0.713043249242977
56,y,16,6,0,-0.363078230859318
56,y,20,5,-3,-0.871031263146766
56,y,21,6,2,0.446298464798069
56,y,22,6,-2,-0.056240740595923
56,y,24,7,-1,-0.00624684226332729
56,y,26,5,5,-0.498317860009932
56,y,31,7,-3,-0.0389621943818803
56,y,37,6,6,-0.0113109368623957
56,y,40,7,-5,-0.713404278615354
56,y,50,7,7,-0.122333866548853
56,y,51,7,-7,0.0888849101492113
57,x,1,0,0,-4.52467520709141
57,x,2,1,1,-2.80005920828958
57,x,4,2,0,-2.6030414746215
57,x,6,2,-2,2.14306348283992
57,x,9,4,0,-0.0839946950360258
57,x,11,3,-3,-0.745933059723323
57,x,17,4,4,0.800623569864037
57,x,21,6,2,-0.336546802838928
57,x,22,6,-2,-0.658526113675557
57,x,23,7,1,-0.22682142195487
57,x,26,5,5,-0.403055750247956
57,x,27,5,-5,0.612925664531407
57,x,30,7,3,-0.52201113552135
57,x,31,7,-3,-0.53746023607665
57,x,51,7,-7,-0.0250000146877611
57,y,2,1,1,2.43985478438671
57,y,3,1,-1,0.185115236647797
57,y,5,2,2,1.0414662105187
57,y,7,3,1,-1.02641186166053
57,y,12,4,2,-1.23668491402814
57,y,16,6,0,-0.284116462672747
57,y,22,6,-2,-0.712525572082833
57,y,23,7,1,-0.373945518811764
57,y,26,5,5,-0.0178528241945043
57,y,28,6,4,-0.470288516191175
57,y,30,7,3,-0.0829181197265954
57,y,37,6,6,-0.385095952294158
57,y,40,7,-5,-0.192278984330634
57,y,50,7,7,0.39889170555023
58,x,5,2,2,-1.22556169330582
58,x,7,3,1,-1.27919022963963
58,x,8,3,-1,-0.528186935816485
58,x,11,3,-3,-0.755063714364853
58,x,12,4,2,0.472673899548662
58,x,15,5,-1,-0.278784316961253
58,x,17,4,4,0.837418574083704
58,x,19,5,3,0.23846436770713
58,x,20,5,-3,-0.948476329945306
58,x,21,6,2,1.02557385248324
58,x,24,7,-1,1.15220142368773
58,x,26,5,5,0.812691116858962
58,x,27,5,-5,-1.33886545313297
58,x,30,7,3,0.100457642549041
58,x,38,6,-6,0.0622875969052015
58,x,39,7,5,-0.420979668870181
58,x,40,7,-5,-0.145303482955333
58,y,1,0,0,0.519880854776408
58,y,5,2,2,2.69277286725514
58,y,6,2,-2,-1.74058197079573
58,y,7,3,1,-0.393245190621473
58,y,8,3,-1,0.151532848876655
58,y,11,3,-3,-2.1927744890956
58,y,13,4,-2,-0.0200751754134787
58,y,14,5,1,-0.808523677221091
58,y,16,6,0,-0.172473300425987
58,y,17,4,4,0.0514809980761731
58,y,20,5,-3,-0.59155290711665
58,y,23,7,1,0.633997895744351
58,y,24,7,-1,-0.095955196825003
58,y,27,5,-5,0.113694967650523
58,y,29,6,-4,-0.413084913928725
58,y,31,7,-3,0.350562961435373
58,y,37,6,6,0.894889801714689
58,y,38,6,-6,0.411443291590579
59,x,1,0,0,0.412663009414188
59,x,4,2,0,1.4583993603299
59,x,5,2,2,1.50349587266582
59,x,7,3,1,0.252861253086843
59,x,8,3,-1,0.858426978563919
59,x,9,4,0,-0.0277600364754259
59,x,11,3,-3,-0.578593986696139
59,x,12,4,2,0.583463109582226
59,x,13,4,-2,0.931124878168914
59,x,15,5,-1,0.763797877152873
59,x,17,4,4,0.0649167620268435
59,x,18,4,-4,-0.866630684757245
59,x,24,7,-1,-0.0322030247054257
59,x,26,5,5,-0.350178569235875
59,x,29,6,-4,0.679227937441168
59,x,38,6,-6,-0.876816621401734
59,x,39,7,5,-0.660099822876374
59,x,51,7,-7,-0.290572539905057
59,y,5,2,2,-0.546946936138091
59,y,6,2,-2,1.0343116547064
59,y,8,3,-1,-1.26860307088151
59,y,12,4,2,-0.115264441177797
59,y,13,4,-2,-1.15275445020312
59,y,16,6,0,0.701499074795319
59,y,17,4,4,1.23016176519359
59,y,20,5,-3,-0.151534297114053
59,y,21,6,2,0.0679763714212785
59,y,22,6,-2,0.36861808715105
59,y,26,5,5,0.261542742730022
59,y,30,7,3,-1.32703112951482
59,y,31,7,-3,-1.36514726326508
59,y,37,6,6,0.282658781420459
59,y,40,7,-5,-0.181577309205374
59,y,51,7,-7,1.07158734572918
60,x,1,0,0,-0.681862417623817
60,x,7,3,1,0.873554601750871
60,x,8,3,-1,2.566561109747
60,x,9,4,0,-1.03392212831018
60,x,11,3,-3,0.211681539942003
60,x,13,4,-2,0.16324254436856
60,x,15,5,-1,-0.615696882556975
60,x,17,4,4,-0.212967755006159
60,x,18,4,-4,-0.00887292121387313
60,x,19,5,3,0.246102023399485
60,x,20,5,-3,0.0482311230075464
60,x,22,6,-2,0.0682756019268927
60,x,24,7,-1,-0.410031553235292
60,x,27,5,-5,-0.634213387073226
60,x,30,7,3,0.469917872506068
60,x,37,6,6,0.0526732479430677
60,x,38,6,-6,-0.0217567715993921
60,x,50,7,7,-0.107834238188423
60,x,51,7,-7,-0.0350816209224239
60,y,7,3,1,-0.938298643474464
60,y,9,4,0,0.0976897635971245
60,y,10,3,3,-1.30093957864226
60,y,11,3,-3,0.446334234111468
60,y,12,4,2,-1.12589418670068
60,y,13,4,-2,0.0882206752679021
60,y,14,5,1,-0.84040385420931
60,y,15,5,-1,-1.90998822731234
60,y,17,4,4,1.15903908604141
60,y,20,5,-3,0.769866019502715
60,y,22,6,-2,0.0579927369993009
60,y,26,5,5,-0.210543697835042
60,y,28,6,4,0.704775672362728
60,y,37,6,6,0.689838383820704
60,y,40,7,-5,0.00944054822411599
61,x,3,1,-1,-1.25265187412487
61,x,4,2,0,-2.32516676035484
61,x,7,3,1,-0.474882021911148
61,x,10,3,3,1.31507417165818
61,x,11,3,-3,-0.870554065736162
61,x,12,4,2,0.966405781109645
61,x,16,6,0,0.45545610799188
61,x,17,4,4,0.0807420362097134
61,x,20,5,-3,0.52353754973757
61,x,21,6,2,-0.229999510825839
61,x,23,7,1,-0.35794678754128
61,x,26,5,5,-1.37806158984396
61,x,27,5,-5,0.650058767485247
61,x,28,6,4,0.124157491640472
61,x,29,6,-4,0.166626938236846
61,x,30,7,3,-0.12508643535833
61,x,31,7,-3,0.447158382832544
61,x,38,6,-6,-0.358643590831948
61,x,40,7,-5,0.0410452700802472
61,x,50,7,7,-0.00965030321267669
61,y,1,0,0,1.51801341518397
61,y,2,1,1,-1.19069782766717
61,y,3,1,-1,1.24231897723237
61,y,4,2,0,-0.719827330455517
61,y,5,2,2,-0.0993442557895578
61,y,8,3,-1,-0.747612952331845
61,y,9,4,0,-0.076453264871487
61,y,10,3,3,0.114781024688944
61,y,11,3,-3,0.124473237939898
61,y,15,5,-1,-0.563271707667105
61,y,17,4,4,-0.186293488252567
61,y,18,4,-4,-0.364648380827489
61,y,22,6,-2,0.545622840899262
61,y,23,7,1,-0.269224496980578
61,y,28,6,4,-0.328394377030127
61,y,29,6,-4,0.581143654331518
61,y,31,7,-3,-0.0598786456673547
61,y,38,6,-6,0.376998882854862
61,y,50,7,7,0.451720693420176
62,x,1,0,0,1.23519021618231
62,x,2,1,1,5.11482915412868
62,x,3,1,-1,-2.34346408425955
62,x,8,3,-1,-0.0249150009200958
62,x,9,4,0,-0.172315720514684
62,x,10,3,3,-0.828242234408679
62,x,13,4,-2,0.656951352336218
62,x,15,5,-1,0.353374854404519
62,x,18,4,-4,0.0532701392647165
62,x,19,5,3,0.0945288474687754
62,x,21,6,2,-0.276523776325386
62,x,22,6,-2,-0.484931222902426
62,x,24,7,-1,0.271536420195088
62,x,27,5,-5,-0.17596897177402
62,x,29,6,-4,-0.45308929540395
62,x,31,7,-3,0.0977571328680085
62,x,37,6,6,-0.652459535648219
62,x,39,7,5,-0.348124868542944
62,x,40,7,-5,-0.0454567498205743
62,x,50,7,7,0.0613192585768882
62,y,6,2,-2,1.01892463288945
62,y,9,4,0,-1.03051907436345
62,y,12,4,2,1.40451306751502
62,y,14,5,1,1.39829182231331
62,y,20,5,-3,-1.11221130420988
62,y,26,5,5,-0.368484542642514
62,y,27,5,-5,0.700529408689936
62,y,31,7,-3,0.85628763837429
62,y,37,6,6,1.38930114916423
62,y,39,7,5,-0.735048701325859
62,y,51,7,-7,0.373095750121921
63,x,7,3,1,-1.8110345173834
63,x,8,3,-1,-0.888063970119029
63,x,11,3,-3,0.571849754572854
63,x,13,4,-2,1.32017517330237
63,x,15,5,-1,0.0244044389555572
63,x,17,4,4,-0.814949842676405
63,x,19,5,3,-0.0452792526311692
63,x,22,6,-2,-1.33006995532188
63,x,23,7,1,0.678457754796175
63,x,29,6,-4,-1.1095861754383
63,x,37,6,6,-0.179106776501704
63,x,40,7,-5,-0.230275429501554
63,x,50,7,7,-0.00362963418308345
63,y,2,1,1,-4.97052891969634
63,y,3,1,-1,-0.065123853518607
63,y,7,3,1,0.123987272848674
63,y,9,4,0,-0.398550699892938
63,y,11,3,-3,-1.2301485999393
63,y,12,4,2,-1.02980550691239
63,y,13,4,-2,-0.242499975473934
63,y,14,5,1,0.84661315673563
63,y,15,5,-1,0.959531796385164
63,y,19,5,3,-0.329604335241913
63,y,22,6,-2,0.0202217211108205
63,y,26,5,5,0.454622535267304
63,y,28,6,4,-0.130975335242754
63,y,29,6,-4,0.404670801625947
63,y,30,7,3,-0.408329261380351
63,y,31,7,-3,-0.716003416393554
63,y,37,6,6,-0.216425247653416
63,y,39,7,5,-0.23882274873884
63,y,40,7,-5,0.31528276332885
63,y,51,7,-7,0.0704854913066062
64,x,3,1,-1,3.88266603321874
64,x,7,3,1,-0.359688187740159
64,x,9,4,0,0.42033658135304
64,x,10,3,3,-0.707668187135866
64,x,11,3,-3,-0.379016781214926
64,x,13,4,-2,0.607702549856354
64,x,14,5,1,-0.294610036186001
64,x,17,4,4,-0.243814727849966
64,x,18,4,-4,1.30639406431008
64,x,19,5,3,0.772690028879478
64,x,21,6,2,0.549768539573249
64,x,26,5,5,-0.492900437450879
64,x,27,5,-5,0.0986542872961108
64,x,29,6,-4,-0.328528954138565
64,x,38,6,-6,-0.398632128398552
64,y,2,1,1,-4.10340740205036
64,y,3,1,-1,1.91283094252513
64,y,4,2,0,-1.89418794153996
64,y,5,2,2,-1.39791862486768
64,y,15,5,-1,0.400058100186411
64,y,19,5,3,-1.1136798062272
64,y,24,7,-1,-0.597135430024735
64,y,30,7,3,-0.385995499079274
64,y,31,7,-3,-0.460587705922613
64,y,38,6,-6,0.247750160719402
64,y,39,7,5,-0.431098921281436
64,y,51,7,-7,-0.0562912529365495
65,x,1,0,0,2.10994797219874
65,x,3,1,-1,-4.95778689289806
65,x,4,2,0,-2.56667213968477
65,x,6,2,-2,-0.0165142610493337
65,x,7,3,1,0.272847819987372
65,x,16,6,0,-0.791211746395703
65,x,19,5,3,-0.242654254133769
65,x,21,6,2,0.143242696797593
65,x,23,7,1,0.0955320130668099
65,x,24,7,-1,-0.0543607805805715
65,x,28,6,4,0.151377201884141
65,x,31,7,-3,-0.745277753331908
65,x,37,6,6,-0.375370870165036
65,y,1,0,0,3.98787394427467
65,y,2,1,1,1.05009147880314
65,y,5,2,2,0.366129928129263
65,y,7,3,1,-0.695397996356164
65,y,9,4,0,-0.367674411890127
65,y,14,5,1,0.85055473523393
65,y,15,5,-1,-0.401838646687994
65,y,20,5,-3,0.438510579821848
65,y,22,6,-2,0.810783140449216
65,y,23,7,1,-0.69200073376878
65,y,30,7,3,0.411025130042925
65,y,37,6,6,0.304631884990869
65,y,40,7,-5,0.157593573992118
65,y,50,7,7,-0.793019592084867
65,y,51,7,-7,-0.188061700230243
66,x,1,0,0,-5.0639224330244
66,x,3,1,-1,6.60871792058732
66,x,8,3,-1,-0.05923339266085
66,x,9,4,0,1.04372335242302
66,x,10,3,3,-1.42637294979534
66,x,13,4,-2,-0.0917848718565894
66,x,16,6,0,0.17807846878448
66,x,17,4,4,-1.44020868517103
66,x,18,4,-4,-1.17367130968517
66,x,20,5,-3,-0.64205776528428
66,x,22,6,-2,0.196456617209735
66,x,27,5,-5,-0.324805475206469
66,x,28,6,4,-0.0550890474311007
66,x,30,7,3,-0.00680404151156503
66,x,37,6,6,0.448700420928694
66,x,39,7,5,1.03540643586522
66,x,51,7,-7,0.328490441086396
66,y,3,1,-1,6.22066460561562
66,y,4,2,0,1.13592900330603
66,y,8,3,-1,-0.0124207509584909
66,y,11,3,-3,1.16968155783875
66,y,12,4,2,-0.348623852341705
66,y,15,5,-1,-0.564727878912817
66,y,16,6,0,0.2226263209677
66,y,21,6,2,-0.917045457995764
66,y,22,6,-2,-0.25689387082986
66,y,24,7,-1,-0.276381423833891
66,y,26,5,5,-1.01496645708407
66,y,28,6,4,-0.211476341914643
66,y,29,6,-4,0.231065911606754
66,y,40,7,-5,-0.683565915240542
67,x,2,1,1,-3.01983873026948
67,x,3,1,-1,0.902016125671069
67,x,5,2,2,1.75253050247633
67,x,10,3,3,-0.663271334143279
67,x,15,5,-1,0.60433606725677
67,x,16,6,0,-0.0201562276254916
67,x,20,5,-3,0.514244287603698
67,x,22,6,-2,-0.563004299016751
67,x,24,7,-1,0.129146149124265
67,x,37,6,6,-0.000817764775583279
67,x,51,7,-7,0.389369960972735
67,y,3,1,-1,1.75472350572518
67,y,6,2,-2,1.69820303369348
67,y,7,3,1,-0.255829131517968
67,y,8,3,-1,-0.133522299337321
67,y,9,4,0,-0.273958804833488
67,y,11,3,-3,0.240136994034644
67,y,12,4,2,0.571065207116017
67,y,14,5,1,0.471098390484807
67,y,20,5,-3,0.0631824830395951
67,y,21,6,2,-0.0421516630321213
67,y,26,5,5,0.432495375637722
67,y,30,7,3,-0.87061820866623
67,y,38,6,-6,1.13021287387501
67,y,39,7,5,-0.200764722031725
67,y,51,7,-7,0.0485194115126014
68,x,3,1,-1,2.13866833541759
68,x,5,2,2,-0.474593907205642
68,x,6,2,-2,-2.66506027942955
68,x,9,4,0,0.566777347030137
68,x,10,3,3,-0.75351438957104
68,x,12,4,2,0.0401197062033805
68,x,26,5,5,-1.90209595048293
68,x,27,5,-5,-0.29932805013564
68,x,28,6,4,1.2248364768202
68,x,29,6,-4,0.0414997660806316
68,x,31,7,-3,-0.412170512608089
68,x,37,6,6,-0.569900173744418
68,x,50,7,7,-0.244577548028778
68,y,1,0,0,0.408708344346937
68,y,3,1,-1,1.20869100273301
68,y,5,2,2,0.126024815352476
68,y,6,2,-2,1.39503294286265
68,y,8,3,-1,0.031439263438926
68,y,9,4,0,0.19195943926032
68,y,10,3,3,1.12140576816774
68,y,12,4,2,0.215801208821407
68,y,15,5,-1,-0.267901661586096
68,y,16,6,0,0.340528102095562
68,y,17,4,4,0.168102751263536
68,y,21,6,2,0.46670258927474
68,y,23,7,1,0.732404546617377
68,y,24,7,-1,-0.0276044284546606
68,y,26,5,5,0.0648545839798802
68,y,29,6,-4,-0.380575209922089
68,y,37,6,6,0.207307122571232
68,y,38,6,-6,0.183293938720361
68,y,39,7,5,-0.0940671259000931
68,y,50,7,7,-0.00506843114238834
69,x,2,1,1,3.39651752888243
69,x,3,1,-1,0.645268019299878
69,x,6,2,-2,-1.61053292321278
69,x,11,3,-3,-2.69799948603882
69,x,14,5,1,-0.119388149703348
69,x,15,5,-1,0.787616181964133
69,x,18,4,-4,1.01894208506267
69,x,22,6,-2,0.336187225547232
69,x,23,7,1,0.535115621342539
69,x,24,7,-1,-0.159602499213292
69,x,27,5,-5,-0.317858910765796
69,x,37,6,6,0.552383294073616
69,x,38,6,-6,0.910159100607973
69,y,2,1,1,1.14189485994302
69,y,4,2,0,-0.547584928967314
69,y,6,2,-2,0.875063385259396
69,y,11,3,-3,-0.129209157914031
69,y,14,5,1,0.585397841956457
69,y,20,5,-3,-0.417497034448337
69,y,21,6,2,1.33593024318646
69,y,23,7,1,1.50483915162132
69,y,27,5,-5,-0.536320105911627
69,y,30,7,3,1.67068391362759
69,y,31,7,-3,-0.717933475181659
69,y,38,6,-6,0.829904408594512
69,y,39,7,5,0.478914645567218
70,x,1,0,0,0.936505472248505
70,x,3,1,-1,5.46114109058119
70,x,6,2,-2,-0.582883851301341
70,x,11,3,-3,-1.05112202556562
70,x,12,4,2,0.309216356133262
70,x,13,4,-2,-1.06073103925774
70,x,14,5,1,-0.14986172034123
70,x,15,5,-1,-0.851727548995846
70,x,17,4,4,0.621411891768272
70,x,21,6,2,0.362684640663099
70,x,29,6,-4,-0.123218495395517
70,x,30,7,3,0.0847934376244115
70,x,50,7,7,0.602243785196849
70,y,3,1,-1,-2.78122922450174
70,y,4,2,0,1.54832820212508
70,y,5,2,2,-2.61210281854705
70,y,7,3,1,-2.15672097940232
70,y,8,3,-1,1.4728888281913
70,y,9,4,0,0.0120087609197193
70,y,13,4,-2,-0.0106133341223905
70,y,17,4,4,0.846738212092196
70,y,37,6,6,-0.219406061741243
70,y,51,7,-7,0.194699984866916
71,x,3,1,-1,-1.92042023572532
71,x,4,2,0,-0.900162787222994
71,x,6,2,-2,-0.536751636505968
71,x,8,3,-1,-1.29077197055948
71,x,9,4,0,0.610742303566988
71,x,12,4,2,-0.121006666811247
71,x,13,4,-2,0.831784328330775
71,x,14,5,1,-0.117960465635261
71,x,15,5,-1,0.0981095677645482
71,x,16,6,0,-0.239906072204677
71,x,23,7,1,0.738143994056934
71,x,27,5,-5,-0.0246965071932879
71,x,28,6,4,-0.716736040673917
71,x,29,6,-4,0.333783082769423
71,x,31,7,-3,0.0465851688661244
71,x,38,6,-6,0.990667300636663
71,x,50,7,7,0.330037356873843
71,y,5,2,2,-1.1342336301526
71,y,6,2,-2,0.795570832529381
71,y,7,3,1,-0.0298280721584567
71,y,9,4,0,-1.44466168967108
71,y,11,3,-3,-0.142260703060381
71,y,12,4,2,-0.285776364525052
71,y,13,4,-2,-0.00413334598109049
71,y,14,5,1,0.219599930015073
71,y,15,5,-1,-1.09333946173372
71,y,16,6,0,-0.151796215884372
71,y,17,4,4,0.71244829617018
71,y,18,4,-4,0.809680091542292
71,y,19,5,3,-1.10452853845991
71,y,23,7,1,-0.569975633534569
71,y,24,7,-1,-0.073277505827256
71,y,26,5,5,0.592444335029004
71,y,28,6,4,0.172023978576794
71,y,37,6,6,-0.0924646958099485
71,y,39,7,5,0.0112698838631409
71,y,50,7,7,-0.455191628473543
72,x,6,2,-2,-2.82526636502331
72,x,10,3,3,1.27801690923773
72,x,12,4,2,-1.05230386024898
72,x,14,5,1,0.252445548205047
72,x,20,5,-3,0.201001389524881
72,x,22,6,-2,0.839339615871585
72,x,30,7,3,1.25513832317907
72,x,31,7,-3,0.191140411791181
72,x,37,6,6,-0.134338365213789
72,x,39,7,5,-0.125848997072459
72,x,50,7,7,-0.119239876673947
72,y,4,2,0,0.127560649315063
72,y,5,2,2,-0.463365027561999
72,y,6,2,-2,-4.29875321225229
72,y,7,3,1,-0.499542137970877
72,y,9,4,0,0.852104743492158
72,y,10,3,3,0.376663149177085
72,y,11,3,-3,0.938132714200595
72,y,15,5,-1,0.502434353374145
72,y,19,5,3,-0.270646706156861
72,y,20,5,-3,-0.51737180480298
72,y,21,6,2,-0.0790726517661519
72,y,22,6,-2,-0.758512364682137
72,y,24,7,-1,-0.64891389372613
72,y,30,7,3,0.244905055718441
72,y,39,7,5,0.448597853131115
72,y,51,7,-7,-0.157282650962721
73,x,4,2,0,2.11315807585361
73,x,6,2,-2,-0.862440701744475
73,x,7,3,1,1.57710422865462
73,x,10,3,3,1.16519414818457
73,x,12,4,2,0.181177393284822
73,x,13,4,-2,1.13921839396122
73,x,14,5,1,-0.218248542408266
73,x,15,5,-1,-0.358011126308742
73,x,16,6,0,-0.0604504507201251
73,x,17,4,4,-0.559481396552694
73,x,23,7,1,0.545557752752019
73,x,24,7,-1,-0.485886452950709
73,x,31,7,-3,-0.42232958078895
73,x,38,6,-6,0.330260063973701
73,x,39,7,5,0.363502505499646
73,y,1,0,0,1.76684958123802
73,y,5,2,2,-0.797032146582624
73,y,7,3,1,0.335682051082774
73,y,8,3,-1,0.686700703415481
73,y,9,4,0,0.364402535060145
73,y,11,3,-3,2.1783381142863
73,y,13,4,-2,0.392833527367227
73,y,14,5,1,0.49167699808795
73,y,15,5,-1,0.181803541236535
73,y,17,4,4,-0.510795790750184
73,y,18,4,-4,-0.20017858648418
73,y,19,5,3,-0.557480160879461
73,y,22,6,-2,0.827234134752648
73,y,24,7,-1,0.522700830624067
73,y,27,5,-5,0.20229306222457
73,y,38,6,-6,0.0197689696560261
73,y,39,7,5,0.503473187927896
73,y,40,7,-5,-0.335465958335845
73,y,50,7,7,-0.0777433801981613
74,x,4,2,0,1.86993956335868
74,x,5,2,2,0.102327809291143
74,x,10,3,3,-1.32991645454337
74,x,16,6,0,1.09089691398441
74,x,18,4,-4,-0.77443682322691
74,x,20,5,-3,-0.195577494218184
74,x,28,6,4,-0.08370960582186
74,x,29,6,-4,0.113321209320186
74,x,31,7,-3,-0.776717807285861
74,x,37,6,6,-0.626156698107289
74,y,6,2,-2,2.42186883247557
74,y,9,4,0,-0.020591785768832
74,y,10,3,3,-0.929831568568908
74,y,16,6,0,-0.403078922266848
74,y,17,4,4,-0.142873741499319
74,y,19,5,3,-0.865713707007044
74,y,20,5,-3,-0.177650397432759
74,y,21,6,2,-0.0567834949602483
74,y,22,6,-2,-0.0735593950685686
74,y,31,7,-3,0.243394355135484
74,y,39,7,5,0.381790690141632
74,y,40,7,-5,0.220738900235393
74,y,51,7,-7,-0.0972470661274158
75,x,1,0,0,-2.70452009640288
75,x,3,1,-1,-6.1255882247942
75,x,9,4,0,0.647654318385201
75,x,12,4,2,1.52940507812181
75,x,13,4,-2,0.880177489161189
75,x,14,5,1,-0.654188947443771
75,x,15,5,-1,-0.461188854050851
75,x,17,4,4,-0.288348824331189
75,x,21,6,2,0.564624453030019
75,x,22,6,-2,0.849395983404817
75,x,23,7,1,0.14293273894637
75,x,29,6,-4,0.101687321467478
75,x,30,7,3,-0.0492799395492572
75,x,38,6,-6,-0.839915512647956
75,x,40,7,-5,-0.42291723972591
75,y,3,1,-1,-6.87593842836375
75,y,5,2,2,2.02266948029679
75,y,6,2,-2,0.0266707106427319
75,y,8,3,-1,-2.31920905559498
75,y,10,3,3,-0.470839403598979
75,y,12,4,2,-0.212305574664351
75,y,14,5,1,0.351350608104468
75,y,18,4,-4,0.329457838976897
75,y,21,6,2,-0.313534236468154
75,y,23,7,1,0.375825543677117
75,y,24,7,-1,-0.544348374214381
75,y,27,5,-5,-0.0763974997101373
75,y,31,7,-3,-0.236188221547938
75,y,39,7,5,0.265904026343809
75,y,50,7,7,0.189676011883228
76,x,2,1,1,1.27396318183017
76,x,4,2,0,-1.41913618709962
76,x,10,3,3,-0.986574682809628
76,x,11,3,-3,0.28442346742485
76,x,12,4,2,-0.333325688987895
76,x,13,4,-2,-0.236196528861512
76,x,14,5,1,0.0835203164406567
76,x,15,5,-1,0.374659137482471
76,x,19,5,3,0.312573009044774
76,x,20,5,-3,-0.0431173544508418
76,x,26,5,5,0.681940999213195
76,x,27,5,-5,0.715711568492876
76,x,29,6,-4,-0.358263027660947
76,x,30,7,3,-0.554260818716852
76,x,37,6,6,-0.368094553588713
76,y,1,0,0,-1.45584671607684
76,y,3,1,-1,2.63356424103845
76,y,7,3,1,-1.04624352011452
76,y,11,3,-3,-0.625358143216868
76,y,12,4,2,0.0648238808651338
76,y,13,4,-2,0.404856937411948
76,y,14,5,1,0.735981340586965
76,y,15,5,-1,-0.613044440732821
76,y,17,4,4,0.265456229364747
76,y,22,6,-2,0.430878799220278
76,y,26,5,5,0.191670342871858
76,y,27,5,-5,-0.2301743083003
76,y,30,7,3,0.128446543691703
76,y,39,7,5,0.218309407931875
76,y,40,7,-5,-0.0254304100497116
76,y,51,7,-7,0.339360139328872
77,x,1,0,0,-1.43597468675056
77,x,5,2,2,0.184086459798407
77,x,7,3,1,-0.850630059883965
77,x,8,3,-1,0.36918464204565
77,x,9,4,0,-0.785518810340767
77,x,11,3,-3,-0.0579112527366202
77,x,12,4,2,0.0590300971514674
77,x,14,5,1,-0.213327378926547
77,x,15,5,-1,-1.11089541988632
77,x,16,6,0,-0.626283841938078
77,x,17,4,4,-0.425390637708492
77,x,21,6,2,0.219789262320896
77,x,23,7,1,0.195419683517642
77,x,26,5,5,-0.339235843415731
77,x,27,5,-5,-0.149956701760308
77,x,28,6,4,-0.561997674150541
77,x,31,7,-3,0.00546207650550064
77,x,37,6,6,-0.223001569674053
77,x,50,7,7,-0.0135700789734093
77,x,51,7,-7,0.203689408211915
77,y,4,2,0,-2.69596848532192
77,y,5,2,2,0.637321894876821
77,y,6,2,-2,2.31057969690579
77,y,7,3,1,0.434726998382378
77,y,8,3,-1,-1.34618198030168
77,y,10,3,3,0.957980557694856
77,y,11,3,-3,0.212556260356294
77,y,17,4,4,0.483383681706722
77,y,18,4,-4,0.435974392123011
77,y,21,6,2,0.459843781955945
77,y,26,5,5,0.989256721465677
77,y,39,7,5,0.162636598187547
78,x,1,0,0,-3.2511020681085
78,x,3,1,-1,4.0241759449232
78,x,4,2,0,-0.781640526192932
78,x,5,2,2,0.0755785520070475
78,x,6,2,-2,1.40027690216089
78,x,11,3,-3,0.469566679319454
78,x,16,6,0,-0.17243369403702
78,x,17,4,4,0.338068415934792
78,x,20,5,-3,0.0158416523365159
78,x,22,6,-2,0.511353520543221
78,x,24,7,-1,0.341305870688743
78,x,29,6,-4,-0.0425076374647177
78,x,30,7,3,-0.8639096685675
78,x,31,7,-3,0.774101821942394
78,x,38,6,-6,-0.716904002812401
78,x,40,7,-5,-0.425401545784003
78,y,1,0,0,-0.531911498280856
78,y,2,1,1,-1.36083407536462
78,y,3,1,-1,-2.66216547155595
78,y,5,2,2,0.623832384100099
78,y,7,3,1,0.231459422927754
78,y,8,3,-1,-1.04532413456761
78,y,11,3,-3,-0.225574141132432
78,y,12,4,2,1.10206296091298
78,y,14,5,1,-0.0807040469759129
78,y,15,5,-1,-0.152407635971115
78,y,16,6,0,-0.427098800227278
78,y,17,4,4,-1.267731380907
78,y,18,4,-4,-0.163126021538104
78,y,19,5,3,-0.0257776974430489
78,y,20,5,-3,0.538370886332991
78,y,22,6,-2,0.424978502076191
78,y,38,6,-6,0.134207948070477
78,y,39,7,5,-0.0908714010989823
78,y,50,7,7,0.38039116909724
78,y,51,7,-7,0.355526883586993
79,x,1,0,0,0.466445977508502
79,x,2,1,1,4.66968350168456
79,x,4,2,0,-1.08487651634888
79,x,5,2,2,-1.10190593600383
79,x,6,2,-2,-3.42149688802466
79,x,8,3,-1,1.02088520454935
79,x,10,3,3,0.154779411150429
79,x,13,4,-2,0.713519826843539
79,x,14,5,1,-0.6656878595434
79,x,15,5,-1,-0.084113795986211
79,x,20,5,-3,-0.0376038457195386
79,x,23,7,1,-0.0907975124953827
79,x,26,5,5,0.659039797775917
79,x,31,7,-3,-0.0624875362275471
79,x,38,6,-6,-1.04912555203642
79,x,40,7,-5,0.553279455191016
79,x,50,7,7,0.00231161792859594
79,y,6,2,-2,-1.07996395598088
79,y,8,3,-1,0.589750514583143
79,y,10,3,3,-0.706511552161436
79,y,12,4,2,0.0951613737100561
79,y,14,5,1,0.780168814451912
79,y,15,5,-1,0.815361648932377
79,y,16,6,0,-0.0610776569156486
79,y,19,5,3,1.22949702798282
79,y,20,5,-3,0.811647624021172
79,y,22,6,-2,-0.586149458068555
79,y,23,7,1,0.313534719843455
79,y,26,5,5,-1.29124436395007
79,y,27,5,-5,-1.50959794901746
79,y,29,6,-4,0.563491223710306
79,y,30,7,3,0.0460930943670502
79,y,37,6,6,-1.24197780734774
79,y,39,7,5,-0.304352524734923
79,y,40,7,-5,0.125011508337129
80,x,2,1,1,-1.18297959855439
80,x,5,2,2,-0.166193238420745
80,x,6,2,-2,1.72201191371171
80,x,8,3,-1,0.261298661978439
80,x,9,4,0,-0.998191142067816
80,x,11,3,-3,-0.989997839260241
80,x,15,5,-1,-0.309076274239143
80,x,18,4,-4,0.925219012938544
80,x,19,5,3,-1.08290669221336
80,x,24,7,-1,-0.199746419212969
80,x,26,5,5,-0.737867128828985
80,x,27,5,-5,-0.0497183889375067
80,y,2,1,1,1.02970309200435
80,y,6,2,-2,-0.271024261920344
80,y,7,3,1,-0.25324866621931
80,y,8,3,-1,2.05151307633222
80,y,9,4,0,-0.41821724655405
80,y,12,4,2,-0.90156487204501
80,y,13,4,-2,-0.360822694556687
80,y,16,6,0,-0.255196548073361
80,y,18,4,-4,-0.715852676045254
80,y,22,6,-2,-0.818328859438031
80,y,24,7,-1,-0.589233264144929
80,y,40,7,-5,-0.308393561063697
80,y,51,7,-7,0.50402628060079
81,x,1,0,0,0.985104308404754
81,x,4,2,0,1.92508132799417
81,x,5,2,2,-1.14124009004317
81,x,7,3,1,0.58053709783569
81,x,9,4,0,-0.524505368919497
81,x,13,4,-2,0.573094213682762
81,x,19,5,3,0.429335758028674
81,x,21,6,2,-0.084069299531675
81,x,22,6,-2,-1.21974924457748
81,x,24,7,-1,0.336624569951259
81,x,29,6,-4,-0.61304421068972
81,x,30,7,3,1.14210560229479
81,x,39,7,5,-0.667600647890677
81,x,50,7,7,-0.0481941675731842
81,y,2,1,1,0.126330837698479
81,y,4,2,0,-0.927951580781313
81,y,9,4,0,2.364200635637
81,y,13,4,-2,-0.223213116675921
81,y,15,5,-1,1.32380805470541
81,y,17,4,4,0.344479801616574
81,y,18,4,-4,-0.662558878574744
81,y,20,5,-3,0.0199979377323609
81,y,21,6,2,-0.333053983781808
81,y,22,6,-2,-0.752774780652631
81,y,24,7,-1,-0.558407082671177
81,y,26,5,5,0.444686056832656
81,y,28,6,4,0.39433769018858
81,y,29,6,-4,0.533002025943469
81,y,30,7,3,0.418042295470964
81,y,31,7,-3,0.0208816974113611
81,y,38,6,-6,0.318284143628297
81,y,39,7,5,-0.417704909303234
81,y,40,7,-5,-0.553248305559514
81,y,50,7,7,0.631059286608855
82,x,1,0,0,2.33019652692596
82,x,4,2,0,0.425086660405884
82,x,6,2,-2,-0.381603215657303
82,x,7,3,1,1.14577743248622
82,x,9,4,0,0.236918122079745
82,x,10,3,3,-0.580772110256144
82,x,11,3,-3,0.294599943799178
82,x,13,4,-2,-0.597051049586766
82,x,14,5,1,0.29227547354922
82,x,15,5,-1,-0.155843841671156
82,x,16,6,0,-0.207865514393121
82,x,18,4,-4,0.564072725301482
82,x,20,5,-3,0.322772798450659
82,x,26,5,5,0.268837151861478
82,x,28,6,4,0.0884558863348671
82,x,38,6,-6,0.367640328053252
82,x,40,7,-5,-0.30921493083746
82,x,50,7,7,-0.061691838643406
82,x,51,7,-7,-0.242618180127845
82,y,1,0,0,3.52569021008251
82,y,2,1,1,2.43554917304579
82,y,3,1,-1,1.76236400007231
82,y,4,2,0,1.21857380225895
82,y,5,2,2,-0.530293889359047
82,y,7,3,1,-0.322159341410448
82,y,9,4,0,-0.0973841399509103
82,y,10,3,3,0.561426580109885
82,y,12,4,2,0.70751337572864
82,y,15,5,-1,-0.0907161079235923
82,y,17,4,4,-0.781724664538753
82,y,20,5,-3,-0.0202665963763366
82,y,24,7,-1,-0.16254989303128
82,y,26,5,5,0.622895527298582
82,y,27,5,-5,0.641442328074418
82,y,28,6,4,0.191415201012953
82,y,30,7,3,-0.0653078924546728
82,y,31,7,-3,0.168733030475116
82,y,40,7,-5,-0.562791711640076
83,x,3,1,-1,-2.763231747549
83,x,4,2,0,-1.85157682295345
83,x,7,3,1,0.287495777733757
83,x,8,3,-1,-0.103858667449765
83,x,9,4,0,0.90661612711916
83,x,10,3,3,-0.593574343814557
83,x,14,5,1,0.231331054878967
83,x,16,6,0,-0.477644519834448
83,x,22,6,-2,-0.645851770712424
83,x,23,7,1,-0.461865104785156
83,x,27,5,-5,0.355655963126222
83,x,28,6,4,0.0461150835697436
83,x,29,6,-4,-0.0744358308199969
83,x,30,7,3,-0.241816870882559
83,x,38,6,-6,-0.638900717998707
83,x,39,7,5,-0.0844127398844915
83,x,51,7,-7,-0.582086427310685
83,y,3,1,-1,-2.49386152985204
83,y,4,2,0,2.06345299576059
83,y,7,3,1,-1.74892073936053
83,y,8,3,-1,1.63575898751853
83,y,9,4,0,0.158703238154226
83,y,10,3,3,0.979449978316234
83,y,12,4,2,-2.12348280302922
83,y,15,5,-1,0.744103340419103
83,y,16,6,0,0.128869116373388
83,y,18,4,-4,0.393548868223558
83,y,21,6,2,-0.674076404840775
83,y,22,6,-2,0.0734057818297954
83,y,24,7,-1,-0.429940393854138
83,y,27,5,-5,0.0291938029815996
83,y,29,6,-4,0.017225860649875
83,y,31,7,-3,0.361964442629076
83,y,38,6,-6,-0.85168718350124
83,y,40,7,-5,-0.0694838207691763
83,y,51,7,-7,0.382395738528769
84,x,2,1,1,-2.18067098220697
84,x,3,1,-1,-1.54708234760172
84,x,4,2,0,1.37722315980013
84,x,6,2,-2,0.843460377451465
84,x,8,3,-1,0.252596384768973
84,x,10,3,3,-0.678381935979211
84,x,11,3,-3,1.2787077067815
84,x,12,4,2,0.0502542128214927
84,x,13,4,-2,0.85554900356175
84,x,14,5,1,0.281955138311214
84,x,15,5,-1,-0.31394427004253
84,x,21,6,2,-0.275242791425175
84,x,22,6,-2,-0.362650780685186
84,x,23,7,1,-0.0499179008647172
84,x,24,7,-1,0.405481847626337
84,x,28,6,4,-0.325614432084651
84,x,29,6,-4,-0.0984074672977856
84,x,37,6,6,0.101133920429621
84,x,39,7,5,0.346199141744412
84,y,2,1,1,3.17545135721238
84,y,4,2,0,-2.67425336580239
84,y,5,2,2,-4.09776415064208
84,y,9,4,0,-0.256787884078394
84,y,10,3,3,0.0990040720366109
84,y,14,5,1,-0.732769338976284
84,y,15,5,-1,0.207791779835699
84,y,16,6,0,0.766428195507251
84,y,17,4,4,1.50564947760413
84,y,19,5,3,-0.23898723500527
84,y,20,5,-3,0.198179111374557
84,y,22,6,-2,-0.351981138544284
84,y,23,7,1,-0.937499922622953
84,y,24,7,-1,-0.782870560994047
84,y,26,5,5,-0.399242325674133
84,y,31,7,-3,0.0697191612395238
84,y,37,6,6,-0.421824082426662
84,y,50,7,7,0.304460357056084
85,x,3,1,-1,-1.46772251835807
85,x,5,2,2,-1.21015412031547
85,x,7,3,1,-0.0983797631556434
85,x,8,3,-1,-1.49564137838593
85,x,9,4,0,-0.0936591801852038
85,x,11,3,-3,-0.781923052497069
85,x,12,4,2,0.71336993705429
85,x,13,4,-2,1.27464102669354
85,x,18,4,-4,1.01848720134284
85,x,29,6,-4,-0.757305393607514
85,y,6,2,-2,-3.59564539139701
85,y,7,3,1,0.261633059946934
85,y,8,3,-1,-0.603613957973093
85,y,9,4,0,1.17505068334372
85,y,10,3,3,-1.04601411466354
85,y,12,4,2,0.0302831816808156
85,y,13,4,-2,0.290537961977794
85,y,17,4,4,0.653289518543176
85,y,19,5,3,-0.666902700329509
85,y,21,6,2,0.811959390105559
85,y,22,6,-2,0.879323865873915
85,y,23,7,1,0.69779658939484
85,y,27,5,-5,-0.261772250567489
85,y,28,6,4,-0.255246935958901
85,y,40,7,-5,0.4145026519138
85,y,50,7,7,0.776837061794307
85,y,51,7,-7,0.201656922279398
86,x,1,0,0,0.934154511589741
86,x,5,2,2,2.08455055648103
86,x,7,3,1,0.398693388150635
86,x,8,3,-1,-1.28153114021406
86,x,9,4,0,0.058910888247862
86,x,14,5,1,-0.365774537561281
86,x,18,4,-4,-0.00919177372523683
86,x,21,6,2,0.788186314042038
86,x,24,7,-1,-0.73808727706499
86,x,28,6,4,0.337210075262386
86,x,29,6,-4,1.16239655748799
86,x,31,7,-3,0.607849409201895
86,x,37,6,6,-0.0319319746751602
86,y,1,0,0,-1.29448488245055
86,y,2,1,1,0.903398337333814
86,y,9,4,0,-0.750628314700384
86,y,12,4,2,0.00348206806600974
86,y,14,5,1,-0.22060819217644
86,y,15,5,-1,0.322815025758672
86,y,19,5,3,0.262886766793655
86,y,22,6,-2,-0.173567169297586
86,y,28,6,4,-0.464994671655
86,y,29,6,-4,0.3408994899674
86,y,30,7,3,0.41795437370225
86,y,39,7,5,0.590063756608451
86,y,51,7,-7,-0.729552379927093
87,x,3,1,-1,4.42224245375422
87,x,5,2,2,-2.228118682221
87,x,9,4,0,0.209603239579655
87,x,10,3,3,0.178657422076592
87,x,24,7,-1,0.582087598185165
87,x,27,5,-5,1.39758131860616
87,x,28,6,4,0.0372241124131405
87,x,30,7,3,-0.160930284396162
87,x,31,7,-3,-0.0522369002921525
87,x,38,6,-6,0.0252762820950413
87,x,51,7,-7,-0.555508801920583
87,y,6,2,-2,2.01528663987293
87,y,7,3,1,-0.586522519546825
87,y,9,4,0,-0.741971939181775
87,y,11,3,-3,-0.220111327090923
87,y,13,4,-2,-0.861220556266176
87,y,20,5,-3,-0.343916918592843
87,y,24,7,-1,0.607367306467115
87,y,28,6,4,0.691072050114755
87,y,50,7,7,0.334317243228878
87,y,51,7,-7,-0.57822876838175
88,x,1,0,0,-2.50374987745615
88,x,3,1,-1,-1.10668106489526
88,x,5,2,2,-0.83931921392115
88,x,9,4,0,0.569937653476728
88,x,10,3,3,-0.24927065157097
88,x,11,3,-3,-2.54939091446774
88,x,13,4,-2,-0.600747504896148
88,x,14,5,1,-0.670219657443473
88,x,18,4,-4,0.621489463208704
88,x,19,5,3,0.0472986457138242
88,x,20,5,-3,0.182080557720506
88,x,24,7,-1,0.0331296044615571
88,x,27,5,-5,-0.969929686784189
88,x,28,6,4,-0.781332255243619
88,x,30,7,3,-0.699685905645232
88,x,37,6,6,1.34788129314969
88,x,38,6,-6,0.441143469564521
88,x,50,7,7,0.199508203026335
88,x,51,7,-7,0.96906911368131
88,y,1,0,0,-5.8818093919421
88,y,3,1,-1,1.85931270598376
88,y,4,2,0,-1.40563242280805
88,y,7,3,1,-0.540466144644886
88,y,8,3,-1,-2.76465612642537
88,y,9,4,0,-0.0524100463633654
88,y,11,3,-3,0.670631546018137
88,y,12,4,2,0.467687437052346
88,y,13,4,-2,-0.411604889207066
88,y,16,6,0,0.089404268222045
88,y,18,4,-4,-0.319629036589046
88,y,19,5,3,-0.104623244739761
88,y,20,5,-3,1.0249140644821
88,y,22,6,-2,-0.554306154718058
88,y,26,5,5,0.739875861361097
88,y,28,6,4,-0.289120026344092
88,y,30,7,3,-0.28269617583439
88,y,31,7,-3,-0.228642255724173
89,x,1,0,0,6.22693925143925
89,x,2,1,1,0.244767927217219
89,x,7,3,1,-0.975924683426762
89,x,11,3,-3,0.0145510963137588
89,x,12,4,2,-0.522076818775827
89,x,15,5,-1,-0.0872147521947683
89,x,21,6,2,-0.0189397788525836
89,x,28,6,4,-0.365417988066313
89,x,38,6,-6,0.188754550704519
89,x,50,7,7,-0.163575009673892
89,y,6,2,-2,0.0876627960682775
89,y,10,3,3,-1.14201391119137
89,y,17,4,4,-1.99063983197211
89,y,18,4,-4,-1.10676113885138
89,y,22,6,-2,0.793770993860631
89,y,28,6,4,1.64898328472562
89,y,30,7,3,0.931426875862166
89,y,31,7,-3,0.0116008991019719
89,y,37,6,6,-0.266499362430237
89,y,38,6,-6,0.812573142906318
89,y,39,7,5,-0.176055073348345
89,y,40,7,-5,-0.912746303124137
90,x,2,1,1,-5.43303256195574
90,x,3,1,-1,-0.325300975984078
90,x,8,3,-1,-0.723680064190443
90,x,13,4,-2,-0.210859971933643
90,x,15,5,-1,0.0186707195105959
90,x,16,6,0,-0.644923674143953
90,x,17,4,4,-0.506667856993955
90,x,19,5,3,-0.614088538791673
90,x,20,5,-3,0.96567060044622
90,x,22,6,-2,-0.0533891571297336
90,x,24,7,-1,-0.433044342746565
90,x,26,5,5,-1.52166253270338
90,x,27,5,-5,0.275969374160945
90,x,28,6,4,0.21988559321793
90,x,29,6,-4,0.388307913724462
90,x,40,7,-5,-0.644506234913388
90,x,51,7,-7,0.517934617554916
90,y,1,0,0,3.4682536608131
90,y,7,3,1,-0.0264001180720348
90,y,17,4,4,-1.52137077432376
90,y,20,5,-3,0.369533074219358
90,y,22,6,-2,-0.734858014954216
90,y,24,7,-1,-0.00411247643983769
90,y,26,5,5,0.260464838690685
90,y,28,6,4,-0.102546733463092
90,y,30,7,3,-0.878581281305081
90,y,37,6,6,-0.915525377077129
90,y,38,6,-6,0.0775043453363586
91,x,6,2,-2,2.2191947856651
91,x,8,3,-1,0.564610640654434
91,x,9,4,0,0.571139312181696
91,x,14,5,1,-1.53035846240079
91,x,16,6,0,-0.931609690896791
91,x,17,4,4,1.54533512616842
91,x,18,4,-4,0.579462825054565
91,x,20,5,-3,-0.750739527285397
91,x,23,7,1,-0.0348869234564687
91,x,28,6,4,0.184140698821854
91,x,29,6,-4,-0.426452433729498
91,x,31,7,-3,-0.656614506129579
91,x,37,6,6,-0.386907212630398
91,x,40,7,-5,-0.439126643228456
91,x,50,7,7,-0.321547277987956
91,y,1,0,0,-2.70689553297454
91,y,2,1,1,1.95336378985527
91,y,3,1,-1,-5.79766595581967
91,y,14,5,1,-0.0636566315276682
91,y,19,5,3,-1.08463150943877
91,y,21,6,2,-0.689591304160749
91,y,24,7,-1,-0.543466715670998
91,y,26,5,5,-0.707736132390101
91,y,28,6,4,0.183712657607392
91,y,29,6,-4,0.686471531472845
91,y,40,7,-5,-0.332439675228074
92,x,1,0,0,3.66542706017551
92,x,4,2,0,0.959041048630787
92,x,5,2,2,3.10492386016237
92,x,10,3,3,0.983467565299375
92,x,13,4,-2,1.18142720548382
92,x,21,6,2,0.435789417434265
92,x,24,7,-1,0.0498888767464548
92,x,26,5,5,0.37598289717287
92,x,27,5,-5,0.38869749956669
92,x,28,6,4,-0.125276240769317
92,x,30,7,3,0.859975319570681
92,x,40,7,-5,-0.638481047901072
92,x,51,7,-7,0.191955455651237
92,y,1,0,0,-0.294096603613534
92,y,5,2,2,-2.18223492191308
92,y,18,4,-4,0.655510144910919
92,y,19,5,3,1.11121030790449
92,y,23,7,1,0.221332074845072
92,y,24,7,-1,0.841568888376626
92,y,26,5,5,0.0722452016230633
92,y,27,5,-5,-1.54111969504608
92,y,29,6,-4,0.164724483413773
92,y,39,7,5,-1.34297989531199
93,x,4,2,0,1.09273918871257
93,x,6,2,-2,-0.960474820943728
93,x,8,3,-1,-0.141475028551272
93,x,10,3,3,-1.35914586004991
93,x,13,4,-2,-0.890884080932964
93,x,14,5,1,0.307247000058963
93,x,16,6,0,0.799841480960929
93,x,18,4,-4,0.619705790160389
93,x,21,6,2,0.107505230001325
93,x,26,5,5,-0.275725734719679
93,x,27,5,-5,0.622872492270307
93,x,28,6,4,0.378711913606198
93,x,29,6,-4,-0.350129393425786
93,x,31,7,-3,-0.466693788454494
93,x,37,6,6,-0.043968638260406
93,x,40,7,-5,0.00762025848178147
93,x,50,7,7,0.0840115823848593
93,x,51,7,-7,-0.73452348526757
93,y,1,0,0,-2.77267981030929
93,y,2,1,1,2.81952141359839
93,y,5,2,2,-3.38083516209321
93,y,9,4,0,-0.504723366976171
93,y,11,3,-3,-1.15135901622573
93,y,14,5,1,0.776913945967069
93,y,15,5,-1,0.229863243395913
93,y,18,4,-4,-0.230520704960122
93,y,21,6,2,-0.181227689622935
93,y,22,6,-2,0.285478960352599
93,y,23,7,1,-0.011100286843141
93,y,26,5,5,1.11972503802688
93,y,28,6,4,-1.18388496340612
93,y,31,7,-3,0.123025109631967
93,y,37,6,6,-0.352267461702331
93,y,51,7,-7,0.874313164137583
94,x,1,0,0,0.259553913816949
94,x,9,4,0,-0.997658757686923
94,x,10,3,3,2.11734743092597
94,x,14,5,1,-0.269307234553036
94,x,15,5,-1,0.148947057177576
94,x,18,4,-4,-0.810047841946286
94,x,19,5,3,0.113098401153217
94,x,20,5,-3,-0.825423365252886
94,x,21,6,2,-0.118030678617752
94,x,22,6,-2,-1.01584135159196
94,x,30,7,3,-0.340711007314818
94,x,31,7,-3,-0.220360153244989
94,x,38,6,-6,-0.275742118915663
94,y,2,1,1,-1.98192822367018
94,y,3,1,-1,-0.365754297855898
94,y,8,3,-1,-1.58868474739328
94,y,11,3,-3,-0.50666556624234
94,y,12,4,2,-0.0896521812064917
94,y,15,5,-1,-0.141740467038626
94,y,16,6,0,0.000926807987815108
94,y,19,5,3,0.460397059828524
94,y,21,6,2,0.0804952272027617
94,y,22,6,-2,-0.355154440520424
94,y,23,7,1,0.335587133748408
94,y,24,7,-1,-0.211225874339012
94,y,26,5,5,-0.151101867152523
94,y,27,5,-5,-0.00361473784383156
94,y,29,6,-4,0.488145404522767
94,y,30,7,3,-0.274368226438407
94,y,38,6,-6,-1.06235090715961
94,y,39,7,5,-0.179989100466026
94,y,40,7,-5,-0.254405960767591
95,x,3,1,-1,-1.55860333362446
95,x,5,2,2,1.5265529178787
95,x,6,2,-2,1.30267071723007
95,x,7,3,1,-0.903678606534531
95,x,9,4,0,0.9111513742729
95,x,12,4,2,-0.492961052202759
95,x,13,4,-2,-0.207717894642343
95,x,16,6,0,0.308512014593824
95,x,23,7,1,-0.513399756976477
95,x,28,6,4,-0.0687828956455441
95,x,29,6,-4,0.0148953500063808
95,x,31,7,-3,-0.553506529010367
95,x,37,6,6,-0.178027837356658
95,x,38,6,-6,-0.297566483377583
95,x,39,7,5,-0.248396680784522
95,x,40,7,-5,-0.0764709694247719
95,x,50,7,7,-0.26154833855632
95,y,3,1,-1,-3.77680104842138
95,y,5,2,2,-1.8474833225634
95,y,6,2,-2,0.478387853591472
95,y,8,3,-1,1.19020426781847
95,y,9,4,0,0.564792923738981
95,y,14,5,1,-0.276468166069001
95,y,15,5,-1,0.398656677551865
95,y,18,4,-4,-0.581283593136526
95,y,19,5,3,0.914234972166629
95,y,20,5,-3,0.935045761350908
95,y,22,6,-2,-0.986523670142105
95,y,24,7,-1,-0.345096191775386
95,y,28,6,4,-0.364172294790347
95,y,31,7,-3,-0.275144672856589
95,y,37,6,6,-0.281217473769261
95,y,38,6,-6,-0.342986434642463
95,y,39,7,5,0.226922720810888
95,y,40,7,-5,-0.235156031906934
96,x,1,0,0,-0.53705425527875
96,x,11,3,-3,1.71711536155243
96,x,13,4,-2,-0.793167491202807
96,x,15,5,-1,1.21235282967122
96,x,16,6,0,-0.00254548225020704
96,x,19,5,3,-0.242755697318308
96,x,21,6,2,0.344803115923387
96,x,22,6,-2,0.025805045455062
96,x,27,5,-5,-1.27329917050272
96,x,28,6,4,0.812856902642009
96,x,39,7,5,-0.255337254302082
96,x,50,7,7,0.680377386929623
96,y,2,1,1,1.05178026663715
96,y,3,1,-1,2.45521222459987
96,y,7,3,1,-0.354035080367205
96,y,8,3,-1,-0.26526419784338
96,y,13,4,-2,-0.267722312698733
96,y,14,5,1,-0.6659582247572
96,y,15,5,-1,0.10850950213456
96,y,19,5,3,-0.143712355956029
96,y,20,5,-3,-0.493371033912982
96,y,21,6,2,-0.854951697860997
96,y,23,7,1,0.389788529431628
96,y,26,5,5,-0.666906154661492
96,y,27,5,-5,0.565491122366394
96,y,28,6,4,0.738170573150334
96,y,29,6,-4,-0.11089605439222
96,y,30,7,3,-0.116385268863686
96,y,40,7,-5,0.273551620747735
96,y,50,7,7,-0.203294568321211
97,x,2,1,1,0.949138099670337
97,x,4,2,0,0.38815910451523
97,x,8,3,-1,0.891786347676598
97,x,10,3,3,1.46552812514984
97,x,11,3,-3,-0.292283236309345
97,x,13,4,-2,-0.085692003523111
97,x,14,5,1,-0.482771415839765
97,x,17,4,4,0.194232719676217
97,x,21,6,2,-0.203186517864807
97,x,22,6,-2,-0.368532056176789
97,x,27,5,-5,-1.50742662185032
97,x,28,6,4,-0.240507846211174
97,x,30,7,3,-0.542012335868053
97,x,31,7,-3,0.559380808536814
97,x,37,6,6,-0.449740754135278
97,x,38,6,-6,0.567123280378537
97,x,39,7,5,0.0817565541182402
97,x,40,7,-5,0.888165523617035
97,x,50,7,7,-0.65580683539732
97,y,1,0,0,-0.123903686737917
97,y,2,1,1,5.7227805298781
97,y,4,2,0,-0.374175256865304
97,y,5,2,2,2.80329911218806
97,y,8,3,-1,-0.0921519204824314
97,y,13,4,-2,-0.685189871347323
97,y,15,5,-1,-0.101377934118328
97,y,17,4,4,0.313650531877241
97,y,18,4,-4,0.202547065052452
97,y,19,5,3,0.295732791951181
97,y,23,7,1,-0.0237000609040374
97,y,28,6,4,-0.101156967846588
97,y,29,6,-4,0.549433034546794
97,y,38,6,-6,0.170596034503327
97,y,39,7,5,0.310588096961819
97,y,40,7,-5,-0.531693886744498
97,y,50,7,7,0.318450027495338
98,x,1,0,0,-1.12894320434054
98,x,5,2,2,0.780489469740014
98,x,8,3,-1,-0.601946807039042
98,x,12,4,2,0.818128750748444
98,x,14,5,1,0.0734890836474863
98,x,19,5,3,0.126114190192925
98,x,22,6,-2,-0.0987224230900517
98,x,30,7,3,-0.445176186284757
98,x,37,6,6,0.100846187868855
98,x,39,7,5,-0.448273051172205
98,x,40,7,-5,-0.23766117115726
98,y,3,1,-1,-2.85645855855813
98,y,4,2,0,-1.03256814552794
98,y,5,2,2,0.25860161307762
98,y,8,3,-1,0.414546128341989
98,y,12,4,2,-1.29621454435824
98,y,14,5,1,-0.437413497730963
98,y,15,5,-1,-0.463654988181721
98,y,23,7,1,-0.200644094116073
98,y,26,5,5,-0.128391758354237
98,y,27,5,-5,-0.411260185593551
98,y,40,7,-5,-0.459722966586698
99,x,3,1,-1,1.94434007968523
99,x,7,3,1,0.0429511619710481
99,x,10,3,3,-0.399390847611516
99,x,11,3,-3,0.987317569983027
99,x,14,5,1,0.656291749016744
99,x,18,4,-4,0.503834439748488
99,x,19,5,3,0.712446885541909
99,x,21,6,2,0.465648622406295
99,x,27,5,-5,-1.14702395135457
99,x,28,6,4,0.772922356304574
99,x,29,6,-4,0.284142590472351
99,x,37,6,6,0.942964415803769
99,x,40,7,-5,-0.0855585032739325
99,y,1,0,0,-2.34614450419417
99,y,2,1,1,3.30195927703817
99,y,3,1,-1,-2.43901545111693
99,y,4,2,0,0.626852527194921
99,y,6,2,-2,0.718276964821341
99,y,8,3,-1,1.26703507895512
99,y,10,3,3,1.51963191897468
99,y,12,4,2,-0.203845199858929
99,y,13,4,-2,0.374623390830224
99,y,14,5,1,0.00472071010778293
99,y,15,5,-1,0.527951130855686
99,y,18,4,-4,-0.387251644782304
99,y,21,6,2,0.194467877843166
99,y,24,7,-1,-0.225566158473144
99,y,27,5,-5,0.0185286616216241
99,y,28,6,4,0.230008142012272
99,y,29,6,-4,0.138049137169252
99,y,30,7,3,0.166655816548618
99,y,37,6,6,0.187457559377076
99,y,38,6,-6,0.193183061088256
100,x,1,0,0,-0.914978616201384
100,x,3,1,-1,2.75038048736026
100,x,4,2,0,0.152293578055228
100,x,5,2,2,-0.0526084050033083
100,x,6,2,-2,2.22735241195002
100,x,7,3,1,0.46937506044861
100,x,9,4,0,-1.53472437215601
100,x,11,3,-3,0.171105081910811
100,x,15,5,-1,0.464312820414579
100,x,16,6,0,-0.147732189818443
100,x,17,4,4,-0.652231938504569
100,x,18,4,-4,-0.334459172815899
100,x,22,6,-2,-0.297592942029835
100,x,31,7,-3,0.0555400512845951
100,x,37,6,6,-0.957214924568748
100,x,38,6,-6,0.988900565376069
100,x,39,7,5,0.122483590957685
100,x,50,7,7,0.347207958052143
100,x,51,7,-7,0.105820305134567
100,y,2,1,1,-1.46087512547694
100,y,3,1,-1,3.88620537827906
100,y,4,2,0,3.61284589442712
100,y,5,2,2,0.289855961082452
100,y,6,2,-2,-0.289010241504212
100,y,10,3,3,2.04682986733686
100,y,14,5,1,0.178883184202268
100,y,18,4,-4,-0.676913563152827
100,y,27,5,-5,0.669739531120331
100,y,38,6,-6,-0.125113539893133
100,y,39,7,5,-0.638011998343648
100,y,51,7,-7,-0.724591253132936
101,x,1,0,0,-2.85147276106246
101,x,2,1,1,3.19401934264158
101,x,6,2,-2,0.0388900912019644
101,x,7,3,1,-1.65418006086747
101,x,8,3,-1,0.112762907226395
101,x,9,4,0,-0.033498246920003
101,x,10,3,3,0.274281056043375
101,x,11,3,-3,1.05927587240194
101,x,12,4,2,0.737676781739228
101,x,13,4,-2,0.492532156028822
101,x,15,5,-1,0.282972712741306
101,x,16,6,0,0.201898239687335
101,x,18,4,-4,1.38401486317641
101,x,22,6,-2,-0.407741865553867
101,x,24,7,-1,0.994140035746723
101,x,27,5,-5,0.571158342842631
101,x,30,7,3,0.479550056109162
101,x,39,7,5,0.198482375308747
101,y,1,0,0,0.142295148549479
101,y,3,1,-1,1.73795860393889
101,y,4,2,0,0.661360189107608
101,y,5,2,2,-0.686138132210701
101,y,7,3,1,-0.492847590207283
101,y,9,4,0,-0.0568687620892809
101,y,13,4,-2,-1.63682088976009
101,y,14,5,1,0.658740512839841
101,y,18,4,-4,-0.543563598051695
101,y,19,5,3,-1.08454518136693
101,y,20,5,-3,-0.63977866632272
101,y,24,7,-1,0.455078789186804
101,y,26,5,5,0.587168243419976
101,y,27,5,-5,-0.0616862854024502
101,y,31,7,-3,0.316981659338659
101,y,51,7,-7,0.952754976751379
102,x,4,2,0,1.60586489094261
102,x,8,3,-1,0.163018584516022
102,x,10,3,3,-0.9250886861457
102,x,11,3,-3,-1.39600758523428
102,x,13,4,-2,-0.961239225523581
102,x,14,5,1,0.274798859759581
102,x,15,5,-1,-1.12335739457477
102,x,18,4,-4,0.468172456478703
102,x,22,6,-2,-0.0612992434818585
102,x,26,5,5,-0.067477521904234
102,x,27,5,-5,0.449022330486719
102,x,29,6,-4,-0.507992140521826
102,x,30,7,3,-0.218269620786498
102,x,37,6,6,-0.0690112399362376
102,x,38,6,-6,0.593295836988782
102,x,50,7,7,1.19782295495458
102,y,1,0,0,-0.0344709460340829
102,y,2,1,1,-3.01474480199718
102,y,9,4,0,-0.687584433746992
102,y,12,4,2,0.932259810073697
102,y,16,6,0,-0.641679695771298
102,y,18,4,-4,-0.270532242660522
102,y,20,5,-3,-0.120557054418204
102,y,24,7,-1,0.121561602099536
102,y,26,5,5,0.376985948624697
102,y,27,5,-5,-0.271749322905438
102,y,28,6,4,0.365516060749489
102,y,29,6,-4,0.495046946110999
102,y,38,6,-6,0.441144935783543
102,y,39,7,5,0.672625476755262
102,y,50,7,7,0.389222305066638
103,x,3,1,-1,-3.03501613130174
103,x,4,2,0,-1.9310304466184
103,x,5,2,2,-1.19769390963134
103,x,7,3,1,-0.348071620761619
103,x,11,3,-3,-0.236570500625451
103,x,14,5,1,0.24404633678778
103,x,15,5,-1,0.412726330502799
103,x,17,4,4,0.34655895115539
103,x,20,5,-3,-0.0829920091645214
103,x,26,5,5,-0.611697319709169
103,x,29,6,-4,-0.698342641517268
103,x,37,6,6,0.157956610989249
103,x,38,6,-6,-0.40252535193293
103,y,1,0,0,7.95873902058355
103,y,9,4,0,0.791408657598263
103,y,10,3,3,-1.43215762430769
103,y,12,4,2,1.20533645002001
103,y,15,5,-1,0.0841668978430687
103,y,16,6,0,-0.173388183215077
103,y,18,4,-4,-1.53311887123237
103,y,19,5,3,-0.0467205523602974
103,y,26,5,5,0.694350740066382
103,y,27,5,-5,-0.184939600863562
103,y,30,7,3,0.248615760092496
103,y,31,7,-3,-0.102225098114848
103,y,37,6,6,-1.05817922331792
103,y,40,7,-5,-0.547937319286215
103,y,51,7,-7,-0.266425725290913
104,x,1,0,0,2.06684468428926
104,x,4,2,0,3.94346458458332
104,x,5,2,2,0.236198547826547
104,x,12,4,2,-0.154796313120815
104,x,14,5,1,-1.04224712503672
104,x,16,6,0,-0.300929432421823
104,x,21,6,2,-0.214330311999536
104,x,22,6,-2,-0.177391547179994
104,x,23,7,1,-0.0952389638701335
104,x,26,5,5,0.652191794204494
104,x,27,5,-5,-1.0739803026455
104,x,28,6,4,0.183435996260617
104,x,37,6,6,-0.366309642818703
104,x,38,6,-6,-0.00493881198525203
104,x,39,7,5,0.335313471975881
104,x,50,7,7,0.852261904805224
104,y,3,1,-1,4.86402355802639
104,y,4,2,0,-1.38712284672016
104,y,8,3,-1,1.70832679448162
104,y,11,3,-3,1.33078977369523
104,y,13,4,-2,1.14677262728197
104,y,14,5,1,-0.725412725125367
104,y,16,6,0,-0.000660666755034346
104,y,18,4,-4,0.0544177206677471
104,y,21,6,2,-0.138680460688394
104,y,27,5,-5,0.355468807202167
104,y,28,6,4,1.01643727713251
104,y,29,6,-4,0.701014903375158
104,y,31,7,-3,0.593119316212424
104,y,37,6,6,0.958431075024272
104,y,40,7,-5,0.721949815435111
104,y,50,7,7,0.551822466261871
105,x,2,1,1,0.967707790265396
105,x,5,2,2,2.03237080734829
105,x,6,2,-2,2.37757468260614
105,x,7,3,1,-0.11507027205972
105,x,8,3,-1,0.541041209838681
105,x,9,4,0,-0.984247183765528
105,x,19,5,3,0.409780042828095
105,x,20,5,-3,-0.248401221592987
105,x,23,7,1,-0.254237017848859
105,x,24,7,-1,0.460750781808525
105,x,26,5,5,-0.0777305473108353
105,x,28,6,4,0.0353653727110779
105,x,31,7,-3,0.602487012597944
105,x,37,6,6,-0.0534474644608786
105,x,38,6,-6,0.469780973609804
105,x,39,7,5,0.264444828749694
105,x,40,7,-5,0.0418664420855204
105,x,51,7,-7,0.255211238155187
105,y,1,0,0,1.02637103963104
105,y,3,1,-1,1.76825261456775
105,y,7,3,1,1.27872374826193
105,y,8,3,-1,0.278253049893765
105,y,10,3,3,-0.210453084932374
105,y,11,3,-3,-0.625690435705812
105,y,14,5,1,-0.581441866368758
105,y,15,5,-1,0.559043984283838
105,y,17,4,4,-0.841573510669438
105,y,18,4,-4,-0.289984344915106
105,y,19,5,3,-0.176052088456571
105,y,22,6,-2,-0.0879140961740662
105,y,24,7,-1,0.936741134657663
105,y,27,5,-5,0.136954775289385
105,y,31,7,-3,0.0887280255908316
105,y,39,7,5,0.38792528208444
105,y,50,7,7,-0.017005396766581
106,x,3,1,-1,-0.568926116934628
106,x,6,2,-2,2.1199366520539
106,x,16,6,0,0.386427817417398
106,x,17,4,4,-0.077707413160702
106,x,18,4,-4,0.846582990419289
106,x,19,5,3,-0.400471114495281
106,x,22,6,-2,-0.180091356138029
106,x,23,7,1,-0.915066277355295
106,x,24,7,-1,-0.181265706420714
106,x,27,5,-5,0.827892484482547
106,x,29,6,-4,-0.406613584844033
106,x,38,6,-6,0.107224570955176
106,x,40,7,-5,-0.0941277670250327
106,y,1,0,0,0.789197890838332
106,y,8,3,-1,-0.443613807228557
106,y,10,3,3,0.688022451548264
106,y,11,3,-3,-1.49269892177634
106,y,17,4,4,-0.0235766321962291
106,y,22,6,-2,-0.136024176514656
106,y,23,7,1,0.252239691568147
106,y,27,5,-5,-0.384192489836262
106,y,29,6,-4,0.287549988446183
106,y,30,7,3,-0.375789312594423
106,y,39,7,5,0.464694054323622
106,y,50,7,7,0.902991676299214
107,x,1,0,0,2.83435947331443
107,x,2,1,1,-4.7314794726954
107,x,6,2,-2,0.570252204734695
107,x,7,3,1,-1.19489102407203
107,x,8,3,-1,-0.502628730437949
107,x,14,5,1,-0.24436811234507
107,x,15,5,-1,-1.35489923082764
107,x,19,5,3,-0.7925439673266
107,x,26,5,5,-0.0734785338954992
107,x,28,6,4,-0.397526758673379
107,x,38,6,-6,0.189518716155918
107,x,39,7,5,-0.347911026123504
107,x,40,7,-5,-0.0656421546578563
107,y,3,1,-1,6.02348481457804
107,y,5,2,2,0.0447237416594477
107,y,6,2,-2,-1.26234382778432
107,y,7,3,1,-0.0287763908246453
107,y,11,3,-3,1.178504608493
107,y,13,4,-2,-0.225703374852874
107,y,15,5,-1,-1.06816025279658
107,y,18,4,-4,-0.565541417068233
107,y,24,7,-1,-0.282391716165313
107,y,28,6,4,-0.719153863835325
107,y,30,7,3,-0.952858126844895
107,y,37,6,6,0.0911883528480063
107,y,40,7,-5,0.474075508231207
108,x,2,1,1,-6.31791115864546
108,x,3,1,-1,1.95304087424884
108,x,5,2,2,1.60918914550208
108,x,7,3,1,-0.711035258461296
108,x,8,3,-1,0.130156510368828
108,x,13,4,-2,0.596234106399688
108,x,15,5,-1,-0.313945484891081
108,x,17,4,4,-0.157127290857501
108,x,18,4,-4,0.666141747296164
108,x,19,5,3,0.702514302455152
108,x,21,6,2,-0.228184987265872
108,x,22,6,-2,-0.852040245217863
108,x,23,7,1,0.1456745827466
108,x,24,7,-1,-0.826167479102095
108,x,27,5,-5,0.380625646432213
108,x,29,6,-4,-0.220580837791412
108,x,37,6,6,0.680384245976795
108,y,2,1,1,2.35377302942099
108,y,5,2,2,2.18906844573011
108,y,6,2,-2,2.32664770090687
108,y,7,3,1,0.706593951993112
108,y,8,3,-1,2.12742110903959
108,y,9,4,0,0.410562018958762
108,y,10,3,3,1.24192687174847
108,y,11,3,-3,-0.504208235841886
108,y,12,4,2,-0.0348977283956417
108,y,17,4,4,-1.09807212195817
108,y,28,6,4,0.662670184199789
108,y,30,7,3,-0.688420254384867
108,y,40,7,-5,-0.273231945442867
108,y,51,7,-7,-0.607057096874595
109,x,4,2,0,1.95564762365339
109,x,6,2,-2,1.41871910560883
109,x,7,3,1,-0.625428441316834
109,x,12,4,2,-1.30039855708943
109,x,18,4,-4,-0.414924451098672
109,x,19,5,3,1.00560148174632
109,x,20,5,-3,0.25257475094539
109,x,27,5,-5,0.126241418076821
109,x,38,6,-6,-0.568195454895691
109,x,39,7,5,-0.728065222782587
109,x,50,7,7,0.527978880692906
109,x,51,7,-7,-0.138456735945419
109,y,2,1,1,3.83014746443455
109,y,3,1,-1,0.99069711665977
109,y,6,2,-2,-1.27614616547502
109,y,7,3,1,-0.0243256874329472
109,y,10,3,3,-2.81878784031375
109,y,12,4,2,-0.913076271467323
109,y,13,4,-2,0.991329195033464
109,y,18,4,-4,0.193449972019888
109,y,20,5,-3,-0.604836656000769
109,y,27,5,-5,0.366535830837731
109,y,40,7,-5,-0.132610343538698
110,x,2,1,1,3.93996004783169
110,x,3,1,-1,-1.01054660592402
110,x,5,2,2,1.06497652249997
110,x,7,3,1,-0.640514646075592
110,x,12,4,2,0.694698670185326
110,x,15,5,-1,0.820630215409751
110,x,19,5,3,0.336721365464439
110,x,20,5,-3,-0.111570967394766
110,x,27,5,-5,0.498553000265174
110,x,28,6,4,0.104337520571036
110,x,29,6,-4,-0.0299826801119507
110,x,31,7,-3,0.53946657333485
110,x,37,6,6,-0.265847190405719
110,x,38,6,-6,0.194200646448241
110,x,39,7,5,0.318878122868466
110,x,50,7,7,-0.126327586234475
110,x,51,7,-7,-0.148236259114936
110,y,4,2,0,0.344227614439922
110,y,5,2,2,-1.18442069775253
110,y,7,3,1,-0.631805634628028
110,y,11,3,-3,2.34085858199984
110,y,15,5,-1,1.1174597121655
110,y,18,4,-4,0.406255109665366
110,y,21,6,2,-0.380455432538973
110,y,23,7,1,0.0511291201702702
110,y,24,7,-1,0.513466654788357
110,y,26,5,5,-0.0854677287205462
110,y,40,7,-5,-0.51293171515722
110,y,51,7,-7,0.10662913203844
111,x,1,0,0,-1.52720112873548
111,x,2,1,1,-2.9575259431889
111,x,4,2,0,-1.27802606362224
111,x,6,2,-2,-0.991259117435731
111,x,8,3,-1,0.164851897376066
111,x,9,4,0,0.289935250968254
111,x,11,3,-3,0.0807163301137112
111,x,17,4,4,-0.246634941051937
111,x,18,4,-4,0.156715223101527
111,x,19,5,3,-0.50213840384845
111,x,21,6,2,-0.854094211722244
111,x,28,6,4,-0.237742754898625
111,x,39,7,5,0.673934401263927
111,x,50,7,7,0.645448408133906
111,x,51,7,-7,-1.07350885945141
111,y,3,1,-1,2.4929011123726
111,y,9,4,0,1.33534682662803
111,y,10,3,3,0.848947250941562
111,y,11,3,-3,-0.0127010129349891
111,y,14,5,1,0.960876400265805
111,y,18,4,-4,-0.665836075649861
111,y,19,5,3,0.865178618103579
111,y,20,5,-3,0.315730461688165
111,y,21,6,2,0.389547747792347
111,y,23,7,1,0.388459593725289
111,y,24,7,-1,-0.00988386673004163
111,y,26,5,5,-1.13098691834416
111,y,28,6,4,0.628147986527688
111,y,29,6,-4,0.376136647367075
111,y,30,7,3,0.888418278239629
111,y,31,7,-3,1.50044865172608
111,y,40,7,-5,0.340918784521269
111,y,51,7,-7,-0.000379453171701203
112,x,6,2,-2,0.858444855303769
112,x,10,3,3,2.34813241640017
112,x,13,4,-2,-0.44361021035933
112,x,15,5,-1,-1.10453473822708
112,x,20,5,-3,0.297924540299111
112,x,22,6,-2,0.852779063070416
112,x,24,7,-1,0.547220713911487
112,x,30,7,3,-0.299279357246424
112,x,31,7,-3,-0.256412409345966
112,x,38,6,-6,0.0625866258565545
112,x,40,7,-5,-0.370847900698884
112,y,2,1,1,-2.03510251006431
112,y,9,4,0,-0.868249642254633
112,y,11,3,-3,0.697135135141473
112,y,12,4,2,0.896025549768289
112,y,13,4,-2,-1.08342696436614
112,y,16,6,0,0.0229507575235268
112,y,19,5,3,0.38615075943719
112,y,20,5,-3,0.224569132020406
112,y,22,6,-2,-0.0275843089496979
112,y,24,7,-1,0.00344134773600115
112,y,26,5,5,0.89740978491819
112,y,27,5,-5,-0.538859083539425
112,y,28,6,4,0.187404262345657
112,y,37,6,6,0.0281274433434023
112,y,51,7,-7,0.324719623624272
113,x,4,2,0,-1.19646976505171
113,x,6,2,-2,1.72620298437989
113,x,8,3,-1,-0.017760403421845
113,x,12,4,2,0.273099893813601
113,x,14,5,1,0.101196489642239
113,x,15,5,-1,0.67986412536927
113,x,17,4,4,-0.272706599338166
113,x,22,6,-2,-0.302788845664608
113,x,23,7,1,0.170977749195203
113,x,24,7,-1,0.655194081274651
113,x,27,5,-5,0.300335362171838
113,x,30,7,3,-0.26846791374775
113,x,31,7,-3,0.070598718446557
113,x,37,6,6,0.837241570794583
113,x,39,7,5,0.787385987943305
113,x,50,7,7,0.0251096592409751
113,x,51,7,-7,0.0675043883102295
113,y,2,1,1,-3.0349959103853
113,y,8,3,-1,-0.796727075706971
113,y,9,4,0,0.275232048109396
113,y,12,4,2,0.294756444471004
113,y,13,4,-2,1.78645476727048
113,y,18,4,-4,0.194767517276293
113,y,19,5,3,-0.594468979786053
113,y,20,5,-3,0.016417436521563
113,y,22,6,-2,-0.204651118022465
113,y,27,5,-5,-0.558121052428865
113,y,39,7,5,0.598654660675787
113,y,40,7,-5,0.506943735752183
113,y,51,7,-7,0.437807967836215
114,x,1,0,0,1.40692740428536
114,x,2,1,1,3.10700453396349
114,x,4,2,0,0.430113606250974
114,x,7,3,1,0.568888677103622
114,x,14,5,1,-0.353832794586831
114,x,15,5,-1,-0.140135237340748
114,x,18,4,-4,-0.238605621448053
114,x,19,5,3,0.043146915973842
114,x,20,5,-3,-0.482961819472538
114,x,21,6,2,0.596395229476954
114,x,22,6,-2,-0.889633661933829
114,x,23,7,1,0.413097131714839
114,x,26,5,5,0.324743856418184
114,x,29,6,-4,-0.738375293934783
114,x,37,6,6,0.075191565127513
114,x,38,6,-6,0.508216044731549
114,x,40,7,-5,-0.663752928235363
114,x,51,7,-7,-0.0811240473563206
114,y,1,0,0,4.81588322235058
114,y,5,2,2,0.708533339625222
114,y,6,2,-2,1.88222102689641
114,y,8,3,-1,1.40386173692037
114,y,11,3,-3,-0.554891147311876
114,y,12,4,2,-0.156012668057377
114,y,16,6,0,-0.355286139397781
114,y,17,4,4,0.491524042639759
114,y,19,5,3,-0.0126232873420466
114,y,21,6,2,0.374044319783988
114,y,22,6,-2,0.212163395602339
114,y,23,7,1,-0.706464008502432
114,y,24,7,-1,-0.0488039376162026
114,y,27,5,-5,0.124686069934903
114,y,29,6,-4,-0.368477055387769
114,y,30,7,3,0.0161517311375363
114,y,31,7,-3,0.274885905978949
114,y,39,7,5,-0.81490698472871
114,y,50,7,7,-0.274289860535612
114,y,51,7,-7,-0.887621748032427
115,x,2,1,1,1.12301107576424
115,x,3,1,-1,0.281204192579061
115,x,5,2,2,-1.02175124379857
115,x,6,2,-2,-0.532996591947671
115,x,7,3,1,-0.965652156777169
115,x,8,3,-1,2.04991479343486
115,x,9,4,0,-0.417575310800753
115,x,10,3,3,0.216797825675745
115,x,11,3,-3,-0.895955931789526
115,x,13,4,-2,1.04720394031941
115,x,17,4,4,1.22899423306018
115,x,23,7,1,0.581914574801889
115,x,31,7,-3,-0.329613379887299
115,x,38,6,-6,0.368695769620501
115,x,40,7,-5,-0.226000717353634
115,y,1,0,0,0.420067349459639
115,y,10,3,3,1.53638775306579
115,y,12,4,2,-1.38832487636711
115,y,13,4,-2,0.337285849763887
115,y,14,5,1,-2.12249790066627
115,y,18,4,-4,-0.686232210409058
115,y,21,6,2,-0.260018340527286
115,y,30,7,3,0.638699805675181
115,y,31,7,-3,-0.507981908850412
115,y,37,6,6,0.250476472473244
115,y,38,6,-6,-0.124951209869016
115,y,51,7,-7,-0.287185296341637
116,x,4,2,0,0.84596770734963
116,x,7,3,1,-1.6488190580547
116,x,9,4,0,-0.755048431451879
116,x,11,3,-3,-0.329465324449307
116,x,12,4,2,0.497565354713455
116,x,14,5,1,-0.110149029266823
116,x,16,6,0,0.445682934027382
116,x,18,4,-4,-0.981441810122242
116,x,20,5,-3,-0.104940900859581
116,x,24,7,-1,-0.885791381734537
116,x,29,6,-4,-0.571920488532041
116,x,38,6,-6,0.585208835121556
116,x,39,7,5,-0.715920552584496
116,x,50,7,7,-0.567364469799466
116,y,2,1,1,-0.760856928907375
116,y,3,1,-1,-3.39767570556893
116,y,5,2,2,1.11451327349008
116,y,9,4,0,-0.657793820069488
116,y,10,3,3,1.48789618595637
116,y,11,3,-3,0.838204270746613
116,y,13,4,-2,-0.618801349653691
116,y,15,5,-1,0.463853351125208
116,y,16,6,0,-1.12758144456723
116,y,19,5,3,0.56635920847019
116,y,22,6,-2,0.338042677808835
116,y,24,7,-1,-0.694604000394858
116,y,26,5,5,0.281105933288845
116,y,28,6,4,0.124486713918194
116,y,29,6,-4,1.23489537057725
116,y,31,7,-3,0.848826420132582
116,y,37,6,6,-0.244578447862502
116,y,39,7,5,0.585187149069941
116,y,40,7,-5,-0.0424500637472337
116,y,50,7,7,0.232290562170638
117,x,1,0,0,1.08880174111942
117,x,2,1,1,3.21821087083104
117,x,3,1,-1,-2.69464535334247
117,x,4,2,0,-0.736320745057522
117,x,6,2,-2,2.66588887911341
117,x,7,3,1,0.172268869931016
117,x,8,3,-1,-1.14193485426983
117,x,11,3,-3,-1.48773934125737
117,x,17,4,4,-0.191882968967993
117,x,18,4,-4,0.704367430562936
117,x,19,5,3,0.257427742315366
117,x,22,6,-2,-0.112213042966018
117,x,23,7,1,-0.364805637603957
117,x,26,5,5,-0.472137556524925
117,x,28,6,4,-0.319564020992313
117,x,37,6,6,0.299831457700104
117,x,38,6,-6,-0.327399173226197
117,x,50,7,7,0.447919411015272
117,x,51,7,-7,-0.438625064796512
117,y,2,1,1,0.243991887545356
117,y,6,2,-2,-1.20935604606641
117,y,10,3,3,-0.417117936418642
117,y,11,3,-3,-1.35277808087757
117,y,12,4,2,2.33863722955509
117,y,18,4,-4,-0.039515034480503
117,y,20,5,-3,-0.23356995328558
117,y,26,5,5,-0.490450310085579
117,y,28,6,4,-0.991801864286548
117,y,29,6,-4,0.45467530680636
117,y,37,6,6,-0.453096521819602
117,y,51,7,-7,-0.0350630848274349
118,x,3,1,-1,6.54056840048469
118,x,5,2,2,-0.924794773897266
118,x,8,3,-1,-0.66848354909982
118,x,11,3,-3,-0.457905432503119
118,x,12,4,2,-0.518503261717353
118,x,20,5,-3,-0.81579904590306
118,x,26,5,5,0.372136514612184
118,x,27,5,-5,0.180620336158158
118,x,29,6,-4,-0.966268810677824
118,x,39,7,5,0.796817724313619
118,x,40,7,-5,-0.375782606311814
118,y,2,1,1,-2.21231658180884
118,y,4,2,0,0.999291490203353
118,y,5,2,2,-1.77749134126965
118,y,6,2,-2,-0.633164853118365
118,y,11,3,-3,-0.128994602788405
118,y,12,4,2,0.316107236950492
118,y,13,4,-2,0.0644570901272445
118,y,14,5,1,-0.026799077551392
118,y,16,6,0,0.442653395557514
118,y,22,6,-2,-0.602702862704004
118,y,27,5,-5,0.346603478382075
118,y,28,6,4,-1.09018469620638
118,y,30,7,3,-0.486907654875482
118,y,38,6,-6,0.473533531339487
118,y,51,7,-7,0.791701825560325
119,x,2,1,1,3.6256598677847
119,x,10,3,3,-0.00554897197944939
119,x,11,3,-3,1.77567545764202
119,x,13,4,-2,0.779538024327437
119,x,14,5,1,-0.271370914042202
119,x,20,5,-3,0.925298663797602
119,x,22,6,-2,-0.047239529967532
119,x,23,7,1,-0.630781020727289
119,x,28,6,4,0.0673259983104557
119,x,39,7,5,-0.450359562338478
119,x,40,7,-5,0.0769888970846167
119,x,50,7,7,-0.0535524091240167
119,y,3,1,-1,-1.59671900938431
119,y,6,2,-2,0.823742862757777
119,y,7,3,1,0.697788237691626
119,y,8,3,-1,0.896715341969159
119,y,10,3,3,0.704463370296982
119,y,11,3,-3,0.318049041568583
119,y,12,4,2,-0.342948213840497
119,y,20,5,-3,0.513867332088831
119,y,21,6,2,0.235549835315186
119,y,22,6,-2,-0.337055850271423
119,y,40,7,-5,-0.394078536274325
120,x,3,1,-1,-1.64356811129526
120,x,5,2,2,0.779401965882654
120,x,6,2,-2,1.63036279026603
120,x,8,3,-1,0.389789124679702
120,x,11,3,-3,-0.0835058636798801
120,x,13,4,-2,0.459027717827188
120,x,14,5,1,-0.288814196990091
120,x,19,5,3,0.922321691147445
120,x,26,5,5,-0.217904967794445
120,x,38,6,-6,0.131110365242541
120,y,2,1,1,5.37999877526682
120,y,6,2,-2,0.596299526271227
120,y,11,3,-3,-1.5191850387604
120,y,13,4,-2,-0.629501265158676
120,y,16,6,0,-0.404475292414737
120,y,17,4,4,-0.0429809851330744
120,y,18,4,-4,-1.22804878746013
120,y,19,5,3,-0.601151644277102
120,y,21,6,2,0.74046614183909
120,y,22,6,-2,0.531746830981677
120,y,23,7,1,-0.498267601556418
120,y,27,5,-5,0.674054611114107
120,y,28,6,4,-0.588561833890332
120,y,29,6,-4,0.670244937359425
120,y,31,7,-3,-0.439861494456047
120,y,37,6,6,0.148405100335467
120,y,38,6,-6,0.387123812344671
120,y,39,7,5,0.0182428690262526
120,y,50,7,7,-0.507394066878805
120,y,51,7,-7,0.47273744129013
121,x,2,1,1,-2.54763362520788
121,x,3,1,-1,-2.01284111854197
121,x,5,2,2,-0.187680122623806
121,x,6,2,-2,-1.60902581869936
121,x,10,3,3,2.1714370775618
121,x,12,4,2,-0.0503100682107302
121,x,15,5,-1,-0.156000138334056
121,x,17,4,4,-0.139483084619433
121,x,30,7,3,0.0911465679033891
121,x,37,6,6,-0.92888934585382
121,x,38,6,-6,0.192585363347012
121,x,39,7,5,-0.0399374748154853
121,x,40,7,-5,-0.0122550767410882
121,x,50,7,7,-0.185983412700948
121,x,51,7,-7,0.445157472780261
121,y,2,1,1,-2.57193874819474
121,y,4,2,0,0.839087686090213
121,y,5,2,2,-1.65665597446577
121,y,6,2,-2,-0.735740607220418
121,y,7,3,1,1.64452414769838
121,y,8,3,-1,-1.76040645129877
121,y,12,4,2,-0.791297978677634
121,y,14,5,1,-0.558982014670477
121,y,15,5,-1,0.0631480106397344
121,y,16,6,0,-0.13168715857939
121,y,17,4,4,-0.351671215422931
121,y,18,4,-4,-0.618383520766947
121,y,31,7,-3,-0.110750579914674
121,y,37,6,6,0.172274939022811
121,y,40,7,-5,0.407772872721632
122,x,2,1,1,-8.51984614895813
122,x,4,2,0,0.848249862710774
122,x,5,2,2,-2.69646789261504
122,x,6,2,-2,-1.24467005279124
122,x,10,3,3,-0.438772572097869
122,x,11,3,-3,-0.898874485305473
122,x,13,4,-2,-0.020231438694008
122,x,16,6,0,1.32372033345004
122,x,17,4,4,0.558072866729897
122,x,22,6,-2,-0.0953203105033553
122,x,24,7,-1,0.0364857906740712
122,x,27,5,-5,-1.40463680937051
122,x,28,6,4,0.427791423868243
122,x,30,7,3,-0.289253908743552
122,x,37,6,6,0.46541958652842
122,x,38,6,-6,-0.595635362088046
122,x,39,7,5,-0.533824696397618
122,y,1,0,0,2.18660601786154
122,y,2,1,1,-0.934703576429522
122,y,4,2,0,-1.68881647688292
122,y,7,3,1,0.254905301412237
122,y,11,3,-3,0.229588762258728
122,y,15,5,-1,-0.988000662740758
122,y,17,4,4,0.874790980358665
122,y,20,5,-3,-0.473931591759629
122,y,21,6,2,-0.681128097145479
122,y,38,6,-6,0.830305672726299
122,y,50,7,7,-0.513543948177079
122,y,51,7,-7,0.219659491285342
123,x,1,0,0,3.32689629288619
123,x,5,2,2,2.353070280397
123,x,6,2,-2,0.233168691721176
123,x,7,3,1,-0.232170748113752
123,x,10,3,3,-0.111779347159915
123,x,11,3,-3,1.73993950345994
123,x,14,5,1,0.350829647463574
123,x,19,5,3,-0.680621924939523
123,x,23,7,1,-0.0101873842200019
123,x,26,5,5,-0.38993627706288
123,x,37,6,6,-0.215861756931794
123,x,50,7,7,0.477996705623103
123,y,2,1,1,-3.19227303518589
123,y,4,2,0,-1.14274472133926
123,y,5,2,2,0.11493532146432
123,y,6,2,-2,-1.62730780476653
123,y,7,3,1,-1.16268463723886
123,y,9,4,0,0.847090623479877
123,y,11,3,-3,0.133077291045534
123,y,12,4,2,-1.87250168407574
123,y,14,5,1,0.501151938036002
123,y,18,4,-4,1.05558608915415
123,y,19,5,3,-0.511989879855913
123,y,21,6,2,0.38836838069332
123,y,23,7,1,-0.133295879408998
123,y,26,5,5,0.438979029344699
123,y,31,7,-3,-0.080315096418212
123,y,37,6,6,-0.0693606165517655
123,y,50,7,7,0.375757707243846
124,x,1,0,0,2.00891394549396
124,x,4,2,0,1.58906929050551
124,x,8,3,-1,0.403793328161328
124,x,9,4,0,1.55485883767051
124,x,15,5,-1,0.292779744351449
124,x,16,6,0,0.285218454598393
124,x,23,7,1,0.571506689549755
124,x,24,7,-1,-0.837878373916796
124,x,28,6,4,0.458165528746155
124,x,30,7,3,-0.116863939631253
124,x,37,6,6,-0.124407387896278
124,x,38,6,-6,0.434096603554929
124,x,39,7,5,-0.0682574408981889
124,x,40,7,-5,-0.0911304579200687
124,x,50,7,7,0.136959308638633
124,x,51,7,-7,-0.292200782645254
124,y,1,0,0,-3.04579234853145
124,y,6,2,-2,-0.772762855294442
124,y,7,3,1,0.282435900597198
124,y,8,3,-1,0.226419980639802
124,y,15,5,-1,-0.371220211707259
124,y,17,4,4,0.744823443720248
124,y,24,7,-1,-0.0980985281541998
124,y,28,6,4,0.797701977664291
124,y,29,6,-4,0.244223854809917
124,y,40,7,-5,-0.655242587159255
124,y,51,7,-7,0.325331326446713
125,x,10,3,3,0.866535819711905
125,x,11,3,-3,1.03588666797132
125,x,17,4,4,0.808247051798707
125,x,22,6,-2,1.05691874697728
125,x,24,7,-1,-1.06199084136514
125,x,26,5,5,-1.000856663052
125,x,28,6,4,-1.53328488457556
125,x,38,6,-6,0.641998594582977
125,x,39,7,5,1.38323998066708
125,x,40,7,-5,-1.80349553286789
125,x,51,7,-7,1.42259265238629
125,y,2,1,1,2.5048831812672
125,y,10,3,3,-0.626442214749704
125,y,11,3,-3,-1.45060254348633
125,y,13,4,-2,0.330514726081227
125,y,14,5,1,0.0787549425267189
125,y,15,5,-1,-0.190497143811489
125,y,16,6,0,-0.446696561675035
125,y,17,4,4,-0.552494561486571
125,y,18,4,-4,-0.0320616835031155
125,y,19,5,3,-0.247538195981025
125,y,23,7,1,0.340780285481127
125,y,24,7,-1,0.401980852355296
125,y,26,5,5,0.377114185221223
125,y,28,6,4,-0.397741515949761
125,y,37,6,6,-0.267058374153896
125,y,50,7,7,0.642557729415677
126,x,1,0,0,-0.360408671127311
126,x,2,1,1,-2.84765694079808
126,x,4,2,0,-1.73276535077979
126,x,5,2,2,1.01607444236516
126,x,7,3,1,-0.67047563217141
126,x,10,3,3,-0.465205410477263
126,x,14,5,1,0.448091237525935
126,x,15,5,-1,-0.149297834909534
126,x,19,5,3,0.0585993696617024
126,x,20,5,-3,-0.0282659415567922
126,x,27,5,-5,0.936046450013133
126,x,28,6,4,0.44785753478453
126,x,29,6,-4,-0.0859751635067752
126,x,37,6,6,0.253396271979274
126,x,38,6,-6,-0.0431082399279782
126,x,40,7,-5,0.152248502864655
126,x,50,7,7,0.272881846478381
126,x,51,7,-7,0.11600767233627
126,y,1,0,0,2.19540411803634
126,y,2,1,1,-2.20839487469312
126,y,5,2,2,-1.06712942835581
126,y,6,2,-2,-0.587298283719569
126,y,7,3,1,0.610725712339923
126,y,10,3,3,0.357258456998319
126,y,11,3,-3,-0.527212222611653
126,y,14,5,1,-0.497824489896293
126,y,15,5,-1,0.645571852807741
126,y,16,6,0,0.0717884315391052
126,y,18,4,-4,-1.00663902566877
126,y,19,5,3,-0.125980470879927
126,y,21,6,2,-1.38917330470309
126,y,23,7,1,1.05544965073093
126,y,26,5,5,-1.428846887451
126,y,28,6,4,-0.130769241238208
126,y,30,7,3,0.850280689953599
126,y,31,7,-3,-0.163176076620566
126,y,39,7,5,-0.0327850329095776
127,x,1,0,0,-0.393119075171934
127,x,3,1,-1,1.30531178340144
127,x,5,2,2,0.994100900436501
127,x,8,3,-1,-0.380664437584952
127,x,9,4,0,-0.687607259415381
127,x,10,3,3,-1.14307130450139
127,x,14,5,1,0.125819181415441
127,x,15,5,-1,-0.886277081692927
127,x,18,4,-4,0.333594393793344
127,x,23,7,1,0.384067447771156
127,x,24,7,-1,0.0717496712358272
127,x,26,5,5,0.0467781007491556
127,x,29,6,-4,0.277115916505383
127,x,30,7,3,-0.152022833730193
127,x,31,7,-3,-0.376245545097502
127,x,37,6,6,-0.255824217166585
127,x,38,6,-6,-0.459630971026551
127,x,40,7,-5,0.174802972011144
127,x,50,7,7,-0.0202669750199157
127,y,1,0,0,-3.93039087651978
127,y,2,1,1,-1.77852593469479
127,y,3,1,-1,0.215299148506354
127,y,4,2,0,0.251340031253692
127,y,5,2,2,0.714095132425263
127,y,6,2,-2,1.36083515273037
127,y,8,3,-1,-0.921445627287988
127,y,9,4,0,-0.521252964106117
127,y,13,4,-2,-0.455635984782902
127,y,14,5,1,0.490926031547185
127,y,18,4,-4,-2.02474621597762
127,y,21,6,2,0.0722851248736935
127,y,22,6,-2,0.210501685459136
127,y,26,5,5,0.42374720317899
127,y,27,5,-5,0.264602151983022
127,y,38,6,-6,-0.0319927854182972
128,x,1,0,0,-1.37298806903743
128,x,2,1,1,-0.517450093634361
128,x,4,2,0,-1.45015011617191
128,x,5,2,2,0.378519860792926
128,x,10,3,3,-1.26838625765428
128,x,11,3,-3,-0.934532388318271
128,x,13,4,-2,0.0266762628505599
128,x,14,5,1,-1.03003668351457
128,x,16,6,0,0.0858191874185543
128,x,17,4,4,-1.37919420471865
128,x,19,5,3,0.528826179392853
128,x,20,5,-3,-0.842940978227939
128,x,21,6,2,0.628666415028923
128,x,24,7,-1,0.310165010861761
128,x,26,5,5,1.39380785670451
128,x,27,5,-5,-0.589521263575799
128,x,31,7,-3,0.23243203875107
128,x,39,7,5,0.00631939357632602
128,x,40,7,-5,0.347229766025793
128,y,4,2,0,-0.549874234919622
128,y,5,2,2,-0.768326391733076
128,y,6,2,-2,1.4290950319203
128,y,7,3,1,-0.363635884638174
128,y,9,4,0,-0.701967466507087
128,y,10,3,3,1.05716253875577
128,y,11,3,-3,-1.43174423618195
128,y,15,5,-1,0.225955671286481
128,y,16,6,0,-0.126098513719429
128,y,18,4,-4,0.307752090023775
128,y,20,5,-3,-0.204644734916711
128,y,28,6,4,-0.0654183107618295
128,y,29,6,-4,-0.128275079481078
128,y,31,7,-3,0.073825055603141
128,y,38,6,-6,-0.270855208897387
128,y,51,7,-7,-0.185170500911351
129,x,3,1,-1,1.31048284490434
129,x,5,2,2,-0.873232370477323
129,x,6,2,-2,-0.465994584251823
129,x,9,4,0,1.38174022402105
129,x,11,3,-3,-0.495252357996851
129,x,12,4,2,-0.0993415233372547
129,x,13,4,-2,0.0820597271878892
129,x,19,5,3,-0.23788011259716
129,x,20,5,-3,0.50635786056007
129,x,21,6,2,0.559215628966339
129,x,24,7,-1,0.0444973941870066
129,x,26,5,5,-0.615701212094605
129,x,28,6,4,-0.419038772951202
129,x,31,7,-3,0.706630754490647
129,x,37,6,6,0.0716089963069364
129,x,38,6,-6,0.257158883426983
129,x,51,7,-7,-0.18267206230322
129,y,4,2,0,1.40636690184399
129,y,6,2,-2,1.82059936905306
129,y,7,3,1,0.372648708422378
129,y,9,4,0,0.319849190652993
129,y,11,3,-3,0.937136811012117
129,y,16,6,0,-0.207283610791294
129,y,17,4,4,0.179727691740757
129,y,20,5,-3,-0.417195791066647
129,y,22,6,-2,1.07147141435176
129,y,24,7,-1,0.157315310384849
129,y,27,5,-5,-0.535977747658875
129,y,29,6,-4,-0.024029425102017
129,y,30,7,3,-0.121467948381044
129,y,31,7,-3,-0.243458263944867
129,y,38,6,-6,-0.106154492752438
129,y,40,7,-5,-0.422450215917065
129,y,51,7,-7,-0.235703970152171
130,x,4,2,0,0.880656967825791
130,x,6,2,-2,2.77572814309071
130,x,7,3,1,0.0697477433412375
130,x,8,3,-1,-2.18103212260802
130,x,12,4,2,-0.469124597287639
130,x,15,5,-1,0.34657016764887
130,x,16,6,0,-0.212476099850775
130,x,17,4,4,-0.716080848719661
130,x,18,4,-4,0.423241412665236
130,x,20,5,-3,0.11690048406522
130,x,22,6,-2,-0.933681565880565
130,x,29,6,-4,-0.47988197082425
130,x,38,6,-6,-1.06903330023201
130,y,5,2,2,-0.220197222936796
130,y,7,3,1,0.301568405934503
130,y,8,3,-1,-0.947510395084502
130,y,11,3,-3,-2.18766609793637
130,y,14,5,1,0.24081041981379
130,y,15,5,-1,0.0650530987937687
130,y,17,4,4,1.00144360548114
130,y,18,4,-4,0.453186113577178
130,y,19,5,3,0.573521368048556
130,y,28,6,4,0.180737996792141
130,y,31,7,-3,-0.480081579634404
130,y,39,7,5,-1.36544522030992
130,y,51,7,-7,0.677310038503809
131,x,1,0,0,-1.44727309291413
131,x,5,2,2,1.87918522668148
131,x,6,2,-2,-2.28635039212286
131,x,15,5,-1,-1.01884570320424
131,x,17,4,4,-0.190005505231177
131,x,18,4,-4,0.231652226664869
131,x,19,5,3,0.340555885998333
131,x,23,7,1,0.596546626528652
131,x,26,5,5,-0.682525971017311
131,x,27,5,-5,-0.0762670633779646
131,x,38,6,-6,-0.474184023363583
131,x,39,7,5,-0.16153303767397
131,x,50,7,7,0.180278828754211
131,y,5,2,2,2.68717063348545
131,y,7,3,1,-1.41331722678338
131,y,9,4,0,0.93051611514022
131,y,13,4,-2,-0.861775666583235
131,y,15,5,-1,0.518126851058587
131,y,16,6,0,-0.0782964865636717
131,y,19,5,3,-0.199359121781851
131,y,20,5,-3,-0.129959565994348
131,y,22,6,-2,-0.0406620994162693
131,y,23,7,1,0.238088111042318
131,y,24,7,-1,0.00944579790046638
131,y,26,5,5,-0.464570924991946
131,y,27,5,-5,0.266509234212531
131,y,28,6,4,0.36659749297162
131,y,29,6,-4,0.469054377078977
131,y,30,7,3,0.173404433090923
131,y,37,6,6,-0.294365632213769
131,y,40,7,-5,-0.0360846678117984
132,x,1,0,0,3.78428140895686
132,x,3,1,-1,-3.80101248718906
132,x,5,2,2,2.61426954502223
132,x,6,2,-2,-2.09808561608798
132,x,7,3,1,0.828532099303626
132,x,11,3,-3,-0.214864642550326
132,x,12,4,2,-0.873477227005406
132,x,14,5,1,-0.032983737203253
132,x,16,6,0,-0.198136181652324
132,x,21,6,2,-0.19439590523532
132,x,22,6,-2,0.752693104436187
132,x,26,5,5,-1.42167563870105
132,x,28,6,4,-0.200979210752175
132,x,29,6,-4,0.475951826253735
132,x,30,7,3,0.149118047296945
132,x,31,7,-3,-0.679116783421113
132,x,37,6,6,0.0514634550995965
132,x,40,7,-5,-0.259160933468331
132,x,51,7,-7,0.811015105374987
132,y,1,0,0,1.37253661553639
132,y,5,2,2,-2.07234022143148
132,y,7,3,1,-0.87575279503162
132,y,9,4,0,0.713124774640664
132,y,10,3,3,0.0180196094989929
132,y,11,3,-3,0.106288059892095
132,y,13,4,-2,0.6557398675887
132,y,14,5,1,0.162607819776303
132,y,18,4,-4,-0.163040801623272
132,y,19,5,3,0.432575544548831
132,y,20,5,-3,-0.881235203786746
132,y,37,6,6,-0.286998090938307
133,x,1,0,0,-5.28472253908737
133,x,3,1,-1,4.57625067084542
133,x,4,2,0,-1.71344721515432
133,x,5,2,2,0.258674002451834
133,x,10,3,3,0.123254296513123
133,x,20,5,-3,0.580239358562518
133,x,22,6,-2,-0.788212047666203
133,x,28,6,4,0.0638135385575406
133,x,31,7,-3,0.351875177434189
133,x,39,7,5,0.56117084784037
133,x,40,7,-5,-0.0187617383966972
133,x,50,7,7,0.0371474113798656
133,x,51,7,-7,0.189831755054959
133,y,8,3,-1,-0.392388329727122
133,y,9,4,0,-0.412736603603772
133,y,11,3,-3,0.78162929640071
133,y,14,5,1,-2.45577402832471
133,y,16,6,0,-1.18266797418682
133,y,17,4,4,0.475956293003333
133,y,18,4,-4,-0.479476859732815
133,y,19,5,3,-0.422120707365625
133,y,24,7,-1,1.01539795279935
133,y,31,7,-3,0.36689630834913
133,y,40,7,-5,-1.20399770369206
134,x,2,1,1,-3.03182480350002
134,x,4,2,0,-0.892134910053416
134,x,5,2,2,1.07176219936967
134,x,8,3,-1,1.52189692439931
134,x,10,3,3,-0.0195697899618546
134,x,11,3,-3,0.966821075456456
134,x,17,4,4,-0.491034124058428
134,x,20,5,-3,-0.870770988924908
134,x,21,6,2,-0.857641775432157
134,x,23,7,1,0.699785374218108
134,x,24,7,-1,-0.0328775858145142
134,x,28,6,4,-0.408362794388758
134,x,37,6,6,1.27084413805264
134,x,38,6,-6,0.0108500705802149
134,y,3,1,-1,-0.755502995145319
134,y,6,2,-2,2.01357682039448
134,y,8,3,-1,-0.17746427826559
134,y,11,3,-3,0.31595090353749
134,y,14,5,1,0.331316091839491
134,y,15,5,-1,0.0563893871885476
134,y,16,6,0,0.165522517393067
134,y,23,7,1,0.458509978252843
134,y,26,5,5,-0.842085209750415
134,y,27,5,-5,-0.276200105896808
134,y,29,6,-4,0.953818014054903
134,y,30,7,3,1.27726145950959
134,y,38,6,-6,0.431759403745083
134,y,50,7,7,-0.475598052586874
134,y,51,7,-7,-0.619796387975004
135,x,2,1,1,2.13898812535536
135,x,6,2,-2,-0.123142519280205
135,x,9,4,0,0.357040451225096
135,x,11,3,-3,-2.35796858667008
135,x,13,4,-2,0.0116486218944009
135,x,15,5,-1,1.21751889904898
135,x,16,6,0,-0.330865634058983
135,x,18,4,-4,-0.307086022391486
135,x,20,5,-3,0.39330538035222
135,x,22,6,-2,-0.517533561421263
135,x,23,7,1,-0.791383972034188
135,x,24,7,-1,-0.265227029009719
135,x,27,5,-5,0.0890729125034897
135,x,28,6,4,-0.122188391490284
135,x,31,7,-3,-0.585620695444038
135,x,38,6,-6,0.189114304573677
135,x,51,7,-7,0.0470029236317452
135,y,1,0,0,5.08507002761779
135,y,2,1,1,-0.166765973471394
135,y,5,2,2,0.77270723631729
135,y,8,3,-1,-0.236574637436757
135,y,9,4,0,-0.259498161237231
135,y,11,3,-3,2.60846138969972
135,y,12,4,2,1.03299599385618
135,y,13,4,-2,0.568184797012572
135,y,14,5,1,0.069841034224389
135,y,15,5,-1,0.582510866833697
135,y,16,6,0,-0.201920420900729
135,y,19,5,3,-0.0900835902179114
135,y,22,6,-2,-0.509454716021657
135,y,26,5,5,0.399378958732538
135,y,27,5,-5,-0.0832249578936075
135,y,29,6,-4,-0.699864055349049
135,y,40,7,-5,0.0996118912682019
135,y,51,7,-7,-0.62176938271571
136,x,2,1,1,-3.32334286988591
136,x,4,2,0,1.11688658910858
136,x,5,2,2,-0.439835387433655
136,x,6,2,-2,-0.649709231355306
136,x,9,4,0,0.234209035648964
136,x,10,3,3,-0.989298317721001
136,x,11,3,-3,-0.0129719904097289
136,x,15,5,-1,0.219876909716931
136,x,16,6,0,-0.399980646454494
136,x,17,4,4,0.262868395376816
136,x,23,7,1,-0.189337879177571
136,x,27,5,-5,-1.07421923214652
136,x,30,7,3,-0.445202955245921
136,x,31,7,-3,-0.21287095405808
136,x,39,7,5,-0.310014193177088
136,x,40,7,-5,0.135132621675281
136,y,4,2,0,1.24786302143937
136,y,5,2,2,4.12859670385905
136,y,6,2,-2,-0.590550501609046
136,y,8,3,-1,-1.18292866711336
136,y,9,4,0,0.398867221141922
136,y,10,3,3,1.2461058664704
136,y,12,4,2,-0.605725801439215
136,y,18,4,-4,2.5467910993377
136,y,19,5,3,0.821919582654427
136,y,21,6,2,0.815338150658808
136,y,22,6,-2,0.0515503356814296
136,y,24,7,-1,-0.187847579833934
136,y,26,5,5,0.159767543991376
136,y,27,5,-5,-1.04269294805769
136,y,28,6,4,-0.235330439409381
136,y,30,7,3,0.150554308320704
136,y,31,7,-3,-0.0265831579196338
136,y,37,6,6,-0.335576841450937
136,y,51,7,-7,1.08445316921052
137,x,1,0,0,-4.85895204639681
137,x,4,2,0,-1.89983573210051
137,x,5,2,2,-0.935562033197915
137,x,7,3,1,-0.206771456143566
137,x,8,3,-1,-0.0818160272619555
137,x,9,4,0,0.521592751149427
137,x,10,3,3,0.350092918605096
137,x,14,5,1,-0.614265237937436
137,x,15,5,-1,-0.759695527947515
137,x,17,4,4,0.611874882686274
137,x,20,5,-3,0.120183031635623
137,x,21,6,2,0.236784242750434
137,x,24,7,-1,0.19716732477452
137,x,26,5,5,-0.706887382321711
137,x,27,5,-5,-0.692172653033654
137,x,31,7,-3,-0.361426210180272
137,x,37,6,6,-0.144049247537957
137,x,40,7,-5,0.279242421936175
137,y,1,0,0,-0.28693752893328
137,y,2,1,1,-3.94406690487779
137,y,3,1,-1,3.38710118788039
137,y,11,3,-3,-0.254865923443867
137,y,16,6,0,0.248088007574391
137,y,20,5,-3,0.0163859344167495
137,y,24,7,-1,-0.523344934104928
137,y,26,5,5,0.973331743913081
137,y,29,6,-4,-0.0411607686258744
137,y,31,7,-3,-0.222102883906062
137,y,37,6,6,-0.572657220129797
137,y,38,6,-6,0.338013398149311
137,y,51,7,-7,0.0573897658591292
138,x,13,4,-2,-0.675293093406033
138,x,15,5,-1,-0.998564102339834
138,x,17,4,4,1.72802681053262
138,x,18,4,-4,-0.115855481888898
138,x,19,5,3,-1.74871304336174
138,x,20,5,-3,-0.978309571730374
138,x,21,6,2,0.358879622579844
138,x,22,6,-2,0.249715782605943
138,x,23,7,1,0.289686995778575
138,x,28,6,4,1.45364386661178
138,x,29,6,-4,-0.885227566950008
138,x,31,7,-3,-0.582327526977147
138,x,37,6,6,-1.23262340601762
138,x,38,6,-6,1.0683495065852
138,x,39,7,5,-0.155405112122436
138,y,6,2,-2,2.12829643031134
138,y,8,3,-1,-0.54163185583957
138,y,11,3,-3,0.0131690876089889
138,y,13,4,-2,0.276855901814083
138,y,15,5,-1,0.0488028645926906
138,y,17,4,4,-0.888577705435712
138,y,21,6,2,-0.788988604493363
138,y,30,7,3,0.840653843943855
138,y,38,6,-6,-0.397611064502565
138,y,40,7,-5,-0.340513033776231
138,y,51,7,-7,-0.137957752703436
139,x,1,0,0,3.17902574011105
139,x,2,1,1,0.0790819708435648
139,x,3,1,-1,2.70187212958272
139,x,4,2,0,0.68383242523732
139,x,8,3,-1,-0.969607489318165
139,x,9,4,0,-0.137581270458395
139,x,19,5,3,-0.0272192416088899
139,x,22,6,-2,0.209435343662908
139,x,24,7,-1,0.125853997826975
139,x,30,7,3,-0.54546462463392
139,y,1,0,0,-3.02998271159476
139,y,2,1,1,6.19986641116628
139,y,3,1,-1,-3.71798511867854
139,y,4,2,0,-0.172136396276611
139,y,6,2,-2,0.0229874016328664
139,y,8,3,-1,-0.491288161052763
139,y,11,3,-3,-0.198299688979097
139,y,15,5,-1,-0.462637577468721
139,y,18,4,-4,-0.120075196457394
139,y,21,6,2,0.890355820631635
139,y,24,7,-1,0.0473945901895532
139,y,27,5,-5,-0.0891240076434436
139,y,28,6,4,0.593828736722392
139,y,30,7,3,-0.81875990358098
139,y,31,7,-3,-0.8034330066832
139,y,39,7,5,-0.281238243394238
139,y,40,7,-5,-0.355047778079623
139,y,50,7,7,0.00100708252715476
139,y,51,7,-7,0.389106414519001
140,x,1,0,0,-4.59406035332364
140,x,4,2,0,1.8159465799371
140,x,8,3,-1,0.371478153965472
140,x,9,4,0,-0.29274991388019
140,x,10,3,3,0.360144958629496
140,x,14,5,1,-0.417977579811646
140,x,17,4,4,0.27340297134964
140,x,18,4,-4,0.361293084469541
140,x,19,5,3,0.763855651252672
140,x,22,6,-2,0.875300989923811
140,x,23,7,1,-0.322049103704851
140,x,27,5,-5,-1.37889443872719
140,x,29,6,-4,-0.181623997909315
140,x,30,7,3,0.130478764738079
140,x,38,6,-6,-0.244855936498294
140,x,39,7,5,-0.256113307390596
140,x,50,7,7,-0.186169106431473
140,x,51,7,-7,-0.238209202699836
140,y,1,0,0,-4.43353497731986
140,y,3,1,-1,5.53198304130048
140,y,6,2,-2,-0.857818717486591
140,y,9,4,0,0.3884236382702
140,y,10,3,3,0.408143209547137
140,y,13,4,-2,-0.514091793412863
140,y,16,6,0,-0.0383892265648373
140,y,17,4,4,0.411084570366825
140,y,19,5,3,0.404611384406771
140,y,20,5,-3,0.262800346960776
140,y,21,6,2,0.24197512844259
140,y,22,6,-2,0.520893197810194
140,y,23,7,1,0.500536640566069
140,y,26,5,5,0.468591404800418
140,y,27,5,-5,-0.243968424479174
140,y,28,6,4,0.610006124038225
140,y,39,7,5,0.0772005145132635
140,y,50,7,7,-0.675554494187159
140,y,51,7,-7,0.169245265542988
141,x,4,2,0,2.88503135763613
141,x,11,3,-3,-0.807181967575402
141,x,12,4,2,-0.255318417991838
141,x,13,4,-2,0.390978481885651
141,x,15,5,-1,0.0952723318678256
141,x,17,4,4,-1.19989822247872
141,x,20,5,-3,0.607665677236341
141,x,24,7,-1,0.664497937697137
141,x,26,5,5,-1.00829343692724
141,x,28,6,4,0.266277097421923
141,x,30,7,3,0.817258857363551
141,x,39,7,5,0.995666959444727
141,y,3,1,-1,-1.47084370332673
141,y,4,2,0,0.627423532243622
141,y,6,2,-2,-2.93361330281164
141,y,9,4,0,0.514396800204787
141,y,10,3,3,0.862866729040514
141,y,12,4,2,0.103774429632379
141,y,13,4,-2,-0.243179096551007
141,y,14,5,1,-0.212553097673165
141,y,15,5,-1,1.36618372552662
141,y,18,4,-4,0.460469539403391
141,y,27,5,-5,-0.402457283908672
141,y,50,7,7,0.229911385959119
142,x,3,1,-1,-5.88375185319421
142,x,9,4,0,0.169973137729576
142,x,10,3,3,-0.257473512220173
142,x,11,3,-3,-0.428693346108795
142,x,12,4,2,1.33493427915728
142,x,22,6,-2,-0.234618673011328
142,x,27,5,-5,0.692034426905366
142,x,28,6,4,0.535591719090232
142,x,29,6,-4,0.142831766445236
142,x,40,7,-5,-0.464622607418757
142,x,51,7,-7,0.0757360988148142
142,y,3,1,-1,0.766355529730782
142,y,4,2,0,-1.01350070059446
142,y,7,3,1,1.84416143615302
142,y,8,3,-1,-1.48024016421979
142,y,9,4,0,-0.570636853342743
142,y,10,3,3,2.30501402541982
142,y,12,4,2,-0.360453615578427
142,y,13,4,-2,-0.111621317894523
142,y,15,5,-1,0.17430985801867
142,y,18,4,-4,-0.74663205760048
142,y,20,5,-3,0.53958060838284
142,y,24,7,-1,0.526741296735444
142,y,26,5,5,-0.183127105172079
142,y,29,6,-4,0.011411490121547
142,y,31,7,-3,0.551334505934282
142,y,40,7,-5,-0.625099123641439
143,x,1,0,0,-1.60468261680349
143,x,4,2,0,-0.736718637186526
143,x,5,2,2,-2.26704131323854
143,x,11,3,-3,1.32407521222122
143,x,12,4,2,0.0339294252739835
143,x,17,4,4,-0.867990786439726
143,x,18,4,-4,1.00264670990318
143,x,26,5,5,0.601969662186907
143,x,28,6,4,0.0887881516165754
143,x,29,6,-4,1.06671057090345
143,x,38,6,-6,0.365891572608058
143,x,40,7,-5,0.136404815736237
143,x,51,7,-7,-0.69379074898173
143,y,3,1,-1,4.88087121442691
143,y,7,3,1,1.92102780789875
143,y,9,4,0,-0.539010049863927
143,y,11,3,-3,-1.29366642326462
143,y,12,4,2,-0.157792570775984
143,y,18,4,-4,0.819441245566829
143,y,19,5,3,0.317375594115018
143,y,20,5,-3,-0.134087535283725
143,y,21,6,2,0.270454149016609
143,y,28,6,4,0.471003154967788
143,y,29,6,-4,0.817273743058482
143,y,31,7,-3,0.112706200862139
143,y,38,6,-6,-0.311064733182827
143,y,39,7,5,-0.348719063228507
143,y,51,7,-7,0.266141563300322
144,x,1,0,0,0.248345272114062
144,x,2,1,1,-4.40060171848891
144,x,5,2,2,-0.902963752543369
144,x,7,3,1,-0.514916821053737
144,x,12,4,2,-1.80905772414774
144,x,14,5,1,1.0027048790037
144,x,15,5,-1,0.208635145430254
144,x,16,6,0,0.619065346895022
144,x,17,4,4,1.93716125955403
144,x,18,4,-4,0.412263348592511
144,x,22,6,-2,0.136489337538465
144,x,23,7,1,-0.493196030985661
144,x,26,5,5,-0.789040750204631
144,x,27,5,-5,-0.138258693513688
144,x,29,6,-4,0.201548359071725
144,x,30,7,3,-0.0453733661784068
144,x,40,7,-5,-0.697159131829492
144,y,1,0,0,1.21243224142734
144,y,2,1,1,-4.67386733532469
144,y,3,1,-1,0.982220002645226
144,y,5,2,2,0.660765747229851
144,y,6,2,-2,1.07962752155672
144,y,7,3,1,-0.983115750093575
144,y,8,3,-1,-1.85600745260594
144,y,11,3,-3,-0.239759663844145
144,y,13,4,-2,-0.576483023481592
144,y,16,6,0,0.0158595560099288
144,y,23,7,1,-0.737167352305672
144,y,24,7,-1,-0.321068625272407
144,y,26,5,5,0.0776100078900293
144,y,30,7,3,0.0573715829515773
144,y,31,7,-3,0.672633009275507
144,y,37,6,6,0.0236854771048402
144,y,38,6,-6,0.25889408725233
144,y,39,7,5,-0.340888119492496
144,y,51,7,-7,-0.0602919814568293
145,x,1,0,0,-6.75171678142122
145,x,3,1,-1,-2.14417829876788
145,x,4,2,0,-1.46136718613193
145,x,9,4,0,0.370096177031853
145,x,10,3,3,-0.930853619614012
145,x,11,3,-3,1.36351610015403
145,x,14,5,1,-0.455274940618589
145,x,16,6,0,-0.332323337871072
145,x,17,4,4,-0.169393050831478
145,x,19,5,3,-0.722329533603044
145,x,21,6,2,-1.12410885906542
145,x,23,7,1,-0.814516069575741
145,x,26,5,5,0.845957108711838
145,x,27,5,-5,-0.0874256023076516
145,x,37,6,6,-0.251754197414566
145,x,39,7,5,0.0279272839645344
145,x,51,7,-7,0.343556018306364
145,y,1,0,0,-5.81892075248185
145,y,2,1,1,3.7196811856788
145,y,3,1,-1,2.73788955008374
145,y,10,3,3,1.57372332785286
145,y,11,3,-3,2.34286362619028
145,y,12,4,2,-2.17293871080721
145,y,17,4,4,-0.661683385844463
145,y,21,6,2,-0.306207042076634
145,y,22,6,-2,-0.237581574804959
145,y,23,7,1,-0.151510205796993
145,y,24,7,-1,-0.222808638650788
145,y,26,5,5,0.0402271290524499
145,y,27,5,-5,-0.115276418798131
145,y,30,7,3,0.615101140152596
145,y,38,6,-6,-0.0707530359774148
145,y,39,7,5,-0.464200486363036
145,y,40,7,-5,0.360234694924293
146,x,4,2,0,-1.57239545446042
146,x,6,2,-2,-1.26189645507543
146,x,7,3,1,-0.967403031183485
146,x,9,4,0,-1.73159602220988
146,x,10,3,3,1.53208887900496
146,x,13,4,-2,0.919961677422317
146,x,14,5,1,-0.115705244245609
146,x,16,6,0,-0.842610165048604
146,x,17,4,4,-0.72992179839064
146,x,19,5,3,0.483241801875583
146,x,20,5,-3,-1.12150902522764
146,x,24,7,-1,0.433967906335668
146,x,26,5,5,-0.230447677647171
146,x,28,6,4,-0.0299326460725172
146,x,30,7,3,-0.288322532426058
146,x,37,6,6,-0.244452188023357
146,x,38,6,-6,-0.165964708389577
146,x,50,7,7,0.275249326574846
146,x,51,7,-7,0.197646833364093
146,y,1,0,0,-2.59978567222187
146,y,2,1,1,0.828637103950552
146,y,5,2,2,0.613863946136556
146,y,8,3,-1,1.15100478065152
146,y,11,3,-3,1.72806713166308
146,y,13,4,-2,-0.12067733691481
146,y,16,6,0,0.674771011382522
146,y,17,4,4,0.708674597808652
146,y,20,5,-3,0.0621232742024148
146,y,22,6,-2,-0.137578413571097
146,y,23,7,1,0.226993873096918
146,y,24,7,-1,-0.182647318131257
146,y,26,5,5,-0.0379536039709841
146,y,37,6,6,-0.117287893117195
146,y,39,7,5,-0.0557524520741685
146,y,51,7,-7,0.507335926735293
147,x,8,3,-1,1.4410264571831
147,x,12,4,2,1.34221142086217
147,x,15,5,-1,-0.797315321584077
147,x,20,5,-3,0.911723191456397
147,x,24,7,-1,-1.27900736379044
147,x,27,5,-5,1.1798844479795
147,x,28,6,4,-0.2302843428325
147,x,29,6,-4,-0.975902339674271
147,x,31,7,-3,0.588018490586073
147,x,38,6,-6,-2.29531718618821
147,y,1,0,0,-0.727290006310896
147,y,3,1,-1,-2.08995095435151
147,y,5,2,2,-1.18867888290343
147,y,15,5,-1,-0.230231106840171
147,y,17,4,4,-0.622453063492455
147,y,19,5,3,0.286010809231751
147,y,26,5,5,-0.308068285378951
147,y,29,6,-4,-0.0157515765990408
147,y,31,7,-3,-0.00359975958426594
147,y,38,6,-6,-0.877213708534672
147,y,50,7,7,-0.0153461927848366
148,x,1,0,0,-0.70142554439659
148,x,2,1,1,-1.36346950291515
148,x,9,4,0,-0.0847277880591302
148,x,10,3,3,0.844694397264231
148,x,11,3,-3,0.324588630861521
148,x,13,4,-2,0.767904101895101
148,x,18,4,-4,0.830521215774249
148,x,19,5,3,-0.271380632458075
148,x,23,7,1,0.458398119703628
148,x,28,6,4,-0.541459262554206
148,x,30,7,3,-0.985321709998897
148,x,39,7,5,0.044183648101405
148,y,2,1,1,0.0191516989349807
148,y,5,2,2,3.12209499732609
148,y,9,4,0,-1.69561190574139
148,y,10,3,3,1.14989851940123
148,y,15,5,-1,-1.58347419588488
148,y,19,5,3,0.604194986881177
148,y,21,6,2,-0.392198590175777
148,y,23,7,1,0.604398819458281
148,y,24,7,-1,0.42409008858782
148,y,26,5,5,-0.279553945566973
148,y,28,6,4,-0.202754235281421
148,y,29,6,-4,0.220694167126649
148,y,31,7,-3,0.334297039704365
148,y,37,6,6,-0.767806305259411
148,y,38,6,-6,0.244351251074436
148,y,40,7,-5,0.215974127271749
148,y,50,7,7,0.136210204782341
149,x,2,1,1,5.56949945151046
149,x,3,1,-1,-2.45474768565477
149,x,4,2,0,1.84985725641684
149,x,5,2,2,0.639603161080825
149,x,9,4,0,-0.728844731313766
149,x,10,3,3,0.0433282267641914
149,x,12,4,2,0.981990828601393
149,x,17,4,4,0.645392516196422
149,x,18,4,-4,-0.0634205836404503
149,x,21,6,2,0.0445388312978751
149,x,22,6,-2,1.26322214113923
149,x,23,7,1,-0.138742246280734
149,x,26,5,5,0.359623245896331
149,x,27,5,-5,0.719490215178774
149,x,29,6,-4,0.425315018438384
149,x,30,7,3,0.158999918635292
149,x,38,6,-6,0.22559174537542
149,x,40,7,-5,0.322307304835456
149,x,50,7,7,-0.429184550950002
149,y,3,1,-1,5.47703012933264
149,y,5,2,2,-3.66468394459249
149,y,6,2,-2,-1.41232550142892
149,y,9,4,0,-0.0541989492716913
149,y,16,6,0,0.912167628878076
149,y,20,5,-3,0.303941201296944
149,y,23,7,1,-0.0354995510567851
149,y,26,5,5,0.120555789255277
149,y,28,6,4,-0.243881312452401
149,y,29,6,-4,0.918371399193354
149,y,31,7,-3,-0.576584524105159
149,y,37,6,6,-0.185889901758669
149,y,38,6,-6,0.507315733411185
150,x,5,2,2,-0.904966867522643
150,x,6,2,-2,-0.132756023476628
150,x,8,3,-1,-0.912709460639869
150,x,9,4,0,-1.23429393925082
150,x,11,3,-3,1.3373930887028
150,x,18,4,-4,-0.600981566036057
150,x,19,5,3,0.0225596392870482
150,x,20,5,-3,0.4659109818218
150,x,21,6,2,-0.116630104050634
150,x,22,6,-2,0.658962915729411
150,x,23,7,1,-0.647322152737107
150,x,26,5,5,-1.33649207659199
150,x,27,5,-5,-1.1764574222646
150,x,28,6,4,0.631419473473515
150,x,37,6,6,0.785839577102833
150,x,38,6,-6,0.246594461804912
150,x,40,7,-5,0.237305213480836
150,x,50,7,7,-0.221249925612625
150,x,51,7,-7,1.73035150997884
150,y,1,0,0,2.56015039274147
150,y,2,1,1,-1.58786042704376
150,y,4,2,0,-0.800654453091281
150,y,7,3,1,-0.308127988432486
150,y,9,4,0,-1.23453235612294
150,y,10,3,3,1.21718591647006
150,y,13,4,-2,0.0182659253810707
150,y,14,5,1,0.101544988923502
150,y,15,5,-1,0.968291175293829
150,y,18,4,-4,0.228200282516688
150,y,21,6,2,0.26159030742227
150,y,26,5,5,0.903360223688182
150,y,29,6,-4,-0.219728208379489
150,y,38,6,-6,0.758568268706498
150,y,40,7,-5,-0.465454638332439
151,x,2,1,1,-1.90300589115232
151,x,3,1,-1,4.89040789942472
151,x,5,2,2,0.323227756825636
151,x,6,2,-2,-3.22754476483995
151,x,7,3,1,0.256371633585054
151,x,11,3,-3,1.62916714601182
151,x,14,5,1,0.159908249902622
151,x,16,6,0,0.662422424607083
151,x,17,4,4,-0.229569631069347
151,x,18,4,-4,-0.388968095091465
151,x,19,5,3,0.099364028842267
151,x,20,5,-3,-0.290398666994204
151,x,21,6,2,0.673220103928601
151,x,23,7,1,0.125218023009125
151,x,24,7,-1,-0.0720079157644278
151,x,26,5,5,0.799966534076613
151,x,27,5,-5,-1.04607087623672
151,x,37,6,6,0.892539577734054
151,x,39,7,5,-0.367011192299978
151,x,50,7,7,0.539607907265347
151,y,3,1,-1,-0.0708354830759156
151,y,6,2,-2,3.59479215460411
151,y,7,3,1,-1.02967609386496
151,y,8,3,-1,-0.217221784083265
151,y,9,4,0,-1.09965690778237
151,y,15,5,-1,-0.28161055757301
151,y,16,6,0,-0.38757665268754
151,y,19,5,3,-0.45789991014293
151,y,20,5,-3,-0.585605194650515
151,y,22,6,-2,-0.916684103800888
151,y,24,7,-1,0.0116028385789453
151,y,27,5,-5,0.152751293537986
151,y,29,6,-4,0.562585567035571
151,y,30,7,3,-0.445571025103722
151,y,39,7,5,-0.0110947087779228
151,y,40,7,-5,-0.734219143396503
152,x,4,2,0,1.53910527084716
152,x,12,4,2,0.559579609808155
152,x,13,4,-2,-0.513237065847572
152,x,15,5,-1,-0.85625914501724
152,x,16,6,0,0.315973548671024
152,x,17,4,4,-0.0418853761196244
152,x,18,4,-4,1.00263473500269
152,x,23,7,1,-0.103751827203311
152,x,26,5,5,-0.0747020965459673
152,x,29,6,-4,0.0631146177435765
152,x,31,7,-3,-0.804254237943197
152,x,39,7,5,-0.0592880277530211
152,x,50,7,7,-0.122184512587653
152,y,2,1,1,-1.75830751246655
152,y,4,2,0,2.57441452211566
152,y,6,2,-2,-1.90776488826136
152,y,14,5,1,-1.28272023271831
152,y,15,5,-1,-0.550788200796435
152,y,16,6,0,1.5838344736211
152,y,18,4,-4,0.689072903750221
152,y,23,7,1,0.149809056984642
152,y,24,7,-1,0.199195252600096
152,y,31,7,-3,-0.373012617589713
152,y,39,7,5,-0.578140528100214
153,x,2,1,1,0.642153159985782
153,x,3,1,-1,-3.49586011412967
153,x,6,2,-2,-0.140072799785437
153,x,12,4,2,0.558795830264335
153,x,15,5,-1,-0.493254290275453
153,x,16,6,0,-0.369305144629372
153,x,17,4,4,-1.12577419596317
153,x,21,6,2,0.335386346316453
153,x,23,7,1,0.246126378344668
153,x,27,5,-5,1.13003374855383
153,x,30,7,3,-0.523485193616466
153,x,31,7,-3,-0.129814325884223
153,x,37,6,6,0.0527661248278132
153,x,39,7,5,0.511408389168353
153,x,40,7,-5,0.646401905950123
153,y,1,0,0,0.938662542266991
153,y,2,1,1,2.72656228208563
153,y,4,2,0,3.27642747546928
153,y,6,2,-2,0.0966612040142889
153,y,10,3,3,0.443597447185884
153,y,13,4,-2,-0.163009932394632
153,y,16,6,0,0.344478260102786
153,y,17,4,4,-1.6736834127611
153,y,19,5,3,0.106623379929511
153,y,21,6,2,0.457088409183079
153,y,23,7,1,0.409705305919631
153,y,24,7,-1,-0.713217834187449
153,y,26,5,5,-0.0400310981947697
153,y,30,7,3,0.0475223125488177
153,y,37,6,6,-0.135749434779983
153,y,39,7,5,0.635026012229256
153,y,40,7,-5,0.464209102384278
153,y,51,7,-7,-0.258425735237434
154,x,2,1,1,-1.87073499900555
154,x,7,3,1,1.94132192840467
154,x,10,3,3,-1.80926332618658
154,x,11,3,-3,0.427148668306469
154,x,13,4,-2,-0.720757922951402
154,x,14,5,1,-0.324915216301743
154,x,21,6,2,0.082188162558972
154,x,22,6,-2,0.0295950931141646
154,x,23,7,1,0.229298669005376
154,x,40,7,-5,-0.324656050833598
154,x,50,7,7,-0.411289797219144
154,y,2,1,1,-0.846849691241683
154,y,5,2,2,1.9467089124337
154,y,7,3,1,-1.55295435053382
154,y,9,4,0,-0.24401362309971
154,y,10,3,3,0.177573858568711
154,y,11,3,-3,-2.20587423215884
154,y,14,5,1,0.385730668418879
154,y,16,6,0,0.366673431185463
154,y,17,4,4,-0.635501381673621
154,y,20,5,-3,-0.436390258288526
154,y,22,6,-2,-0.388576648181621
154,y,23,7,1,0.091089522305444
154,y,24,7,-1,0.890739447568868
154,y,28,6,4,-0.295293643252395
154,y,29,6,-4,-0.608043198223933
154,y,30,7,3,-0.0561447362304009
154,y,31,7,-3,0.103222174764198
154,y,38,6,-6,-0.894588264550087
154,y,39,7,5,0.104441180823664
155,x,5,2,2,0.712457746112652
155,x,9,4,0,1.90421522353144
155,x,13,4,-2,-0.800683357881162
155,x,19,5,3,-0.132313085119657
155,x,21,6,2,-0.00980949560933796
155,x,27,5,-5,0.502687335232348
155,x,30,7,3,0.44081458853149
155,x,39,7,5,0.251812490795999
155,x,40,7,-5,-0.930411379135589
155,x,50,7,7,-0.0255029374988256
155,x,51,7,-7,0.0015044001450738
155,y,3,1,-1,-0.628591535742461
155,y,7,3,1,-0.39843476885698
155,y,8,3,-1,-0.298339235499541
155,y,9,4,0,0.139808812311719
155,y,11,3,-3,-2.25312492976464
155,y,13,4,-2,-1.50291391547138
155,y,22,6,-2,0.611568017627756
155,y,23,7,1,0.228163714691263
155,y,26,5,5,0.0345918287529223
155,y,38,6,-6,-0.463242869804873
155,y,40,7,-5,-1.20764643694295
155,y,51,7,-7,-0.421247424415927
156,x,2,1,1,3.4320794067007
156,x,4,2,0,0.445931411649983
156,x,5,2,2,-2.35444069500504
156,x,6,2,-2,0.807713705226364
156,x,7,3,1,-1.70384351225334
156,x,8,3,-1,-0.0337243717842161
156,x,11,3,-3,-0.114083285706965
156,x,14,5,1,0.470003383743427
156,x,15,5,-1,-0.585688817952364
156,x,16,6,0,-0.0776256448060401
156,x,18,4,-4,0.252495931869434
156,x,22,6,-2,-0.829708787844143
156,x,23,7,1,0.503857755128414
156,x,26,5,5,0.00440653931745042
156,x,27,5,-5,-0.188884957992451
156,x,28,6,4,0.265930639853234
156,x,29,6,-4,-0.199687949713008
156,x,38,6,-6,-0.237133640599769
156,x,39,7,5,-0.166583749163767
156,y,1,0,0,-0.0736485458269394
156,y,3,1,-1,0.477321006405987
156,y,7,3,1,1.47520837893329
156,y,10,3,3,-1.76013542925331
156,y,12,4,2,0.130070400534828
156,y,13,4,-2,0.248868600192828
156,y,14,5,1,-0.518411795915434
156,y,19,5,3,-1.59818353416581
156,y,27,5,-5,-0.926982213350529
156,y,50,7,7,0.962087045167639
157,x,1,0,0,-3.48500097615791
157,x,2,1,1,0.896966775204505
157,x,5,2,2,1.45913824777969
157,x,8,3,-1,-1.0457216190143
157,x,9,4,0,0.0593142071573957
157,x,10,3,3,-1.74285453306142
157,x,13,4,-2,0.0548410042867006
157,x,14,5,1,0.0592139510379555
157,x,15,5,-1,0.245650139855389
157,x,16,6,0,0.154677267409409
157,x,18,4,-4,0.434404061217179
157,x,19,5,3,-0.0683929533930874
157,x,20,5,-3,0.810075582682013
157,x,23,7,1,-0.424103814959349
157,x,27,5,-5,-0.566866167394628
157,x,30,7,3,0.259187488934161
157,x,40,7,-5,-0.175895707958326
157,y,2,1,1,-4.09002974810929
157,y,4,2,0,-1.43354163035312
157,y,5,2,2,-1.12710387531812
157,y,6,2,-2,-1.39945065729511
157,y,9,4,0,-1.48919031049286
157,y,10,3,3,-0.102343583980637
157,y,11,3,-3,0.881918415720626
157,y,14,5,1,-0.400416382668895
157,y,15,5,-1,-0.430009344420126
157,y,17,4,4,-0.303854965621887
157,y,18,4,-4,-0.995210263796518
157,y,20,5,-3,-1.12727939484695
157,y,23,7,1,0.880864945857398
157,y,24,7,-1,-0.0767067214382848
157,y,30,7,3,-0.774451376719528
157,y,37,6,6,-0.596330718133831
157,y,40,7,-5,-0.392638753538611
157,y,50,7,7,0.168055815898271
158,x,4,2,0,1.00228623142445
158,x,6,2,-2,-0.176645479095158
158,x,7,3,1,-0.0836093390412079
158,x,10,3,3,1.02256267192357
158,x,11,3,-3,-0.694627740362027
158,x,15,5,-1,0.10805920731302
158,x,16,6,0,0.803196933888134
158,x,19,5,3,-0.75352960618865
158,x,21,6,2,-1.11590365676747
158,x,22,6,-2,0.0564043705995864
158,x,27,5,-5,-2.36424074184416
158,x,28,6,4,0.402588160561344
158,x,29,6,-4,0.217926912587943
158,y,2,1,1,3.99387289897547
158,y,5,2,2,-1.933634303319
158,y,7,3,1,-2.19522634907351
158,y,8,3,-1,-0.520446206926847
158,y,13,4,-2,1.44399264858795
158,y,17,4,4,0.142424734546542
158,y,19,5,3,-0.423401516726852
158,y,20,5,-3,-0.0509503011275047
158,y,22,6,-2,-0.085078899720904
158,y,23,7,1,0.897619466503812
158,y,26,5,5,-0.187812087813445
158,y,27,5,-5,-0.249377577944457
158,y,28,6,4,-0.0598520207944461
158,y,31,7,-3,0.115131970963445
158,y,38,6,-6,0.331542043246201
158,y,39,7,5,0.36805590649281
158,y,40,7,-5,-0.0222934128969711
158,y,51,7,-7,0.519063390622533
159,x,2,1,1,-2.85829765222151
159,x,3,1,-1,2.94166132441813
159,x,4,2,0,0.980495244507828
159,x,6,2,-2,-0.950900556348892
159,x,8,3,-1,-1.4353482284457
159,x,10,3,3,-1.41800006901523
159,x,12,4,2,-0.525365648197478
159,x,15,5,-1,-0.00462320403758936
159,x,16,6,0,-0.167405675096146
159,x,17,4,4,-0.501536879226361
159,x,18,4,-4,-0.940720477179865
159,x,20,5,-3,0.67375620702397
159,x,23,7,1,0.163557057791795
159,x,24,7,-1,-0.169907407567536
159,x,26,5,5,-0.0171220102247353
159,x,27,5,-5,0.495165316336875
159,x,29,6,-4,0.487335279620925
159,x,30,7,3,-0.0486527592865799
159,x,37,6,6,-0.456680240970042
159,x,39,7,5,-0.383063899636787
159,y,1,0,0,4.91362318106057
159,y,2,1,1,-3.41384062778607
159,y,5,2,2,2.03836981212921
159,y,8,3,-1,1.03670145975516
159,y,11,3,-3,-0.610491775768978
159,y,13,4,-2,0.770070328365429
159,y,19,5,3,1.08046037394659
159,y,26,5,5,0.312507294266936
159,y,27,5,-5,1.15812813588739
159,y,28,6,4,-0.0572434448991605
159,y,29,6,-4,-0.145308077688765
159,y,30,7,3,0.267747547459054
159,y,39,7,5,-0.404140099795214
159,y,40,7,-5,0.289957297248017
160,x,1,0,0,-0.562227967122166
160,x,2,1,1,0.698850030819454
160,x,3,1,-1,-0.445805082786839
160,x,7,3,1,0.249562312094826
160,x,9,4,0,0.0202827940108256
160,x,11,3,-3,-0.163176320830656
160,x,12,4,2,0.0311110782486644
160,x,14,5,1,-1.49352711935912
160,x,15,5,-1,0.457393205036441
160,x,17,4,4,0.127023890659267
160,x,19,5,3,-1.49908485577014
160,x,22,6,-2,-0.382734557381456
160,x,23,7,1,-0.590311080661578
160,x,24,7,-1,-0.501712585790637
160,x,27,5,-5,-0.256689614332673
160,x,30,7,3,-1.34539408700194
160,x,38,6,-6,-0.157471787674203
160,x,40,7,-5,-0.701718672623567
160,y,3,1,-1,1.33075935031085
160,y,15,5,-1,-1.7843587649655
160,y,20,5,-3,-0.147914402309949
160,y,22,6,-2,0.64534755163441
160,y,23,7,1,0.244904652739732
160,y,24,7,-1,-0.116991287626323
160,y,30,7,3,-0.486886841197942
160,y,31,7,-3,-0.417674385460676
160,y,37,6,6,-1.75430723719037
160,y,50,7,7,-0.0945953045714284
161,x,1,0,0,-5.67447491468239
161,x,3,1,-1,4.1749253661688
161,x,4,2,0,2.62108891854804
161,x,7,3,1,-1.41795971379993
161,x,10,3,3,0.306865983806073
161,x,12,4,2,-0.0282681207492761
161,x,14,5,1,-0.0638475385494767
161,x,17,4,4,-0.704769099628564
161,x,22,6,-2,0.173600913598662
161,x,23,7,1,0.238322521517623
161,x,29,6,-4,-0.18953407031423
161,x,50,7,7,0.331988824342871
161,y,4,2,0,-0.443159928865747
161,y,6,2,-2,1.75295288752095
161,y,9,4,0,-1.44288909885201
161,y,13,4,-2,-0.324914179738669
161,y,22,6,-2,-0.271932677280308
161,y,29,6,-4,0.356028528241522
161,y,30,7,3,-0.460963925107637
161,y,31,7,-3,0.53455774352469
161,y,39,7,5,0.0912052552176165
161,y,40,7,-5,0.190753840015435
162,x,2,1,1,3.44269671356709
162,x,3,1,-1,2.27391226533276
162,x,7,3,1,0.0409923059792438
162,x,8,3,-1,-0.364177678432623
162,x,10,3,3,-1.46040248666128
162,x,14,5,1,-1.17199888939071
162,x,17,4,4,-1.05203325413779
162,x,19,5,3,0.510638478007789
162,x,20,5,-3,1.14078885337584
162,x,23,7,1,-0.0464775800506096
162,x,26,5,5,0.48086818417883
162,x,27,5,-5,-0.1069943832176
162,x,28,6,4,-0.589502182042426
162,x,29,6,-4,-0.353611858507874
162,x,30,7,3,-0.955454003615134
162,x,31,7,-3,-0.472871938132952
162,x,37,6,6,-0.294069548243299
162,x,38,6,-6,-0.205830079777783
162,x,39,7,5,0.485852708701716
162,x,51,7,-7,0.144370160244062
162,y,4,2,0,0.779333206561377
162,y,5,2,2,-0.321964201010666
162,y,7,3,1,0.823049111625843
162,y,8,3,-1,-1.42454700998832
162,y,12,4,2,1.49707873188274
162,y,14,5,1,-1.10683890399986
162,y,17,4,4,0.746844182635832
162,y,24,7,-1,0.399211971199213
162,y,29,6,-4,0.846347663553362
162,y,51,7,-7,-0.25900840556998
163,x,3,1,-1,-1.63554968150793
163,x,5,2,2,-1.04314772279603
163,x,7,3,1,-1.38294392667902
163,x,8,3,-1,1.1779829195227
163,x,10,3,3,-0.807715472132937
163,x,11,3,-3,0.656176099864313
163,x,12,4,2,-0.84415167447291
163,x,16,6,0,-0.870818858523808
163,x,17,4,4,-0.355430623142591
163,x,18,4,-4,0.103240403008194
163,x,20,5,-3,-0.896810064372436
163,x,23,7,1,0.285283768801465
163,x,24,7,-1,0.76063470488616
163,x,27,5,-5,-0.834133159823173
163,x,28,6,4,1.093554517053
163,x,29,6,-4,-0.85730870625059
163,x,31,7,-3,0.126996241562326
163,x,37,6,6,-1.06007554308128
163,x,50,7,7,-0.68257756026919
163,x,51,7,-7,-0.255842854994163
163,y,3,1,-1,-3.38605212028702
163,y,4,2,0,-1.18731244203886
163,y,8,3,-1,-0.787483456585705
163,y,9,4,0,0.644079610335494
163,y,12,4,2,-0.165923219198573
163,y,15,5,-1,0.207866065466466
163,y,16,6,0,-0.0729670891423235
163,y,18,4,-4,-0.14278223300715
163,y,19,5,3,-0.191878190824071
163,y,20,5,-3,-0.263484373206013
163,y,21,6,2,0.715826840917462
163,y,24,7,-1,-0.00296659411085435
163,y,26,5,5,0.103387460888868
163,y,27,5,-5,0.535361880455282
163,y,28,6,4,-0.288653181912712
163,y,30,7,3,0.674674996368173
163,y,37,6,6,-0.524570275314614
163,y,40,7,-5,-0.758193619865331
164,x,1,0,0,2.22291920521601
164,x,2,1,1,-7.02125710953802
164,x,3,1,-1,6.01077102518901
164,x,4,2,0,0.425919085936199
164,x,5,2,2,0.332490351295034
164,x,7,3,1,-0.0288849501955198
164,x,8,3,-1,-0.092343703840315
164,x,10,3,3,0.535951081376345
164,x,11,3,-3,-0.749495339324009
164,x,13,4,-2,0.0841499181623323
164,x,15,5,-1,-0.276827685128848
164,x,17,4,4,2.08661311098393
164,x,19,5,3,0.939802952542689
164,x,21,6,2,-0.741152920061486
164,x,22,6,-2,0.707577112496215
164,x,29,6,-4,-0.540113729526325
164,x,30,7,3,-0.0376524000897362
164,x,38,6,-6,-0.735975032969242
164,y,1,0,0,1.03537374475703
164,y,3,1,-1,1.66294900423097
164,y,12,4,2,0.863478582255129
164,y,13,4,-2,-0.16715306196084
164,y,15,5,-1,-0.413440319669931
164,y,16,6,0,-0.10615988018666
164,y,18,4,-4,0.382075527192969
164,y,21,6,2,0.625693655406761
164,y,22,6,-2,-0.922601679938419
164,y,23,7,1,0.586413092560692
164,y,24,7,-1,-0.648336300904092
164,y,27,5,-5,0.280910791338359
164,y,30,7,3,-0.841275318830153
164,y,31,7,-3,-0.87079508249089
164,y,37,6,6,0.921226287411554
164,y,38,6,-6,0.856607922831087
164,y,39,7,5,-0.125002199949843
165,x,1,0,0,1.4228389244622
165,x,5,2,2,1.15674687393018
165,x,12,4,2,-0.475303350947093
165,x,13,4,-2,-1.28390107115426
165,x,14,5,1,-0.783900069096147
165,x,19,5,3,0.253997236726872
165,x,20,5,-3,0.00268759829907159
165,x,24,7,-1,0.10507881756536
165,x,28,6,4,0.248046035911418
165,x,38,6,-6,-0.235876969336976
165,x,39,7,5,0.184177062528009
165,x,50,7,7,0.243658379936174
165,x,51,7,-7,0.249714768926106
165,y,1,0,0,1.43829161005381
165,y,3,1,-1,1.09668187423165
165,y,5,2,2,0.520210470507576
165,y,7,3,1,-0.529607050006205
165,y,8,3,-1,-1.69202937184169
165,y,10,3,3,-0.63095433264721
165,y,11,3,-3,-1.7565271695627
165,y,17,4,4,0.156908718947878
165,y,18,4,-4,0.794983665579641
165,y,19,5,3,0.106809101728217
165,y,21,6,2,-0.475807422241266
165,y,22,6,-2,-0.118679334638391
165,y,26,5,5,-0.366893047008118
165,y,37,6,6,-0.0310143558772475
165,y,38,6,-6,0.640429678169247
165,y,40,7,-5,0.832377051024325
166,x,2,1,1,0.290126702172971
166,x,3,1,-1,-4.6520951253537
166,x,4,2,0,-1.2858862773554
166,x,9,4,0,0.742663852541569
166,x,14,5,1,0.0836464157814305
166,x,16,6,0,-0.333206475874412
166,x,18,4,-4,0.492727509287389
166,x,19,5,3,-0.123972413399568
166,x,22,6,-2,0.149003924417923
166,x,23,7,1,0.620467738174342
166,x,28,6,4,0.785507401342179
166,x,29,6,-4,0.00212315875979042
166,x,37,6,6,0.251597436520357
166,x,39,7,5,0.245287522764916
166,x,40,7,-5,0.0498519854856252
166,x,50,7,7,-0.306948587227251
166,y,2,1,1,2.00608256579041
166,y,7,3,1,0.440575194431739
166,y,8,3,-1,-0.121664758405574
166,y,10,3,3,1.84578135636252
166,y,12,4,2,0.792378285011092
166,y,15,5,-1,-0.174381136259714
166,y,16,6,0,-0.528658614710428
166,y,18,4,-4,0.338308807977584
166,y,19,5,3,-0.0669103236356852
166,y,24,7,-1,0.407716662885873
166,y,28,6,4,0.0266241536069458
166,y,29,6,-4,-0.268679376929926
166,y,38,6,-6,0.218685871480074
166,y,39,7,5,-0.270587502134468
166,y,40,7,-5,-0.125423866687782
166,y,50,7,7,0.096991994386406
167,x,1,0,0,0.0299927938230196
167,x,3,1,-1,-3.93374797312115
167,x,5,2,2,-1.12151806125813
167,x,10,3,3,1.84688657525643
167,x,12,4,2,0.761990945043759
167,x,13,4,-2,-0.0730927917663055
167,x,14,5,1,-0.234673975815087
167,x,19,5,3,-0.155679041594737
167,x,21,6,2,0.206659421057926
167,x,24,7,-1,0.0945410587363404
167,x,26,5,5,0.0244014906597295
167,x,29,6,-4,0.0164863778538791
167,x,30,7,3,0.422287671447423
167,x,31,7,-3,-0.306456025899951
167,x,37,6,6,0.156747666109299
167,x,38,6,-6,-0.996740273372329
167,x,50,7,7,-0.10429371096724
167,x,51,7,-7,-0.262706352532012
167,y,2,1,1,2.69480082315472
167,y,4,2,0,-0.818087154390563
167,y,7,3,1,-0.428188021898682
167,y,12,4,2,-0.470211476883789
167,y,17,4,4,-0.408426575566712
167,y,19,5,3,-1.29163759862569
167,y,24,7,-1,0.518675423551773
167,y,26,5,5,1.4121304868411
167,y,27,5,-5,-0.113755822011579
167,y,29,6,-4,0.0834324278250313
167,y,31,7,-3,-0.0792696935146232
167,y,39,7,5,-0.78236296080705
167,y,40,7,-5,0.264689224226219
168,x,1,0,0,2.77860987943712
168,x,3,1,-1,2.64006947767662
168,x,4,2,0,2.56221361397155
168,x,7,3,1,0.14044518641667
168,x,8,3,-1,0.950249681122148
168,x,10,3,3,0.75021175855694
168,x,21,6,2,-0.576420744933276
168,x,26,5,5,0.0946537077736477
168,x,27,5,-5,-0.232672669573031
168,x,31,7,-3,-0.326614137409494
168,x,37,6,6,0.164838052506996
168,x,39,7,5,0.343439603653516
168,x,40,7,-5,0.360491871560117
168,x,50,7,7,-0.420149116489962
168,y,6,2,-2,1.07256133994626
168,y,10,3,3,-1.66482102511006
168,y,13,4,-2,1.16599734122505
168,y,16,6,0,-0.221452565206914
168,y,24,7,-1,-0.800343106018911
168,y,26,5,5,-0.449731281697167
168,y,27,5,-5,0.895194575190325
168,y,37,6,6,-1.88771363391423
168,y,38,6,-6,1.71222925200199
168,y,40,7,-5,0.384057069868386
168,y,50,7,7,0.652794487116611
169,x,6,2,-2,-0.183051119811186
169,x,7,3,1,-1.28250613582329
169,x,19,5,3,-1.72539628412136
169,x,20,5,-3,0.519083232809218
169,x,23,7,1,-1.3012535697725
169,x,27,5,-5,-0.819007414932
169,x,29,6,-4,-0.751168852214938
169,x,31,7,-3,1.43792827757785
169,x,38,6,-6,0.245515547972755
169,x,40,7,-5,-2.13309091005897
169,y,1,0,0,-6.33289057296078
169,y,2,1,1,0.382221147484971
169,y,4,2,0,-1.47164596712727
169,y,8,3,-1,1.29512941813511
169,y,11,3,-3,-0.710487191491435
169,y,12,4,2,-0.474090803567819
169,y,15,5,-1,-0.214484470370842
169,y,16,6,0,-0.0258437285899419
169,y,17,4,4,-0.269538653668039
169,y,22,6,-2,-0.645864882388905
169,y,24,7,-1,0.267721472207562
169,y,29,6,-4,0.0289178326088603
169,y,30,7,3,-0.0699552660292843
169,y,37,6,6,0.604388083012019
169,y,40,7,-5,0.790411782371446
169,y,50,7,7,0.366251191367417
170,x,3,1,-1,-2.08095787482003
170,x,8,3,-1,0.799694737141562
170,x,12,4,2,-1.35029868787199
170,x,14,5,1,0.478997980422131
170,x,16,6,0,-0.71033602814379
170,x,18,4,-4,0.177034293388056
170,x,20,5,-3,0.937098368663744
170,x,21,6,2,0.290963339184359
170,x,24,7,-1,0.647139916545412
170,x,27,5,-5,-0.0106420103764901
170,x,29,6,-4,-0.557557363259258
170,x,37,6,6,0.080124868046504
170,y,2,1,1,-1.29992722630363
170,y,6,2,-2,0.830178727632005
170,y,12,4,2,0.727316295011242
170,y,14,5,1,-0.188938503250028
170,y,16,6,0,-0.197863933378444
170,y,18,4,-4,-0.116866234306716
170,y,20,5,-3,-0.343046869958737
170,y,22,6,-2,0.814668886487729
170,y,23,7,1,-1.16871146436748
170,y,27,5,-5,0.306036913888388
170,y,28,6,4,1.76653245098201
170,y,31,7,-3,0.0143509454934009
170,y,38,6,-6,-0.0567991000917904
170,y,39,7,5,0.0315039656830948
170,y,40,7,-5,0.356957327236434
170,y,50,7,7,-0.0284527738529221
171,x,3,1,-1,3.73476080967025
171,x,5,2,2,-1.60549397301784
171,x,8,3,-1,2.51196773538905
171,x,14,5,1,-1.01874585604112
171,x,20,5,-3,0.304710084628684
171,x,24,7,-1,-0.269526492702709
171,x,27,5,-5,-0.396856359902269
171,x,28,6,4,0.572793067937138
171,x,29,6,-4,0.411806590121784
171,x,31,7,-3,0.508018761624426
171,x,39,7,5,0.0133190846556407
171,y,1,0,0,4.97765338538628
171,y,3,1,-1,-0.840788254435011
171,y,4,2,0,-2.33703598987611
171,y,5,2,2,-1.12916527872421
171,y,7,3,1,-0.923596136263624
171,y,9,4,0,0.634602896603372
171,y,13,4,-2,0.740284248522091
171,y,16,6,0,-0.712044642874717
171,y,19,5,3,0.77879067392318
171,y,29,6,-4,-0.846592919640535
171,y,30,7,3,-0.278101888328134
171,y,31,7,-3,-0.144267314475596
171,y,38,6,-6,-0.408774041386172
171,y,51,7,-7,-0.501883253513735
172,x,4,2,0,0.669105181902426
172,x,7,3,1,-0.692538261415093
172,x,13,4,-2,-1.93924925501641
172,x,14,5,1,-0.693123443375039
172,x,15,5,-1,1.25465597256525
172,x,22,6,-2,-1.25531525398448
172,x,23,7,1,1.09636298675673
172,x,24,7,-1,0.364523268525542
172,x,27,5,-5,0.796182341119662
172,x,29,6,-4,-0.952540367590726
172,x,38,6,-6,0.269450202968756
172,x,40,7,-5,0.340998834739071
172,y,4,2,0,-1.30601196086478
172,y,5,2,2,1.39130361380554
172,y,6,2,-2,-0.135223215704032
172,y,8,3,-1,0.792107254701858
172,y,9,4,0,1.25590820078714
172,y,14,5,1,1.31326187485867
172,y,15,5,-1,-0.562467391239847
172,y,20,5,-3,-1.04839113037255
172,y,23,7,1,-0.500707258607795
172,y,37,6,6,0.55475760386403
172,y,38,6,-6,0.108501357177935
172,y,51,7,-7,0.326962601849821
173,x,3,1,-1,1.05877189905199
173,x,4,2,0,1.68608020129681
173,x,6,2,-2,2.47774808017992
173,x,11,3,-3,-0.639122771909076
173,x,19,5,3,0.20126481800046
173,x,21,6,2,-0.491712501400011
173,x,23,7,1,-0.367410445314299
173,x,26,5,5,-0.232903219251168
173,x,29,6,-4,-0.174515244777201
173,x,30,7,3,-0.269240083326026
173,x,37,6,6,0.30864005255216
173,x,39,7,5,0.435519000954079
173,x,40,7,-5,-0.417501771253396
173,y,1,0,0,0.107177185490635
173,y,4,2,0,-0.802506138865272
173,y,5,2,2,2.83739053027189
173,y,6,2,-2,-0.446478835636402
173,y,10,3,3,0.362183410633987
173,y,14,5,1,0.154467977628885
173,y,15,5,-1,0.192394332154634
173,y,16,6,0,0.531160988327894
173,y,17,4,4,2.33108534734042
173,y,18,4,-4,-0.0643009361027001
173,y,21,6,2,-1.02342781164057
173,y,26,5,5,0.925589857465218
173,y,27,5,-5,0.157924239874555
173,y,29,6,-4,-0.265718095056082
173,y,31,7,-3,-0.107287720987561
173,y,37,6,6,-0.56905620910866
173,y,38,6,-6,0.14249770521385
173,y,39,7,5,-0.492508599466283
173,y,50,7,7,0.720452743379365
174,x,1,0,0,2.84621402487894
174,x,4,2,0,-1.20606996369126
174,x,5,2,2,-2.04416994957567
174,x,6,2,-2,-2.24515627213986
174,x,8,3,-1,-0.499297186815282
174,x,9,4,0,0.680047266075926
174,x,10,3,3,-0.146113643796587
174,x,15,5,-1,-0.648557062251516
174,x,16,6,0,0.550384354361843
174,x,20,5,-3,0.221663993556564
174,x,22,6,-2,-0.228792909142094
174,x,24,7,-1,-0.0101366480828703
174,x,27,5,-5,-0.954144544934424
174,x,28,6,4,0.710610340783721
174,x,29,6,-4,0.465326810410038
174,x,30,7,3,0.362058872661246
174,x,31,7,-3,0.14653268338344
174,x,37,6,6,0.198294260102879
174,x,40,7,-5,0.372465435036844
174,x,51,7,-7,-0.0602549088607051
174,y,2,1,1,5.20269168683388
174,y,7,3,1,-1.54865168489631
174,y,9,4,0,0.138564341785303
174,y,10,3,3,-0.997337566226762
174,y,14,5,1,0.720231174441847
174,y,17,4,4,-0.0736155343890989
174,y,21,6,2,-0.131478052435152
174,y,27,5,-5,-0.0915187586481363
174,y,28,6,4,-0.269015053481127
174,y,30,7,3,-0.243204374406345
174,y,31,7,-3,-0.409054308122181
174,y,37,6,6,0.00385399071579664
174,y,39,7,5,-0.450745009525156
175,x,7,3,1,0.912024660803401
175,x,8,3,-1,-2.48106230736213
175,x,9,4,0,0.460295840627254
175,x,15,5,-1,-1.81297154598325
175,x,19,5,3,-0.500234973224197
175,x,22,6,-2,0.766204624196356
175,x,23,7,1,-0.250259999123789
175,x,27,5,-5,-1.01639100882386
175,x,29,6,-4,0.325229041988104
175,x,38,6,-6,-1.54925732743476
175,y,1,0,0,2.23930712535517
175,y,6,2,-2,-0.245645737583411
175,y,9,4,0,0.00488791437320413
175,y,13,4,-2,-0.389394143731536
175,y,14,5,1,0.0505684945182297
175,y,17,4,4,1.07204014954961
175,y,22,6,-2,-0.606808659539456
175,y,28,6,4,-0.239962558473895
175,y,30,7,3,0.58495742795562
175,y,31,7,-3,-0.000764205115728464
176,x,1,0,0,-0.849975063892433
176,x,2,1,1,0.0344266116826438
176,x,4,2,0,1.3036330860773
176,x,6,2,-2,-0.228521684503963
176,x,7,3,1,0.0800989106784928
176,x,9,4,0,0.242414687603587
176,x,10,3,3,0.439062871824738
176,x,11,3,-3,-0.476154947853949
176,x,12,4,2,-0.923406380502134
176,x,13,4,-2,-1.15106860924328
176,x,14,5,1,-0.305371852557413
176,x,19,5,3,-1.17808815446077
176,x,20,5,-3,0.619424271368596
176,x,23,7,1,0.490875535403738
176,x,24,7,-1,-0.452443044837819
176,x,26,5,5,1.01036302404658
176,x,37,6,6,0.101099835765634
176,x,51,7,-7,0.206932127887168
176,y,2,1,1,-0.145091716879573
176,y,4,2,0,-0.81059328275284
176,y,8,3,-1,-0.845068068144282
176,y,9,4,0,-1.89429031140478
176,y,13,4,-2,-0.288397594011068
176,y,16,6,0,-0.199514262449836
176,y,19,5,3,0.354335972085141
176,y,22,6,-2,-0.0309334660676212
176,y,23,7,1,0.250889864165836
176,y,24,7,-1,-0.536524121174298
176,y,26,5,5,0.372325279662845
176,y,27,5,-5,0.0405780739203745
176,y,31,7,-3,0.558913293300979
176,y,38,6,-6,-1.33280282800414
176,y,40,7,-5,-0.295868491382082
176,y,51,7,-7,0.228498504544877
177,x,1,0,0,2.11716958313867
177,x,13,4,-2,-0.19078709201024
177,x,14,5,1,0.154373252227274
177,x,16,6,0,-0.313615177460391
177,x,17,4,4,-1.38154676357842
177,x,20,5,-3,0.174265321514218
177,x,22,6,-2,-0.163371857865479
177,x,28,6,4,-0.069377134967698
177,x,37,6,6,-0.0697625775286033
177,x,39,7,5,-0.639532042710554
177,y,5,2,2,-3.19545902692156
177,y,8,3,-1,1.20860881144093
177,y,9,4,0,0.071425896632078
177,y,14,5,1,0.248647352238177
177,y,17,4,4,0.789237323426777
177,y,20,5,-3,-0.192678402897765
177,y,21,6,2,0.526638250400823
177,y,24,7,-1,0.0165909153362044
177,y,27,5,-5,0.852765272241357
177,y,28,6,4,-0.456441027378357
177,y,29,6,-4,-0.632857519142952
177,y,30,7,3,0.138040817570159
177,y,37,6,6,-0.283537154862814
177,y,39,7,5,0.745572208692634
177,y,40,7,-5,-0.43254963698303
178,x,1,0,0,2.18177513680817
178,x,8,3,-1,-0.774401637504333
178,x,11,3,-3,0.130135889599257
178,x,15,5,-1,-0.590640643358146
178,x,18,4,-4,0.99857627090052
178,x,19,5,3,0.245670172435748
178,x,27,5,-5,-0.652343055542018
178,x,29,6,-4,0.13645805616367
178,x,30,7,3,-0.404137994756362
178,x,38,6,-6,0.460954509562057
178,x,39,7,5,0.222962825346838
178,y,4,2,0,2.22325670042923
178,y,5,2,2,-0.618927485181649
178,y,11,3,-3,-0.361106539645528
178,y,14,5,1,0.42089094264367
178,y,15,5,-1,0.124834850026771
178,y,22,6,-2,0.0363592170278627
178,y,23,7,1,-0.172602264071806
178,y,27,5,-5,-0.479441721136037
178,y,37,6,6,-0.428558526340172
178,y,38,6,-6,-0.299373558916408
178,y,50,7,7,-0.385762561123859
178,y,51,7,-7,0.0120764569531461
179,x,2,1,1,-1.04998501867907
179,x,4,2,0,0.681749809903185
179,x,5,2,2,1.41128221514828
179,x,7,3,1,1.00449056710606
179,x,8,3,-1,-0.100616597686449
179,x,12,4,2,-0.564902872592886
179,x,14,5,1,-0.295829548864859
179,x,16,6,0,0.176262486481935
179,x,18,4,-4,-0.29761652969797
179,x,21,6,2,-0.651630701432114
179,x,27,5,-5,-0.359237937820934
179,x,38,6,-6,-0.0600228604699549
179,y,1,0,0,0.885168353766627
179,y,4,2,0,0.953863769204657
179,y,11,3,-3,-1.69481629204974
179,y,14,5,1,-0.271383477967309
179,y,17,4,4,0.0719802526292843
179,y,19,5,3,0.727615815454814
179,y,20,5,-3,-0.745340791646557
179,y,27,5,-5,0.39050700787305
179,y,28,6,4,-0.056047958295048
179,y,29,6,-4,0.51917440898242
179,y,30,7,3,-0.0157717254346762
179,y,37,6,6,-0.639689759847312
179,y,39,7,5,1.18847441342654
180,x,1,0,0,0.65492031538619
180,x,3,1,-1,-1.13813610044623
180,x,7,3,1,-0.537284425124254
180,x,9,4,0,0.757544852423938
180,x,14,5,1,0.696756865441365
180,x,15,5,-1,0.76592409535903
180,x,16,6,0,-0.554429629625087
180,x,17,4,4,0.453404296567644
180,x,18,4,-4,-0.326923377075296
180,x,21,6,2,-0.56108560579612
180,x,28,6,4,-0.161090956730378
180,x,29,6,-4,-0.139110312456267
180,x,39,7,5,0.394220381836704
180,x,40,7,-5,0.22017081833382
180,x,50,7,7,0.117634176531106
180,x,51,7,-7,0.186830302356994
180,y,5,2,2,1.97109620292495
180,y,7,3,1,0.619625531762709
180,y,9,4,0,0.106621966184384
180,y,11,3,-3,-0.761160230294187
180,y,14,5,1,1.81171461141696
180,y,22,6,-2,-0.457196138202705
180,y,23,7,1,-0.440847591310905
180,y,27,5,-5,0.683294049764127
180,y,28,6,4,-0.523331655299119
180,y,29,6,-4,0.443600195962234
180,y,39,7,5,-0.360944338667435
180,y,40,7,-5,0.0433306619194397
180,y,51,7,-7,-0.835613313940677
181,x,1,0,0,-3.30677065299386
181,x,3,1,-1,4.72742173564052
181,x,6,2,-2,2.05640646328346
181,x,11,3,-3,0.230096825706958
181,x,19,5,3,0.342749197911414
181,x,27,5,-5,0.232064585018424
181,x,28,6,4,0.156265506302902
181,x,29,6,-4,-1.20010221883969
181,x,37,6,6,-0.624410934061741
181,x,38,6,-6,-0.329427392965648
181,x,40,7,-5,-0.488159718432698
181,x,50,7,7,0.626940732234434
181,y,2,1,1,-1.89414826285759
181,y,3,1,-1,0.440811947011659
181,y,4,2,0,-3.1811674503267
181,y,6,2,-2,-1.66435070255574
181,y,8,3,-1,0.315782813022812
181,y,10,3,3,-0.66386876053968
181,y,11,3,-3,0.331407869584783
181,y,12,4,2,-0.951111972909274
181,y,13,4,-2,0.431640690641753
181,y,14,5,1,0.075595135284164
181,y,16,6,0,-0.294307280987546
181,y,17,4,4,1.34838572752434
181,y,19,5,3,0.307027543288838
181,y,20,5,-3,0.569106608915368
181,y,21,6,2,-0.95794913150832
181,y,23,7,1,0.0480325543168508
181,y,28,6,4,0.55194150097976
181,y,29,6,-4,-0.167243264725525
181,y,37,6,6,0.349447807766373
181,y,39,7,5,-0.147979619080723
182,x,1,0,0,-0.952494343867909
182,x,2,1,1,-0.202098650052282
182,x,3,1,-1,1.30982145538497
182,x,4,2,0,-1.80098074125896
182,x,5,2,2,-2.84315834161972
182,x,6,2,-2,0.745241987578229
182,x,7,3,1,-0.492302914944782
182,x,9,4,0,0.0132294445475219
182,x,10,3,3,0.712075344011581
182,x,13,4,-2,-0.402782627364392
182,x,14,5,1,0.358152387968655
182,x,17,4,4,0.919306711803508
182,x,18,4,-4,0.112870411232361
182,x,21,6,2,0.877950288904392
182,x,24,7,-1,0.324609262690797
182,x,26,5,5,0.320741743238921
182,x,27,5,-5,1.04309899289145
182,x,37,6,6,-0.348360314216942
182,x,39,7,5,0.0430242461209912
182,x,40,7,-5,-0.126474176301459
182,y,1,0,0,-2.1716055090389
182,y,2,1,1,-2.05530577519848
182,y,4,2,0,-1.10868930171496
182,y,11,3,-3,0.0881884326254724
182,y,13,4,-2,-0.472823050964143
182,y,17,4,4,-0.714552779860762
182,y,18,4,-4,-0.483581492017752
182,y,19,5,3,0.0837307958130231
182,y,20,5,-3,0.97974638905939
182,y,22,6,-2,-0.675750452592934
182,y,24,7,-1,-0.382674438096932
182,y,30,7,3,0.104248071152091
182,y,37,6,6,-0.181143568661445
182,y,38,6,-6,-0.113138158724586
182,y,39,7,5,-0.520748547777023
182,y,40,7,-5,0.383157179908776
182,y,50,7,7,-0.09003968255828
182,y,51,7,-7,0.115649928163167
183,x,1,0,0,3.81326724033325
183,x,4,2,0,1.81142353094124
183,x,9,4,0,-0.478998706710634
183,x,11,3,-3,0.0584428036773122
183,x,13,4,-2,-0.271401720738071
183,x,14,5,1,-0.346705449515964
183,x,15,5,-1,0.0822985161258743
183,x,16,6,0,0.584800829391328
183,x,18,4,-4,-1.46525221855708
183,x,21,6,2,0.442074985664816
183,x,24,7,-1,-0.319102494662964
183,x,30,7,3,0.684214316372873
183,x,37,6,6,-0.444422414372668
183,x,39,7,5,0.594637048832589
183,y,2,1,1,0.659274211992399
183,y,8,3,-1,-2.78264572662409
183,y,13,4,-2,-0.580741362617153
183,y,15,5,-1,-0.87209965021217
183,y,18,4,-4,-0.704901148209244
183,y,21,6,2,-0.265861573598924
183,y,23,7,1,-0.347753743968953
183,y,28,6,4,-0.552149834739781
183,y,29,6,-4,-1.02886824466072
183,y,50,7,7,-0.0421286171627636
184,x,2,1,1,-7.60452070550751
184,x,4,2,0,-3.07718895515348
184,x,9,4,0,-0.789425983761817
184,x,10,3,3,-0.192333373121294
184,x,12,4,2,0.0710151952059832
184,x,13,4,-2,-0.594558609595917
184,x,17,4,4,-0.824891253252316
184,x,20,5,-3,-0.675163314281478
184,x,21,6,2,0.766142587195634
184,x,23,7,1,0.175080884687715
184,x,26,5,5,0.373297351589154
184,x,28,6,4,0.977308114326947
184,x,29,6,-4,-0.749377062342459
184,x,37,6,6,0.649446686230284
184,x,38,6,-6,0.128575691689222
184,x,40,7,-5,0.127399658928514
184,x,50,7,7,0.111182787488667
184,x,51,7,-7,-0.473498667949408
184,y,1,0,0,-0.233724380110903
184,y,3,1,-1,2.31419318415309
184,y,5,2,2,0.469507070786079
184,y,7,3,1,0.306475387666525
184,y,14,5,1,-0.0647433656208242
184,y,16,6,0,0.0974837286794995
184,y,18,4,-4,-0.79116634729683
184,y,19,5,3,-0.654136600334424
184,y,23,7,1,0.457668318285838
184,y,28,6,4,0.888519003473259
184,y,29,6,-4,0.313076965678776
184,y,30,7,3,-0.0142707882524315
184,y,37,6,6,0.4793277884409
184,y,40,7,-5,-0.91670183159221
184,y,50,7,7,-0.0827195534604927
185,x,2,1,1,1.99182077385208
185,x,3,1,-1,0.0764440661924787
185,x,6,2,-2,-0.411935129575971
185,x,8,3,-1,0.838341683022353
185,x,10,3,3,0.471705439482874
185,x,11,3,-3,-0.831918734993044
185,x,13,4,-2,-0.163536628729977
185,x,16,6,0,1.32922949588629
185,x,19,5,3,0.711864244107433
185,x,20,5,-3,-0.223134838305877
185,x,22,6,-2,0.353081243607175
185,x,26,5,5,-0.102512359044853
185,x,29,6,-4,0.567483562025126
185,x,38,6,-6,-0.256087791541845
185,x,51,7,-7,0.868974830713912
185,y,1,0,0,-3.29876041521549
185,y,5,2,2,0.836213259850247
185,y,6,2,-2,-0.624452584235906
185,y,7,3,1,0.939399029503406
185,y,9,4,0,1.13154569982102
185,y,10,3,3,-0.0521738844363999
185,y,12,4,2,-0.986838447527596
185,y,15,5,-1,-1.0136730851418
185,y,17,4,4,0.471197167637967
185,y,22,6,-2,-1.2390140868794
185,y,23,7,1,-0.658006131362286
185,y,29,6,-4,0.354607130646939
185,y,30,7,3,-0.107723994833007
185,y,31,7,-3,-0.447917067681905
185,y,39,7,5,0.323896680421257
185,y,40,7,-5,-0.0933444276863515
185,y,50,7,7,-0.091085843944222
185,y,51,7,-7,0.483438677585898
186,x,3,1,-1,1.51148009645915
186,x,6,2,-2,-0.793346534951892
186,x,8,3,-1,-1.72505257879189
186,x,9,4,0,-0.77200253881441
186,x,12,4,2,0.87122970589481
186,x,13,4,-2,0.326793357656726
186,x,14,5,1,0.516029919334174
186,x,15,5,-1,0.990540185454813
186,x,18,4,-4,-0.866196196589001
186,x,19,5,3,0.169013824471161
186,x,20,5,-3,-1.08905956697508
186,x,22,6,-2,-0.328991347123818
186,x,24,7,-1,0.243917782202802
186,x,27,5,-5,-0.653598578472464
186,x,28,6,4,-0.301586607119102
186,x,29,6,-4,-0.725409896986776
186,x,31,7,-3,-0.0443552866523317
186,x,37,6,6,0.706651584237194
186,x,51,7,-7,0.290798086478401
186,y,3,1,-1,-3.48260203230646
186,y,7,3,1,-1.22999254066305
186,y,10,3,3,1.35235563562595
186,y,11,3,-3,0.198001757393161
186,y,12,4,2,0.427593981942446
186,y,15,5,-1,0.80575191427012
186,y,16,6,0,0.0859578924478903
186,y,17,4,4,-0.560034521849669
186,y,20,5,-3,0.429085716061396
186,y,22,6,-2,0.0511045888830939
186,y,23,7,1,0.244372901430209
186,y,24,7,-1,-0.133646366047588
186,y,27,5,-5,-0.727720097157218
186,y,28,6,4,-0.202791195095591
186,y,30,7,3,0.116460354087379
186,y,37,6,6,-0.0548468349147069
186,y,38,6,-6,-0.00107657668818316
186,y,39,7,5,-0.0267318182153537
186,y,40,7,-5,-0.811083370700001
187,x,3,1,-1,-1.32433365606643
187,x,5,2,2,1.60281145719974
187,x,6,2,-2,-0.756165840355082
187,x,7,3,1,0.477171419975654
187,x,8,3,-1,0.33374474906869
187,x,11,3,-3,1.1005430878439
187,x,20,5,-3,1.2973490750151
187,x,22,6,-2,-0.838042574291601
187,x,24,7,-1,-0.0202074121933025
187,x,28,6,4,0.0900097922940193
187,x,30,7,3,-0.0795875063255894
187,x,38,6,-6,-0.540703926826917
187,x,50,7,7,0.539711617652094
187,y,1,0,0,1.35201021570738
187,y,3,1,-1,-4.3355819670918
187,y,12,4,2,1.33259261898825
187,y,21,6,2,0.12783311910659
187,y,26,5,5,0.782114543349346
187,y,29,6,-4,-0.621428135108443
187,y,30,7,3,0.00311269456043065
187,y,37,6,6,0.0547791553474552
187,y,38,6,-6,0.0629993504716396
187,y,39,7,5,-0.427809687351884
187,y,51,7,-7,0.351889157002577
188,x,8,3,-1,1.3817633766105
188,x,9,4,0,-1.17377581618618
188,x,17,4,4,-0.652467965482355
188,x,18,4,-4,0.906062977407292
188,x,19,5,3,-2.03441233449062
188,x,20,5,-3,0.11095895213522
188,x,23,7,1,0.0765714763024564
188,x,29,6,-4,0.0821646050509001
188,x,39,7,5,-0.80412268338788
188,x,50,7,7,-0.712264430755661
188,y,5,2,2,-2.55634010529601
188,y,13,4,-2,0.498764931162832
188,y,21,6,2,0.331692359554699
188,y,22,6,-2,-1.53204840236571
188,y,27,5,-5,0.447471049330047
188,y,37,6,6,0.108432224425503
188,y,39,7,5,0.261765189825814
188,y,40,7,-5,0.181665594824632
188,y,50,7,7,-0.437685810746178
188,y,51,7,-7,0.958534824993535
189,x,4,2,0,-0.0235967740299987
189,x,5,2,2,1.37127233774633
189,x,6,2,-2,-2.60746325281876
189,x,7,3,1,0.82663682421602
189,x,10,3,3,0.300068533990412
189,x,14,5,1,-0.410905129847575
189,x,16,6,0,0.163528557234806
189,x,17,4,4,1.23995097969277
189,x,20,5,-3,-0.0783965358425822
189,x,21,6,2,0.44740726075818
189,x,22,6,-2,0.96829248500514
189,x,23,7,1,-0.371716302889347
189,x,24,7,-1,0.164804759018177
189,x,26,5,5,0.381131746883564
189,x,27,5,-5,-0.944330183820175
189,x,37,6,6,-0.865706446133072
189,x,39,7,5,0.630288214876951
189,x,40,7,-5,-0.233085729212679
189,x,51,7,-7,0.0614787563936391
189,y,3,1,-1,-1.63258362717204
189,y,4,2,0,0.718030957033173
189,y,5,2,2,2.02579272098382
189,y,6,2,-2,-0.0497525125774002
189,y,7,3,1,0.250231627604808
189,y,9,4,0,-0.0286711153322056
189,y,10,3,3,1.69879451379414
189,y,14,5,1,0.300220270325278
189,y,15,5,-1,0.146726495093393
189,y,16,6,0,0.416619854356839
189,y,17,4,4,1.18307657500678
189,y,18,4,-4,-0.53235561396202
189,y,20,5,-3,0.552607047620854
189,y,24,7,-1,0.0273650818379073
189,y,27,5,-5,-1.02260801172156
189,y,38,6,-6,-0.587589485526365
189,y,40,7,-5,0.164422581981138
190,x,1,0,0,-0.675090174432776
190,x,2,1,1,-1.12672593564082
190,x,3,1,-1,3.94739189307939
190,x,7,3,1,-0.379117477544256
190,x,9,4,0,-1.98721072117689
190,x,10,3,3,-0.449657192623936
190,x,11,3,-3,-1.43609459239922
190,x,14,5,1,-0.166675992134672
190,x,18,4,-4,-0.667931974079069
190,x,19,5,3,0.542498378281857
190,x,21,6,2,-0.215344713877105
190,x,22,6,-2,0.536785949963601
190,x,23,7,1,-0.36508232605937
190,x,28,6,4,-0.359212233962839
190,x,29,6,-4,0.0108247903726621
190,x,30,7,3,0.182930048301063
190,x,31,7,-3,0.744777578244819
190,x,37,6,6,-0.081378463648311
190,x,50,7,7,-0.241666456456228
190,x,51,7,-7,0.0756079444340155
190,y,1,0,0,2.66047648913346
190,y,3,1,-1,4.40757675250316
190,y,10,3,3,0.183388261833877
190,y,12,4,2,-0.0890191984331367
190,y,16,6,0,0.505970643640665
190,y,21,6,2,1.07834806622862
190,y,23,7,1,-0.0970084818333513
190,y,26,5,5,-0.998217340326303
190,y,30,7,3,-0.164549757755527
190,y,31,7,-3,0.0944425527716932
191,x,2,1,1,-1.85735359792488
191,x,5,2,2,0.273277995472607
191,x,6,2,-2,-0.35867832742394
191,x,16,6,0,-0.19531318980393
191,x,18,4,-4,0.499713490079029
191,x,19,5,3,0.761915328342545
191,x,23,7,1,0.518868417280087
191,x,27,5,-5,-0.377440031685037
191,x,30,7,3,0.306141103044843
191,x,50,7,7,-0.0129718767628212
191,x,51,7,-7,-0.423632895022034
191,y,1,0,0,1.06445450517795
191,y,2,1,1,-4.03379714767253
191,y,4,2,0,0.184703913825239
191,y,5,2,2,0.287099451536258
191,y,6,2,-2,0.613343190454623
191,y,7,3,1,0.0134570595301879
191,y,11,3,-3,0.632273281720324
191,y,12,4,2,0.421750088176258
191,y,13,4,-2,0.480955611942867
191,y,15,5,-1,0.0123877352245223
191,y,18,4,-4,0.232609636600381
191,y,23,7,1,-0.227053844382808
191,y,26,5,5,0.67353856627985
191,y,27,5,-5,-0.567113953520151
191,y,28,6,4,-0.207393186948772
191,y,30,7,3,0.307736650163434
191,y,37,6,6,-0.26789333935404
191,y,50,7,7,-0.413849812080003
191,y,51,7,-7,-0.487816353053136
192,x,2,1,1,-0.678184936962979
192,x,3,1,-1,1.26910246061416
192,x,5,2,2,1.21600894449402
192,x,7,3,1,0.28732397656272
192,x,10,3,3,-0.251244826730959
192,x,13,4,-2,-0.144131253777994
192,x,15,5,-1,-0.731697111347087
192,x,16,6,0,-0.0223736929920978
192,x,18,4,-4,-1.00755755792535
192,x,20,5,-3,0.216052969568943
192,x,22,6,-2,0.438662789697629
192,x,29,6,-4,0.800276591827697
192,x,31,7,-3,-0.670336343836071
192,x,38,6,-6,0.203196109758054
192,x,39,7,5,-0.525701568319423
192,x,40,7,-5,-0.714146721158955
192,x,50,7,7,0.278638155950276
192,y,9,4,0,-1.18425489325226
192,y,11,3,-3,0.131653895952776
192,y,14,5,1,1.18216327101787
192,y,17,4,4,-1.10565398646642
192,y,18,4,-4,-0.794019359966286
192,y,21,6,2,-1.74507708628845
192,y,23,7,1,-1.03607387250343
192,y,26,5,5,-0.144949602253189
192,y,27,5,-5,-0.0316905580943399
192,y,38,6,-6,-1.58205418750347
193,x,2,1,1,0.770673577280382
193,x,5,2,2,0.756444206420251
193,x,7,3,1,-0.154994344318952
193,x,11,3,-3,0.711109619084263
193,x,13,4,-2,0.234365362177198
193,x,16,6,0,1.15088410798942
193,x,18,4,-4,-1.65446322297035
193,x,21,6,2,-1.02561589477505
193,x,22,6,-2,0.918987696951446
193,x,23,7,1,-0.786831148123335
193,x,24,7,-1,0.142317380612715
193,x,26,5,5,1.1467382000119
193,x,28,6,4,-0.944517632438901
193,x,50,7,7,0.0132320721046224
193,y,2,1,1,1.49401077128399
193,y,3,1,-1,2.77046843156907
193,y,4,2,0,-2.10513419179976
193,y,6,2,-2,3.67199974312952
193,y,7,3,1,1.08269451483483
193,y,9,4,0,1.31968747490171
193,y,15,5,-1,-0.337918997933533
193,y,16,6,0,-0.0761655127911145
193,y,19,5,3,0.433351526015884
193,y,21,6,2,0.523445752127266
193,y,23,7,1,0.342319675969295
193,y,27,5,-5,-1.07792604500622
193,y,28,6,4,-0.0846373365975521
193,y,31,7,-3,0.0565563238899234
193,y,37,6,6,0.32396861405683
193,y,39,7,5,0.04485353765472
193,y,40,7,-5,-0.343448530669762
193,y,50,7,7,0.100099035684246
194,x,1,0,0,1.58249507369487
194,x,2,1,1,1.63770511789407
194,x,6,2,-2,2.03467409535408
194,x,9,4,0,-0.0853413807137895
194,x,11,3,-3,0.436884357238673
194,x,12,4,2,0.0730513610360706
194,x,13,4,-2,0.604822959456711
194,x,14,5,1,-0.0433451592672126
194,x,16,6,0,-0.335979458897249
194,x,20,5,-3,-0.684129412966597
194,x,22,6,-2,-0.729653856732726
194,x,30,7,3,-0.435775784865343
194,x,37,6,6,0.106541061439512
194,x,38,6,-6,-0.181717562737564
194,x,39,7,5,0.769017507220359
194,x,50,7,7,0.63563856962136
194,y,2,1,1,4.93363682533175
194,y,4,2,0,1.76978621551703
194,y,6,2,-2,0.95956330609291
194,y,7,3,1,0.2426899414368
194,y,8,3,-1,-0.424196204161808
194,y,9,4,0,-0.694000042082943
194,y,10,3,3,0.101259216430251
194,y,11,3,-3,-0.23212630034562
194,y,12,4,2,-0.602216837573296
194,y,16,6,0,0.82868933523075
194,y,17,4,4,-1.03357234559914
194,y,19,5,3,0.686601729662072
194,y,20,5,-3,-1.03897274030988
194,y,22,6,-2,0.0455400763830292
194,y,23,7,1,-0.374483766401938
194,y,24,7,-1,0.521008483125423
194,y,28,6,4,0.145566150762225
194,y,37,6,6,-0.144236304550744
194,y,38,6,-6,-0.00678894772407399
194,y,39,7,5,-0.134477289289256
195,x,2,1,1,-2.96999254348603
195,x,3,1,-1,1.14918228246417
195,x,4,2,0,-0.54583320328246
195,x,7,3,1,-0.13568993480973
195,x,9,4,0,0.720882000078358
195,x,10,3,3,-0.659212016397248
195,x,14,5,1,0.0592925952524193
195,x,15,5,-1,-0.526042011886499
195,x,17,4,4,-1.54321965046443
195,x,20,5,-3,-0.455184338238171
195,x,21,6,2,-0.431237053939971
195,x,30,7,3,-0.696625451832503
195,x,31,7,-3,-0.311997148385528
195,x,37,6,6,-0.718873732167415
195,x,38,6,-6,-0.141817576970297
195,x,39,7,5,0.232670042081579
195,y,1,0,0,7.32823926087901
195,y,2,1,1,4.74379897805488
195,y,3,1,-1,-3.09144342327205
195,y,4,2,0,-1.81401541327022
195,y,8,3,-1,-0.20595858864933
195,y,11,3,-3,-0.0806401366967921
195,y,13,4,-2,0.571049974535171
195,y,23,7,1,0.337989285477159
195,y,38,6,-6,-0.739952998633888
195,y,51,7,-7,0.34339900239725
196,x,1,0,0,0.0687119219962755
196,x,2,1,1,4.21472522040975
196,x,3,1,-1,0.490805599837257
196,x,5,2,2,-0.144373788967093
196,x,7,3,1,0.823362391927882
196,x,9,4,0,-0.97607107032994
196,x,12,4,2,0.0586120993992329
196,x,14,5,1,-0.931718183505276
196,x,15,5,-1,-0.0800815663459949
196,x,16,6,0,-0.50993758878069
196,x,22,6,-2,-0.275591707966176
196,x,23,7,1,-0.242591702861009
196,x,24,7,-1,-0.214268905214366
196,x,26,5,5,-0.403253090117154
196,x,28,6,4,-0.149855562919445
196,x,29,6,-4,-0.287001885272512
196,x,30,7,3,-0.443084878748281
196,x,31,7,-3,-0.331159767063742
196,x,39,7,5,0.689090456499354
196,x,51,7,-7,0.109385672658596
196,y,1,0,0,-4.0470603832348
196,y,2,1,1,1.04383262628314
196,y,4,2,0,2.56343704392318
196,y,7,3,1,0.999459320491357
196,y,11,3,-3,-0.139226565953703
196,y,13,4,-2,0.564088470658952
196,y,14,5,1,-0.426490303481058
196,y,15,5,-1,0.366520526694703
196,y,16,6,0,-0.632829491779656
196,y,17,4,4,-0.311888509749033
196,y,19,5,3,0.211476611945862
196,y,21,6,2,-0.245910369924223
196,y,23,7,1,0.0298231673025099
196,y,27,5,-5,-0.00551243566512811
196,y,29,6,-4,-0.24904336590029
196,y,37,6,6,0.5845065572154
196,y,38,6,-6,0.272735114669143
197,x,3,1,-1,3.80424053357318
197,x,7,3,1,0.804265145863908
197,x,9,4,0,-1.91825186313135
197,x,10,3,3,-1.2151136229637
197,x,12,4,2,1.39231117086755
197,x,13,4,-2,1.05302189010564
197,x,17,4,4,0.178430399125978
197,x,28,6,4,0.387939621807205
197,x,30,7,3,-0.138266204174676
197,x,37,6,6,-0.289849462042273
197,x,40,7,-5,0.537826581034742
197,y,1,0,0,1.92669638877974
197,y,2,1,1,-0.14314174530139
197,y,6,2,-2,-0.623460112857948
197,y,8,3,-1,-0.680332869481615
197,y,15,5,-1,0.732338442492475
197,y,16,6,0,-0.165543599800518
197,y,18,4,-4,-1.58003352161579
197,y,20,5,-3,-0.244854950162906
197,y,28,6,4,0.320257750758278
197,y,30,7,3,-0.671419409698465
197,y,51,7,-7,0.323399691355105
198,x,4,2,0,1.67605620495687
198,x,5,2,2,0.217747819890096
198,x,6,2,-2,1.04348072332612
198,x,7,3,1,-0.338012701486628
198,x,8,3,-1,1.94793772440101
198,x,11,3,-3,-1.20250641098204
198,x,15,5,-1,0.301291781757562
198,x,24,7,-1,0.470028852843028
198,x,27,5,-5,-0.297993435002632
198,x,28,6,4,0.159152270237229
198,x,29,6,-4,-0.124128622183864
198,x,30,7,3,0.548975144125908
198,x,39,7,5,-0.218981345586752
198,x,40,7,-5,0.559720857141217
198,x,50,7,7,-0.813747665519313
198,y,1,0,0,0.742698394678246
198,y,8,3,-1,0.0232761438391931
198,y,11,3,-3,0.0979740911435222
198,y,13,4,-2,1.23690958341008
198,y,14,5,1,-0.611301110027951
198,y,15,5,-1,2.04458675353586
198,y,16,6,0,-0.628986409702034
198,y,18,4,-4,1.68422433985328
198,y,19,5,3,-0.562633305477327
198,y,21,6,2,0.61566390465872
198,y,22,6,-2,0.014214369975964
198,y,23,7,1,0.571579443019646
198,y,26,5,5,-0.0593873830480618
198,y,28,6,4,-1.48082050326502
198,y,29,6,-4,0.385765671686583
198,y,31,7,-3,-1.06664278489503
198,y,51,7,-7,-0.193905027406632
199,x,1,0,0,-1.46336899947289
199,x,2,1,1,3.17297416418678
199,x,4,2,0,-1.84962097515333
199,x,8,3,-1,0.592969387451232
199,x,9,4,0,0.157912947966283
199,x,10,3,3,0.0141310780082528
199,x,12,4,2,-0.18465619268919
199,x,15,5,-1,1.18537738090115
199,x,16,6,0,0.22251807606277
199,x,17,4,4,-0.980922688706811
199,x,22,6,-2,-0.325740135096623
199,x,27,5,-5,0.558884880421043
199,x,28,6,4,-0.137811151842125
199,x,29,6,-4,0.444726697816795
199,x,30,7,3,-0.135241135635884
199,x,38,6,-6,-0.562753257610005
199,x,51,7,-7,-0.752067722297328
199,y,1,0,0,1.92912035935548
199,y,3,1,-1,-4.27563080399697
199,y,4,2,0,0.346530624816469
199,y,5,2,2,-2.52455215574812
199,y,6,2,-2,0.146342561109084
199,y,7,3,1,0.667868663506606
199,y,9,4,0,-0.233210146514656
199,y,10,3,3,-1.7806696086734
199,y,11,3,-3,0.0622176892161669
199,y,13,4,-2,1.70466893220856
199,y,22,6,-2,-0.0899171483738949
199,y,26,5,5,-0.794445461803265
199,y,28,6,4,0.231675490468226
199,y,30,7,3,0.151074319896628
199,y,31,7,-3,-0.600378175801833
199,y,37,6,6,0.117356788799311
199,y,38,6,-6,-0.325683036549331
199,y,39,7,5,0.302362355262373
199,y,50,7,7,-0.238709684476247
199,y,51,7,-7,-0.129320476927014
200,x,2,1,1,2.29192164990661
200,x,5,2,2,-1.93263722540787
200,x,6,2,-2,-1.44128799991666
200,x,9,4,0,-1.25827358345219
200,x,10,3,3,0.018166492071661
200,x,12,4,2,0.593389832317166
200,x,13,4,-2,-0.822191704483975
200,x,14,5,1,0.00431005051747133
200,x,17,4,4,1.46792700725938
200,x,18,4,-4,1.59291872043829
200,x,20,5,-3,-0.595724443144318
200,x,21,6,2,0.437527082794297
200,x,22,6,-2,-0.0879664580957235
200,x,26,5,5,0.142512715761932
200,x,29,6,-4,-0.602057885975195
200,x,31,7,-3,-0.715548073700715
200,x,39,7,5,-0.328689053799003
200,x,51,7,-7,0.48273334567633
200,y,1,0,0,1.65775345486256
200,y,3,1,-1,-2.64960683635799
200,y,6,2,-2,0.723756138676959
200,y,8,3,-1,0.426515989546509
200,y,10,3,3,-0.328762119799221
200,y,11,3,-3,-2.17219588002602
200,y,12,4,2,0.273521847230078
200,y,14,5,1,0.689807748621775
200,y,16,6,0,0.0886096905449584
200,y,17,4,4,-0.413749505071672
200,y,18,4,-4,-0.772529419945912
200,y,20,5,-3,0.57218648382243
200,y,21,6,2,0.127740105191171
200,y,22,6,-2,0.38152639319004
200,y,23,7,1,-0.0297349357110437
200,y,24,7,-1,-0.14821155430932
200,y,27,5,-5,-0.765146539637307
200,y,28,6,4,0.454946043571422
200,y,37,6,6,-0.654031560950769
201,x,2,1,1,1.04512225964071
201,x,4,2,0,-1.58807392185541
201,x,7,3,1,0.38167180420467
201,x,11,3,-3,-1.09186746853488
201,x,15,5,-1,-0.102652193022505
201,x,18,4,-4,-2.69847574450293
201,x,21,6,2,0.104955359650833
201,x,23,7,1,0.381070625268526
201,x,29,6,-4,0.618669937253409
201,x,38,6,-6,-0.323056219697664
201,y,4,2,0,-3.023687736379
201,y,5,2,2,0.768994958159369
201,y,6,2,-2,-0.630801636471592
201,y,9,4,0,-0.677726839113246
201,y,12,4,2,-1.47137656253818
201,y,14,5,1,-0.244066888953785
201,y,15,5,-1,0.133242921337744
201,y,16,6,0,-0.222562195149904
201,y,18,4,-4,0.303356803271313
201,y,19,5,3,-0.448676209269638
201,y,29,6,-4,-0.313773679692491
201,y,31,7,-3,-0.0837723956248058
201,y,39,7,5,0.00284936250099939
202,x,1,0,0,-4.44163488514827
202,x,2,1,1,-0.0419115165323384
202,x,3,1,-1,4.75805637774564
202,x,9,4,0,0.767144782360384
202,x,10,3,3,1.64777566595762
202,x,13,4,-2,-1.32551818497511
202,x,18,4,-4,-1.25510222006821
202,x,23,7,1,-0.404097618809307
202,x,27,5,-5,0.745123295737004
202,x,31,7,-3,-0.0628495308811349
202,x,37,6,6,-0.549412130764246
202,x,38,6,-6,-0.34535791002718
202,y,2,1,1,3.83934783426847
202,y,3,1,-1,0.786378849498838
202,y,4,2,0,-0.984169697696967
202,y,5,2,2,-0.313822320604217
202,y,6,2,-2,0.870531385580714
202,y,7,3,1,-0.940759792639924
202,y,10,3,3,-1.59133727085492
202,y,15,5,-1,-0.521144793569259
202,y,18,4,-4,0.34144062307371
202,y,19,5,3,-0.025796078615715
202,y,20,5,-3,-0.513214203012691
202,y,21,6,2,-0.274950068212432
202,y,24,7,-1,0.580301194528502
202,y,29,6,-4,0.588412534489334
202,y,31,7,-3,0.545462737073834
202,y,40,7,-5,0.215050478771816
202,y,51,7,-7,-0.476495970874074
203,x,4,2,0,1.15988778389927
203,x,5,2,2,-0.14601489849076
203,x,7,3,1,1.06798394793192
203,x,11,3,-3,-1.87831751181286
203,x,17,4,4,0.70563812523662
203,x,20,5,-3,-0.665781330758409
203,x,21,6,2,-0.309391871250684
203,x,26,5,5,-0.153420956220877
203,x,27,5,-5,0.698783395546677
203,x,30,7,3,0.293658795602886
203,x,38,6,-6,1.16291795986788
203,x,39,7,5,0.244032408973728
203,x,40,7,-5,1.16739268348689
203,x,51,7,-7,-0.549414320516282
203,y,10,3,3,-2.26736374010029
203,y,14,5,1,-1.7027928330244
203,y,15,5,-1,-1.40848347572505
203,y,16,6,0,0.0986945764518143
203,y,17,4,4,0.708660426406794
203,y,18,4,-4,-0.300266325444787
203,y,20,5,-3,-0.656609789243382
203,y,24,7,-1,0.537665488875959
203,y,29,6,-4,-0.871408069183448
203,y,38,6,-6,0.135955224698015
203,y,39,7,5,-0.336406732402955
204,x,7,3,1,1.27798424353423
204,x,8,3,-1,0.984039957206837
204,x,9,4,0,-0.969226648990161
204,x,16,6,0,-0.410953916569009
204,x,19,5,3,0.627298251494905
204,x,21,6,2,-0.897246162006118
204,x,22,6,-2,0.209179176631252
204,x,23,7,1,-0.10932323724016
204,x,24,7,-1,0.754162543162209
204,x,27,5,-5,0.302379227038852
204,x,28,6,4,1.99978778974979
204,x,29,6,-4,0.500766170526414
204,x,40,7,-5,-0.707374858802359
204,y,3,1,-1,-0.443508189117598
204,y,4,2,0,1.29756498270653
204,y,5,2,2,1.72140022753086
204,y,8,3,-1,-1.41440157486963
204,y,10,3,3,0.298015344008131
204,y,12,4,2,-1.31457135443614
204,y,13,4,-2,0.355561663156802
204,y,16,6,0,-0.818914859551182
204,y,18,4,-4,0.156288179078878
204,y,23,7,1,-0.171394804049068
204,y,26,5,5,-0.327557065943493
204,y,27,5,-5,-1.17104090552566
204,y,40,7,-5,-0.645721289255765
204,y,51,7,-7,0.457922421783543
205,x,1,0,0,-3.02996372495938
205,x,3,1,-1,5.21944110876788
205,x,4,2,0,-2.06663143254024
205,x,6,2,-2,-1.59293667016522
205,x,9,4,0,0.487775344505809
205,x,10,3,3,-1.12008915891781
205,x,14,5,1,-0.615928022141546
205,x,15,5,-1,0.846463919707585
205,x,17,4,4,0.711900753135247
205,x,22,6,-2,-0.230704283547368
205,x,24,7,-1,0.117105817285955
205,x,26,5,5,-0.482906508221018
205,x,27,5,-5,-0.242459172647175
205,x,28,6,4,0.418293499871735
205,x,30,7,3,-0.507157060849453
205,x,31,7,-3,0.590353710107485
205,x,37,6,6,-0.813476677231594
205,x,51,7,-7,-0.205505214383597
205,y,5,2,2,2.43437870099614
205,y,6,2,-2,0.153470058334521
205,y,15,5,-1,-0.0596853044232457
205,y,17,4,4,0.57024588057409
205,y,20,5,-3,-0.779566953631119
205,y,23,7,1,0.104587601645897
205,y,24,7,-1,-0.00453253413428867
205,y,28,6,4,-0.180833719728299
205,y,29,6,-4,0.0607451427555539
205,y,51,7,-7,0.454693308985306
206,x,2,1,1,2.03601249258494
206,x,4,2,0,-0.128003381565287
206,x,5,2,2,-0.653045848039669
206,x,6,2,-2,-0.418737360420372
206,x,12,4,2,-0.082737259248003
206,x,13,4,-2,-0.0048467891554587
206,x,17,4,4,-0.401287748674621
206,x,23,7,1,0.0760286641198196
206,x,27,5,-5,-2.07645068494572
206,x,28,6,4,-0.178444279273886
206,x,30,7,3,-0.161125537861824
206,x,31,7,-3,0.467610353396176
206,x,37,6,6,0.374481674365963
206,x,40,7,-5,0.397279061958309
206,x,51,7,-7,0.408576842736759
206,y,3,1,-1,2.53707882700571
206,y,5,2,2,2.352581855139
206,y,7,3,1,0.0221377847045077
206,y,8,3,-1,0.662286226000839
206,y,9,4,0,0.193625275294364
206,y,10,3,3,-1.2537200032024
206,y,13,4,-2,-1.22330644003455
206,y,14,5,1,-2.64265087035014e-05
206,y,17,4,4,0.124657663312395
206,y,18,4,-4,-0.337606723768785
206,y,19,5,3,-0.385671290450239
206,y,22,6,-2,0.335889305422561
206,y,26,5,5,-0.856174665256831
206,y,28,6,4,-0.808014648247904
206,y,30,7,3,0.588507932643812
206,y,37,6,6,-1.2088374498018
206,y,40,7,-5,-0.460181677915178
207,x,6,2,-2,0.50163200252527
207,x,7,3,1,-0.177551015065399
207,x,10,3,3,0.169480787788028
207,x,13,4,-2,-1.68870063602715
207,x,14,5,1,-2.05981730127259
207,x,15,5,-1,-0.0938587610198527
207,x,17,4,4,1.07294547859821
207,x,22,6,-2,0.113519052182791
207,x,26,5,5,0.433295187940376
207,x,27,5,-5,-0.94394462622547
207,x,28,6,4,0.636670834911418
207,x,29,6,-4,-1.23966451025706
207,x,38,6,-6,-0.524990562776857
207,x,39,7,5,-0.0161743742797547
207,x,50,7,7,0.171318687489021
207,y,2,1,1,1.08242862746746
207,y,4,2,0,0.667419859176014
207,y,5,2,2,1.85178799685399
207,y,6,2,-2,-0.728229595986077
207,y,7,3,1,-1.10741970327263
207,y,9,4,0,0.306731181894335
207,y,12,4,2,0.249293571753066
207,y,14,5,1,0.695944695317561
207,y,17,4,4,-0.213603554694037
207,y,20,5,-3,0.4365774096403
207,y,21,6,2,0.0138484811578172
207,y,24,7,-1,-0.350057924440974
207,y,26,5,5,0.686214887889052
207,y,28,6,4,0.0213811263054184
207,y,29,6,-4,0.0126335976665851
207,y,40,7,-5,0.886376975747308
208,x,2,1,1,-1.09065936425397
208,x,3,1,-1,2.03126794309282
208,x,6,2,-2,0.389091832724212
208,x,9,4,0,0.412475515502269
208,x,17,4,4,0.210984407745784
208,x,18,4,-4,0.141667010143728
208,x,21,6,2,0.582335966631421
208,x,22,6,-2,-0.221377207020236
208,x,24,7,-1,0.458342095920118
208,x,31,7,-3,0.0172433803280769
208,x,39,7,5,0.41376142618006
208,y,2,1,1,-0.730597716459986
208,y,4,2,0,0.701334855673402
208,y,5,2,2,-1.28962943214421
208,y,6,2,-2,-0.691053969906198
208,y,10,3,3,2.24785844605733
208,y,11,3,-3,-1.93890451764789
208,y,12,4,2,-1.45176026147865
208,y,13,4,-2,0.452426948391918
208,y,15,5,-1,-0.0324038852644717
208,y,19,5,3,-0.197160410240177
208,y,20,5,-3,0.59034284323589
208,y,23,7,1,-0.0137549634143943
208,y,24,7,-1,0.115147115847199
208,y,26,5,5,0.229911489789932
208,y,30,7,3,-0.200922434301476
208,y,31,7,-3,0.0481838354840972
208,y,38,6,-6,0.420583530333475
208,y,51,7,-7,-0.00890852916710032
209,x,3,1,-1,2.85070218481539
209,x,6,2,-2,-0.371633674888525
209,x,15,5,-1,0.0278003351807139
209,x,16,6,0,-0.00074428585765
209,x,17,4,4,0.342209247296577
209,x,20,5,-3,-0.46197950379885
209,x,21,6,2,0.266321772719171
209,x,24,7,-1,-0.402451374297554
209,x,28,6,4,-0.479109884333759
209,x,37,6,6,1.41374080473736
209,x,38,6,-6,0.697389602191642
209,x,39,7,5,-0.0997828601763516
209,x,51,7,-7,0.430299007408748
209,y,2,1,1,2.68718906147891
209,y,4,2,0,-0.535245238883039
209,y,8,3,-1,-0.439290468716467
209,y,9,4,0,-0.0530065719808383
209,y,11,3,-3,-0.153390536561505
209,y,12,4,2,-1.21717134850626
209,y,22,6,-2,-0.436035364227941
209,y,24,7,-1,-0.0105293504868689
209,y,26,5,5,-0.0075574668082782
209,y,27,5,-5,0.558003057285316
209,y,50,7,7,0.229540317294431
209,y,51,7,-7,0.313087207885705
210,x,2,1,1,-0.151434547775517
210,x,8,3,-1,-2.12673049177805
210,x,10,3,3,0.45183328084001
210,x,12,4,2,0.339999098357396
210,x,13,4,-2,-0.639959635916807
210,x,14,5,1,0.722291272651741
210,x,15,5,-1,1.45352847390689
210,x,18,4,-4,-0.102802784329574
210,x,19,5,3,1.18228691037566
210,x,20,5,-3,0.584155449377571
210,x,22,6,-2,0.330536764622682
210,x,24,7,-1,-0.15777037316747
210,x,28,6,4,0.0665012253315014
210,x,29,6,-4,-0.0776699145144328
210,x,30,7,3,0.322857812629439
210,x,37,6,6,-0.514960663374043
210,x,51,7,-7,-0.0841631636128466
210,y,2,1,1,-0.665294719680964
210,y,3,1,-1,2.47712924138201
210,y,4,2,0,-3.51239056247963
210,y,9,4,0,-0.236205923888126
210,y,10,3,3,-1.29785593243662
210,y,12,4,2,-0.917599319602509
210,y,14,5,1,0.0810154800501681
210,y,15,5,-1,0.123643717665769
210,y,16,6,0,0.33908131801401
210,y,19,5,3,0.355867980592929
210,y,21,6,2,-0.328645115881024
210,y,23,7,1,0.243421678346858
210,y,24,7,-1,0.741021410745889
210,y,26,5,5,0.517859023501881
210,y,28,6,4,0.565680856931398
210,y,29,6,-4,0.582131647755442
210,y,30,7,3,-0.365752102264252
210,y,40,7,-5,-0.25633554267878
210,y,50,7,7,-0.274876646771981
210,y,51,7,-7,0.162093681587039
211,x,1,0,0,2.0241195427459
211,x,2,1,1,-1.07389988292406
211,x,4,2,0,1.10781302317498
211,x,10,3,3,-0.808882094074855
211,x,11,3,-3,0.746566655875623
211,x,14,5,1,0.104463037310072
211,x,18,4,-4,1.17672779241438
211,x,19,5,3,-0.837966077678643
211,x,22,6,-2,-0.238824705467783
211,x,23,7,1,0.612982843102785
211,x,24,7,-1,0.369362100082632
211,x,28,6,4,0.19605600855008
211,x,30,7,3,0.180453351080473
211,x,38,6,-6,-0.149175514791127
211,x,39,7,5,0.747241615942768
211,x,40,7,-5,0.299149429470258
211,x,51,7,-7,-0.389677719403179
211,y,2,1,1,2.61263105828269
211,y,3,1,-1,4.17259176788939
211,y,5,2,2,1.77525464374061
211,y,11,3,-3,0.926674735040331
211,y,12,4,2,-0.01507927267771
211,y,13,4,-2,-0.697245921912803
211,y,16,6,0,-0.149924130476441
211,y,17,4,4,-0.175194399644195
211,y,20,5,-3,-0.66620050101061
211,y,24,7,-1,-0.132696486282764
211,y,26,5,5,0.730131806519329
211,y,27,5,-5,-0.417607434857581
211,y,28,6,4,1.08586546188133
211,y,29,6,-4,0.0669108166762098
211,y,31,7,-3,0.0282729641611231
211,y,39,7,5,-0.439316841518704
211,y,40,7,-5,-1.0036259001263
212,x,1,0,0,2.24735962714711
212,x,6,2,-2,2.72177075184409
212,x,8,3,-1,-1.77695163214397
212,x,9,4,0,0.517922064053457
212,x,11,3,-3,-1.19239557519969
212,x,17,4,4,-0.389194690289456
212,x,18,4,-4,-0.632521779347324
212,x,19,5,3,-0.473287674180803
212,x,22,6,-2,0.632031514214719
212,x,26,5,5,-0.980750927414245
212,x,27,5,-5,-0.400655032882073
212,x,28,6,4,0.736047001012715
212,x,30,7,3,0.0624657677949788
212,x,31,7,-3,-0.16941814519559
212,x,37,6,6,0.18381613224507
212,x,38,6,-6,0.237463759198288
212,x,39,7,5,0.418589946328682
212,y,5,2,2,-1.99220045451071
212,y,6,2,-2,0.406544980354292
212,y,7,3,1,1.5187466319764
212,y,8,3,-1,0.194427265518659
212,y,12,4,2,-1.9476646714032
212,y,13,4,-2,1.15950231449314
212,y,17,4,4,0.634570349674645
212,y,18,4,-4,-0.244006274354823
212,y,24,7,-1,0.48768216014651
212,y,26,5,5,0.17895369576342
212,y,27,5,-5,0.176541319200343
212,y,28,6,4,0.610385276626162
212,y,29,6,-4,-0.105738856382543
212,y,37,6,6,-0.340982049159742
212,y,38,6,-6,0.395182480377375
212,y,39,7,5,-0.265224347626764
212,y,50,7,7,-0.0592262403210332
212,y,51,7,-7,0.163642262997472
213,x,2,1,1,3.05307011556418
213,x,4,2,0,2.44333427111418
213,x,7,3,1,0.40853006325325
213,x,9,4,0,-0.00644291701520859
213,x,10,3,3,0.109501859895181
213,x,12,4,2,-1.1731876739839
213,x,13,4,-2,1.29502163956361
213,x,17,4,4,-0.108562393983922
213,x,18,4,-4,-0.780294940427926
213,x,24,7,-1,-0.242034943534532
213,x,38,6,-6,-0.430161333699323
213,x,39,7,5,-0.633621697171901
213,x,50,7,7,-0.627505727990208
213,x,51,7,-7,-0.13900286897195
213,y,3,1,-1,2.10408596745967
213,y,6,2,-2,0.313083846510744
213,y,7,3,1,0.0884678197035727
213,y,8,3,-1,-0.527734687763541
213,y,9,4,0,-0.682052432657993
213,y,10,3,3,0.161023380634718
213,y,14,5,1,0.894995165358564
213,y,15,5,-1,0.151986131219483
213,y,16,6,0,0.688685922694682
213,y,17,4,4,0.761878637252036
213,y,18,4,-4,0.780166941419094
213,y,22,6,-2,-0.602130557502532
213,y,23,7,1,0.825593064458619
213,y,26,5,5,-1.10181134997203
213,y,37,6,6,0.51461186822868
213,y,38,6,-6,0.0820357749695562
213,y,39,7,5,-1.02804421430836
213,y,40,7,-5,-0.16313501700603
213,y,50,7,7,-1.14735779270728
214,x,1,0,0,-0.739085533741573
214,x,4,2,0,1.99238338040713
214,x,6,2,-2,-0.846058916101385
214,x,7,3,1,-0.958753651584409
214,x,8,3,-1,-0.812840624028977
214,x,16,6,0,-0.207595789540025
214,x,19,5,3,0.906302282234062
214,x,20,5,-3,0.474604230052219
214,x,21,6,2,-0.253388926547012
214,x,22,6,-2,1.3211957180037
214,x,23,7,1,0.461621959025862
214,x,28,6,4,-0.0573822587341145
214,x,29,6,-4,-0.0653802377406982
214,x,31,7,-3,-0.635391744147108
214,x,40,7,-5,0.100537308308602
214,x,50,7,7,0.593519039019129
214,y,4,2,0,1.15807974278225
214,y,6,2,-2,0.263369883486289
214,y,11,3,-3,0.749235476810257
214,y,12,4,2,-0.255516411054717
214,y,14,5,1,0.065726870131877
214,y,16,6,0,-0.504369364885536
214,y,18,4,-4,0.835141542265712
214,y,19,5,3,-1.9086761114246
214,y,20,5,-3,0.216605865916367
214,y,24,7,-1,-0.515099817766072
214,y,30,7,3,0.781838880248539
214,y,31,7,-3,-0.167127936723208
214,y,37,6,6,-0.333844828262202
214,y,39,7,5,-0.718811000602517
215,x,3,1,-1,1.15031180780797
215,x,7,3,1,-0.611914330351526
215,x,10,3,3,1.40838683422848
215,x,14,5,1,-0.0592785247050283
215,x,16,6,0,-0.253429861652339
215,x,17,4,4,1.23120133687746
215,x,20,5,-3,-0.0200469091720716
215,x,22,6,-2,-1.23693420226896
215,x,26,5,5,-0.127930060771929
215,x,28,6,4,-1.50541730504262
215,x,37,6,6,0.405050486768832
215,x,38,6,-6,0.13597313224922
215,x,51,7,-7,0.0755665844805132
215,y,1,0,0,-2.82693654655811
215,y,2,1,1,5.02070340804728
215,y,6,2,-2,1.27657942295946
215,y,9,4,0,-0.0912618907798256
215,y,12,4,2,-0.602522016263339
215,y,14,5,1,0.0721859126330077
215,y,16,6,0,-0.0721193753100506
215,y,18,4,-4,-0.712852468494717
215,y,22,6,-2,-1.15631388451881
215,y,24,7,-1,0.229849284592155
215,y,26,5,5,0.396722319631267
215,y,28,6,4,-0.214916922785996
215,y,29,6,-4,-0.222725937967941
215,y,37,6,6,0.196033807510181
215,y,40,7,-5,0.408678734694653
216,x,2,1,1,1.96816567092306
216,x,4,2,0,0.19263482405213
216,x,5,2,2,-2.08185008133297
216,x,7,3,1,0.115811166238427
216,x,8,3,-1,-0.199139852400986
216,x,10,3,3,1.58186564540238
216,x,12,4,2,0.872202261856869
216,x,13,4,-2,0.575709152158153
216,x,19,5,3,0.193776108115915
216,x,21,6,2,0.175927649422176
216,x,22,6,-2,0.086402734040011
216,x,23,7,1,-0.993050836474959
216,x,27,5,-5,-0.0188356981193947
216,x,29,6,-4,0.728192647754466
216,x,30,7,3,0.858469799830412
216,x,31,7,-3,0.672407188745646
216,x,37,6,6,-0.439461682416227
216,y,1,0,0,0.208844537559885
216,y,2,1,1,3.23168356611954
216,y,7,3,1,0.133896510916908
216,y,12,4,2,1.7622822939662
216,y,15,5,-1,-0.0322705493219139
216,y,16,6,0,0.557960498484147
216,y,18,4,-4,-1.31153391137855
216,y,20,5,-3,-0.00422351805188076
216,y,22,6,-2,1.20792789034127
216,y,23,7,1,-0.12410611649623
216,y,24,7,-1,0.303848529914926
216,y,26,5,5,2.2903707643921
216,y,29,6,-4,-0.4882108154653
216,y,31,7,-3,0.452698157805469
217,x,4,2,0,0.28486304127645
217,x,6,2,-2,0.816114085963844
217,x,7,3,1,1.12369624702133
217,x,8,3,-1,1.64924573108004
217,x,14,5,1,-0.338837721895171
217,x,15,5,-1,-1.13911786227745
217,x,16,6,0,0.484577540918589
217,x,19,5,3,-1.68804931186258
217,x,23,7,1,-0.482652496469123
217,x,27,5,-5,-0.113320082411404
217,x,28,6,4,-0.110492040660173
217,x,38,6,-6,-0.0315357035981393
217,x,39,7,5,0.305664322760286
217,x,50,7,7,-0.433283583235313
217,y,6,2,-2,-4.6791342544904
217,y,7,3,1,0.0612778836870498
217,y,9,4,0,-1.1589258014019
217,y,11,3,-3,0.0472930734538645
217,y,12,4,2,-0.298927183788338
217,y,13,4,-2,0.689234311429969
217,y,15,5,-1,-0.482196412052622
217,y,16,6,0,1.11245930272962
217,y,17,4,4,-0.638168871796144
217,y,19,5,3,0.920378067963602
217,y,21,6,2,-0.480208790382889
217,y,24,7,-1,-0.354474715307379
217,y,27,5,-5,-0.457356871180525
217,y,29,6,-4,0.118316945282217
217,y,30,7,3,-0.180386556929757
217,y,31,7,-3,0.0195825932252377
217,y,38,6,-6,0.369269806677683
217,y,39,7,5,0.143929810362689
217,y,40,7,-5,-0.336269701818854
217,y,50,7,7,-0.480483063119949
218,x,1,0,0,-0.343797821819781
218,x,2,1,1,-2.4563411295247
218,x,4,2,0,-0.505938500718423
218,x,7,3,1,1.19113482353093
218,x,8,3,-1,1.52889122870424
218,x,11,3,-3,0.936315410475575
218,x,12,4,2,-1.1605397164161
218,x,13,4,-2,-0.306420398938902
218,x,14,5,1,-0.333139814209309
218,x,16,6,0,-0.207488278845884
218,x,18,4,-4,-0.0944212141819856
218,x,20,5,-3,-0.160157189882436
218,x,21,6,2,-0.453925804851967
218,x,23,7,1,-0.245924420356949
218,x,24,7,-1,-0.328495380516371
218,x,29,6,-4,0.610713723698924
218,x,31,7,-3,0.0466598271097913
218,x,38,6,-6,0.222592904191218
218,x,50,7,7,0.647941806447427
218,x,51,7,-7,0.230183239275702
218,y,2,1,1,-3.17914896928395
218,y,7,3,1,-0.124887391049541
218,y,11,3,-3,0.332879057153702
218,y,12,4,2,-0.564959450736829
218,y,13,4,-2,-0.849879574421124
218,y,15,5,-1,0.0458498617935848
218,y,16,6,0,-0.0211541300119893
218,y,17,4,4,0.407141480456643
218,y,20,5,-3,0.376132978734128
218,y,22,6,-2,0.751624344008986
218,y,24,7,-1,0.513791583633776
218,y,26,5,5,-0.966644361210889
218,y,27,5,-5,-0.0473111164118523
218,y,30,7,3,-0.0840963440898562
218,y,31,7,-3,-0.487105342749214
218,y,37,6,6,-0.995444724820599
218,y,39,7,5,0.100123696794285
218,y,50,7,7,0.290304766848881
218,y,51,7,-7,0.659237963353001
219,x,1,0,0,-0.237136665906494
219,x,2,1,1,1.25817377849452
219,x,8,3,-1,-1.07972769209467
219,x,9,4,0,-0.764476481046758
219,x,11,3,-3,0.0304816335682263
219,x,14,5,1,-1.03365580923383
219,x,15,5,-1,0.894422502570986
219,x,17,4,4,-1.32493959914132
219,x,20,5,-3,0.731596523777796
219,x,21,6,2,-0.0674250816707394
219,x,22,6,-2,0.176320126401815
219,x,24,7,-1,0.206748209799456
219,x,27,5,-5,0.015099691993896
219,x,29,6,-4,-0.0585044278809831
219,x,37,6,6,0.36235293398995
219,x,40,7,-5,-0.120805054850782
219,x,50,7,7,-0.613960217812002
219,y,4,2,0,-3.03401703161031
219,y,6,2,-2,-3.49329435717397
219,y,8,3,-1,0.171673741082133
219,y,9,4,0,-0.242577534755594
219,y,14,5,1,-1.15875475619817
219,y,15,5,-1,1.15461843525937
219,y,17,4,4,-0.786101273472724
219,y,22,6,-2,0.157611482273169
219,y,27,5,-5,1.09192211589028
219,y,37,6,6,-0.177405104626993
219,y,39,7,5,0.231915047579991
219,y,40,7,-5,0.604964810807174
220,x,8,3,-1,-1.00927236049465
220,x,10,3,3,-1.19123955314584
220,x,12,4,2,0.356766665073656
220,x,13,4,-2,-2.0249765510672
220,x,14,5,1,-0.697009298973564
220,x,16,6,0,0.243112210573786
220,x,18,4,-4,0.316026301627753
220,x,20,5,-3,-0.877450210296924
220,x,21,6,2,0.571110219231469
220,x,22,6,-2,0.157044105337134
220,x,28,6,4,0.0329465261723535
220,x,30,7,3,-0.892152995046133
220,x,40,7,-5,-1.5463498970275
220,y,1,0,0,2.46958513372882
220,y,4,2,0,0.564337903566037
220,y,5,2,2,4.11039327110578
220,y,6,2,-2,0.584204236899513
220,y,7,3,1,-0.0580732337807459
220,y,15,5,-1,-0.12613613100304
220,y,19,5,3,1.16015251010144
220,y,20,5,-3,0.350673348904376
220,y,24,7,-1,-0.477168626355418
220,y,29,6,-4,-0.447924089064963
220,y,39,7,5,0.453964950307385
220,y,40,7,-5,0.154257207937542
220,y,50,7,7,-0.544266691928332
220,y,51,7,-7,0.904987335787327
221,x,2,1,1,-2.67548966753523
221,x,5,2,2,-2.22385902209256
221,x,6,2,-2,-1.67946063625371
221,x,7,3,1,0.138591380213932
221,x,9,4,0,1.19290750250396
221,x,10,3,3,0.435505505905186
221,x,13,4,-2,0.0622142153854123
221,x,14,5,1,1.12023801613684
221,x,17,4,4,-0.562302165058316
221,x,22,6,-2,-0.0128972561887807
221,x,24,7,-1,0.526643889705197
221,x,26,5,5,-0.73786713288794
221,x,27,5,-5,0.58879749790473
221,x,28,6,4,-0.0808534929489521
221,x,29,6,-4,0.0390226873141269
221,x,31,7,-3,0.203068086615477
221,x,37,6,6,-0.30667498279527
221,x,40,7,-5,0.076183876047351
221,y,3,1,-1,-1.23679756658
221,y,5,2,2,-1.43436385741859
221,y,8,3,-1,-1.85091536085038
221,y,13,4,-2,0.620290981123752
221,y,14,5,1,0.917403031388666
221,y,17,4,4,1.16332082698609
221,y,20,5,-3,0.898589357465982
221,y,30,7,3,0.299956949098995
221,y,37,6,6,0.793341753521673
221,y,40,7,-5,0.475184332587528
222,x,4,2,0,-1.6992417576707
222,x,5,2,2,1.65329370435099
222,x,8,3,-1,0.505069476024313
222,x,9,4,0,-0.786529041826511
222,x,15,5,-1,-0.653139671998687
222,x,17,4,4,0.0861000918594699
222,x,18,4,-4,0.0635103822103843
222,x,19,5,3,-0.00466070260991556
222,x,21,6,2,-0.141416152241308
222,x,22,6,-2,-0.686697409134044
222,x,26,5,5,-0.0412960537154431
222,x,37,6,6,0.802595128786052
222,x,39,7,5,-0.504698109322926
222,x,50,7,7,0.283159089796405
222,y,1,0,0,-4.20380356246281
222,y,2,1,1,-0.953336872380952
222,y,3,1,-1,-7.90730257244769
222,y,4,2,0,-1.77793195638913
222,y,6,2,-2,-1.57361221519394
222,y,7,3,1,0.00110756392135579
222,y,11,3,-3,0.624895033246701
222,y,15,5,-1,-0.443555888566569
222,y,19,5,3,0.361406723045545
222,y,20,5,-3,-0.57233043490896
222,y,21,6,2,-0.320683494740231
222,y,24,7,-1,1.02971365400073
222,y,31,7,-3,0.65784555542535
222,y,37,6,6,-0.296793116327326
222,y,38,6,-6,0.294252719382956
222,y,51,7,-7,-0.591627491205662
223,x,1,0,0,1.06171410379802
223,x,2,1,1,5.56275262820599
223,x,3,1,-1,1.55291966023325
223,x,5,2,2,0.587427700311037
223,x,9,4,0,-0.0855506991221841
223,x,10,3,3,0.325300629661931
223,x,12,4,2,-0.099934364545872
223,x,13,4,-2,0.811201542842825
223,x,22,6,-2,0.0923472394649721
223,x,23,7,1,-0.312817015931807
223,x,24,7,-1,-0.335763070025671
223,x,26,5,5,-0.129453393225295
223,x,28,6,4,0.909773520398049
223,x,30,7,3,0.561671857744864
223,x,31,7,-3,0.194112750239326
223,x,38,6,-6,-0.225904595754547
223,x,39,7,5,0.736166054121044
223,x,50,7,7,0.460323340298827
223,x,51,7,-7,-0.0690353539355659
223,y,6,2,-2,1.06020447714804
223,y,10,3,3,-0.647466888335828
223,y,11,3,-3,0.55280243853631
223,y,13,4,-2,1.38361355812942
223,y,17,4,4,-1.79016828276584
223,y,18,4,-4,-0.0564515202814071
223,y,23,7,1,-0.212379256768771
223,y,26,5,5,-1.62338808350787
223,y,29,6,-4,0.0354950053805856
223,y,50,7,7,0.216017534862268
224,x,1,0,0,6.49095009267945
224,x,6,2,-2,1.79304184919931
224,x,8,3,-1,0.130046974491731
224,x,10,3,3,1.41039399936395
224,x,14,5,1,-0.628196418226405
224,x,15,5,-1,0.916424692636687
224,x,20,5,-3,0.370981862485916
224,x,24,7,-1,0.50253967021574
224,x,38,6,-6,0.06893667812617
224,x,39,7,5,0.268652746211077
224,y,1,0,0,-1.01532784962901
224,y,2,1,1,1.28938276120818
224,y,4,2,0,2.00488034594323
224,y,6,2,-2,0.352180003342983
224,y,8,3,-1,0.43775811102831
224,y,12,4,2,1.75353739928842
224,y,13,4,-2,-0.817561916762688
224,y,17,4,4,-0.854793699776234
224,y,18,4,-4,1.59900104383289
224,y,22,6,-2,-0.0654793048095618
224,y,29,6,-4,-0.719003863943827
224,y,38,6,-6,-0.68152681868595
224,y,39,7,5,-0.651355517783549
224,y,40,7,-5,0.0799257033798485
224,y,50,7,7,-0.303062100451064
224,y,51,7,-7,-0.996125899621304
225,x,1,0,0,1.27420501231294
225,x,2,1,1,1.36466621629962
225,x,3,1,-1,-5.84423831904554
225,x,10,3,3,-0.258047299211542
225,x,12,4,2,0.0324239167885556
225,x,15,5,-1,-0.431207689407591
225,x,16,6,0,-0.593460802181488
225,x,17,4,4,0.240959018874267
225,x,19,5,3,-1.00409243092113
225,x,22,6,-2,-0.0290909810402979
225,x,26,5,5,0.561136810104426
225,x,28,6,4,-0.0821296508910138
225,x,29,6,-4,0.318206153414286
225,x,30,7,3,-0.0108916082779392
225,x,31,7,-3,0.31163540710757
225,x,39,7,5,1.32339604162689
225,x,40,7,-5,-0.913816140889743
225,x,51,7,-7,-0.108798993954506
225,y,4,2,0,3.44173940383064
225,y,7,3,1,-0.784010718242829
225,y,21,6,2,0.051088860598968
225,y,22,6,-2,0.0186621459334735
225,y,24,7,-1,0.206661444990519
225,y,27,5,-5,0.350441329661421
225,y,29,6,-4,0.95724373050768
225,y,30,7,3,-0.587762343176585
225,y,31,7,-3,0.271643595186335
225,y,40,7,-5,0.0495472350225737
226,x,2,1,1,-0.921250557937281
226,x,5,2,2,1.83465099555512
226,x,9,4,0,-0.464486240991264
226,x,10,3,3,0.741034451639033
226,x,14,5,1,0.533213135560374
226,x,21,6,2,-0.918652775620048
226,x,24,7,-1,-0.530899449734997
226,x,27,5,-5,0.364678133746573
226,x,28,6,4,0.489279702889938
226,x,29,6,-4,1.03433760512119
226,x,30,7,3,-0.086991062001487
226,x,37,6,6,-0.142256804246919
226,y,1,0,0,-4.19733559012042
226,y,2,1,1,2.32197279731371
226,y,3,1,-1,-3.19964127149346
226,y,7,3,1,-1.02714698322235
226,y,8,3,-1,0.618159378345147
226,y,10,3,3,-2.0738705351152
226,y,12,4,2,0.331484365829007
226,y,14,5,1,0.0658874115343799
226,y,18,4,-4,-0.463032279592897
226,y,19,5,3,0.296975787020628
226,y,26,5,5,-0.595642795129881
226,y,27,5,-5,-0.865857088468153
226,y,28,6,4,-0.178532749194776
226,y,29,6,-4,-0.404310074717978
226,y,31,7,-3,0.300431856415777
226,y,37,6,6,-0.229209956591613
226,y,39,7,5,0.0850833217450038
226,y,40,7,-5,-0.259113379151008
226,y,51,7,-7,0.223788500890284
227,x,3,1,-1,6.47532942473638
227,x,6,2,-2,0.0329214158295199
227,x,9,4,0,-0.85153389896772
227,x,11,3,-3,1.31693008139382
227,x,12,4,2,-0.445478703921179
227,x,13,4,-2,-0.0550809681826529
227,x,15,5,-1,0.662966879191228
227,x,17,4,4,0.193684581127027
227,x,21,6,2,0.325491315163105
227,x,23,7,1,-0.0852879350768979
227,x,24,7,-1,-0.0399691915988324
227,x,27,5,-5,0.634517342658523
227,x,29,6,-4,-0.339246331312355
227,x,31,7,-3,0.308605293817804
227,x,38,6,-6,0.110815420203079
227,x,51,7,-7,-0.201823126441417
227,y,1,0,0,-5.40157448606003
227,y,3,1,-1,-6.2251639268773
227,y,9,4,0,0.065117012374945
227,y,10,3,3,0.31444797556559
227,y,13,4,-2,-0.844799522842033
227,y,14,5,1,0.0195854859221121
227,y,15,5,-1,0.087446067538187
227,y,17,4,4,0.614321292591173
227,y,21,6,2,0.261021107970042
227,y,27,5,-5,0.827321862726617
227,y,28,6,4,0.530486270687408
227,y,30,7,3,-0.713690826632531
227,y,38,6,-6,0.663157386925458
227,y,39,7,5,0.229228723289838
227,y,40,7,-5,0.223974992275247
228,x,2,1,1,2.81808955698927
228,x,5,2,2,-0.568878533923131
228,x,7,3,1,-0.30664919604951
228,x,12,4,2,-2.11090917889532
228,x,17,4,4,0.0104135198199726
228,x,21,6,2,-0.545779648193662
228,x,22,6,-2,0.773751157087391
228,x,24,7,-1,-0.315118863652394
228,x,27,5,-5,-0.269247743831426
228,x,28,6,4,0.0117653294639049
228,x,29,6,-4,-0.00879391230879498
228,x,30,7,3,0.664596392559789
228,x,31,7,-3,-0.744074502287298
228,x,37,6,6,-0.891081744688696
228,x,38,6,-6,-0.124869285055364
228,x,39,7,5,-0.519438195115338
228,y,1,0,0,1.56047471764387
228,y,5,2,2,-0.815929756791808
228,y,8,3,-1,-0.236727375855353
228,y,10,3,3,0.359108798209739
228,y,11,3,-3,-0.568283703896637
228,y,13,4,-2,-0.343104776661983
228,y,15,5,-1,0.241378900630508
228,y,17,4,4,-0.505626434004954
228,y,24,7,-1,0.294452426026389
228,y,28,6,4,0.753181580625476
228,y,31,7,-3,-0.729233066670022
229,x,2,1,1,-0.111275816109848
229,x,4,2,0,1.25642521061648
229,x,5,2,2,0.330182497919304
229,x,8,3,-1,-1.94449034619589
229,x,10,3,3,-0.361179459610876
229,x,12,4,2,-0.643096778467799
229,x,13,4,-2,-0.602550072967876
229,x,15,5,-1,0.378635339513492
229,x,19,5,3,0.659389061823225
229,x,20,5,-3,0.442454916551726
229,x,22,6,-2,0.0730920502334171
229,x,26,5,5,-0.325860424000374
229,x,27,5,-5,-0.454107237946233
229,x,28,6,4,-0.826508812999931
229,x,29,6,-4,-0.778806786064983
229,x,31,7,-3,0.888938976398912
229,x,37,6,6,0.434371862413946
229,x,38,6,-6,0.82316936414241
229,x,39,7,5,0.782806864375749
229,x,40,7,-5,0.308411398015057
229,y,1,0,0,-7.8820346575179
229,y,2,1,1,-0.0803306581149283
229,y,3,1,-1,1.91906453969988
229,y,5,2,2,0.586398595095453
229,y,8,3,-1,0.642781627485191
229,y,11,3,-3,-1.50772732588383
229,y,13,4,-2,0.200848651178917
229,y,14,5,1,0.521988867251848
229,y,15,5,-1,0.610140070230504
229,y,16,6,0,0.711314512048583
229,y,18,4,-4,1.04102113060852
229,y,21,6,2,-0.172569433727517
229,y,23,7,1,0.536926840720791
229,y,24,7,-1,-0.325027443103915
229,y,38,6,-6,-0.576368156775529
229,y,51,7,-7,-0.27862481512365
230,x,3,1,-1,3.1425474311183
230,x,4,2,0,1.26210044268327
230,x,8,3,-1,-1.4429614892087
230,x,9,4,0,-0.427877514575822
230,x,15,5,-1,-0.298060327762022
230,x,16,6,0,-0.0562759137733494
230,x,17,4,4,0.715725772054806
230,x,18,4,-4,-1.19879997049052
230,x,19,5,3,0.0641897822200837
230,x,21,6,2,-0.0785356194272168
230,x,22,6,-2,0.009974070357372
230,x,26,5,5,-0.18723098692211
230,x,27,5,-5,-0.314473841295958
230,x,29,6,-4,0.382705116597053
230,x,30,7,3,0.156577524437591
230,x,31,7,-3,-0.0470544806660172
230,x,37,6,6,-0.744724832570555
230,x,38,6,-6,-1.03045770269482
230,x,50,7,7,0.491154370587303
230,x,51,7,-7,-0.726382652115009
230,y,1,0,0,1.41290433913176
230,y,3,1,-1,-1.6956455811851
230,y,4,2,0,4.44138370469274
230,y,5,2,2,-1.38606787857434
230,y,13,4,-2,-0.0905630288946681
230,y,14,5,1,-0.343250559894748
230,y,15,5,-1,-0.202441016742566
230,y,19,5,3,0.16897993055038
230,y,20,5,-3,0.520025100291082
230,y,22,6,-2,-0.40438467318861
230,y,23,7,1,-0.747729260091409
230,y,26,5,5,-0.19696315316223
230,y,28,6,4,-0.626635204916018
230,y,31,7,-3,0.0349181062194772
230,y,40,7,-5,-0.223488019942052
230,y,50,7,7,0.187898577344207
230,y,51,7,-7,0.0889222001968608
231,x,1,0,0,7.79548856897912
231,x,3,1,-1,-2.8816470604578
231,x,5,2,2,0.95091070871694
231,x,8,3,-1,-1.24523845319898
231,x,10,3,3,0.924250195660941
231,x,11,3,-3,-1.76523681473104
231,x,12,4,2,-0.575378431782016
231,x,14,5,1,-0.0571134904458522
231,x,19,5,3,-1.07047730347773
231,x,26,5,5,-0.717657840268674
231,x,27,5,-5,0.479852973774695
231,x,28,6,4,0.58776473040227
231,x,29,6,-4,0.0420584100905663
231,x,38,6,-6,-0.375513940562113
231,y,1,0,0,3.28379598294815
231,y,3,1,-1,3.67221402868598
231,y,4,2,0,-0.142836157042529
231,y,6,2,-2,-1.66645697247281
231,y,7,3,1,-0.443257253037636
231,y,8,3,-1,0.18390200805628
231,y,9,4,0,-0.897155518736717
231,y,10,3,3,-1.39712690193033
231,y,12,4,2,-0.50038598034696
231,y,14,5,1,-0.509358735622121
231,y,17,4,4,0.165172379792552
231,y,21,6,2,0.02143594360414
231,y,23,7,1,0.0682023220514413
231,y,26,5,5,0.506858042264165
231,y,29,6,-4,0.177535539245067
231,y,30,7,3,0.467666068857927
231,y,31,7,-3,-0.212512515524151
231,y,37,6,6,0.0483620702310061
231,y,40,7,-5,-0.268525728070286
232,x,1,0,0,1.23809267142061
232,x,2,1,1,-3.36200534906386
232,x,3,1,-1,-3.64400214591794
232,x,5,2,2,-0.63901678140838
232,x,11,3,-3,-0.103372850401397
232,x,15,5,-1,-0.504681262282902
232,x,26,5,5,0.0357033701602785
232,x,27,5,-5,0.0824970828753408
232,x,30,7,3,-0.48346086503679
232,x,31,7,-3,-0.0892558470296796
232,x,39,7,5,0.738887827965279
232,x,40,7,-5,-0.506391253862572
232,x,50,7,7,0.0226491598432897
232,x,51,7,-7,-0.315469631789975
232,y,1,0,0,-0.81586199846125
232,y,3,1,-1,-3.27346964616078
232,y,4,2,0,0.543610711783188
232,y,5,2,2,-0.445642755670042
232,y,7,3,1,-1.26857576042615
232,y,11,3,-3,0.800742797911513
232,y,12,4,2,0.048529889691094
232,y,14,5,1,0.59923468750438
232,y,15,5,-1,0.763200698981332
232,y,16,6,0,-0.274163140851611
232,y,18,4,-4,0.139812556973633
232,y,21,6,2,0.131686116786821
232,y,23,7,1,-0.706790667963371
232,y,24,7,-1,0.115785175245377
232,y,26,5,5,-0.0246166339633523
232,y,27,5,-5,1.1089151027977
232,y,29,6,-4,0.600627561449294
232,y,30,7,3,0.14258649194152
232,y,38,6,-6,-0.699757773189152
232,y,40,7,-5,0.638956147992344
233,x,1,0,0,0.205692081146361
233,x,3,1,-1,-1.76728890775949
233,x,8,3,-1,0.452939076297399
233,x,9,4,0,1.0236486559666
233,x,10,3,3,0.275856087681206
233,x,16,6,0,0.81996571397378
233,x,17,4,4,-0.598512071314212
233,x,18,4,-4,-0.0155996923756611
233,x,20,5,-3,-1.02934312312588
233,x,21,6,2,0.152201438782916
233,x,28,6,4,-0.108929329643545
233,x,30,7,3,-0.0668450214966248
233,x,31,7,-3,-0.137887052538964
233,x,50,7,7,0.353996807790465
233,y,1,0,0,-4.50371417310913
233,y,2,1,1,-0.0168541753958169
233,y,6,2,-2,-1.03719367707937
233,y,11,3,-3,1.01520162892399
233,y,21,6,2,0.363345967257322
233,y,37,6,6,-0.273225361266085
233,y,39,7,5,0.499425985793529
233,y,40,7,-5,0.819115002782277
233,y,50,7,7,0.10590544379372
233,y,51,7,-7,-0.378351170811365
234,x,5,2,2,0.228962514870215
234,x,14,5,1,0.324402486869772
234,x,16,6,0,-1.76349850614901
234,x,18,4,-4,0.275429345165769
234,x,19,5,3,-0.513553069468826
234,x,23,7,1,-0.824321166193065
234,x,24,7,-1,-0.563180564866481
234,x,27,5,-5,-0.839675276690581
234,x,29,6,-4,2.10410333984621
234,x,30,7,3,-0.0698897971278648
234,x,37,6,6,1.55598373956395
234,x,38,6,-6,-1.25432252483958
234,x,50,7,7,1.0306626261066
234,x,51,7,-7,-0.5024810881195
234,y,3,1,-1,-1.7991349656321
234,y,9,4,0,0.0814548310304038
234,y,10,3,3,0.356561631088184
234,y,13,4,-2,1.08900635369982
234,y,17,4,4,0.915892665926077
234,y,18,4,-4,0.18565959029909
234,y,19,5,3,0.386963207537412
234,y,22,6,-2,-0.24416933408815
234,y,23,7,1,0.442406858544503
234,y,24,7,-1,-0.0992955994672192
234,y,40,7,-5,0.760132641914083
235,x,2,1,1,6.10708759784177
235,x,4,2,0,1.74806623642042
235,x,7,3,1,-1.41368450908078
235,x,8,3,-1,0.489820638282237
235,x,11,3,-3,-0.352589085740671
235,x,12,4,2,1.3381187992865
235,x,17,4,4,0.809921241980071
235,x,18,4,-4,-0.80915265454851
235,x,19,5,3,0.679069977108903
235,x,23,7,1,-0.834811202508799
235,x,27,5,-5,0.627586007482254
235,x,28,6,4,-0.504028392514424
235,x,29,6,-4,-0.4259646033688
235,x,30,7,3,0.564684227643284
235,x,31,7,-3,0.014447552321092
235,x,38,6,-6,0.588111175395019
235,x,39,7,5,-0.704440729234909
235,x,40,7,-5,0.516054507207339
235,x,50,7,7,-0.060035914963037
235,x,51,7,-7,-0.265806701811394
235,y,2,1,1,4.0493681152959
235,y,3,1,-1,2.55973276351895
235,y,6,2,-2,2.01054308286258
235,y,9,4,0,1.54803706249682
235,y,14,5,1,-1.74118480549146
235,y,18,4,-4,0.612415476003368
235,y,19,5,3,-0.795738736925024
235,y,22,6,-2,0.234019002489854
235,y,23,7,1,-0.268147771873479
235,y,24,7,-1,0.10771255919842
235,y,26,5,5,-0.980827660637457
235,y,28,6,4,-0.600191644374522
235,y,39,7,5,-0.303233996422885
236,x,2,1,1,-0.367243463424136
236,x,3,1,-1,2.46624134589807
236,x,4,2,0,-1.61774080150918
236,x,7,3,1,-1.3242360280922
236,x,8,3,-1,0.282075480257501
236,x,9,4,0,-0.381211101280819
236,x,11,3,-3,0.443189213967257
236,x,17,4,4,0.552197354444291
236,x,18,4,-4,0.349767002356075
236,x,19,5,3,-0.470734228451513
236,x,27,5,-5,0.438407823571771
236,x,28,6,4,-0.230541623289347
236,x,29,6,-4,0.331247963991144
236,x,51,7,-7,0.260642856082759
236,y,3,1,-1,2.0262196588662
236,y,5,2,2,-0.956017183615802
236,y,10,3,3,0.559179684909078
236,y,17,4,4,0.84322022100867
236,y,21,6,2,-0.195549113747344
236,y,22,6,-2,0.172515200032374
236,y,27,5,-5,-0.542980852102981
236,y,28,6,4,-0.11995295548284
236,y,29,6,-4,0.276561338514541
236,y,51,7,-7,0.468976492320572
237,x,1,0,0,-0.655742111213493
237,x,7,3,1,-1.49614268634266
237,x,8,3,-1,1.17478836407654
237,x,9,4,0,0.170395591377581
237,x,10,3,3,-1.15476711014485
237,x,16,6,0,-0.414744811575475
237,x,17,4,4,0.75008534018466
237,x,22,6,-2,0.0186341891526775
237,x,23,7,1,0.271248040365548
237,x,27,5,-5,-0.447677259878528
237,x,31,7,-3,-0.690184757645171
237,y,2,1,1,5.96164132286064
237,y,5,2,2,0.573540412071878
237,y,7,3,1,-2.02380300122876
237,y,11,3,-3,0.841796848801773
237,y,14,5,1,-0.520171726915006
237,y,17,4,4,-1.21474731289668
237,y,19,5,3,-0.0546150880831276
237,y,20,5,-3,-0.397479779671354
237,y,26,5,5,-0.440701038729207
237,y,28,6,4,0.211773850362446
237,y,30,7,3,-0.0431812159070325
237,y,31,7,-3,0.246066348738952
237,y,37,6,6,0.0174510582583
237,y,39,7,5,0.0123869059812746
238,x,1,0,0,-1.7540079231745
238,x,2,1,1,-2.02252927215619
238,x,5,2,2,-2.22589076178229
238,x,6,2,-2,-0.540598927464465
238,x,7,3,1,1.95501221021413
238,x,8,3,-1,1.09033855415641
238,x,9,4,0,-0.650242874359532
238,x,10,3,3,0.193253738126131
238,x,17,4,4,-0.259483847098022
238,x,18,4,-4,-0.581564639359038
238,x,23,7,1,0.355938364151037
238,x,24,7,-1,0.692102806862978
238,x,26,5,5,0.0375225794669695
238,x,27,5,-5,0.694319221119717
238,x,28,6,4,-0.160162082406614
238,x,37,6,6,-0.162171465460922
238,x,38,6,-6,0.204259664908181
238,x,50,7,7,-1.001093483673
238,y,3,1,-1,-3.91565341960486
238,y,6,2,-2,-0.591293156780211
238,y,7,3,1,-0.548800360024161
238,y,11,3,-3,-0.736748666396131
238,y,15,5,-1,0.166861437215159
238,y,19,5,3,-0.161405557334334
238,y,21,6,2,0.599567907396529
238,y,23,7,1,0.439083553614216
238,y,29,6,-4,0.878835634709741
238,y,31,7,-3,-0.657444814924515
238,y,51,7,-7,0.415123692249198
239,x,1,0,0,-4.72567745568643
239,x,2,1,1,2.07247371055574
239,x,4,2,0,1.11644921300006
239,x,6,2,-2,0.678381663342133
239,x,7,3,1,-1.23333870629064
239,x,9,4,0,-0.151306709351002
239,x,10,3,3,-0.0397022575596229
239,x,11,3,-3,-1.35475575975402
239,x,14,5,1,0.863538348837312
239,x,15,5,-1,-0.0777414714696406
239,x,16,6,0,-0.374002369215404
239,x,23,7,1,-0.29831133218226
239,x,24,7,-1,-0.325995328058799
239,x,26,5,5,-0.222513421729393
239,x,27,5,-5,-0.0869835635721296
239,x,29,6,-4,0.0874607254413117
239,x,31,7,-3,0.345167851176725
239,x,37,6,6,0.347438192227055
239,x,38,6,-6,0.861857691113482
239,y,2,1,1,0.857069669139168
239,y,3,1,-1,2.20253094332578
239,y,5,2,2,0.246039137765912
239,y,10,3,3,-0.567282302790894
239,y,11,3,-3,0.60455963602294
239,y,12,4,2,-0.603531549568671
239,y,15,5,-1,0.986343396544219
239,y,22,6,-2,0.698009573348179
239,y,24,7,-1,0.709705100858675
239,y,26,5,5,-0.776733733216122
239,y,27,5,-5,0.200671592243204
239,y,28,6,4,-0.110918576553024
239,y,37,6,6,-0.166366743911309
239,y,38,6,-6,-0.603546135290747
239,y,39,7,5,-0.425519780595658
239,y,50,7,7,0.400414169311943
239,y,51,7,-7,0.654048038622415
240,x,2,1,1,1.25750583517146
240,x,3,1,-1,-3.21672535780422
240,x,5,2,2,-0.0609313247030159
240,x,6,2,-2,0.0899976922003537
240,x,8,3,-1,1.71108000809457
240,x,11,3,-3,-0.362408264112623
240,x,12,4,2,-0.732561109529883
240,x,13,4,-2,0.0117867638055019
240,x,14,5,1,-1.18164083503953
240,x,15,5,-1,0.340695483526021
240,x,18,4,-4,1.24454412855905
240,x,20,5,-3,-0.366431675755129
240,x,21,6,2,0.552964731808215
240,x,24,7,-1,-0.292949482787927
240,x,26,5,5,-0.454395681533426
240,x,29,6,-4,-0.300730689345521
240,x,38,6,-6,0.697409214129954
240,x,39,7,5,-0.102849298441663
240,x,51,7,-7,0.310921811437643
240,y,1,0,0,2.76975837710761
240,y,4,2,0,-1.44529919235647
240,y,5,2,2,0.950635512897268
240,y,11,3,-3,-1.17985914285084
240,y,13,4,-2,0.428540109177525
240,y,14,5,1,-0.510403516829852
240,y,18,4,-4,0.21010485814703
240,y,20,5,-3,-0.25440999474425
240,y,22,6,-2,-0.0743102731612285
240,y,23,7,1,-0.476520317435252
240,y,27,5,-5,-0.577073529030816
240,y,28,6,4,0.295144116756411
240,y,29,6,-4,-0.023719865787683
240,y,30,7,3,-0.0242553551925143
240,y,37,6,6,-0.817175838193807
240,y,38,6,-6,0.171773722602859
240,y,39,7,5,-0.438565994386653
240,y,40,7,-5,0.556037810240827
241,x,3,1,-1,-3.8610421565014
241,x,4,2,0,-0.132230367959127
241,x,9,4,0,-0.318712096038742
241,x,10,3,3,1.88651644716736
241,x,15,5,-1,0.276646327254966
241,x,18,4,-4,-0.49677010840917
241,x,21,6,2,-0.100019826852826
241,x,22,6,-2,0.474987965750703
241,x,23,7,1,0.191501563797657
241,x,24,7,-1,0.326772429402346
241,x,29,6,-4,-0.4742289298485
241,x,30,7,3,-0.595800881589213
241,x,31,7,-3,0.346408552471481
241,x,40,7,-5,0.470767957298408
241,x,51,7,-7,0.344626040717483
241,y,3,1,-1,3.12311223484213
241,y,6,2,-2,0.107986398750556
241,y,7,3,1,-0.67137806035953
241,y,14,5,1,0.0068952546909922
241,y,16,6,0,-0.637877445462878
241,y,19,5,3,-0.598304094336281
241,y,21,6,2,0.173038130117484
241,y,27,5,-5,-0.3130452291418
241,y,28,6,4,0.257832776341948
241,y,31,7,-3,-0.149858860319975
241,y,40,7,-5,-0.00882895837188969
242,x,2,1,1,3.4827839192556
242,x,7,3,1,-0.114294199209761
242,x,8,3,-1,0.532977309385416
242,x,9,4,0,0.793665746488823
242,x,10,3,3,0.00248639253729325
242,x,11,3,-3,-0.306483697298874
242,x,16,6,0,-0.115828510426454
242,x,17,4,4,0.654261530155624
242,x,18,4,-4,0.0976458970082419
242,x,20,5,-3,-0.257139379357462
242,x,22,6,-2,0.677178101679542
242,x,27,5,-5,0.438011815565163
242,x,28,6,4,-0.684824774048705
242,x,30,7,3,-0.248471813577932
242,x,37,6,6,0.215220266485531
242,x,39,7,5,-0.0417010391536991
242,x,51,7,-7,0.0529575479428024
242,y,1,0,0,4.6862910849434
242,y,2,1,1,-0.943194527973191
242,y,4,2,0,-0.553199731562359
242,y,5,2,2,-2.13441204814268
242,y,7,3,1,-0.00754209078769591
242,y,8,3,-1,-0.761466115903215
242,y,10,3,3,-1.24393650036097
242,y,11,3,-3,-0.210102806150452
242,y,12,4,2,-1.45080405782106
242,y,13,4,-2,0.910234440194718
242,y,14,5,1,-0.48144585264478
242,y,18,4,-4,-1.09514209905713
242,y,20,5,-3,0.0598397237633596
242,y,21,6,2,0.302622316382886
242,y,22,6,-2,0.909371672068811
242,y,24,7,-1,0.207500730696759
242,y,29,6,-4,-0.6858486141096
242,y,30,7,3,-0.156396159958904
242,y,39,7,5,-0.671548174170786
243,x,3,1,-1,-2.59537978758684
243,x,4,2,0,2.65842454072584
243,x,5,2,2,1.51821781216849
243,x,13,4,-2,-0.0577425521432465
243,x,17,4,4,-0.934777180128954
243,x,26,5,5,0.254393590351155
243,x,27,5,-5,-0.206654823546888
243,x,29,6,-4,0.229060450661925
243,x,30,7,3,-0.418881411090525
243,x,38,6,-6,0.606129039876533
243,y,1,0,0,1.08651783938295
243,y,2,1,1,0.99330763260613
243,y,3,1,-1,0.869540731288007
243,y,4,2,0,-2.14114875134379
243,y,5,2,2,-1.17125494561457
243,y,6,2,-2,-0.174796694350517
243,y,7,3,1,1.51995208189965
243,y,9,4,0,-0.604526617898736
243,y,10,3,3,-0.643493636244122
243,y,11,3,-3,-1.4835241301601
243,y,12,4,2,0.419368884598292
243,y,13,4,-2,0.219058095491635
243,y,15,5,-1,-0.248145482865645
243,y,21,6,2,0.178737978629507
243,y,27,5,-5,0.813189959811244
243,y,37,6,6,-0.106684083009712
243,y,38,6,-6,0.313479371349653
243,y,39,7,5,0.800064402892251
243,y,40,7,-5,0.701338555864144
243,y,50,7,7,0.0567003508675877
244,x,6,2,-2,-0.663951080689142
244,x,7,3,1,0.620130527151291
244,x,9,4,0,0.386717964902824
244,x,10,3,3,-2.3736584154706
244,x,13,4,-2,0.321468339492445
244,x,14,5,1,-0.92624833136974
244,x,19,5,3,0.498667562628353
244,x,22,6,-2,0.793819954937468
244,x,24,7,-1,0.0628869742553466
244,x,26,5,5,0.180493042581423
244,x,28,6,4,-0.231035103743776
244,x,31,7,-3,0.25334924399717
244,x,37,6,6,0.00976699974752616
244,y,1,0,0,5.07899503608867
244,y,2,1,1,-0.856002532544687
244,y,5,2,2,-1.29506992791357
244,y,8,3,-1,0.127590819267533
244,y,12,4,2,-0.978662040791823
244,y,13,4,-2,1.46997709814772
244,y,20,5,-3,-0.887430779751801
244,y,24,7,-1,-0.223693620020135
244,y,26,5,5,0.238620944948331
244,y,28,6,4,-0.0278112269275444
244,y,31,7,-3,-0.519858960275536
244,y,40,7,-5,-0.473299592076075
245,x,1,0,0,2.66472276760373
245,x,4,2,0,-0.661278734538706
245,x,8,3,-1,0.432547943900851
245,x,15,5,-1,0.894038500498314
245,x,17,4,4,-0.546337280367628
245,x,18,4,-4,0.110936665837491
245,x,20,5,-3,0.374580423006935
245,x,23,7,1,0.00117974320149731
245,x,24,7,-1,-0.368332679979061
245,x,28,6,4,-0.235820481862682
245,x,31,7,-3,-0.683109629512269
245,x,37,6,6,0.949640365677656
245,x,39,7,5,0.563122179451971
245,y,1,0,0,-3.57051472502523
245,y,3,1,-1,0.552911482589544
245,y,7,3,1,-2.235524035479
245,y,9,4,0,0.468415902418318
245,y,12,4,2,-1.37773280703132
245,y,13,4,-2,0.367309945015472
245,y,14,5,1,0.822225518300361
245,y,15,5,-1,-0.0445363897491864
245,y,16,6,0,0.0512353943704762
245,y,20,5,-3,0.171243949087184
245,y,22,6,-2,-0.744269664240823
245,y,23,7,1,0.0754053982188133
245,y,24,7,-1,0.34923749819613
245,y,26,5,5,-0.195831094216545
245,y,27,5,-5,0.415357434978562
245,y,28,6,4,0.644832744075684
245,y,31,7,-3,0.225378760868398
245,y,38,6,-6,-0.198436652422275
245,y,50,7,7,-0.421483968590066
245,y,51,7,-7,0.330333951191044
246,x,1,0,0,-0.373506837933319
246,x,5,2,2,0.124601912949448
246,x,8,3,-1,2.11731609011753
246,x,10,3,3,0.290519386054728
246,x,11,3,-3,0.466374958334628
246,x,12,4,2,-0.908986139664331
246,x,13,4,-2,-0.750770087753532
246,x,14,5,1,0.58416161331055
246,x,15,5,-1,1.11902131560641
246,x,17,4,4,0.556590032517973
246,x,18,4,-4,0.480031942621225
246,x,19,5,3,-0.0399936999915563
246,x,21,6,2,-0.27727227955185
246,x,27,5,-5,0.883270377455633
246,x,29,6,-4,-0.900903093325523
246,x,30,7,3,-0.103362594510748
246,x,37,6,6,0.235185926120357
246,x,51,7,-7,-0.701390606288689
246,y,2,1,1,0.681568299991997
246,y,5,2,2,-3.00663757680358
246,y,8,3,-1,-0.249924837403217
246,y,9,4,0,0.548006175111156
246,y,14,5,1,-1.20886324444364
246,y,15,5,-1,-0.124262572772402
246,y,16,6,0,0.281694315115467
246,y,17,4,4,-0.524058105092367
246,y,20,5,-3,-1.19131661843611
246,y,21,6,2,0.383906484416817
246,y,29,6,-4,0.0843960770089218
246,y,37,6,6,0.0341821354511323
247,x,1,0,0,-2.94652767672297
247,x,4,2,0,0.92622802352321
247,x,5,2,2,1.3860972973109
247,x,7,3,1,-1.00649036197699
247,x,8,3,-1,0.418902371466189
247,x,12,4,2,-0.531257341192506
247,x,13,4,-2,0.348328577820461
247,x,15,5,-1,-0.922564782690316
247,x,17,4,4,-0.916085368256389
247,x,20,5,-3,0.709526553114905
247,x,21,6,2,-0.206530067715763
247,x,22,6,-2,-0.517601994224366
247,x,23,7,1,-0.422637814259579
247,x,27,5,-5,-0.743846466483594
247,x,28,6,4,-0.225859309412982
247,x,39,7,5,-0.0147065691463892
247,x,40,7,-5,-0.0161665158218484
247,x,51,7,-7,-0.786507911820014
247,y,4,2,0,-0.127987880244161
247,y,7,3,1,1.91399526014446
247,y,10,3,3,-0.63851267314651
247,y,13,4,-2,1.56326655968479
247,y,14,5,1,0.536657468165895
247,y,16,6,0,-0.0811262118035623
247,y,17,4,4,-0.220604530469864
247,y,18,4,-4,-1.4494732225092
247,y,19,5,3,-0.825565405395746
247,y,20,5,-3,0.745681418642641
247,y,21,6,2,0.413209733503434
247,y,23,7,1,-0.669521106075333
247,y,31,7,-3,-0.128982782542469
247,y,39,7,5,0.685587452993572
248,x,1,0,0,-1.96670173896354
248,x,3,1,-1,1.56599858141212
248,x,7,3,1,-1.49018579941911
248,x,8,3,-1,0.112940447389071
248,x,9,4,0,0.318096913377693
248,x,10,3,3,2.59589142123005
248,x,13,4,-2,0.400809321828484
248,x,14,5,1,-0.654347709026312
248,x,17,4,4,-0.326448856059771
248,x,18,4,-4,-0.2658770929018
248,x,21,6,2,-1.04134270939488
248,x,22,6,-2,0.221853693365539
248,x,24,7,-1,0.0851519609725112
248,x,26,5,5,-0.0184104779545914
248,x,28,6,4,0.515282179169604
248,x,30,7,3,0.284507564408349
248,x,31,7,-3,0.564669381009193
248,x,51,7,-7,0.0767742096719477
248,y,1,0,0,5.50315017495854
248,y,6,2,-2,-0.319232398274182
248,y,11,3,-3,-0.00189621151212828
248,y,12,4,2,-0.0208162666001518
248,y,16,6,0,0.27940358194392
248,y,18,4,-4,-0.448607352628671
248,y,20,5,-3,0.654363773238896
248,y,21,6,2,1.06449738277214
248,y,22,6,-2,-0.396780789359873
248,y,27,5,-5,-0.291394861095826
248,y,28,6,4,-0.755723475217152
249,x,2,1,1,0.601904729219618
249,x,3,1,-1,0.692700846403179
249,x,4,2,0,1.03052377975272
249,x,8,3,-1,0.308201228213612
249,x,9,4,0,0.529589561280155
249,x,11,3,-3,1.62870304248229
249,x,13,4,-2,-0.592429459456288
249,x,26,5,5,-0.501274645361089
249,x,30,7,3,-0.55966474271471
249,x,37,6,6,0.419358391018955
249,x,38,6,-6,-0.104052433116712
249,x,51,7,-7,0.213114706264735
249,y,1,0,0,-5.87407365464573
249,y,4,2,0,-0.595276887448981
249,y,6,2,-2,-0.892521908356457
249,y,7,3,1,-0.542680019786021
249,y,8,3,-1,-0.565036345147899
249,y,9,4,0,0.507053324639466
249,y,11,3,-3,1.20137257739414
249,y,14,5,1,0.10455466458651
249,y,15,5,-1,-0.595765250270018
249,y,17,4,4,-0.606817217619945
249,y,21,6,2,-0.476278902947554
249,y,22,6,-2,-0.538447981928946
249,y,29,6,-4,0.332681247128432
249,y,30,7,3,0.212229954448785
249,y,31,7,-3,0.0867443673556688
249,y,37,6,6,0.311907800853423
249,y,50,7,7,0.402622252024574
250,x,1,0,0,2.10180468781568
250,x,3,1,-1,0.677185152476689
250,x,5,2,2,1.73979273405906
250,x,6,2,-2,0.462078147777743
250,x,11,3,-3,-0.364038944487035
250,x,12,4,2,0.170755947168898
250,x,15,5,-1,-0.844798819300494
250,x,16,6,0,0.619224837194424
250,x,17,4,4,0.949476463945682
250,x,22,6,-2,0.395099265007316
250,x,23,7,1,0.116729001774184
250,x,27,5,-5,0.24138081598982
250,x,30,7,3,-0.205438175353757
250,x,38,6,-6,-0.289682897620849
250,x,39,7,5,0.18720515464118
250,x,50,7,7,0.425625225585462
250,y,1,0,0,-1.66327438939821
250,y,2,1,1,-1.67609581650682
250,y,6,2,-2,-1.15859877382957
250,y,11,3,-3,0.618142576477124
250,y,12,4,2,-1.13801433593893
250,y,14,5,1,-0.0235239689055781
250,y,18,4,-4,-0.639870323103498
250,y,23,7,1,-0.787055467973846
250,y,26,5,5,0.155761868180737
250,y,30,7,3,-0.224321239215714
250,y,40,7,-5,-0.0919488170555068
250,y,50,7,7,0.589167493115771
250,y,51,7,-7,-0.0746893610556468
251,x,5,2,2,-0.140283003205409
251,x,8,3,-1,0.923152904767602
251,x,11,3,-3,-3.14460579667984
251,x,18,4,-4,-0.673009241055639
251,x,23,7,1,-0.637786499368955
251,x,26,5,5,-0.29152968755112
251,x,28,6,4,-0.590469839453793
251,x,31,7,-3,0.199658262694023
251,x,40,7,-5,-0.122179684555446
251,x,50,7,7,0.187882211742094
251,y,10,3,3,2.40088670869708
251,y,12,4,2,0.840750809245602
251,y,13,4,-2,-0.359710294965612
251,y,15,5,-1,1.20191364009956
251,y,17,4,4,-0.893176133248302
251,y,18,4,-4,0.605489247067385
251,y,23,7,1,-0.119031021274298
251,y,24,7,-1,0.0848790978206377
251,y,28,6,4,0.65095447572066
251,y,40,7,-5,-0.3192418828271
251,y,50,7,7,-0.296019939471874
251,y,51,7,-7,0.507580645574702
252,x,3,1,-1,-4.72277907739636
252,x,4,2,0,-2.78348569528341
252,x,5,2,2,-2.68832870517147
252,x,6,2,-2,-1.13490120618761
252,x,7,3,1,0.185348690093733
252,x,8,3,-1,-1.26799329066309
252,x,10,3,3,-1.72568824847288
252,x,13,4,-2,-0.240380298006058
252,x,15,5,-1,-0.447878714554533
252,x,18,4,-4,0.992527562142589
252,x,19,5,3,0.00338929585510965
252,x,20,5,-3,0.874392637573557
252,x,21,6,2,0.116611562165298
252,x,23,7,1,0.0288667773734399
252,x,24,7,-1,0.0201804316646608
252,x,26,5,5,-0.80163684360518
252,x,28,6,4,0.650187461372272
252,x,31,7,-3,0.187281334066217
252,x,50,7,7,-0.709212764552441
252,y,4,2,0,-1.42031453750729
252,y,5,2,2,0.658012211317459
252,y,6,2,-2,-3.06101479113356
252,y,7,3,1,-0.512860538437587
252,y,8,3,-1,0.00878913908732856
252,y,11,3,-3,-0.824383909384407
252,y,12,4,2,-0.432488231529136
252,y,13,4,-2,1.10387204451489
252,y,21,6,2,0.0337992223278925
252,y,23,7,1,0.24440551395298
252,y,26,5,5,1.58335279501603
252,y,27,5,-5,-0.0280955603835079
252,y,28,6,4,-0.413225208087379
252,y,29,6,-4,0.308545105500155
252,y,30,7,3,-0.259110566091575
252,y,38,6,-6,-0.208014871426965
252,y,39,7,5,-0.664957587331381
252,y,40,7,-5,0.473238976497942
252,y,50,7,7,-0.239492634488103
252,y,51,7,-7,0.13621822321223
253,x,3,1,-1,-0.541606277073761
253,x,4,2,0,1.10534296658327
253,x,10,3,3,-1.13726149047246
253,x,12,4,2,0.144385531025816
253,x,16,6,0,1.17124386070962
253,x,18,4,-4,-1.05040076339409
253,x,22,6,-2,0.798397828354015
253,x,29,6,-4,0.679995870093373
253,x,31,7,-3,-0.541592793814815
253,x,38,6,-6,1.21290638649974
253,x,50,7,7,-0.387702580581918
253,y,4,2,0,-0.142393490894977
253,y,5,2,2,-1.92033764822707
253,y,7,3,1,-0.283747444907339
253,y,13,4,-2,0.575380998983811
253,y,14,5,1,-0.0537880184611421
253,y,15,5,-1,-0.144613569514471
253,y,16,6,0,0.57725288755905
253,y,18,4,-4,0.701387556820893
253,y,21,6,2,0.0465769296552368
253,y,22,6,-2,0.538260315847452
253,y,23,7,1,-0.0503851189383647
253,y,24,7,-1,-1.00395381247055
253,y,27,5,-5,2.20399002214701
253,y,28,6,4,-0.113196500625035
253,y,29,6,-4,-0.250975439969822
253,y,31,7,-3,0.212858826382769
253,y,38,6,-6,0.348110832503999
253,y,39,7,5,-0.0105095644465444
253,y,40,7,-5,0.061860888289021
254,x,1,0,0,-1.34863165055679
254,x,5,2,2,-1.14894498838087
254,x,6,2,-2,-0.829424442501859
254,x,12,4,2,-0.845110423711485
254,x,16,6,0,0.00341571538855967
254,x,17,4,4,0.542840960407301
254,x,18,4,-4,-1.04858533904196
254,x,19,5,3,-0.316222291628639
254,x,20,5,-3,-0.727065093239482
254,x,22,6,-2,0.263271780477677
254,x,24,7,-1,-0.027282688650255
254,x,26,5,5,-0.325535140393272
254,x,27,5,-5,0.345654566904028
254,x,28,6,4,-0.619844237981366
254,x,29,6,-4,-0.427861107692674
254,x,37,6,6,-0.0175294984253461
254,x,38,6,-6,0.530060995257875
254,x,39,7,5,-0.316428587270761
254,x,50,7,7,-0.412162004620164
254,x,51,7,-7,0.125414910176985
254,y,1,0,0,-2.07133752468956
254,y,3,1,-1,1.89786373758789
254,y,4,2,0,-0.144150541104664
254,y,6,2,-2,-1.50076463065039
254,y,7,3,1,0.94417538109947
254,y,9,4,0,-0.724410156464932
254,y,11,3,-3,1.83703281345974
254,y,12,4,2,0.0537926628185437
254,y,15,5,-1,-0.654125665259036
254,y,26,5,5,0.149483438617505
254,y,27,5,-5,0.726675414610292
254,y,29,6,-4,-0.160217420785427
254,y,30,7,3,-0.589644226146092
254,y,31,7,-3,-0.0579677063890704
254,y,37,6,6,0.364204908532824
254,y,39,7,5,0.113786642662105
254,y,40,7,-5,-0.132536188116455
254,y,50,7,7,0.35583730146201
255,x,2,1,1,1.47227840730484
255,x,7,3,1,0.207023730516827
255,x,10,3,3,1.35069961629647
255,x,11,3,-3,-0.708360053603861
255,x,13,4,-2,0.33645151855207
255,x,15,5,-1,0.995429212516325
255,x,18,4,-4,-0.532806682549111
255,x,27,5,-5,-0.298183300063333
255,x,28,6,4,-0.0796103079530561
255,x,31,7,-3,-0.711571089494457
255,x,37,6,6,0.0254296546928372
255,x,38,6,-6,-0.0387780421229874
255,x,50,7,7,0.13368499730896
255,x,51,7,-7,0.0341501628665587
255,y,2,1,1,-0.237794745832719
255,y,4,2,0,1.03457092397144
255,y,9,4,0,0.288527783006378
255,y,12,4,2,1.18908896861355
255,y,13,4,-2,1.42905092986494
255,y,14,5,1,-0.281591026322098
255,y,15,5,-1,0.313245585712266
255,y,18,4,-4,-0.625572231786407
255,y,19,5,3,0.264462144462767
255,y,24,7,-1,-0.312318625913954
255,y,29,6,-4,-0.131935829487955
255,y,30,7,3,0.625418190608216
255,y,37,6,6,0.986340232681784
255,y,39,7,5,-1.06012380570289
256,x,1,0,0,1.38551550462506
256,x,3,1,-1,1.07830818263506
256,x,6,2,-2,-2.89014822762903
256,x,7,3,1,-0.0724091676958617
256,x,11,3,-3,1.76507629799869
256,x,12,4,2,0.042810861506802
256,x,14,5,1,-0.057651687287854
256,x,18,4,-4,0.524486149894295
256,x,20,5,-3,-0.0565523134441814
256,x,22,6,-2,0.602968896774273
256,x,24,7,-1,0.195593227395001
256,x,28,6,4,-0.0886857140787329
256,x,39,7,5,0.125274642433253
256,x,40,7,-5,-0.385619203467776
256,y,3,1,-1,-1.07517212918141
256,y,7,3,1,0.825410900505636
256,y,8,3,-1,1.47785890828423
256,y,16,6,0,-0.0691655257469789
256,y,17,4,4,-1.50777635575698
256,y,19,5,3,0.322241716967862
256,y,21,6,2,0.855246526375275
256,y,23,7,1,0.28053170901373
256,y,24,7,-1,0.421547568028864
256,y,28,6,4,-0.193144632442616
256,y,30,7,3,0.630643030152538
256,y,38,6,-6,0.45469578695139
256,y,40,7,-5,-0.614603017019501
256,y,50,7,7,-0.187668391838283
257,x,1,0,0,-0.474306713826721
257,x,11,3,-3,0.486587122028576
257,x,12,4,2,-0.473049255589974
257,x,13,4,-2,-2.01105435994918
257,x,14,5,1,-0.979740638855624
257,x,15,5,-1,0.108980360508194
257,x,16,6,0,-0.330763689467506
257,x,23,7,1,-0.110211278477179
257,x,29,6,-4,-1.46693486031012
257,x,40,7,-5,-1.15707720224361
257,x,51,7,-7,0.274123524842783
257,y,1,0,0,-2.01044602545522
257,y,2,1,1,-1.32444164582253
257,y,6,2,-2,-0.630826342390151
257,y,8,3,-1,0.296743227996274
257,y,9,4,0,0.82988718689007
257,y,10,3,3,0.957151566332154
257,y,12,4,2,-0.329908327285715
257,y,14,5,1,0.0819807150156454
257,y,21,6,2,-0.652709291850677
257,y,22,6,-2,0.334016121809795
257,y,23,7,1,1.35256981040784
257,y,24,7,-1,0.300268038270443
257,y,26,5,5,-0.54189478603041
257,y,29,6,-4,-0.176316025131009
257,y,30,7,3,-0.369255333999882
257,y,31,7,-3,-0.250015804094392
257,y,37,6,6,-0.443393333061633
257,y,38,6,-6,-0.599286214335179
257,y,39,7,5,0.0856475402396569
257,y,50,7,7,0.587528135757049
258,x,3,1,-1,3.85385547211715
258,x,4,2,0,2.09361174396565
258,x,5,2,2,-1.47431667801326
258,x,6,2,-2,-0.146982191634558
258,x,10,3,3,-1.12622710951905
258,x,13,4,-2,0.111453631650052
258,x,17,4,4,0.255656267193502
258,x,18,4,-4,-0.248720928631315
258,x,22,6,-2,-0.500582384982362
258,x,26,5,5,-1.01195206053996
258,x,27,5,-5,0.595950279725463
258,x,29,6,-4,0.597572866725787
258,x,30,7,3,0.299712873316465
258,x,31,7,-3,0.232105215045634
258,x,38,6,-6,-0.821694832234879
258,x,40,7,-5,0.157501264104197
258,x,50,7,7,-0.0900195390225642
258,y,2,1,1,-1.62665690418465
258,y,3,1,-1,-1.04431294385012
258,y,4,2,0,-0.0651507443502353
258,y,5,2,2,-0.462312177120432
258,y,21,6,2,-0.0179745343412622
258,y,23,7,1,0.601367851479988
258,y,24,7,-1,0.774187667352138
258,y,27,5,-5,0.229933959780506
258,y,28,6,4,0.882766539481539
258,y,29,6,-4,-0.767603039491514
258,y,31,7,-3,-0.289822815787508
258,y,38,6,-6,-0.712067439462438
259,x,11,3,-3,1.58956164414551
259,x,12,4,2,-2.49096833216039
259,x,13,4,-2,-0.62789680169712
259,x,17,4,4,0.393192990415264
259,x,18,4,-4,0.0599563975483048
259,x,21,6,2,-1.47230002180777
259,x,24,7,-1,-0.621301543227412
259,x,30,7,3,0.632031036013052
259,x,37,6,6,0.309170595932474
259,x,39,7,5,-0.376920240743707
259,x,51,7,-7,-0.852953936434861
259,y,1,0,0,-4.03799828234766
259,y,3,1,-1,-0.525260086991567
259,y,4,2,0,-1.72412633306365
259,y,7,3,1,-0.239029403899209
259,y,9,4,0,1.12894746827362
259,y,11,3,-3,0.731194420614334
259,y,14,5,1,0.0189635615283615
259,y,17,4,4,-0.591212088656524
259,y,19,5,3,-0.00722992639839331
259,y,21,6,2,-0.65252229655087
259,y,23,7,1,0.196129271977168
259,y,29,6,-4,-0.602422739051137
259,y,30,7,3,-0.0878103640349177
259,y,31,7,-3,0.268009304661255
259,y,37,6,6,-0.463850798785188
259,y,38,6,-6,-0.378644568834125
259,y,39,7,5,-0.0682740065337873
259,y,40,7,-5,0.293163293749456
259,y,50,7,7,0.0812946983531217
260,x,2,1,1,0.823599792584652
260,x,4,2,0,-1.22318647877306
260,x,7,3,1,-0.295876535234559
260,x,8,3,-1,1.554488717705
260,x,17,4,4,0.244118054295724
260,x,24,7,-1,-0.589487349260724
260,x,26,5,5,0.752029396717382
260,x,27,5,-5,-0.871553127251121
260,x,40,7,-5,-0.514011186659454
260,x,50,7,7,0.267432397309823
260,y,1,0,0,-5.0312901605677
260,y,2,1,1,0.247036011073036
260,y,5,2,2,0.563174158272551
260,y,6,2,-2,-0.0662803940349189
260,y,11,3,-3,-0.203629468039203
260,y,13,4,-2,0.0307916390676758
260,y,15,5,-1,0.131077674081316
260,y,16,6,0,-0.0262719487584576
260,y,17,4,4,-0.283684676904181
260,y,18,4,-4,0.475892127725643
260,y,21,6,2,-0.896387211522897
260,y,23,7,1,-0.487683586845209
260,y,28,6,4,-0.732374751580834
260,y,29,6,-4,-0.183074248596634
260,y,30,7,3,-0.227219287000485
260,y,31,7,-3,-0.0849453166236744
260,y,37,6,6,0.981093446792845
260,y,38,6,-6,0.164847336686204
261,x,2,1,1,0.759838079246409
261,x,3,1,-1,3.17495475872958
261,x,6,2,-2,-0.548197937647961
261,x,7,3,1,-0.730230305703338
261,x,10,3,3,-1.13507571097021
261,x,14,5,1,-0.237992312738565
261,x,15,5,-1,0.0583516897728876
261,x,18,4,-4,0.437301212964473
261,x,19,5,3,0.533000462617962
261,x,21,6,2,-0.734605902935481
261,x,27,5,-5,-0.0661028315512742
261,x,28,6,4,-0.503845687262758
261,x,29,6,-4,-0.0790915705840337
261,x,37,6,6,0.00622060034793961
261,x,39,7,5,-0.00927538925943988
261,x,51,7,-7,0.389886407088784
261,y,3,1,-1,-0.250473103903332
261,y,6,2,-2,1.96345589138657
261,y,9,4,0,-0.366949090461625
261,y,10,3,3,-1.3338997024155
261,y,12,4,2,-1.17472116473551
261,y,14,5,1,-0.399678777926618
261,y,16,6,0,-0.619830935443305
261,y,20,5,-3,0.996089274208164
261,y,22,6,-2,0.672033211213312
261,y,24,7,-1,0.739114256559338
261,y,27,5,-5,-1.25375644107415
261,y,28,6,4,-0.358583834878344
261,y,29,6,-4,0.486103614709815
261,y,37,6,6,0.130101562179808
261,y,38,6,-6,-0.0901128334689206
261,y,40,7,-5,-0.235730628866736
262,x,1,0,0,4.14446823370727
262,x,5,2,2,0.0809484158530348
262,x,8,3,-1,-1.35288259964027
262,x,11,3,-3,-0.462712099846376
262,x,13,4,-2,0.540589057244136
262,x,15,5,-1,0.406605957039662
262,x,21,6,2,0.111509577700402
262,x,30,7,3,0.0861564584829891
262,x,38,6,-6,-0.415506233063641
262,x,39,7,5,0.513176479834567
262,x,50,7,7,0.140024911871547
262,y,4,2,0,-2.49666965676569
262,y,7,3,1,1.01290700460002
262,y,9,4,0,0.290992039561841
262,y,11,3,-3,0.0724257589879766
262,y,12,4,2,-0.815658797265821
262,y,13,4,-2,-0.22646148729803
262,y,14,5,1,0.368134086198899
262,y,16,6,0,-0.287316091449232
262,y,17,4,4,0.189260117938288
262,y,22,6,-2,-0.796567069632115
262,y,23,7,1,0.629037270413676
262,y,24,7,-1,-0.286686983741274
262,y,29,6,-4,0.199124323424109
262,y,30,7,3,0.820065365843209
262,y,38,6,-6,0.427561121881434
262,y,50,7,7,-0.437173409237451
263,x,4,2,0,1.41961872276321
263,x,8,3,-1,1.17429633297155
263,x,9,4,0,0.0962006726911225
263,x,12,4,2,-0.603121464191131
263,x,15,5,-1,-0.285665501670477
263,x,16,6,0,-0.410379457315266
263,x,17,4,4,0.585246927589407
263,x,18,4,-4,1.2615890537084
263,x,29,6,-4,-0.315296412207796
263,x,31,7,-3,0.365733838062984
263,x,38,6,-6,0.794479315410118
263,x,40,7,-5,-0.616194794553897
263,y,3,1,-1,2.41403641626311
263,y,9,4,0,0.186637374429352
263,y,10,3,3,1.91437163616547
263,y,11,3,-3,2.27952874747689
263,y,12,4,2,-0.912225981462505
263,y,13,4,-2,-0.144132346520597
263,y,14,5,1,0.123175015833105
263,y,19,5,3,1.73306895429878
263,y,21,6,2,-0.225765670034132
263,y,24,7,-1,0.0420825766874352
263,y,30,7,3,-0.441946473596548
263,y,31,7,-3,-0.454030980296217
263,y,37,6,6,0.258271393066081
263,y,50,7,7,0.538226944480395
264,x,2,1,1,1.35301264460519
264,x,4,2,0,0.6692335403904
264,x,6,2,-2,1.27141570669562
264,x,12,4,2,-0.564621714591288
264,x,15,5,-1,-0.529382360902592
264,x,16,6,0,-0.376980781298803
264,x,18,4,-4,0.936621368916171
264,x,19,5,3,0.578333031630114
264,x,20,5,-3,-0.200481771259005
264,x,21,6,2,-0.152337595249226
264,x,23,7,1,0.460248796341797
264,x,27,5,-5,0.0253526625016448
264,x,28,6,4,0.369401835870747
264,x,31,7,-3,-0.196310581736081
264,x,38,6,-6,0.249802721010336
264,x,39,7,5,0.193538304744152
264,y,1,0,0,-0.2894339327184
264,y,5,2,2,-1.84169399070619
264,y,7,3,1,0.117207216799231
264,y,9,4,0,-1.7406382635
264,y,10,3,3,-0.137875772372147
264,y,13,4,-2,0.501251861795344
264,y,14,5,1,0.0940426400871625
264,y,15,5,-1,-0.617315050639729
264,y,18,4,-4,-0.374898298847278
264,y,21,6,2,-0.357425928847765
264,y,24,7,-1,-0.260200622756898
264,y,27,5,-5,0.304831738996058
264,y,31,7,-3,-0.00702201146625784
264,y,39,7,5,0.36307857248717
264,y,40,7,-5,-0.216500602331099
264,y,50,7,7,0.181542842131843
265,x,2,1,1,-1.66459809806322
265,x,3,1,-1,2.29234919516969
265,x,7,3,1,0.613773157697096
265,x,11,3,-3,-0.509335735258709
265,x,13,4,-2,-0.777918217297148
265,x,14,5,1,-1.22760042980839
265,x,15,5,-1,0.55225940600731
265,x,17,4,4,0.530192746362409
265,x,21,6,2,0.314936185844294
265,x,23,7,1,-0.869647853496608
265,x,24,7,-1,0.136376445487647
265,x,27,5,-5,0.347243600905108
265,x,29,6,-4,0.328888905932957
265,x,30,7,3,0.216490128538028
265,x,39,7,5,-0.331710180281699
265,y,1,0,0,-4.08885680184293
265,y,2,1,1,-0.187773316242813
265,y,4,2,0,-0.35041083142584
265,y,7,3,1,0.381353627590944
265,y,8,3,-1,-1.98403857079821
265,y,9,4,0,-0.703112491363007
265,y,12,4,2,1.6842820549022
265,y,15,5,-1,0.624411273605106
265,y,17,4,4,-1.31491803494337
265,y,21,6,2,-0.26473730949622
265,y,23,7,1,-0.403388994920632
265,y,24,7,-1,-0.343255608250135
265,y,27,5,-5,0.550894452846917
265,y,28,6,4,-0.0957125985970377
266,x,1,0,0,-1.15318004169036
266,x,2,1,1,-4.04079569962776
266,x,5,2,2,-1.23566139930975
266,x,6,2,-2,-0.990439626767517
266,x,7,3,1,1.76433890377785
266,x,8,3,-1,0.89113469258519
266,x,9,4,0,0.781519469738968
266,x,10,3,3,0.0519579841345529
266,x,11,3,-3,0.043084985457232
266,x,16,6,0,0.598527235012417
266,x,26,5,5,-0.328293536916967
266,x,29,6,-4,-0.259156892117293
266,x,30,7,3,-0.748185196150346
266,x,37,6,6,-0.511823834516565
266,x,38,6,-6,-0.691346209231305
266,x,40,7,-5,0.0515492831569148
266,x,50,7,7,-0.0161938100008745
266,x,51,7,-7,0.181926667936535
266,y,4,2,0,-2.99120340135293
266,y,6,2,-2,-1.61829279229567
266,y,8,3,-1,0.568113585276598
266,y,10,3,3,0.588903481923518
266,y,11,3,-3,0.000259333578947467
266,y,14,5,1,-0.445827422375824
266,y,16,6,0,-0.119937539670202
266,y,18,4,-4,-0.368011914439456
266,y,21,6,2,0.63182268630014
266,y,24,7,-1,0.0615673061322583
266,y,27,5,-5,0.348109828719296
266,y,28,6,4,-0.188633995928422
266,y,29,6,-4,-0.651772763350614
266,y,37,6,6,-0.548264350038716
266,y,50,7,7,-0.331663077527924
267,x,4,2,0,-1.05352941343007
267,x,5,2,2,-1.68884953930008
267,x,9,4,0,-0.96240313100762
267,x,10,3,3,0.674496811111895
267,x,11,3,-3,0.0918088798381426
267,x,13,4,-2,2.05803058337224
267,x,15,5,-1,0.068258282386868
267,x,18,4,-4,-0.116141497272604
267,x,19,5,3,0.502377226250217
267,x,20,5,-3,0.118996344422143
267,x,23,7,1,0.108414889657267
267,x,26,5,5,-0.496569554856778
267,x,28,6,4,1.42520045580601
267,x,29,6,-4,-1.45383343539508
267,x,30,7,3,-0.268794867580833
267,x,31,7,-3,0.00845481788581105
267,x,37,6,6,-0.307080865129701
267,x,38,6,-6,-0.387414730997727
267,x,40,7,-5,-0.287340020898523
267,x,50,7,7,0.366081715558935
267,y,3,1,-1,1.05969604171132
267,y,7,3,1,-1.16546535574555
267,y,8,3,-1,0.701643219467952
267,y,9,4,0,-0.836085730003571
267,y,13,4,-2,-0.946901919762718
267,y,15,5,-1,1.38749106134912
267,y,16,6,0,-0.562041498660572
267,y,20,5,-3,1.11025433383753
267,y,21,6,2,0.109350668251675
267,y,29,6,-4,-0.123834265579393
267,y,30,7,3,0.576169201424291
267,y,51,7,-7,-0.905668394566129
268,x,6,2,-2,2.05892233900606
268,x,7,3,1,-1.53804641666266
268,x,8,3,-1,-0.0994634831135242
268,x,9,4,0,0.272725590085017
268,x,11,3,-3,1.90956220518309
268,x,15,5,-1,0.145727189571126
268,x,16,6,0,0.75002189373558
268,x,19,5,3,-0.273224155247118
268,x,23,7,1,-0.377511141542158
268,x,28,6,4,-0.062962659045462
268,x,30,7,3,-0.195744002793403
268,x,31,7,-3,0.176565830643646
268,x,37,6,6,1.08475336021161
268,y,1,0,0,0.416814339409711
268,y,5,2,2,-1.02983299246461
268,y,7,3,1,0.352133794089681
268,y,8,3,-1,-1.09196859776412
268,y,11,3,-3,-1.73845570932508
268,y,12,4,2,-0.191932551428624
268,y,13,4,-2,1.56522655838024
268,y,15,5,-1,0.0434950271119473
268,y,21,6,2,0.991537678045092
268,y,22,6,-2,0.028522304662522
268,y,27,5,-5,-0.0882241808664688
268,y,29,6,-4,0.355091882273708
268,y,30,7,3,0.560636654316751
268,y,38,6,-6,1.07757728874519
268,y,39,7,5,0.62503056045532
268,y,40,7,-5,-0.0500843612175097
268,y,51,7,-7,0.278717582156265
269,x,1,0,0,1.57728008663722
269,x,2,1,1,-2.1096429801393
269,x,3,1,-1,-2.05927086587021
269,x,4,2,0,0.510838214314401
269,x,8,3,-1,1.73658219291504
269,x,11,3,-3,-0.478737373254217
269,x,12,4,2,-0.0669210511260073
269,x,13,4,-2,-1.14636291135228
269,x,14,5,1,0.197359382432938
269,x,15,5,-1,-1.33461804609476
269,x,17,4,4,-0.551016472013731
269,x,20,5,-3,-0.128223045411254
269,x,22,6,-2,-0.687104143536931
269,x,26,5,5,-0.149489515664474
269,x,30,7,3,0.537085849057329
269,x,37,6,6,-1.31605146511161
269,x,39,7,5,-0.456197507028966
269,x,50,7,7,-0.396293074991502
269,y,2,1,1,3.01555574753888
269,y,3,1,-1,-2.26718675774674
269,y,4,2,0,-0.295575649799614
269,y,5,2,2,-0.69289674656217
269,y,9,4,0,-0.893085494400568
269,y,12,4,2,-0.526780922148656
269,y,13,4,-2,0.115731683640675
269,y,14,5,1,-0.493777220553715
269,y,16,6,0,-0.12148037573197
269,y,17,4,4,0.727165143290262
269,y,19,5,3,0.818409091528878
269,y,20,5,-3,0.983823912197509
269,y,38,6,-6,0.217252759488166
270,x,1,0,0,-1.78550586964054
270,x,3,1,-1,-1.89534625244882
270,x,6,2,-2,-0.813169371564954
270,x,7,3,1,0.657872451167305
270,x,9,4,0,-0.550518649651691
270,x,14,5,1,-0.442219466296834
270,x,16,6,0,-0.260456242804773
270,x,17,4,4,-1.59333525838351
270,x,18,4,-4,-0.886857912921581
270,x,24,7,-1,0.471105045357807
270,x,26,5,5,-1.22096330710468
270,x,31,7,-3,0.0201223492880318
270,x,37,6,6,0.0870954902439279
270,x,38,6,-6,-0.0890074566961907
270,x,39,7,5,-0.558431003118763
270,y,1,0,0,-1.01093702140842
270,y,2,1,1,-4.02512339701084
270,y,3,1,-1,5.67632879245286
270,y,7,3,1,-1.60155437364551
270,y,9,4,0,0.0420049015391949
270,y,10,3,3,0.66648238776572
270,y,12,4,2,0.639555682035019
270,y,16,6,0,0.143676363634656
270,y,17,4,4,-0.789871768882867
270,y,22,6,-2,-0.842036873150896
270,y,23,7,1,0.176525501960895
270,y,24,7,-1,1.0426593088006
270,y,27,5,-5,-0.859988242101932
270,y,28,6,4,0.33313484331211
270,y,30,7,3,0.321903243198981
270,y,31,7,-3,-0.25480885993558
270,y,38,6,-6,0.641961045377741
270,y,39,7,5,0.478834189691944
270,y,40,7,-5,-0.2618387062765
270,y,51,7,-7,-0.363062883835822
271,x,6,2,-2,-0.193045890370732
271,x,8,3,-1,2.66746913207027
271,x,13,4,-2,0.242070360429006
271,x,15,5,-1,0.297907728859073
271,x,17,4,4,-0.768053929847683
271,x,21,6,2,0.566084524495828
271,x,22,6,-2,0.918703912093473
271,x,23,7,1,0.780612005230749
271,x,24,7,-1,0.318962699553167
271,x,27,5,-5,-0.84957933984887
271,x,28,6,4,0.199899166319045
271,x,31,7,-3,0.243888108117132
271,x,38,6,-6,0.0474106606032036
271,x,40,7,-5,-0.23190549291903
271,y,4,2,0,-2.27984589944606
271,y,7,3,1,0.148830594575951
271,y,8,3,-1,0.240496665253424
271,y,9,4,0,-0.355502243607078
271,y,12,4,2,-1.33639150578417
271,y,13,4,-2,1.17929831961085
271,y,22,6,-2,-0.139288193810079
271,y,27,5,-5,-1.21443915842561
271,y,29,6,-4,0.285276731261882
271,y,30,7,3,-0.15999611542308
271,y,38,6,-6,-0.168900437166296
271,y,39,7,5,-0.83017768056414
271,y,40,7,-5,0.498448787787984
272,x,1,0,0,-4.09277042371527
272,x,2,1,1,2.08295471132721
272,x,12,4,2,0.137325589319239
272,x,14,5,1,-0.284125119091592
272,x,15,5,-1,-0.181529977677679
272,x,18,4,-4,-1.78570984076757
272,x,19,5,3,0.454680774181425
272,x,21,6,2,0.578530238119753
272,x,24,7,-1,0.556306247901171
272,x,31,7,-3,-0.576350673911784
272,x,38,6,-6,0.492610613770392
272,x,40,7,-5,-0.177885752744694
272,x,51,7,-7,-0.189292894646087
272,y,7,3,1,-0.145232067568405
272,y,9,4,0,1.63125159358161
272,y,11,3,-3,-0.762486874910257
272,y,12,4,2,-0.564295105785527
272,y,14,5,1,1.90217209360943
272,y,26,5,5,-1.05305955883328
272,y,27,5,-5,0.404764088141502
272,y,31,7,-3,-0.894759584215761
272,y,38,6,-6,-0.362360282820751
272,y,39,7,5,-0.456757273476955
273,x,3,1,-1,7.28254109407089
273,x,4,2,0,-1.09731433986763
273,x,5,2,2,-3.10374050247558
273,x,11,3,-3,0.65351666356166
273,x,12,4,2,1.87930488670517
273,x,16,6,0,-0.245026375332378
273,x,17,4,4,-0.186458135986581
273,x,18,4,-4,0.0820944181270175
273,x,20,5,-3,1.78948510348586
273,x,24,7,-1,-0.128872189739474
273,x,28,6,4,-0.1053746121739
273,x,38,6,-6,-0.040532334404152
273,x,39,7,5,0.222012757113406
273,y,2,1,1,4.49979506783155
273,y,4,2,0,0.633203958132289
273,y,10,3,3,1.41116310001688
273,y,14,5,1,0.251462961583452
273,y,18,4,-4,0.919537824333602
273,y,24,7,-1,-0.431712434659876
273,y,27,5,-5,1.09396218746081
273,y,28,6,4,0.182443030931136
273,y,29,6,-4,0.301057949501935
273,y,37,6,6,-0.632410105244167
273,y,39,7,5,0.0977908400792669
273,y,40,7,-5,-0.291104846309367
273,y,50,7,7,-0.127163411579254
274,x,5,2,2,1.05395191598687
274,x,6,2,-2,-2.35713314240848
274,x,9,4,0,0.580349146669193
274,x,11,3,-3,-0.186836103737717
274,x,13,4,-2,-0.591855575929305
274,x,16,6,0,-0.157675404089666
274,x,21,6,2,-0.805237322109198
274,x,29,6,-4,0.502135885523199
274,x,30,7,3,-0.43958652508889
274,x,31,7,-3,-0.471661115464403
274,x,39,7,5,0.0491286507893853
274,x,40,7,-5,0.318247724061775
274,y,1,0,0,-1.99987190654939
274,y,2,1,1,4.45212131410354
274,y,3,1,-1,-1.28731268282551
274,y,5,2,2,-0.685029133754435
274,y,10,3,3,0.0812989005302989
274,y,12,4,2,-1.11037196305304
274,y,16,6,0,-0.391355519760737
274,y,22,6,-2,0.164632700749851
274,y,23,7,1,0.146237487826174
274,y,24,7,-1,0.454232646962843
274,y,26,5,5,-0.764614391684205
274,y,27,5,-5,-0.747467591791923
274,y,28,6,4,0.203373484298549
274,y,29,6,-4,-0.42609716510196
274,y,31,7,-3,-0.67840434537011
274,y,38,6,-6,0.402387163226631
274,y,40,7,-5,0.576843453050412
274,y,50,7,7,-0.177364827439033
275,x,1,0,0,0.126266082825217
275,x,6,2,-2,-2.18529309177622
275,x,7,3,1,-1.76609622537658
275,x,13,4,-2,-0.209152739388246
275,x,15,5,-1,-0.0321267614445067
275,x,18,4,-4,0.851703780925068
275,x,21,6,2,0.239113333414529
275,x,22,6,-2,0.0398679163502944
275,x,24,7,-1,-0.384621192535145
275,x,30,7,3,0.0635814057106602
275,x,37,6,6,-0.315056018509441
275,x,39,7,5,0.623747635779031
275,x,50,7,7,-0.268094480400132
275,y,2,1,1,-0.359175513482465
275,y,5,2,2,0.17370491604592
275,y,7,3,1,-0.962316396748006
275,y,9,4,0,-1.2247683344125
275,y,11,3,-3,-0.431049941072394
275,y,14,5,1,-1.5791601173471
275,y,17,4,4,1.1245034974297
275,y,21,6,2,1.0674944426597
275,y,24,7,-1,-0.027567573484049
275,y,26,5,5,-0.228812234340489
275,y,28,6,4,-0.233801527228452
275,y,29,6,-4,0.944940291676181
275,y,39,7,5,-0.672959660036391
275,y,40,7,-5,0.468229711084168
276,x,6,2,-2,-2.16897194984308
276,x,11,3,-3,-0.611333143312252
276,x,13,4,-2,0.0981927123581803
276,x,16,6,0,-0.67453798220105
276,x,17,4,4,-0.214174133684932
276,x,18,4,-4,-0.326713984502257
276,x,19,5,3,0.932909957571146
276,x,22,6,-2,-0.595532245953949
276,x,30,7,3,-0.0624940532350096
276,x,50,7,7,-0.663378206048847
276,x,51,7,-7,-0.572445470282191
276,y,2,1,1,-4.89364011425592
276,y,5,2,2,-0.753858006150927
276,y,7,3,1,-0.429812959722903
276,y,12,4,2,0.0486882482135401
276,y,15,5,-1,-0.142611766451977
276,y,18,4,-4,-1.32679918636513
276,y,20,5,-3,-0.0686311457799116
276,y,23,7,1,-0.348532725930001
276,y,26,5,5,-0.485151797498963
276,y,27,5,-5,-0.284231252666956
276,y,29,6,-4,-0.758122008285589
276,y,31,7,-3,0.763389990401266
277,x,1,0,0,-0.806964707128538
277,x,3,1,-1,5.42209361304897
277,x,5,2,2,-0.311598670341959
277,x,6,2,-2,-0.78643721688548
277,x,9,4,0,1.30388969861829
277,x,10,3,3,0.176029097120116
277,x,12,4,2,0.471305267039504
277,x,13,4,-2,-0.324042241307217
277,x,22,6,-2,-0.774189534892227
277,x,23,7,1,-0.333447851712421
277,x,24,7,-1,0.180829957932421
277,x,27,5,-5,-0.0665174998914626
277,x,30,7,3,0.42045343309462
277,x,31,7,-3,0.447116362173014
277,x,37,6,6,0.917719034379107
277,x,39,7,5,-0.291371266499346
277,y,3,1,-1,2.11703489623623
277,y,5,2,2,-0.50077904177334
277,y,9,4,0,0.816670041192076
277,y,11,3,-3,1.40272132483532
277,y,12,4,2,-0.113791986575796
277,y,21,6,2,0.228564555936479
277,y,22,6,-2,-0.230928921455486
277,y,28,6,4,-0.246104533260578
277,y,29,6,-4,0.241269316142085
277,y,30,7,3,-0.136210972324731
277,y,51,7,-7,1.06012174443865
278,x,5,2,2,-1.8820328971295
278,x,6,2,-2,-1.00992025026193
278,x,11,3,-3,-0.153413856060431
278,x,13,4,-2,0.35997720485117
278,x,18,4,-4,0.609600811006677
278,x,20,5,-3,-1.88408514686704
278,x,22,6,-2,-0.0515707306972993
278,x,23,7,1,-0.210601960517576
278,x,26,5,5,-0.620441406559184
278,x,30,7,3,-0.0541784444995324
278,x,51,7,-7,0.208682808935886
278,y,3,1,-1,-3.2016528215628
278,y,4,2,0,-1.13716684580485
278,y,5,2,2,1.50573666216813
278,y,10,3,3,-1.05031182181063
278,y,12,4,2,-0.247290467408229
278,y,14,5,1,-1.06707307325272
278,y,15,5,-1,0.235893794319907
278,y,17,4,4,-0.508044306329916
278,y,20,5,-3,0.32773089586535
278,y,21,6,2,0.0214224590045261
278,y,27,5,-5,-0.186920915320796
278,y,31,7,-3,-0.0517727585232506
278,y,37,6,6,0.229689170610349
278,y,39,7,5,-0.503622691917923
278,y,40,7,-5,-0.0141137316541669
279,x,4,2,0,-1.91629568506568
279,x,7,3,1,-2.72282963448993
279,x,10,3,3,0.397451110325933
279,x,14,5,1,0.0435213808477752
279,x,17,4,4,-0.47405001647409
279,x,19,5,3,0.745898269567589
279,x,24,7,-1,-0.394792153641485
279,x,28,6,4,0.255479698333386
279,x,31,7,-3,-0.363219961849997
279,x,37,6,6,-0.325836338260098
279,x,39,7,5,-0.185991721075517
279,y,1,0,0,2.05062260660981
279,y,9,4,0,0.892987292859948
279,y,13,4,-2,-0.0357455321401939
279,y,16,6,0,0.0171172365879002
279,y,17,4,4,-0.250777101476239
279,y,21,6,2,-0.321007853018567
279,y,24,7,-1,0.182135359898996
279,y,26,5,5,-0.445941762100963
279,y,28,6,4,0.263928388036156
279,y,29,6,-4,-0.522954930413344
279,y,30,7,3,-0.0191837359207186
279,y,37,6,6,0.784518541983062
279,y,38,6,-6,-0.497826891379555
279,y,40,7,-5,-0.595407574522093
279,y,50,7,7,-0.112375987542184
279,y,51,7,-7,0.569546975679521
280,x,1,0,0,-0.248109590602161
280,x,2,1,1,-0.946189986256095
280,x,3,1,-1,4.86545993222148
280,x,4,2,0,0.443965860407263
280,x,5,2,2,-3.46771195120484
280,x,7,3,1,0.0639676382523766
280,x,8,3,-1,-0.352446653328648
280,x,9,4,0,-0.47246992888686
280,x,10,3,3,0.92731742162153
280,x,14,5,1,0.593698824718535
280,x,20,5,-3,-0.41382998614487
280,x,23,7,1,0.591529224712609
280,x,26,5,5,-0.898772539227358
280,x,27,5,-5,0.48718865474503
280,x,29,6,-4,-0.533360542037447
280,x,37,6,6,-0.072020924821849
280,x,40,7,-5,0.197449093824091
280,x,50,7,7,0.0982471524455918
280,y,3,1,-1,-2.80846537589247
280,y,4,2,0,-2.8274091764624
280,y,6,2,-2,1.58606999398934
280,y,17,4,4,0.0707635585563283
280,y,19,5,3,0.734244376204597
280,y,22,6,-2,-0.371193765016266
280,y,26,5,5,0.365324418218708
280,y,28,6,4,-0.479621827560962
280,y,37,6,6,0.0814953385412942
280,y,39,7,5,0.480334892912181
280,y,40,7,-5,0.0872538330673175
280,y,50,7,7,0.0896894468970258
280,y,51,7,-7,0.134097711924292
281,x,2,1,1,-1.26356653979451
281,x,10,3,3,-0.119185523048196
281,x,11,3,-3,1.12133241414447
281,x,15,5,-1,0.955283981866694
281,x,19,5,3,1.63855645559492
281,x,21,6,2,0.319278750063979
281,x,22,6,-2,-0.767738460746119
281,x,24,7,-1,-0.749580082599734
281,x,29,6,-4,1.01887812193787
281,x,30,7,3,0.197292689099553
281,x,40,7,-5,-0.337639135480655
281,x,51,7,-7,-0.212671178916711
281,y,2,1,1,-5.72297260714565
281,y,5,2,2,1.10910848434897
281,y,6,2,-2,-3.17413310081307
281,y,7,3,1,0.774716746723674
281,y,8,3,-1,1.62839375773191
281,y,10,3,3,0.0569397102372457
281,y,12,4,2,1.46648151935142
281,y,13,4,-2,-1.60845826217619
281,y,14,5,1,-0.41622080720571
281,y,15,5,-1,-0.42152133953483
281,y,17,4,4,0.252891424718924
281,y,18,4,-4,-0.102181779504328
281,y,21,6,2,-0.290877881844429
281,y,22,6,-2,-0.243420719812502
281,y,28,6,4,0.0880288589682263
281,y,29,6,-4,-0.573184901717888
281,y,37,6,6,0.277444719135676
282,x,5,2,2,-0.482403440198718
282,x,6,2,-2,0.451372748828335
282,x,8,3,-1,-0.158346864313111
282,x,11,3,-3,-0.238626539589433
282,x,13,4,-2,0.49786476299084
282,x,15,5,-1,1.25384806372756
282,x,17,4,4,1.39973455663325
282,x,19,5,3,-0.9371915988259
282,x,22,6,-2,-1.07819539724063
282,x,23,7,1,-0.738501083820711
282,x,24,7,-1,0.332884965703922
282,x,27,5,-5,1.00879148310992
282,x,30,7,3,1.70300639145394
282,x,31,7,-3,0.101472723186256
282,x,37,6,6,1.11558576173427
282,x,40,7,-5,0.121070248113685
282,x,50,7,7,-0.776209106478384
282,y,5,2,2,1.61394822282748
282,y,6,2,-2,-1.21009269676654
282,y,9,4,0,-0.823848388490544
282,y,18,4,-4,1.61335251377427
282,y,20,5,-3,0.387378219776508
282,y,22,6,-2,-0.0510961157336783
282,y,23,7,1,-0.543639617077533
282,y,26,5,5,0.854880367043204
282,y,27,5,-5,0.902583846115378
282,y,31,7,-3,-0.385313189628392
282,y,37,6,6,-0.357690783181204
282,y,39,7,5,-0.727977262245505
283,x,2,1,1,4.27824134293496
283,x,4,2,0,0.544821799867637
283,x,6,2,-2,2.72200644229653
283,x,7,3,1,-0.531769567669944
283,x,22,6,-2,-0.244925234944824
283,x,23,7,1,0.212892087465358
283,x,24,7,-1,-0.830958880135157
283,x,29,6,-4,0.106629759126176
283,x,39,7,5,-0.0667642498236685
283,x,51,7,-7,-0.0533772220794217
283,y,1,0,0,-0.442390528484209
283,y,3,1,-1,2.08500102121536
283,y,8,3,-1,1.34523240841175
283,y,11,3,-3,-0.142842089571489
283,y,14,5,1,-0.235970617533553
283,y,16,6,0,0.186986508468023
283,y,17,4,4,0.20651996782856
283,y,18,4,-4,0.843266969474999
283,y,19,5,3,-0.249277854065027
283,y,24,7,-1,-0.230269101592659
283,y,27,5,-5,-0.166985197143605
283,y,28,6,4,0.140189737370785
283,y,31,7,-3,-0.154583901970726
283,y,37,6,6,-0.336725339375422
283,y,50,7,7,0.182615718167435
284,x,7,3,1,0.0406078748307709
284,x,11,3,-3,-2.35839467182423
284,x,13,4,-2,0.259258697754486
284,x,15,5,-1,-0.229876770058411
284,x,16,6,0,-0.60122435064793
284,x,17,4,4,0.174810674506515
284,x,18,4,-4,-0.980789530174683
284,x,19,5,3,1.76572276605396
284,x,20,5,-3,-0.613982384099735
284,x,37,6,6,-0.809958594405459
284,x,38,6,-6,1.24317542536842
284,x,40,7,-5,0.0468125907987453
284,y,2,1,1,1.60874251157529
284,y,3,1,-1,0.804200866287363
284,y,4,2,0,-1.47465409969582
284,y,11,3,-3,-0.214838844833198
284,y,13,4,-2,0.873491766257631
284,y,15,5,-1,-0.372647390322893
284,y,17,4,4,0.518172302944374
284,y,20,5,-3,0.379126736713295
284,y,24,7,-1,-0.812268825347977
284,y,27,5,-5,-0.237296091623347
284,y,29,6,-4,0.0864125165080199
284,y,31,7,-3,0.349965312708398
284,y,38,6,-6,-0.448567550189373
284,y,50,7,7,0.14837505668455
285,x,1,0,0,-2.55195974943933
285,x,4,2,0,2.59590860477202
285,x,12,4,2,-0.192322137766073
285,x,13,4,-2,-0.787703946768834
285,x,14,5,1,-0.0292526351359459
285,x,16,6,0,0.504485626424612
285,x,18,4,-4,-0.0101640177963627
285,x,19,5,3,-0.410176135882126
285,x,20,5,-3,-0.124895789605937
285,x,22,6,-2,0.0899050833155079
285,x,26,5,5,-0.167538243310432
285,x,27,5,-5,-0.168318331035057
285,x,30,7,3,0.173337379514959
285,x,31,7,-3,-0.00569362600509616
285,x,40,7,-5,-0.218997408675196
285,x,50,7,7,-0.253713121800799
285,y,1,0,0,-3.2808542132525
285,y,2,1,1,2.55008638374326
285,y,3,1,-1,1.33844736536595
285,y,5,2,2,-1.34135638416473
285,y,8,3,-1,-1.64757107254281
285,y,10,3,3,0.272177718591073
285,y,12,4,2,-1.08841436006021
285,y,15,5,-1,0.463695987325713
285,y,17,4,4,0.840566180692967
285,y,18,4,-4,-0.184848415841876
285,y,22,6,-2,-0.286500271513551
285,y,27,5,-5,0.280445279497745
285,y,31,7,-3,-0.115252211720986
285,y,38,6,-6,-0.448394874346854
285,y,40,7,-5,-0.0495251902080286
286,x,5,2,2,0.815490485034557
286,x,9,4,0,-0.747921282989314
286,x,10,3,3,-0.0650069720224978
286,x,11,3,-3,0.679762489298271
286,x,13,4,-2,0.00699750243159594
286,x,14,5,1,0.582036925239012
286,x,15,5,-1,0.841547950496666
286,x,16,6,0,-1.22013703471215
286,x,17,4,4,1.89695595792997
286,x,18,4,-4,-0.231312627005514
286,x,20,5,-3,-0.799863525401814
286,x,27,5,-5,-1.01569196195479
286,x,37,6,6,0.165894425282958
286,x,38,6,-6,-0.0924494723490506
286,x,50,7,7,0.0273244618241511
286,y,1,0,0,-3.56960614759612
286,y,2,1,1,3.51242697779368
286,y,3,1,-1,3.40965277215607
286,y,4,2,0,0.988380636857015
286,y,7,3,1,-0.463011283199487
286,y,12,4,2,0.261815770136752
286,y,15,5,-1,0.823203269314858
286,y,17,4,4,0.437585267763571
286,y,19,5,3,1.08230447525218
286,y,23,7,1,0.216141094770453
286,y,27,5,-5,0.510326029369785
287,x,3,1,-1,8.97859583782487
287,x,7,3,1,0.421905266203195
287,x,8,3,-1,0.808301365413535
287,x,9,4,0,-0.937300898015866
287,x,11,3,-3,0.371867095350368
287,x,14,5,1,0.441501671245243
287,x,19,5,3,0.249496099306727
287,x,21,6,2,-0.297362973956484
287,x,22,6,-2,0.621343416360406
287,x,23,7,1,0.0929558659978512
287,x,27,5,-5,-0.61719562982118
287,x,28,6,4,0.109326311691947
287,x,51,7,-7,0.230962640256213
287,y,1,0,0,5.61268510209191
287,y,8,3,-1,0.812192359083741
287,y,9,4,0,0.542050307618467
287,y,10,3,3,0.895118339858031
287,y,12,4,2,-0.188371457319826
287,y,15,5,-1,-1.39554926282926
287,y,17,4,4,-0.618875677839675
287,y,19,5,3,-0.000643260862781989
287,y,23,7,1,-0.503944520820864
287,y,24,7,-1,-0.550601795186187
287,y,26,5,5,-0.749136827004189
287,y,40,7,-5,-0.102631653079089
287,y,51,7,-7,0.451056973822569
288,x,6,2,-2,-1.45553439645633
288,x,8,3,-1,-2.04943035769438
288,x,11,3,-3,-0.660636020984018
288,x,12,4,2,-0.0548638384414272
288,x,14,5,1,0.057987313513636
288,x,16,6,0,0.613488066370995
288,x,19,5,3,-0.217619425480561
288,x,28,6,4,-0.0195696467202811
288,x,30,7,3,0.844206654928215
288,x,31,7,-3,0.55143459694846
288,x,37,6,6,-0.159331842200665
288,x,38,6,-6,0.0432120838402175
288,y,1,0,0,0.854117243095648
288,y,8,3,-1,-0.759078868640547
288,y,9,4,0,0.515530538382126
288,y,18,4,-4,1.60953127953683
288,y,21,6,2,-0.191114903721498
288,y,23,7,1,0.0894922918340977
288,y,26,5,5,0.317388022498499
288,y,29,6,-4,0.336779051933669
288,y,30,7,3,0.19704462211546
288,y,31,7,-3,-0.426665486791568
288,y,38,6,-6,-0.513454699683718
288,y,39,7,5,0.489545978801456
288,y,50,7,7,-0.499280035609523
288,y,51,7,-7,-0.00736661560938272
289,x,1,0,0,1.45921666434827
289,x,3,1,-1,2.56486893385459
289,x,4,2,0,1.8685673985778
289,x,9,4,0,-0.12033664473462
289,x,11,3,-3,0.385272111736315
289,x,13,4,-2,0.0810832608131866
289,x,16,6,0,0.397472436453584
289,x,18,4,-4,0.0162583219414221
289,x,20,5,-3,0.680928387273571
289,x,24,7,-1,0.148500509256345
289,x,27,5,-5,-0.220569802356116
289,x,29,6,-4,-1.02524559285875
289,x,31,7,-3,-0.653617794129127
289,x,37,6,6,-0.112818349242612
289,x,39,7,5,0.0604653752836332
289,y,3,1,-1,0.745851796988262
289,y,4,2,0,0.410789779198627
289,y,5,2,2,-1.04013924746651
289,y,7,3,1,0.503412243627854
289,y,8,3,-1,-0.569230150083709
289,y,9,4,0,-0.270976581871263
289,y,12,4,2,-0.181118659954376
289,y,13,4,-2,-0.000650016173709152
289,y,15,5,-1,0.384740530411481
289,y,16,6,0,0.252928960193554
289,y,17,4,4,-1.76947818697547
289,y,18,4,-4,0.543685177529532
289,y,19,5,3,-0.634567184970656
289,y,20,5,-3,-0.0444079382585296
289,y,21,6,2,-0.492048416048702
289,y,22,6,-2,-0.751102814930669
289,y,23,7,1,0.418957224633841
289,y,31,7,-3,-0.14755480909266
289,y,39,7,5,0.123278573535268
289,y,40,7,-5,-0.446003229305048
290,x,1,0,0,4.16509521895483
290,x,2,1,1,-2.64284858378905
290,x,6,2,-2,-0.690453483128023
290,x,8,3,-1,-0.95156582938082
290,x,11,3,-3,0.899292177274835
290,x,12,4,2,0.0537723288071145
290,x,14,5,1,-0.315126623851927
290,x,15,5,-1,-0.472523889098636
290,x,16,6,0,0.11764660056204
290,x,17,4,4,0.0421201099112747
290,x,20,5,-3,-0.605255872812948
290,x,21,6,2,0.345129348820431
290,x,22,6,-2,-0.0693012481207345
290,x,23,7,1,0.0605846769712463
290,x,29,6,-4,-0.587762821533377
290,x,31,7,-3,0.595868944656357
290,x,37,6,6,1.18735888911681
290,x,39,7,5,-0.338932195205744
290,x,40,7,-5,-0.375920813145955
290,y,1,0,0,0.285401410550897
290,y,6,2,-2,-1.33668405966459
290,y,7,3,1,1.27001246995869
290,y,8,3,-1,-0.359097993764475
290,y,10,3,3,-0.803295387645618
290,y,14,5,1,-0.121150946698811
290,y,15,5,-1,0.798520179121725
290,y,16,6,0,1.11217911447356
290,y,20,5,-3,-1.1560183843234
290,y,23,7,1,0.0164883373753647
290,y,28,6,4,-0.35142258452524
290,y,29,6,-4,0.3748289344379
290,y,30,7,3,0.340461865093557
290,y,39,7,5,0.48875099452042
290,y,40,7,-5,0.169947468046042
291,x,4,2,0,-0.148333758295958
291,x,5,2,2,-1.30500605894531
291,x,11,3,-3,-1.04428091488036
291,x,14,5,1,0.341540428296514
291,x,16,6,0,-0.615077624489987
291,x,17,4,4,-0.993473895765649
291,x,19,5,3,1.13056575860972
291,x,22,6,-2,-0.658846330922724
291,x,23,7,1,0.157734363954677
291,x,24,7,-1,0.337200997368592
291,x,26,5,5,1.12591843688269
291,x,37,6,6,-1.23211340033872
291,x,39,7,5,-0.299830948709097
291,x,50,7,7,-0.145414379871474
291,y,2,1,1,-4.20247466344157
291,y,4,2,0,-0.0698230290423614
291,y,6,2,-2,-1.11683180261338
291,y,7,3,1,-0.0997228217769623
291,y,8,3,-1,-0.32176992136678
291,y,12,4,2,-0.752527839388692
291,y,16,6,0,0.50557208351486
291,y,21,6,2,0.274798446286708
291,y,22,6,-2,-0.635897893407343
291,y,23,7,1,0.916374200550529
291,y,40,7,-5,-0.242803824049686
291,y,51,7,-7,-0.0122177898729683
292,x,4,2,0,1.52976111953342
292,x,8,3,-1,-0.187187589773728
292,x,10,3,3,-1.31380747920025
292,x,11,3,-3,-0.546122188915939
292,x,13,4,-2,-1.14577468544213
292,x,15,5,-1,0.106666347515903
292,x,16,6,0,0.991690979043757
292,x,18,4,-4,0.223333531342764
292,x,20,5,-3,0.129717153977588
292,x,22,6,-2,-0.310106367814088
292,x,24,7,-1,-0.0152530817781084
292,x,27,5,-5,-0.435176945630485
292,x,28,6,4,0.258270391851065
292,x,38,6,-6,-0.0404935939835608
292,x,39,7,5,-0.585868869047296
292,x,50,7,7,-0.747836079150147
292,y,3,1,-1,-3.55003264583733
292,y,7,3,1,1.12529809730481
292,y,9,4,0,-0.233532826973032
292,y,12,4,2,-0.882066010607144
292,y,13,4,-2,0.191965635398586
292,y,15,5,-1,0.0353891888193417
292,y,19,5,3,-0.428625545741661
292,y,23,7,1,0.166380217224687
292,y,24,7,-1,-0.335958963186966
292,y,26,5,5,-0.540600610868617
292,y,28,6,4,-0.0107206519474218
292,y,29,6,-4,0.465351893607123
292,y,30,7,3,-0.0523106202084805
292,y,37,6,6,-0.115600591633759
292,y,40,7,-5,-0.157543270139993
293,x,1,0,0,2.90463938999662
293,x,2,1,1,-4.34610620749948
293,x,4,2,0,0.70203425016344
293,x,6,2,-2,-0.975131148423368
293,x,7,3,1,-1.62500828735599
293,x,19,5,3,0.435889360345859
293,x,20,5,-3,-0.784363466726807
293,x,22,6,-2,-0.815417224098635
293,x,27,5,-5,0.323322666081924
293,x,28,6,4,-0.0780739009675279
293,x,50,7,7,0.530744220039529
293,y,3,1,-1,-2.25138307310983
293,y,5,2,2,0.879482891079398
293,y,7,3,1,1.17942311832126
293,y,8,3,-1,0.077077701249511
293,y,9,4,0,-0.407579620673213
293,y,11,3,-3,-0.453756228826879
293,y,15,5,-1,-0.365282016015415
293,y,16,6,0,0.206972238690423
293,y,19,5,3,-0.157424822734808
293,y,20,5,-3,-1.39124828732425
293,y,21,6,2,-0.417193761134794
293,y,23,7,1,0.0159126472111936
293,y,24,7,-1,0.59892998248277
293,y,27,5,-5,0.232379543980073
293,y,37,6,6,-0.054341345490449
293,y,38,6,-6,0.0618655106796402
293,y,39,7,5,0.644806141800309
293,y,40,7,-5,-0.606941386652298
293,y,50,7,7,-0.658899959477835
294,x,1,0,0,1.99275584292869
294,x,2,1,1,2.70110798820358
294,x,5,2,2,-0.357150844248139
294,x,6,2,-2,0.683356203750996
294,x,8,3,-1,-1.32475447748074
294,x,9,4,0,0.260211704037222
294,x,11,3,-3,-1.00197654480145
294,x,13,4,-2,-0.852809349780958
294,x,14,5,1,-0.120719306261708
294,x,15,5,-1,-0.198852099496828
294,x,16,6,0,0.0859934135525636
294,x,18,4,-4,-0.647754314975709
294,x,20,5,-3,-0.283466440950576
294,x,22,6,-2,0.924056286975232
294,x,24,7,-1,0.761319216931199
294,x,26,5,5,-0.0582267812796464
294,x,28,6,4,0.305077815602335
294,x,30,7,3,0.147353401187272
294,x,31,7,-3,-0.135087158072314
294,x,37,6,6,-0.0392247799099017
294,y,3,1,-1,-4.49093763824625
294,y,8,3,-1,0.0892590630360891
294,y,10,3,3,-1.65130494956134
294,y,12,4,2,-0.212412503897416
294,y,13,4,-2,-0.531035233603654
294,y,14,5,1,0.481198896392714
294,y,20,5,-3,0.697968783510903
294,y,22,6,-2,-0.582035120698436
294,y,23,7,1,-0.458257221072583
294,y,24,7,-1,-0.453850300834995
294,y,26,5,5,0.605188715290607
294,y,27,5,-5,-0.210824809496409
294,y,29,6,-4,-1.54092025219308
294,y,30,7,3,0.506089640865201
294,y,37,6,6,-0.0394888116469797
294,y,40,7,-5,0.205867517972397
294,y,50,7,7,0.318320658500237
294,y,51,7,-7,0.167874658793869
295,x,1,0,0,-3.09938468273794
295,x,4,2,0,-1.33446261008701
295,x,6,2,-2,-2.65648353392551
295,x,10,3,3,-1.37302428956659
295,x,11,3,-3,1.39329807186061
295,x,12,4,2,-0.792099880947682
295,x,15,5,-1,-0.0885809260743012
295,x,16,6,0,0.182498681644196
295,x,17,4,4,-0.620396674775653
295,x,18,4,-4,0.359454149388152
295,x,21,6,2,0.359204793755338
295,x,27,5,-5,-0.0455123369494839
295,x,30,7,3,-0.0616771608574931
295,x,37,6,6,0.782712800450756
295,x,50,7,7,0.0727852192270791
295,x,51,7,-7,0.290772622830292
295,y,1,0,0,2.94450362744522
295,y,6,2,-2,0.206560665231036
295,y,9,4,0,1.63382100675644
295,y,11,3,-3,-0.381440392236504
295,y,14,5,1,-1.08995145435526
295,y,15,5,-1,-0.865545546127309
295,y,18,4,-4,-1.49761739848826
295,y,19,5,3,0.547595159011407
295,y,22,6,-2,-0.0243064512360103
295,y,23,7,1,-0.983590065161488
295,y,26,5,5,0.0568614794864671
295,y,27,5,-5,-0.366395783761762
295,y,28,6,4,-0.480986003238884
295,y,30,7,3,0.150354392781886
295,y,31,7,-3,0.11515046252009
295,y,37,6,6,-0.734247233453478
295,y,39,7,5,0.708648230862789
296,x,1,0,0,2.50451757258556
296,x,2,1,1,5.8368963111788
296,x,3,1,-1,2.40265181509173
296,x,4,2,0,-0.90791855096638
296,x,9,4,0,-0.680420868906149
296,x,12,4,2,-0.478680303443057
296,x,16,6,0,0.0820492133582277
296,x,18,4,-4,0.968627884980805
296,x,19,5,3,-0.237942374693597
296,x,20,5,-3,-0.69205777443986
296,x,21,6,2,-0.40261601054706
296,x,27,5,-5,-0.0754340601978609
296,x,28,6,4,0.221663551420596
296,x,31,7,-3,-0.253542440788837
296,x,40,7,-5,-0.172725970762623
296,x,50,7,7,-0.209550072095365
296,y,3,1,-1,1.50449266410836
296,y,9,4,0,-1.14716287208348
296,y,14,5,1,0.429651947817864
296,y,16,6,0,-0.293360824883398
296,y,17,4,4,-1.13814108550266
296,y,18,4,-4,0.926753001992687
296,y,23,7,1,-0.0305330531661486
296,y,24,7,-1,0.306205336720644
296,y,26,5,5,0.690209025856633
296,y,28,6,4,0.838341669323257
296,y,29,6,-4,0.407484549585845
296,y,38,6,-6,0.161921772076875
297,x,2,1,1,-1.15642421982686
297,x,5,2,2,-0.381855124660637
297,x,7,3,1,0.078135451234457
297,x,8,3,-1,0.706849868848935
297,x,9,4,0,-1.05925395190928
297,x,22,6,-2,0.412203948076589
297,x,24,7,-1,-0.997868050536568
297,x,27,5,-5,-1.35575342364624
297,x,28,6,4,0.753164399049956
297,x,29,6,-4,-0.714504680198764
297,x,31,7,-3,-0.18086280367922
297,x,37,6,6,-0.126518241844377
297,x,39,7,5,-0.647831941188502
297,x,40,7,-5,0.544711901119147
297,y,1,0,0,-1.42090018465437
297,y,2,1,1,-0.328690543314472
297,y,3,1,-1,2.67027317406952
297,y,4,2,0,-0.247642332778761
297,y,5,2,2,0.811476693575301
297,y,6,2,-2,-1.67894063135564
297,y,11,3,-3,0.396985116115736
297,y,12,4,2,-1.00777669225591
297,y,13,4,-2,0.00206502388537209
297,y,14,5,1,0.288565380810495
297,y,18,4,-4,0.374402882955373
297,y,20,5,-3,0.589596774902504
297,y,22,6,-2,0.47879194842183
297,y,23,7,1,0.803208114343227
297,y,29,6,-4,-0.166913577744403
297,y,51,7,-7,0.00488909848570752
298,x,1,0,0,0.271748939851931
298,x,2,1,1,1.16018935497499
298,x,3,1,-1,-4.89357462418722
298,x,8,3,-1,0.478012835080144
298,x,9,4,0,0.518015791317171
298,x,12,4,2,-0.22432312409953
298,x,15,5,-1,0.272395518051697
298,x,18,4,-4,-0.0308549538707072
298,x,21,6,2,0.0993652950023919
298,x,24,7,-1,-0.272199617876774
298,x,26,5,5,-0.32427336859877
298,x,28,6,4,-1.49245405469263
298,x,30,7,3,0.173599892450676
298,x,31,7,-3,0.0965650070004576
298,x,37,6,6,0.363656901624496
298,x,40,7,-5,-0.613869209452315
298,x,50,7,7,0.27795852828322
298,y,2,1,1,-2.37957125727331
298,y,4,2,0,0.439554331691889
298,y,8,3,-1,-0.337005004688397
298,y,9,4,0,0.512393744237724
298,y,10,3,3,0.254821236584128
298,y,12,4,2,-1.23820630171802
298,y,22,6,-2,-0.193185405472145
298,y,30,7,3,1.11232551916012
298,y,38,6,-6,0.237180793549529
298,y,39,7,5,-0.30797522166873
298,y,50,7,7,0.169753459874224
298,y,51,7,-7,0.933423458975303
299,x,3,1,-1,2.05678072894644
299,x,5,2,2,2.06274446591875
299,x,6,2,-2,0.473618273507187
299,x,10,3,3,0.408155656583104
299,x,11,3,-3,0.0124295571339348
299,x,15,5,-1,0.503190016004882
299,x,16,6,0,0.406828879179185
299,x,17,4,4,0.0157011388415439
299,x,18,4,-4,0.474941192257015
299,x,22,6,-2,-0.723645940543516
299,x,24,7,-1,-0.334557774077139
299,x,26,5,5,0.262270848599893
299,x,30,7,3,0.407726939858308
299,x,40,7,-5,-0.0202167044405979
299,y,2,1,1,-0.17738093489222
299,y,5,2,2,0.718780117108613
299,y,11,3,-3,2.23146330649444
299,y,12,4,2,0.774915119201454
299,y,13,4,-2,-0.19317911687073
299,y,17,4,4,-0.0576665773114713
299,y,18,4,-4,-0.887786153113367
299,y,19,5,3,0.63238261755018
299,y,22,6,-2,0.981921106162912
299,y,23,7,1,1.16098737348868
299,y,26,5,5,-1.98256555958008
299,y,28,6,4,0.0594143545259371
299,y,29,6,-4,-0.571968565788
299,y,38,6,-6,0.271360787333784
299,y,51,7,-7,0.850044742002975
300,x,5,2,2,-0.727680428951306
300,x,6,2,-2,-0.393238353282154
300,x,11,3,-3,2.57878745604985
300,x,15,5,-1,-0.145535476056799
300,x,16,6,0,0.755006828383025
300,x,18,4,-4,0.136747922115605
300,x,19,5,3,-0.0914406405018312
300,x,20,5,-3,0.0917234651755642
300,x,21,6,2,1.08507789509489
300,x,27,5,-5,-0.991982626538745
300,x,29,6,-4,-0.799711798603467
300,x,31,7,-3,0.777716921397384
300,x,37,6,6,-0.0834593933977012
300,x,38,6,-6,0.772061348480158
300,y,1,0,0,0.171989074413304
300,y,6,2,-2,-2.87091877728537
300,y,7,3,1,-0.817770252361021
300,y,12,4,2,-0.0928569914733655
300,y,13,4,-2,0.67228297300744
300,y,19,5,3,0.311612882254644
300,y,21,6,2,-0.10473036874073
300,y,23,7,1,-0.0962283426229117
300,y,27,5,-5,-0.584772437382985
300,y,31,7,-3,0.445605503948307
300,y,50,7,7,0.124522564677624
301,x,1,0,0,-3.48229313307152
301,x,3,1,-1,-7.49260548618999
301,x,5,2,2,0.114339994897776
301,x,7,3,1,-1.18246692024636
301,x,9,4,0,-1.2670829492912
301,x,14,5,1,0.986767763244313
301,x,15,5,-1,1.3979197904399
301,x,17,4,4,0.678234560374124
301,x,20,5,-3,-0.0715422206373452
301,x,21,6,2,-0.616459036594343
301,x,22,6,-2,-0.913724027203971
301,x,24,7,-1,-0.130957164156595
301,x,27,5,-5,0.534813756680066
301,x,28,6,4,-0.571034896458926
301,x,29,6,-4,-0.498448333132841
301,x,30,7,3,0.178178297132685
301,x,31,7,-3,0.134554087830633
301,x,39,7,5,0.40239321807777
301,x,50,7,7,-0.474189617073312
301,x,51,7,-7,-0.691222322998983
301,y,2,1,1,3.34120732400712
301,y,3,1,-1,3.0744703274645
301,y,4,2,0,-0.678224588140646
301,y,9,4,0,-1.15992184647472
301,y,10,3,3,0.42032868963226
301,y,11,3,-3,0.220264983291087
301,y,12,4,2,0.183810993037068
301,y,14,5,1,0.200956745823937
301,y,16,6,0,-0.893642782799862
301,y,18,4,-4,-0.615134918319079
301,y,19,5,3,0.516512576603077
301,y,20,5,-3,0.281364430599823
301,y,22,6,-2,0.0988920418489217
301,y,23,7,1,0.160011175799009
301,y,24,7,-1,-1.10221851011833
301,y,28,6,4,-0.157355885839017
301,y,30,7,3,-0.235600707011501
301,y,39,7,5,-0.658546482997221
301,y,40,7,-5,0.722128545692764
302,x,1,0,0,-2.01749577833171
302,x,2,1,1,-1.11428201686915
302,x,3,1,-1,2.87459207609798
302,x,4,2,0,0.0791124489429575
302,x,7,3,1,1.12801238395055
302,x,14,5,1,-0.179874690264172
302,x,16,6,0,-0.828171636567155
302,x,17,4,4,-1.21919197492368
302,x,18,4,-4,0.4560571832478
302,x,20,5,-3,-0.298854945161942
302,x,23,7,1,0.0635133826205011
302,x,24,7,-1,-0.126525834954549
302,x,27,5,-5,-0.0287497667092114
302,x,28,6,4,-0.628688260853081
302,x,29,6,-4,-0.50218221170653
302,x,37,6,6,-0.100381074760453
302,x,38,6,-6,-0.170242538221321
302,x,39,7,5,0.076373227410569
302,x,40,7,-5,0.211107509697098
302,x,51,7,-7,-0.189821117345738
302,y,2,1,1,0.578690071928913
302,y,3,1,-1,0.726058229846426
302,y,6,2,-2,1.4835430361448
302,y,8,3,-1,0.469192542116049
302,y,11,3,-3,-1.06990567921331
302,y,14,5,1,0.0156970620312922
302,y,15,5,-1,-0.650947788019188
302,y,17,4,4,-0.459214169692538
302,y,18,4,-4,-0.982671153099055
302,y,19,5,3,0.200709489019436
302,y,21,6,2,-0.157189892873293
302,y,22,6,-2,0.790868375463704
302,y,24,7,-1,-0.872594598121362
302,y,27,5,-5,0.32825734981422
302,y,31,7,-3,0.685943101870927
302,y,37,6,6,-1.27150453109558
302,y,38,6,-6,0.57681155181343
302,y,40,7,-5,0.826739264524096
302,y,50,7,7,0.23806851141994
302,y,51,7,-7,0.09821738486801
303,x,2,1,1,2.99688231671798
303,x,5,2,2,-1.00514862539191
303,x,12,4,2,1.02722324311224
303,x,14,5,1,-0.990327206244986
303,x,15,5,-1,-0.446917443348719
303,x,16,6,0,0.139835346612917
303,x,17,4,4,-0.864321496795573
303,x,20,5,-3,-0.130417257466165
303,x,26,5,5,0.308898782014907
303,x,27,5,-5,-0.0141076020195938
303,x,29,6,-4,0.400154521961352
303,x,37,6,6,0.788497561273594
303,x,51,7,-7,0.312872560963716
303,y,1,0,0,0.243063318005467
303,y,2,1,1,-0.832423594806374
303,y,3,1,-1,2.38414019858287
303,y,6,2,-2,-0.169602399863911
303,y,7,3,1,0.0257905066800771
303,y,9,4,0,0.512073823221719
303,y,11,3,-3,-0.434697211165181
303,y,12,4,2,0.931594161774016
303,y,14,5,1,0.176227811935458
303,y,19,5,3,-0.289839612705898
303,y,20,5,-3,0.112106418944437
303,y,21,6,2,-0.117769834041991
303,y,22,6,-2,0.917789425535934
303,y,23,7,1,-0.322992568731851
303,y,24,7,-1,-0.348549418579361
303,y,26,5,5,-0.381842268461596
303,y,29,6,-4,0.406791131760761
303,y,31,7,-3,-0.495052249527585
303,y,50,7,7,0.124765306547482
304,x,2,1,1,3.4909508466708
304,x,3,1,-1,1.5042455789276
304,x,5,2,2,-2.03452147189074
304,x,8,3,-1,-1.58384787341912
304,x,9,4,0,1.1828837598037
304,x,12,4,2,-0.272932922564762
304,x,13,4,-2,0.250822749276198
304,x,15,5,-1,-0.499395316988282
304,x,18,4,-4,0.00320361281909893
304,x,20,5,-3,0.369095369794439
304,x,21,6,2,-0.55145517132167
304,x,27,5,-5,1.20322366808938
304,x,28,6,4,0.0511673251184688
304,x,29,6,-4,-0.0770023289633957
304,x,30,7,3,0.13122093687796
304,x,37,6,6,-0.0464506152290015
304,x,39,7,5,-0.055750567972152
304,x,40,7,-5,-0.776901500511924
304,x,50,7,7,0.109005817346327
304,x,51,7,-7,0.0128957237531198
304,y,3,1,-1,-5.07970804693078
304,y,6,2,-2,-0.166122429795803
304,y,8,3,-1,-0.289016741705255
304,y,9,4,0,1.40684054316437
304,y,11,3,-3,0.450917512647261
304,y,15,5,-1,-0.252229463522316
304,y,16,6,0,-0.747961658844723
304,y,20,5,-3,0.118892163788189
304,y,22,6,-2,0.33951041491146
304,y,30,7,3,-0.660829576033803
304,y,37,6,6,-0.268004710816434
305,x,1,0,0,-0.958213601782728
305,x,4,2,0,1.6553701721682
305,x,5,2,2,-0.401576919430673
305,x,6,2,-2,-1.20955539846171
305,x,12,4,2,-0.342790273168789
305,x,13,4,-2,-0.491327901503332
305,x,14,5,1,-0.11977539012747
305,x,22,6,-2,0.0225838641549641
305,x,23,7,1,-0.321440670779582
305,x,26,5,5,0.352744972576565
305,x,28,6,4,-0.822651451738745
305,x,31,7,-3,0.0101167562478455
305,x,38,6,-6,-0.129649763330193
305,x,50,7,7,0.168590460043228
305,y,1,0,0,-1.43594815015375
305,y,5,2,2,0.0689564345745332
305,y,8,3,-1,1.60234985372279
305,y,10,3,3,0.934406060699305
305,y,11,3,-3,-1.29721211913643
305,y,12,4,2,-0.699015518381605
305,y,19,5,3,0.673500948350439
305,y,21,6,2,-0.440889839824253
305,y,22,6,-2,0.0962217755440291
305,y,23,7,1,0.297568678182192
305,y,24,7,-1,0.103658822149884
305,y,26,5,5,-0.355195881334337
305,y,27,5,-5,-0.574802553423941
305,y,29,6,-4,-0.632483032292335
305,y,30,7,3,0.659124308154089
305,y,31,7,-3,-0.451513693551207
305,y,37,6,6,-0.369947060551262
305,y,39,7,5,-0.574911728400347
305,y,51,7,-7,0.170577948681684
306,x,5,2,2,1.03542934413072
306,x,7,3,1,1.1794486193383
306,x,10,3,3,-0.701701032939579
306,x,11,3,-3,0.525512183578167
306,x,14,5,1,1.4813953306578
306,x,15,5,-1,0.306296448825341
306,x,18,4,-4,-1.46742904134895
306,x,22,6,-2,-1.50712452175635
306,x,24,7,-1,-0.122998887563077
306,x,26,5,5,0.371793999680569
306,x,27,5,-5,-0.635962185797829
306,x,30,7,3,-0.0786000238144647
306,x,31,7,-3,-0.0141110370609179
306,x,38,6,-6,-0.453811143542596
306,x,39,7,5,0.597770309196194
306,x,40,7,-5,0.0628355136605414
306,x,50,7,7,0.453269490972856
306,y,3,1,-1,4.41838257130521
306,y,4,2,0,-0.888853292161649
306,y,5,2,2,-0.375665439339534
306,y,8,3,-1,0.156679565815069
306,y,9,4,0,-0.661134202586614
306,y,11,3,-3,1.58871179189897
306,y,12,4,2,-0.0350419229492276
306,y,13,4,-2,1.73781125913411
306,y,14,5,1,0.223651555521428
306,y,15,5,-1,0.489995251772099
306,y,16,6,0,0.829033292662003
306,y,17,4,4,0.234102776563401
306,y,21,6,2,-0.0489814979718604
306,y,22,6,-2,-0.626679318788832
306,y,40,7,-5,0.684492775260074
307,x,1,0,0,-0.800829493570037
307,x,2,1,1,-0.353414356792112
307,x,5,2,2,2.07569038297311
307,x,12,4,2,0.833828078991482
307,x,14,5,1,-0.50647281820511
307,x,17,4,4,-0.635751479732411
307,x,20,5,-3,-0.356857917684439
307,x,27,5,-5,0.433737015118594
307,x,38,6,-6,-0.0530707344957851
307,x,51,7,-7,0.00214132212252649
307,y,4,2,0,0.922479544869853
307,y,10,3,3,-1.05351860381582
307,y,14,5,1,-0.279724801665074
307,y,16,6,0,-1.31080090143725
307,y,18,4,-4,1.73462836785352
307,y,19,5,3,1.06927249728319
307,y,22,6,-2,0.516117135850357
307,y,24,7,-1,0.282724069102503
307,y,28,6,4,-0.30114497788481
307,y,29,6,-4,0.952479093623482
307,y,39,7,5,0.234389646909178
308,x,4,2,0,2.14231175758866
308,x,5,2,2,0.424212199767555
308,x,6,2,-2,1.10636849453418
308,x,7,3,1,0.830648719025376
308,x,15,5,-1,0.448969917962855
308,x,18,4,-4,-1.0622512885579
308,x,20,5,-3,-1.13242919080078
308,x,21,6,2,-0.484269969087282
308,x,22,6,-2,0.463505642627848
308,x,23,7,1,-0.398648627595231
308,x,50,7,7,0.198884434828062
308,y,2,1,1,-4.07115764455751
308,y,4,2,0,-0.0235347199235498
308,y,7,3,1,-0.751276105504914
308,y,8,3,-1,-0.916218093160548
308,y,10,3,3,-0.229421187250955
308,y,11,3,-3,0.913604767274313
308,y,14,5,1,-0.00850827052367343
308,y,22,6,-2,-0.452329289714968
308,y,26,5,5,-0.996229225595235
308,y,30,7,3,-0.0700168689649795
308,y,31,7,-3,0.222157854041792
309,x,1,0,0,2.08992856009508
309,x,2,1,1,1.48574457768784
309,x,4,2,0,-0.0364989931326093
309,x,5,2,2,-1.26333411721682
309,x,7,3,1,-0.566593795795753
309,x,11,3,-3,-1.59413105125133
309,x,12,4,2,0.310084341394265
309,x,14,5,1,-0.379653073896422
309,x,17,4,4,0.280594910178489
309,x,18,4,-4,-0.318876029706468
309,x,19,5,3,0.505011996320804
309,x,20,5,-3,-0.176723654418834
309,x,21,6,2,-0.761095203991762
309,x,23,7,1,0.186027156921947
309,x,24,7,-1,-0.167047580896418
309,x,26,5,5,1.14810614393424
309,x,30,7,3,0.511937962786623
309,x,31,7,-3,1.00592982845017
309,x,39,7,5,0.67918801240137
309,x,50,7,7,-1.05857014086056
309,y,3,1,-1,1.02118778440308
309,y,6,2,-2,1.0783424091479
309,y,7,3,1,0.715041675036248
309,y,9,4,0,-0.844653092058489
309,y,14,5,1,0.0220421267671853
309,y,19,5,3,-1.70717379298888
309,y,20,5,-3,-0.0742614994431067
309,y,23,7,1,0.233288126325106
309,y,30,7,3,0.829288916540778
309,y,38,6,-6,-1.0069502728029
309,y,50,7,7,0.159438044887876
310,x,2,1,1,0.107489072737002
310,x,3,1,-1,3.56321626493091
310,x,4,2,0,1.12651394705186
310,x,6,2,-2,0.672202666048998
310,x,8,3,-1,0.566261189768152
310,x,9,4,0,-0.0585754008366
310,x,10,3,3,1.18625924627954
310,x,14,5,1,-0.502350300437769
310,x,18,4,-4,0.208950027699833
310,x,20,5,-3,-0.366113906554235
310,x,22,6,-2,0.449437636110066
310,x,23,7,1,-0.507626670681227
310,x,24,7,-1,0.280792049448268
310,x,27,5,-5,0.0262705475405775
310,x,37,6,6,-0.198260446472128
310,x,50,7,7,0.316879667630624
310,y,1,0,0,1.95450239158436
310,y,5,2,2,1.09234916032868
310,y,6,2,-2,-0.384139742911739
310,y,8,3,-1,0.150992958822733
310,y,9,4,0,1.24935536014469
310,y,11,3,-3,-1.20021271907156
310,y,14,5,1,0.461538827078389
310,y,16,6,0,0.296127039678357
310,y,20,5,-3,-1.80610238278428
310,y,22,6,-2,0.240554875644346
310,y,23,7,1,0.203294334946398
310,y,26,5,5,0.526895369279432
310,y,27,5,-5,-0.78151289663482
310,y,28,6,4,-0.148775872969918
310,y,30,7,3,-0.206935238477544
310,y,31,7,-3,0.109733116517081
310,y,40,7,-5,0.234509122991617
310,y,50,7,7,-0.00397480603054617
310,y,51,7,-7,0.539373079827473
311,x,2,1,1,2.66010767775427
311,x,4,2,0,1.38009216636888
311,x,7,3,1,1.15368632884558
311,x,9,4,0,-1.51583674466475
311,x,10,3,3,1.7934098242612
311,x,13,4,-2,0.525740599286228
311,x,16,6,0,0.324037736477589
311,x,18,4,-4,-0.315147458826133
311,x,19,5,3,-0.649176007972761
311,x,21,6,2,-0.892628830761153
311,x,22,6,-2,-0.193867207387527
311,x,27,5,-5,-0.203040898308317
311,x,29,6,-4,0.237096467657551
311,x,38,6,-6,0.958432888222217
311,x,39,7,5,-1.11181207951118
311,x,51,7,-7,0.35276493497817
311,y,2,1,1,-3.86931409616166
311,y,6,2,-2,-2.37978297907936
311,y,7,3,1,2.48019388739503
311,y,8,3,-1,1.33519564961306
311,y,10,3,3,0.695858441981749
311,y,12,4,2,-0.704728142781892
311,y,14,5,1,0.0297733181064518
311,y,15,5,-1,1.60291463604016
311,y,17,4,4,0.270614105990889
311,y,19,5,3,0.302095043855134
311,y,20,5,-3,0.138452241717158
311,y,22,6,-2,0.564731966792177
311,y,24,7,-1,-0.623279213399161
311,y,27,5,-5,-0.494543012586249
311,y,29,6,-4,0.345334212973064
311,y,30,7,3,-0.413556932106003
311,y,31,7,-3,0.326045552206579
311,y,37,6,6,0.0479535431275858
311,y,38,6,-6,0.23925044023027
311,y,50,7,7,0.418398617393909
312,x,1,0,0,-0.612424555766906
312,x,2,1,1,1.28906093676494
312,x,6,2,-2,0.155846380558189
312,x,7,3,1,1.01426158824516
312,x,8,3,-1,-0.51075161493757
312,x,11,3,-3,0.628285633325906
312,x,12,4,2,-0.850302335185169
312,x,13,4,-2,0.0384008595618486
312,x,18,4,-4,0.975215621076963
312,x,20,5,-3,-0.432853367828658
312,x,24,7,-1,0.411721299264775
312,x,26,5,5,0.15162678439132
312,x,31,7,-3,0.00933166636708496
312,x,37,6,6,-0.438201825176402
312,x,39,7,5,0.067173220242856
312,x,40,7,-5,0.477505553783644
312,x,50,7,7,0.743855379445778
312,y,5,2,2,-0.012348697079972
312,y,6,2,-2,0.137787309335551
312,y,7,3,1,-0.146680586292394
312,y,10,3,3,2.27591529858301
312,y,11,3,-3,-0.995194819075713
312,y,14,5,1,0.281939812934636
312,y,17,4,4,-0.1179868507559
312,y,20,5,-3,0.844788425606427
312,y,26,5,5,0.478535098872559
312,y,27,5,-5,-0.657139666518787
312,y,28,6,4,-0.0920535409428202
312,y,31,7,-3,-0.246950969597457
312,y,38,6,-6,0.418864026876059
312,y,51,7,-7,0.760706798152387
313,x,3,1,-1,0.0753402643232695
313,x,6,2,-2,0.516986471346139
313,x,7,3,1,-0.652721201313654
313,x,9,4,0,-0.119043746983599
313,x,10,3,3,1.64348948650463
313,x,17,4,4,-2.20722852448039
313,x,19,5,3,-1.07368387635016
313,x,21,6,2,0.422803812200778
313,x,23,7,1,0.192871592799158
313,x,27,5,-5,-0.966246541446107
313,x,30,7,3,-0.217353420789261
313,x,31,7,-3,0.264591676178914
313,x,37,6,6,-0.243254434999874
313,x,50,7,7,-0.57679794672647
313,x,51,7,-7,-0.424956001697825
313,y,1,0,0,0.889635534567747
313,y,2,1,1,2.19111632620692
313,y,3,1,-1,8.30186634785592
313,y,4,2,0,0.307714080416657
313,y,5,2,2,3.57986778958679
313,y,6,2,-2,-0.0481814131990331
313,y,12,4,2,-0.553247432894228
313,y,13,4,-2,0.827471432069804
313,y,14,5,1,0.224236664321557
313,y,16,6,0,-0.545474943009328
313,y,18,4,-4,-0.627877468309304
313,y,21,6,2,-0.106268860456352
313,y,23,7,1,0.385827766928546
313,y,26,5,5,0.203726528358136
313,y,27,5,-5,-0.221807468390192
313,y,31,7,-3,0.0285786224564562
313,y,37,6,6,-1.01262021943084
313,y,38,6,-6,0.0257769780430672
313,y,51,7,-7,0.475263816112019
314,x,1,0,0,4.65381709115495
314,x,2,1,1,2.61267091494164
314,x,3,1,-1,-6.76416393950502
314,x,4,2,0,1.64129569088995
314,x,5,2,2,-0.124837394934757
314,x,7,3,1,0.200012824954049
314,x,8,3,-1,1.17751871546446
314,x,9,4,0,-0.823517148028032
314,x,14,5,1,-0.753001146056664
314,x,17,4,4,-0.287774414755393
314,x,20,5,-3,-0.850827722376304
314,x,22,6,-2,0.340280895174003
314,x,23,7,1,-1.16724525743852
314,x,27,5,-5,0.240489630469925
314,x,29,6,-4,0.184847160288193
314,x,30,7,3,-0.730929727413628
314,x,37,6,6,0.415243229006341
314,x,38,6,-6,-0.0217282682446327
314,x,39,7,5,0.8378428220712
314,x,40,7,-5,-1.07867910538372
314,y,1,0,0,-1.19734710609009
314,y,10,3,3,0.794384223419161
314,y,14,5,1,0.246427854036397
314,y,19,5,3,0.0604183214168918
314,y,20,5,-3,0.674125342583097
314,y,24,7,-1,0.135086067317768
314,y,29,6,-4,0.23749292889044
314,y,30,7,3,-0.274500092826814
314,y,37,6,6,-0.396284044556387
314,y,40,7,-5,-0.323966587465297
314,y,50,7,7,1.09631743595054
315,x,4,2,0,-0.512850299009931
315,x,6,2,-2,1.49646058409576
315,x,9,4,0,0.675034675592446
315,x,11,3,-3,-1.80779330378183
315,x,12,4,2,-0.0191806267348293
315,x,14,5,1,0.216550616223117
315,x,15,5,-1,-1.60548974057877
315,x,16,6,0,0.33049123258282
315,x,26,5,5,-0.373219895207749
315,x,29,6,-4,-0.377462987872563
315,x,30,7,3,-0.076544759838198
315,x,40,7,-5,-0.248196895851218
315,y,2,1,1,0.652892994485143
315,y,4,2,0,1.53443395954656
315,y,5,2,2,-0.107199843553945
315,y,12,4,2,1.12847083489355
315,y,13,4,-2,-0.357815510690461
315,y,21,6,2,0.0965951586207344
315,y,24,7,-1,-0.282775164705511
315,y,27,5,-5,0.0425380819155059
315,y,29,6,-4,0.705852041426832
315,y,31,7,-3,0.157033312967707
315,y,40,7,-5,-0.300413985319456
316,x,5,2,2,-0.344397361266444
316,x,6,2,-2,2.04732482461793
316,x,10,3,3,-1.19982838717275
316,x,12,4,2,0.399028839039465
316,x,15,5,-1,0.555091546457324
316,x,17,4,4,0.00668598117734293
316,x,19,5,3,-0.0694527880626227
316,x,21,6,2,-0.364958788365013
316,x,22,6,-2,0.354372781931442
316,x,23,7,1,0.346275756516312
316,x,27,5,-5,0.0449827925845738
316,x,28,6,4,-0.556751055475247
316,x,30,7,3,-0.600931946504484
316,x,38,6,-6,-0.0782309107263049
316,x,39,7,5,-0.179850807899851
316,x,51,7,-7,-0.393397861744699
316,y,2,1,1,1.53698127138905
316,y,3,1,-1,2.97483594320612
316,y,5,2,2,0.678596770837819
316,y,6,2,-2,0.297311877904549
316,y,7,3,1,-2.03676508930001
316,y,9,4,0,0.644294055602012
316,y,11,3,-3,-0.180436967985273
316,y,14,5,1,0.167715597174764
316,y,15,5,-1,-1.07605311890907
316,y,16,6,0,-0.252585797481264
316,y,21,6,2,0.0702193589596641
316,y,23,7,1,0.158584337840768
316,y,24,7,-1,-0.177637128646505
316,y,27,5,-5,-1.00570973137639
316,y,28,6,4,0.743505306178939
316,y,29,6,-4,0.717899792779136
316,y,31,7,-3,0.415283780755001
316,y,38,6,-6,0.536488996728922
316,y,40,7,-5,0.979172465906217
316,y,50,7,7,-0.00347426048536986
317,x,1,0,0,-1.98796210165909
317,x,3,1,-1,1.04250621015539
317,x,6,2,-2,0.0638506952338665
317,x,11,3,-3,1.21836989436259
317,x,15,5,-1,-1.05040080374522
317,x,20,5,-3,0.220529062467472
317,x,21,6,2,1.05753573253438
317,x,24,7,-1,0.155700696172201
317,x,26,5,5,-0.767325366772508
317,x,27,5,-5,0.403158122440644
317,x,38,6,-6,1.01577589174484
317,y,1,0,0,2.15704308684556
317,y,4,2,0,2.07892895478074
317,y,7,3,1,0.776185463565403
317,y,8,3,-1,1.77584547748466
317,y,20,5,-3,1.60859096715994
317,y,22,6,-2,-0.0684589550909993
317,y,27,5,-5,0.614084804778325
317,y,30,7,3,0.501119461859412
317,y,38,6,-6,0.107833834124497
317,y,40,7,-5,-0.455186512552292
318,x,6,2,-2,0.039377509864164
318,x,7,3,1,-0.680216565852055
318,x,8,3,-1,0.117839359509553
318,x,12,4,2,0.192015781121015
318,x,13,4,-2,0.442427336720121
318,x,19,5,3,-0.546535596787545
318,x,20,5,-3,1.47292673061092
318,x,26,5,5,-1.56043228611125
318,x,27,5,-5,-1.43228300811183
318,x,29,6,-4,-0.518660525735707
318,x,37,6,6,0.797431608211903
318,x,39,7,5,-1.12737214269402
318,x,50,7,7,-0.937630875153056
318,x,51,7,-7,-0.618765177832605
318,y,3,1,-1,-1.24148373676739
318,y,5,2,2,-2.80157657755837
318,y,9,4,0,0.672963897252519
318,y,11,3,-3,0.200243154914751
318,y,14,5,1,-0.555975745926886
318,y,18,4,-4,0.121726097089052
318,y,23,7,1,0.860927085450878
318,y,28,6,4,0.360209572814417
318,y,29,6,-4,-0.605225824581442
318,y,30,7,3,-0.165297535280049
319,x,3,1,-1,-3.7106944329204
319,x,4,2,0,0.584882208542252
319,x,5,2,2,-3.84484488915325
319,x,9,4,0,-0.210911582662952
319,x,11,3,-3,-0.635978307141668
319,x,13,4,-2,1.20070144789608
319,x,17,4,4,0.0391891403488949
319,x,19,5,3,-0.217409283743912
319,x,20,5,-3,-0.170558979855492
319,x,21,6,2,0.529290140321212
319,x,24,7,-1,0.167606337944421
319,x,27,5,-5,-0.224446695588213
319,x,28,6,4,-0.671184677473887
319,x,29,6,-4,-0.537909556330126
319,x,38,6,-6,0.2880690842885
319,x,39,7,5,0.853161145387598
319,x,40,7,-5,0.990845395121473
319,x,51,7,-7,0.393531935587775
319,y,2,1,1,-0.415877076414716
319,y,4,2,0,-0.959243660544037
319,y,5,2,2,-0.981021910839781
319,y,8,3,-1,0.129362164943167
319,y,9,4,0,-0.581806535670905
319,y,13,4,-2,-0.978318277433556
319,y,14,5,1,-1.11602853625064
319,y,16,6,0,-0.121728983432594
319,y,17,4,4,1.08895963214757
319,y,19,5,3,-0.267274068025864
319,y,21,6,2,-0.374320947560281
319,y,24,7,-1,-0.0691287388247883
319,y,26,5,5,-0.437099104594026
319,y,27,5,-5,-1.01472873162051
319,y,28,6,4,0.967185219285938
319,y,29,6,-4,0.642397308936878
319,y,30,7,3,-0.177530932303704
319,y,37,6,6,0.263887247491473
319,y,38,6,-6,-0.0958858167522285
319,y,40,7,-5,-0.241022779672886
320,x,3,1,-1,-1.69936785170746
320,x,4,2,0,0.157115331191753
320,x,7,3,1,1.56960069201474
320,x,9,4,0,-0.250921642146392
320,x,14,5,1,0.45497257410423
320,x,18,4,-4,-0.0417784762258095
320,x,21,6,2,0.132511920339527
320,x,26,5,5,-0.358241562564223
320,x,37,6,6,0.0866047404666396
320,x,38,6,-6,0.364615863730235
320,y,3,1,-1,-0.357768694989818
320,y,5,2,2,0.483745586406308
320,y,6,2,-2,-1.22945451242653
320,y,7,3,1,0.423959142041343
320,y,9,4,0,-1.28330191910333
320,y,11,3,-3,-0.729727921888373
320,y,12,4,2,-0.720976864803957
320,y,13,4,-2,-0.255946744801198
320,y,15,5,-1,-1.01620858813224
320,y,17,4,4,0.460960708998271
320,y,23,7,1,-0.0661126944163437
320,y,24,7,-1,0.144879898335381
320,y,26,5,5,-0.862712547214811
320,y,27,5,-5,0.105458173142574
320,y,30,7,3,-0.468894281972586
320,y,31,7,-3,-0.504720162373601
321,x,1,0,0,-1.75737219250634
321,x,4,2,0,3.63519272297878
321,x,5,2,2,-1.76670321083561
321,x,6,2,-2,-2.10064108629202
321,x,12,4,2,-0.377649905780488
321,x,14,5,1,-0.106341949922327
321,x,15,5,-1,-0.315855175673451
321,x,16,6,0,-0.272284390189589
321,x,17,4,4,0.66284144628117
321,x,20,5,-3,-0.168465265447512
321,x,22,6,-2,-0.0651133669680428
321,x,27,5,-5,-0.193619106158363
321,x,28,6,4,-1.11570296200516
321,x,30,7,3,0.0150721326492905
321,x,37,6,6,-0.646245343361368
321,x,38,6,-6,-0.247038968567363
321,x,40,7,-5,-0.0217071005884959
321,x,50,7,7,-0.272240051762911
321,y,2,1,1,1.26972621514546
321,y,3,1,-1,-0.0449860281391098
321,y,6,2,-2,-0.671565554470275
321,y,7,3,1,-0.925481110136321
321,y,9,4,0,0.610151568988136
321,y,10,3,3,0.290182927466572
321,y,18,4,-4,0.781932725902855
321,y,20,5,-3,0.527799285795519
321,y,21,6,2,0.912981374264373
321,y,24,7,-1,0.114048520647643
321,y,26,5,5,-0.702300986471074
321,y,27,5,-5,0.0412124103220551
321,y,28,6,4,-0.521843264966159
321,y,30,7,3,0.415454306073263
321,y,31,7,-3,0.312567214000575
321,y,38,6,-6,1.22193411090003
321,y,40,7,-5,-0.484425159297333
321,y,51,7,-7,-0.0699657687828171
322,x,2,1,1,1.88417043153981
322,x,3,1,-1,0.13298028937613
322,x,5,2,2,-0.396043002789934
322,x,6,2,-2,0.131935837391822
322,x,8,3,-1,-0.324805146245433
322,x,13,4,-2,0.125334037244794
322,x,19,5,3,0.524253936065618
322,x,21,6,2,0.198454036920414
322,x,29,6,-4,0.468604130037769
322,x,30,7,3,-0.146968720555146
322,x,31,7,-3,-0.530131274615203
322,x,38,6,-6,-0.501315201974398
322,x,39,7,5,-0.958719358864576
322,x,51,7,-7,0.589651929928382
322,y,3,1,-1,0.0722445278687975
322,y,6,2,-2,0.382093489187122
322,y,7,3,1,-2.35936379288575
322,y,9,4,0,0.0975704376096351
322,y,12,4,2,0.523256438856913
322,y,14,5,1,-0.455785975451221
322,y,20,5,-3,0.364187880971992
322,y,21,6,2,0.1574130441577
322,y,23,7,1,0.103643754151785
322,y,24,7,-1,0.366504527280588
322,y,26,5,5,0.639348494953912
322,y,29,6,-4,0.345970973902484
322,y,30,7,3,-0.719099660011111
322,y,37,6,6,-0.811157019890617
322,y,50,7,7,-0.553704184977606
322,y,51,7,-7,0.816822095616308
323,x,2,1,1,-3.84652114527294
323,x,6,2,-2,1.30340503165964
323,x,11,3,-3,-1.65670772067652
323,x,13,4,-2,-0.057325602383726
323,x,16,6,0,-0.297915170893466
323,x,22,6,-2,-0.330656539055193
323,x,23,7,1,-0.202387096411513
323,x,24,7,-1,-0.165984271857046
323,x,26,5,5,0.636964824196521
323,x,27,5,-5,-0.0743012815453758
323,x,37,6,6,0.120586192371955
323,x,39,7,5,0.585588779762499
323,x,40,7,-5,-1.17407895976394
323,x,50,7,7,-0.126391086929556
323,x,51,7,-7,-0.129758113663627
323,y,2,1,1,2.75786263247819
323,y,4,2,0,0.0959157434820257
323,y,12,4,2,-0.195568608500893
323,y,16,6,0,-0.157808479012736
323,y,18,4,-4,1.87168631055134
323,y,24,7,-1,-0.0814175437073703
323,y,26,5,5,-1.22334547904628
323,y,30,7,3,-0.621197051768367
323,y,31,7,-3,-0.0383007838856714
323,y,40,7,-5,0.0531042376734215
323,y,50,7,7,0.112483843182749
323,y,51,7,-7,0.34935877671634
324,x,3,1,-1,-0.800005029322874
324,x,4,2,0,4.42130638248664
324,x,7,3,1,-0.00486348652848913
324,x,12,4,2,-0.589247426343721
324,x,18,4,-4,-1.30495603730765
324,x,19,5,3,0.667111076751513
324,x,20,5,-3,0.490676494109314
324,x,21,6,2,-0.42265243500384
324,x,22,6,-2,-0.594603107653657
324,x,24,7,-1,0.309399657376971
324,x,27,5,-5,-0.184461806570065
324,x,28,6,4,-0.0148495829643593
324,x,29,6,-4,-0.235783762058253
324,x,38,6,-6,-0.16166107663141
324,x,40,7,-5,0.125893610901911
324,x,50,7,7,-0.448045551599176
324,y,3,1,-1,0.520070613811445
324,y,4,2,0,1.73612964927299
324,y,9,4,0,0.537429644660009
324,y,12,4,2,0.10420315549667
324,y,15,5,-1,-0.727847285240901
324,y,17,4,4,0.272606378716588
324,y,19,5,3,0.142015801554569
324,y,21,6,2,0.792836846224793
324,y,26,5,5,0.622339471328889
324,y,29,6,-4,0.707614544771002
324,y,31,7,-3,0.298285579762254
324,y,37,6,6,-0.17802282180556
324,y,40,7,-5,-0.0195444343939477
325,x,10,3,3,1.97043184823297
325,x,11,3,-3,0.438398201001405
325,x,13,4,-2,2.00661143048631
325,x,15,5,-1,0.229589057790145
325,x,16,6,0,0.176514238483191
325,x,22,6,-2,-0.181317173344588
325,x,23,7,1,0.518013876218593
325,x,30,7,3,-0.238690061434828
325,x,31,7,-3,1.15409808804776
325,x,40,7,-5,0.0270541996830191
325,x,51,7,-7,0.693440201619376
325,y,1,0,0,5.60462690786232
325,y,3,1,-1,0.34230530713766
325,y,5,2,2,0.0746463924650055
325,y,8,3,-1,-0.263404169698167
325,y,9,4,0,0.889567815203881
325,y,11,3,-3,0.615146494881312
325,y,13,4,-2,0.956678325277642
325,y,15,5,-1,-1.01915961652032
325,y,22,6,-2,0.540576226457057
325,y,23,7,1,0.071514572012008
325,y,24,7,-1,-0.715016372030728
325,y,26,5,5,-0.560275781835432
325,y,27,5,-5,-0.181814772713667
325,y,28,6,4,0.0727596076483106
325,y,29,6,-4,0.279418360389881
325,y,39,7,5,0.414854959141521
325,y,40,7,-5,0.414670302054789
325,y,50,7,7,0.662541964245152
325,y,51,7,-7,-0.875570725583972
326,x,1,0,0,0.545039293435002
326,x,2,1,1,3.31863143846418
326,x,6,2,-2,-4.59844324084341
326,x,9,4,0,1.20938931277435
326,x,10,3,3,0.609598367436669
326,x,13,4,-2,-0.236938785087712
326,x,15,5,-1,0.715050413273236
326,x,19,5,3,1.16427671314265
326,x,22,6,-2,0.100143662785288
326,x,24,7,-1,0.172884610157925
326,x,27,5,-5,-0.0209279272463183
326,x,31,7,-3,-0.473757804353307
326,y,2,1,1,2.1185755429709
326,y,4,2,0,0.507778784818713
326,y,5,2,2,0.472739711217729
326,y,6,2,-2,2.4511249969954
326,y,7,3,1,1.21897958142332
326,y,11,3,-3,-0.42148035153971
326,y,13,4,-2,-0.654565278736791
326,y,17,4,4,-0.280054934680679
326,y,18,4,-4,1.62391483148695
326,y,20,5,-3,0.357067979799478
326,y,22,6,-2,-0.264607469736987
326,y,28,6,4,0.576378745634978
326,y,31,7,-3,-0.337824088748499
326,y,37,6,6,-0.842300350042805
326,y,38,6,-6,-0.219914481671238
326,y,39,7,5,-0.084904569640685
326,y,40,7,-5,-0.400860058091318
326,y,50,7,7,0.811443098111859
326,y,51,7,-7,0.789622251126352
327,x,1,0,0,-5.02567868376189
327,x,2,1,1,1.04091272937113
327,x,3,1,-1,0.402960582361208
327,x,7,3,1,0.551652668405206
327,x,8,3,-1,0.612947153693619
327,x,9,4,0,-1.01155282066169
327,x,12,4,2,0.93486462553311
327,x,13,4,-2,-0.275656908265037
327,x,15,5,-1,-0.413274683348039
327,x,16,6,0,-0.0988455203566106
327,x,17,4,4,0.803203457900971
327,x,18,4,-4,-0.00569227544796239
327,x,21,6,2,-0.180388180677797
327,x,23,7,1,-0.728779456017786
327,x,24,7,-1,0.795147444681253
327,x,27,5,-5,-0.3053732670612
327,x,37,6,6,1.09329905244144
327,x,39,7,5,0.045334759089328
327,x,40,7,-5,0.737057798271392
327,x,50,7,7,-0.407943791683239
327,y,3,1,-1,4.4324723656116
327,y,7,3,1,0.736758117545784
327,y,8,3,-1,0.0359878488261595
327,y,12,4,2,0.0455842477383795
327,y,14,5,1,-0.352274636670262
327,y,15,5,-1,-0.748312984056465
327,y,17,4,4,0.378832790137121
327,y,27,5,-5,0.921075476418586
327,y,30,7,3,0.295936171987968
327,y,37,6,6,-0.783603323998178
327,y,38,6,-6,0.261262908785312
327,y,50,7,7,0.35424053336618
328,x,1,0,0,-0.945971120265531
328,x,6,2,-2,0.170829821927694
328,x,7,3,1,1.53178833057125
328,x,9,4,0,0.280086657496888
328,x,13,4,-2,-0.111403704429304
328,x,15,5,-1,-0.236193133354817
328,x,17,4,4,0.204751179609565
328,x,18,4,-4,-0.217672125245162
328,x,20,5,-3,0.436411180898184
328,x,23,7,1,-0.242954521673647
328,x,24,7,-1,0.0169063495082541
328,x,27,5,-5,-0.261847737094414
328,x,30,7,3,-0.578768371204726
328,x,37,6,6,0.644621687602193
328,x,40,7,-5,0.187729815788604
328,x,50,7,7,0.229262963273259
328,x,51,7,-7,0.327364830400053
328,y,1,0,0,-1.68827834454044
328,y,4,2,0,3.03872501318509
328,y,6,2,-2,0.428216552110592
328,y,7,3,1,-1.21336395139157
328,y,8,3,-1,1.04210358255378
328,y,11,3,-3,-0.357455172150973
328,y,14,5,1,-0.768548988108617
328,y,21,6,2,0.198141585680596
328,y,22,6,-2,-0.356542440572202
328,y,23,7,1,0.717269623019124
328,y,24,7,-1,0.338083944826582
328,y,30,7,3,0.0333270781542417
328,y,31,7,-3,0.448096945059864
328,y,38,6,-6,-0.212675754712429
328,y,39,7,5,-0.275420058151712
328,y,51,7,-7,0.153261042335917
329,x,2,1,1,1.06422741542702
329,x,3,1,-1,-0.941835575832853
329,x,5,2,2,-1.0992753832282
329,x,10,3,3,-0.662424443278945
329,x,12,4,2,-0.838962875181618
329,x,16,6,0,0.0474903857154349
329,x,20,5,-3,0.507341726059725
329,x,23,7,1,-0.2262127571076
329,x,24,7,-1,-0.421430494571204
329,x,27,5,-5,0.830066228361782
329,x,28,6,4,-0.192483932045417
329,x,29,6,-4,-1.18939711801579
329,x,30,7,3,-0.224661934054945
329,x,38,6,-6,1.79419032358237
329,x,50,7,7,-0.226399471077414
329,y,1,0,0,3.5360736100136
329,y,3,1,-1,-1.80710754099445
329,y,4,2,0,-1.85669535713435
329,y,6,2,-2,1.03302124261061
329,y,7,3,1,2.31091131458971
329,y,11,3,-3,0.540011978475055
329,y,14,5,1,0.586695278823156
329,y,18,4,-4,-0.119134801053086
329,y,20,5,-3,-0.490042706232451
329,y,24,7,-1,-0.246520504953101
329,y,26,5,5,-0.334752701079757
329,y,27,5,-5,0.092160806849537
329,y,30,7,3,0.85924779697118
329,y,37,6,6,-0.912454678278332
329,y,38,6,-6,-0.250696972500171
329,y,40,7,-5,0.0555303475360309
329,y,50,7,7,-0.560619829194661
330,x,5,2,2,2.06886764802155
330,x,11,3,-3,0.560309024199391
330,x,12,4,2,-1.39126944289407
330,x,14,5,1,-0.168653428179267
330,x,15,5,-1,0.763618973412387
330,x,17,4,4,-0.302553103261385
330,x,19,5,3,0.0312952353646128
330,x,28,6,4,-0.573731810729884
330,x,30,7,3,0.150621343924139
330,x,50,7,7,-0.236311170726127
330,y,3,1,-1,0.97294897393004
330,y,4,2,0,-2.18815736865915
330,y,5,2,2,0.566655590807922
330,y,11,3,-3,2.04343793755235
330,y,12,4,2,-0.349033196923973
330,y,17,4,4,-1.50482582466476
330,y,18,4,-4,-0.12541119299449
330,y,20,5,-3,-0.392430434196149
330,y,22,6,-2,0.195312497964044
330,y,26,5,5,-0.014234302819467
330,y,30,7,3,0.393523952512536
330,y,31,7,-3,0.56883045205142
331,x,1,0,0,-5.01823398753242
331,x,5,2,2,-2.64873437825157
331,x,10,3,3,0.0977633226235179
331,x,12,4,2,0.0697794496400274
331,x,13,4,-2,0.910132566022791
331,x,21,6,2,-0.269793843394589
331,x,22,6,-2,-0.997252173157311
331,x,24,7,-1,0.538845602138301
331,x,31,7,-3,0.304150342141973
331,x,39,7,5,0.00195247822149923
331,x,40,7,-5,0.678964412247945
331,y,1,0,0,-6.01066668474679
331,y,4,2,0,-0.90293175330555
331,y,9,4,0,0.512115985722787
331,y,12,4,2,-1.51896037253711
331,y,14,5,1,0.294146222183035
331,y,15,5,-1,0.658375059305713
331,y,16,6,0,0.266640398493006
331,y,17,4,4,-0.536888495837892
331,y,19,5,3,-0.0403267776718012
331,y,20,5,-3,0.379695522221365
331,y,24,7,-1,-0.224330229098113
331,y,27,5,-5,0.593911535132644
331,y,30,7,3,-0.139164191754133
331,y,37,6,6,0.108098109373187
331,y,38,6,-6,0.329597933750148
332,x,2,1,1,-2.14657728163678
332,x,6,2,-2,-0.334088651784862
332,x,11,3,-3,-2.42851362706181
332,x,13,4,-2,1.27100338568029
332,x,16,6,0,0.343998223517602
332,x,17,4,4,-0.730194861281071
332,x,21,6,2,-0.161738978252923
332,x,28,6,4,0.158568833723292
332,x,30,7,3,-0.789494473476098
332,x,31,7,-3,-0.309860535371002
332,y,2,1,1,4.66425449975432
332,y,5,2,2,1.4761250918026
332,y,9,4,0,0.125026485794209
332,y,13,4,-2,-0.289265378963314
332,y,15,5,-1,0.224589835702801
332,y,16,6,0,-0.770699548019264
332,y,17,4,4,-0.176500851143135
332,y,22,6,-2,0.215985202998982
332,y,23,7,1,0.163028141574504
332,y,29,6,-4,0.385231398460051
332,y,30,7,3,-0.440995255568771
332,y,37,6,6,0.19469471813594
332,y,38,6,-6,-0.515396813934256
332,y,50,7,7,0.721537215229158
333,x,1,0,0,-2.74052038864347
333,x,2,1,1,0.879961858953883
333,x,4,2,0,0.547404175501877
333,x,6,2,-2,-0.050755666345307
333,x,12,4,2,-0.303742331023365
333,x,14,5,1,0.969991572909555
333,x,15,5,-1,0.255261832822271
333,x,16,6,0,0.268955637143194
333,x,19,5,3,-0.270861205559513
333,x,23,7,1,0.114836969220515
333,x,30,7,3,-0.185255009924246
333,x,38,6,-6,0.527785036596616
333,y,1,0,0,1.5051954520789
333,y,3,1,-1,-0.97719124720309
333,y,4,2,0,1.01279563123669
333,y,5,2,2,-1.33472535620611
333,y,6,2,-2,-0.661648279464756
333,y,8,3,-1,-0.187336635808687
333,y,10,3,3,-0.742256822335776
333,y,16,6,0,-0.0346410094151243
333,y,17,4,4,0.00205408517146943
333,y,26,5,5,0.204169135331073
333,y,29,6,-4,0.0238302417991863
333,y,31,7,-3,0.310603112188145
333,y,39,7,5,0.360728931201143
333,y,40,7,-5,-0.371885438714861
334,x,2,1,1,-1.87557046411094
334,x,3,1,-1,0.676436162081849
334,x,4,2,0,-0.535613503933139
334,x,5,2,2,-1.22767646588896
334,x,6,2,-2,-0.42508053280555
334,x,8,3,-1,-0.552516358691227
334,x,9,4,0,-0.423063393167331
334,x,10,3,3,1.38718386924784
334,x,11,3,-3,1.05246902513908
334,x,15,5,-1,0.00187799025739774
334,x,16,6,0,0.737711756079293
334,x,18,4,-4,-0.410906560760998
334,x,20,5,-3,0.0681218288739291
334,x,26,5,5,-1.40006530824711
334,x,27,5,-5,0.660370375400454
334,x,37,6,6,0.0110423400056863
334,x,40,7,-5,-0.670806729588989
334,x,50,7,7,-0.203468556306014
334,x,51,7,-7,-0.0429746923524993
334,y,3,1,-1,-0.516119861381046
334,y,4,2,0,0.121755049505845
334,y,10,3,3,1.78756425820533
334,y,11,3,-3,-0.586584991868875
334,y,13,4,-2,-1.05842162058403
334,y,14,5,1,1.34604998178751
334,y,15,5,-1,-0.994311774223021
334,y,21,6,2,-0.421507144260035
334,y,26,5,5,-0.403246592912315
334,y,29,6,-4,-0.727577384204841
334,y,37,6,6,0.787900952261894
334,y,38,6,-6,-1.35171740211591
334,y,51,7,-7,0.577884452890976
335,x,3,1,-1,2.815964830549
335,x,7,3,1,1.00889489027553
335,x,10,3,3,0.532592317994682
335,x,11,3,-3,-1.026832260969
335,x,19,5,3,0.531022568946464
335,x,22,6,-2,-0.303663721153646
335,x,23,7,1,-0.423580850742199
335,x,26,5,5,0.688544166041948
335,x,28,6,4,0.63151288886459
335,x,30,7,3,-0.51926821473168
335,x,31,7,-3,-0.580159970557753
335,x,39,7,5,0.315074673580433
335,x,50,7,7,-0.00505577327655594
335,x,51,7,-7,-0.277946661753436
335,y,5,2,2,1.46050013696574
335,y,8,3,-1,-0.853043434149943
335,y,10,3,3,-0.164909112220883
335,y,13,4,-2,0.868670862188208
335,y,14,5,1,-0.90148614688132
335,y,15,5,-1,-1.2490798560186
335,y,17,4,4,-2.03968094409822
335,y,21,6,2,0.451597607907693
335,y,22,6,-2,-0.497701428678695
335,y,27,5,-5,-0.683963522096607
335,y,28,6,4,-1.09300488132662
335,y,29,6,-4,0.792871671133477
335,y,38,6,-6,0.804085999567374
335,y,39,7,5,-0.908534231438118
335,y,40,7,-5,-0.514346641699315
335,y,50,7,7,-0.0948124134203424
335,y,51,7,-7,0.677513797087037
336,x,1,0,0,2.16615938986484
336,x,6,2,-2,-1.27773392174694
336,x,7,3,1,0.212873738844398
336,x,8,3,-1,-0.418137283243163
336,x,11,3,-3,0.526576610033896
336,x,12,4,2,-0.235947319880752
336,x,16,6,0,-0.261283778842457
336,x,20,5,-3,0.294557789269439
336,x,21,6,2,-0.0310371847172558
336,x,22,6,-2,-0.405312406548521
336,x,26,5,5,-0.185888103701464
336,x,29,6,-4,-0.871946202920902
336,x,31,7,-3,0.332586836905258
336,x,37,6,6,0.326242461401216
336,x,50,7,7,-0.67439406488827
336,y,2,1,1,-0.0388881226109259
336,y,3,1,-1,1.24344024643909
336,y,6,2,-2,3.49420138522807
336,y,8,3,-1,-1.11059552616174
336,y,9,4,0,-1.30437381735035
336,y,11,3,-3,0.222009352793201
336,y,12,4,2,-0.0376883750913908
336,y,15,5,-1,-0.450116060354701
336,y,17,4,4,-0.920988618608519
336,y,21,6,2,-0.827038608487004
336,y,22,6,-2,-0.522039470002077
336,y,29,6,-4,0.888968183786722
336,y,30,7,3,0.108789947216077
336,y,31,7,-3,-0.0497264725271981
336,y,39,7,5,-0.106661476407556
336,y,40,7,-5,0.259353691455269
336,y,50,7,7,-0.656596481588294
337,x,1,0,0,0.8964296275682
337,x,3,1,-1,2.06182535590278
337,x,5,2,2,-0.552263703521546
337,x,8,3,-1,-0.290516864248134
337,x,16,6,0,-0.486906189715622
337,x,17,4,4,-1.4275348320196
337,x,19,5,3,0.610450468992282
337,x,20,5,-3,0.558198111428566
337,x,21,6,2,0.58951589286204
337,x,22,6,-2,0.192482003250954
337,x,23,7,1,0.192511198518843
337,x,24,7,-1,-0.0187952873012734
337,x,28,6,4,0.248016098684946
337,x,29,6,-4,0.453419904239049
337,x,30,7,3,0.0963144059411701
337,x,31,7,-3,-0.21654908093588
337,x,50,7,7,0.478235268741394
337,y,1,0,0,-1.17441732809398
337,y,9,4,0,0.625383696093055
337,y,11,3,-3,0.119431031473914
337,y,12,4,2,0.800150101993791
337,y,13,4,-2,-0.373140317015679
337,y,14,5,1,-0.183271835912171
337,y,17,4,4,-0.202312961475956
337,y,18,4,-4,-0.889215257794355
337,y,20,5,-3,-0.543345836015265
337,y,21,6,2,0.186877257181736
337,y,22,6,-2,-0.0167796798575124
337,y,23,7,1,-0.613240298211314
337,y,28,6,4,-0.21996361279303
337,y,31,7,-3,-0.528733213001955
337,y,37,6,6,0.881679919063579
337,y,38,6,-6,-0.718137290153451
337,y,39,7,5,0.426659704949916
337,y,51,7,-7,0.33193024907707
338,x,1,0,0,5.00184252287376
338,x,3,1,-1,-0.723116265118481
338,x,5,2,2,2.3781837211088
338,x,7,3,1,1.7091037175516
338,x,9,4,0,1.09211963783272
338,x,11,3,-3,0.0381622256291662
338,x,17,4,4,0.0334705056822043
338,x,19,5,3,-0.441041727725182
338,x,20,5,-3,-0.665762171702605
338,x,21,6,2,-0.0196796452705929
338,x,23,7,1,-0.217939699211737
338,x,24,7,-1,-0.651733357848759
338,x,26,5,5,-0.492213413214091
338,x,28,6,4,-0.535713868707586
338,x,50,7,7,0.170878219671077
338,x,51,7,-7,0.143194758137738
338,y,4,2,0,-1.26816538342027
338,y,5,2,2,0.0198895337060628
338,y,6,2,-2,1.26875276460312
338,y,7,3,1,0.794406471746247
338,y,8,3,-1,0.331756764300593
338,y,9,4,0,-0.417106948073063
338,y,10,3,3,-0.617548420195926
338,y,13,4,-2,0.245952285999715
338,y,16,6,0,-0.718158542859022
338,y,17,4,4,-1.38241174580462
338,y,23,7,1,0.187567551887246
338,y,29,6,-4,-0.046067350649957
338,y,30,7,3,0.376805700150386
338,y,37,6,6,0.0169878672316527
338,y,38,6,-6,0.679687046046706
338,y,39,7,5,-0.0978200069241578
338,y,40,7,-5,-0.625817247306129
338,y,50,7,7,-0.282493659749471
338,y,51,7,-7,-0.0167677990561999
339,x,3,1,-1,0.294969337851576
339,x,4,2,0,1.94382879864453
339,x,5,2,2,0.314772616491903
339,x,6,2,-2,2.93224471602746
339,x,8,3,-1,-0.0877485189498115
339,x,9,4,0,0.26841888613351
339,x,14,5,1,-0.95849140405395
339,x,16,6,0,0.729508554529218
339,x,17,4,4,0.678311318534983
339,x,21,6,2,0.150737773355531
339,x,23,7,1,0.307792031727067
339,x,24,7,-1,0.562882404888318
339,x,27,5,-5,0.208456829083807
339,x,29,6,-4,1.24026575091977
339,x,30,7,3,-0.66302788341481
339,x,39,7,5,-0.889887169777006
339,x,50,7,7,0.808334011798851
339,y,2,1,1,3.19228068337335
339,y,3,1,-1,-2.94291949196077
339,y,4,2,0,-2.41817117937714
339,y,5,2,2,0.914479228495914
339,y,11,3,-3,-0.567230349132317
339,y,19,5,3,0.865771339228723
339,y,22,6,-2,0.498130290306135
339,y,23,7,1,0.464073837226936
339,y,27,5,-5,-0.166695505334368
339,y,29,6,-4,0.0257017477904906
339,y,30,7,3,0.596617160509473
339,y,31,7,-3,-0.261955839866659
339,y,38,6,-6,0.681034028403702
339,y,40,7,-5,0.484603709078035
340,x,1,0,0,-3.9382563618662
340,x,7,3,1,-0.881583046153017
340,x,8,3,-1,1.31874411545553
340,x,10,3,3,0.940368635104682
340,x,13,4,-2,-0.5586202448344
340,x,14,5,1,-0.311743609995756
340,x,17,4,4,0.268855364679599
340,x,18,4,-4,-0.932841828952359
340,x,20,5,-3,-0.842500212051621
340,x,23,7,1,0.206460186859911
340,x,24,7,-1,-0.228442586796074
340,x,26,5,5,-0.87986825679274
340,x,27,5,-5,0.355199573708817
340,x,29,6,-4,0.531429900269245
340,x,31,7,-3,0.094327954003508
340,x,50,7,7,0.355320829189422
340,y,1,0,0,-4.44331749714457
340,y,2,1,1,-1.77558056159252
340,y,3,1,-1,-0.680361967185368
340,y,8,3,-1,-1.49871096587093
340,y,9,4,0,0.498290539630709
340,y,10,3,3,-0.177979415818504
340,y,11,3,-3,1.23669168561833
340,y,16,6,0,-0.204778955863407
340,y,17,4,4,1.33350022187734
340,y,18,4,-4,0.513152665034048
340,y,20,5,-3,-0.321396161475871
340,y,22,6,-2,-0.066721732137357
340,y,28,6,4,0.0850069701432704
340,y,38,6,-6,-0.544025064087214
340,y,39,7,5,-0.590426248558747
340,y,40,7,-5,-0.170655021810974
341,x,4,2,0,-2.0344430767929
341,x,7,3,1,0.825825921834476
341,x,8,3,-1,-1.32773367751273
341,x,9,4,0,0.376960557492143
341,x,10,3,3,0.0769365430385628
341,x,15,5,-1,-0.466323277207531
341,x,17,4,4,-0.801696171169641
341,x,19,5,3,0.844347516445311
341,x,20,5,-3,0.0292715986829352
341,x,30,7,3,-0.958437801722886
341,x,39,7,5,-0.581561542090228
341,y,1,0,0,2.79215545271334
341,y,2,1,1,-3.18708841574004
341,y,4,2,0,-0.754364275789362
341,y,6,2,-2,-2.05124660397279
341,y,8,3,-1,-0.425956510975105
341,y,9,4,0,0.502037692749363
341,y,11,3,-3,-0.656255853828461
341,y,12,4,2,-0.97984517731642
341,y,14,5,1,0.824131206126682
341,y,15,5,-1,-0.642291487010256
341,y,16,6,0,-0.609130449969986
341,y,17,4,4,-0.540643128601261
341,y,18,4,-4,-0.0056131646990562
341,y,20,5,-3,0.789081470478304
341,y,23,7,1,-0.239484981947965
341,y,24,7,-1,0.763831804960063
341,y,27,5,-5,-0.288665735288784
341,y,28,6,4,-0.106174742962622
341,y,30,7,3,-0.653109561669627
341,y,39,7,5,-0.550486183576386
342,x,2,1,1,-0.562707290615655
342,x,4,2,0,-2.58921357862971
342,x,14,5,1,-0.644682747096647
342,x,15,5,-1,-0.542725062775426
342,x,17,4,4,0.65289915914358
342,x,19,5,3,-0.669132977079045
342,x,20,5,-3,-0.111007805051194
342,x,21,6,2,0.0786916940668028
342,x,26,5,5,0.240824763307873
342,x,27,5,-5,0.552562598012213
342,x,37,6,6,-0.0481667073987613
342,x,40,7,-5,0.274771903845895
342,x,50,7,7,-0.675032060563966
342,x,51,7,-7,-0.607555782490804
342,y,4,2,0,-1.07859371101636
342,y,5,2,2,2.87346210617625
342,y,8,3,-1,-1.03695147454888
342,y,10,3,3,-1.26300456735689
342,y,12,4,2,0.277772995518554
342,y,13,4,-2,1.05858963281819
342,y,14,5,1,0.724490115938704
342,y,15,5,-1,-0.916494341598159
342,y,21,6,2,0.879805789389897
342,y,23,7,1,-0.372058464103433
342,y,31,7,-3,0.647210115273955
342,y,38,6,-6,-0.723972461499715
342,y,39,7,5,-0.12422928539682
342,y,51,7,-7,-0.515093543376856
343,x,1,0,0,-1.52085830467329
343,x,7,3,1,0.147474795848088
343,x,8,3,-1,0.722890547463803
343,x,9,4,0,-1.47275668376437
343,x,10,3,3,0.659975246276837
343,x,11,3,-3,0.235279980787581
343,x,13,4,-2,0.141951765293807
343,x,15,5,-1,0.0772911800269713
343,x,17,4,4,-1.55298228937537
343,x,19,5,3,0.0563107093538021
343,x,20,5,-3,0.551068803479101
343,x,21,6,2,0.108870459821204
343,x,23,7,1,0.281272835622048
343,x,24,7,-1,-0.0395933087314752
343,x,27,5,-5,0.178868086305763
343,x,28,6,4,-0.268117621245215
343,x,30,7,3,-0.247192507907815
343,x,31,7,-3,0.300797929940594
343,x,37,6,6,0.0237719677408486
343,y,1,0,0,4.74477489101962
343,y,2,1,1,1.06881319551326
343,y,3,1,-1,-2.08691540040211
343,y,6,2,-2,-1.34112557965675
343,y,7,3,1,0.352229408635593
343,y,9,4,0,0.316091411742345
343,y,12,4,2,-0.393437809897819
343,y,17,4,4,0.855654954467533
343,y,19,5,3,-0.0826283023133239
343,y,21,6,2,-0.307430060242961
343,y,24,7,-1,0.175130544039429
343,y,26,5,5,0.0299867398997316
343,y,27,5,-5,0.296046956479377
343,y,28,6,4,-0.47817978445397
343,y,29,6,-4,-0.684015679775187
343,y,37,6,6,-1.23051424268277
343,y,39,7,5,0.266114058578562
344,x,1,0,0,-1.39782214821925
344,x,3,1,-1,0.793065626994502
344,x,6,2,-2,-0.842280776200284
344,x,8,3,-1,2.62711347573934
344,x,9,4,0,-0.36481829873912
344,x,14,5,1,-0.157614244382764
344,x,15,5,-1,0.411626330704305
344,x,16,6,0,0.0406110832086517
344,x,20,5,-3,0.36981501311251
344,x,21,6,2,-0.0780552894555232
344,x,22,6,-2,-0.26741131135992
344,x,26,5,5,-0.989005228639129
344,x,27,5,-5,0.250854648730251
344,x,28,6,4,-0.962882237017421
344,x,30,7,3,0.239214261867118
344,x,31,7,-3,-0.139544468411135
344,x,37,6,6,-0.400856281302439
344,x,40,7,-5,0.178527665378396
344,x,51,7,-7,0.0545563414477978
344,y,5,2,2,-1.30223405161404
344,y,8,3,-1,0.170095532548805
344,y,11,3,-3,-1.29183380932319
344,y,15,5,-1,1.65935007951002
344,y,16,6,0,-0.499483150685657
344,y,18,4,-4,-0.0481197863681324
344,y,19,5,3,0.924636972158394
344,y,20,5,-3,1.06398976887584
344,y,23,7,1,0.875806306483755
344,y,26,5,5,0.225166095178592
344,y,28,6,4,-0.817229273501901
344,y,29,6,-4,-0.0433497157820534
344,y,31,7,-3,0.407766699185712
344,y,39,7,5,-0.260184770175736
344,y,40,7,-5,0.304353925775731
344,y,50,7,7,0.247709122038775
344,y,51,7,-7,0.50980679534817
345,x,1,0,0,1.28744907942391
345,x,3,1,-1,4.68661449933953
345,x,4,2,0,-0.615591944077613
345,x,5,2,2,0.761189288732305
345,x,12,4,2,-1.13128987077444
345,x,13,4,-2,0.745638179558433
345,x,15,5,-1,0.3664796218208
345,x,17,4,4,0.377666048894948
345,x,19,5,3,0.11629540160743
345,x,20,5,-3,-0.154707919658795
345,x,22,6,-2,0.594241034948188
345,x,24,7,-1,-0.55862679708209
345,x,26,5,5,-0.126119874782908
345,x,28,6,4,0.409111841704542
345,x,38,6,-6,0.383850528316788
345,x,50,7,7,0.205602282822915
345,y,1,0,0,-1.07251655471519
345,y,5,2,2,1.28692751698328
345,y,6,2,-2,-1.85741080901541
345,y,7,3,1,-2.49525782572421
345,y,10,3,3,0.310451271298821
345,y,11,3,-3,0.778137310431024
345,y,13,4,-2,-0.975203767429003
345,y,14,5,1,0.435831816198974
345,y,15,5,-1,-0.246999235536969
345,y,21,6,2,0.901965393156854
345,y,26,5,5,-0.456086324508548
345,y,27,5,-5,-1.12716135613147
345,y,28,6,4,-0.016830651824882
345,y,29,6,-4,0.420311282508706
346,x,2,1,1,5.64885518433682
346,x,6,2,-2,-3.78702674956614
346,x,10,3,3,-1.98217578753647
346,x,14,5,1,-0.213973166456783
346,x,20,5,-3,0.274580673065172
346,x,21,6,2,0.807479930889522
346,x,30,7,3,0.324176618439536
346,x,37,6,6,0.969478915498693
346,x,38,6,-6,0.521792409083683
346,x,39,7,5,-0.108125430229612
346,x,40,7,-5,0.217068151872495
346,y,3,1,-1,-4.04009454458704
346,y,5,2,2,-0.212921923953198
346,y,9,4,0,0.407645878538662
346,y,11,3,-3,-0.0921667445805203
346,y,12,4,2,0.216583299611342
346,y,17,4,4,0.254060968008766
346,y,18,4,-4,1.0571472124933
346,y,22,6,-2,0.339244592671346
346,y,28,6,4,0.724142969596505
346,y,29,6,-4,0.72608150697308
346,y,30,7,3,-0.429794190421902
346,y,31,7,-3,-0.84983205639128
346,y,37,6,6,-0.611429699130155
346,y,39,7,5,-0.28757490575966
346,y,50,7,7,-0.0861119901794766
347,x,2,1,1,1.10504598777202
347,x,3,1,-1,0.921987562210518
347,x,4,2,0,-1.44644850329862
347,x,6,2,-2,-2.24672396366609
347,x,7,3,1,0.217892458893433
347,x,8,3,-1,0.499383954341374
347,x,9,4,0,-0.00465771455581107
347,x,10,3,3,-0.336772606469798
347,x,16,6,0,0.41534681807869
347,x,17,4,4,0.119155171582632
347,x,18,4,-4,-1.45373722189521
347,x,19,5,3,0.135144958774857
347,x,21,6,2,0.19796819417147
347,x,27,5,-5,-0.193099974191788
347,x,28,6,4,-1.04264882805756
347,x,31,7,-3,0.675112942676431
347,x,37,6,6,-0.0572840248535036
347,y,2,1,1,0.262819438147263
347,y,3,1,-1,1.36537507425964
347,y,6,2,-2,-1.25254379936265
347,y,9,4,0,1.04341814240746
347,y,17,4,4,0.110765832074015
347,y,18,4,-4,0.376721381992183
347,y,20,5,-3,-1.00253949420645
347,y,22,6,-2,0.830013063324292
347,y,24,7,-1,0.57154610429992
347,y,28,6,4,0.406196091307915
347,y,31,7,-3,0.400464133916319
347,y,38,6,-6,-0.322073808357276
347,y,50,7,7,0.30022071062322
348,x,1,0,0,-2.5926992291411
348,x,2,1,1,2.50164376616551
348,x,3,1,-1,-0.10347931702054
348,x,5,2,2,1.22487579438281
348,x,6,2,-2,0.897223724445993
348,x,8,3,-1,-1.14675418046712
348,x,13,4,-2,-0.39828923347947
348,x,21,6,2,-0.216818534524982
348,x,27,5,-5,0.579125427702208
348,x,31,7,-3,-0.100005151823809
348,x,37,6,6,-0.160304394061609
348,x,39,7,5,-0.249867298155194
348,y,1,0,0,2.95388636611845
348,y,4,2,0,1.85958351920238
348,y,7,3,1,-1.94201570059436
348,y,9,4,0,1.47519385876714
348,y,14,5,1,-0.199703417639587
348,y,15,5,-1,-0.749679782993926
348,y,16,6,0,-0.139536429323286
348,y,17,4,4,-0.179497423364542
348,y,18,4,-4,0.450108334378554
348,y,19,5,3,0.126820162609923
348,y,20,5,-3,0.548409251549954
348,y,21,6,2,0.581584896451265
348,y,23,7,1,-0.0501552707320902
348,y,24,7,-1,0.191678096818611
348,y,27,5,-5,0.375493771075379
348,y,30,7,3,-0.338782740888905
348,y,37,6,6,0.165584533643872
348,y,39,7,5,0.856859932124997
348,y,51,7,-7,-0.189858014484338
349,x,1,0,0,0.884011638903306
349,x,5,2,2,-1.00403273063653
349,x,7,3,1,1.1115570084571
349,x,12,4,2,-0.196269148745924
349,x,16,6,0,0.19979405525769
349,x,17,4,4,0.0983237852695941
349,x,18,4,-4,0.449116746959535
349,x,20,5,-3,0.429300257223108
349,x,21,6,2,-0.534203303793563
349,x,22,6,-2,-0.23319024480461
349,x,23,7,1,-0.138858994459916
349,x,30,7,3,-0.417129989108156
349,x,31,7,-3,-0.248965937310144
349,x,37,6,6,-0.458469545171221
349,x,38,6,-6,-0.126800809239504
349,x,51,7,-7,0.342006348476777
349,y,2,1,1,4.67839571513536
349,y,3,1,-1,-3.20287904789935
349,y,6,2,-2,3.10986488183768
349,y,14,5,1,1.0165035604356
349,y,15,5,-1,-0.66492052697562
349,y,18,4,-4,0.386265301875209
349,y,20,5,-3,1.09347778068421
349,y,29,6,-4,0.363966268691376
349,y,39,7,5,0.184294923125351
349,y,40,7,-5,-0.636582252718274
350,x,4,2,0,-1.15768128397947
350,x,6,2,-2,-0.547122570327481
350,x,9,4,0,1.52153712987998
350,x,10,3,3,-1.28371694385861
350,x,14,5,1,1.77521208804931
350,x,20,5,-3,0.106014956654194
350,x,22,6,-2,-0.17916073233245
350,x,30,7,3,0.46488146042153
350,x,37,6,6,0.109776643005936
350,x,38,6,-6,0.601513233549095
350,x,40,7,-5,-0.025830578462387
350,x,51,7,-7,-0.258971416641454
350,y,2,1,1,5.8608372067045
350,y,4,2,0,1.80763794598891
350,y,7,3,1,-0.542219011901709
350,y,10,3,3,0.880243518113627
350,y,13,4,-2,0.181001631489618
350,y,21,6,2,0.538148607892282
350,y,23,7,1,-0.510856094519923
350,y,27,5,-5,-0.390798482871212
350,y,28,6,4,0.253876479171989
350,y,30,7,3,-0.0595334325280109
350,y,39,7,5,-0.259576496578121
351,x,4,2,0,-1.48680653316973
351,x,5,2,2,-1.77713689165348
351,x,7,3,1,0.410657721935375
351,x,11,3,-3,0.48870030454662
351,x,14,5,1,-0.805164564501653
351,x,17,4,4,0.67879194477233
351,x,22,6,-2,0.124429121221356
351,x,28,6,4,0.500492567655005
351,x,30,7,3,0.283708402401341
351,x,38,6,-6,0.518463833221667
351,y,1,0,0,3.31498772995337
351,y,5,2,2,1.37730184454122
351,y,7,3,1,0.0583742661966576
351,y,10,3,3,1.05827356858841
351,y,15,5,-1,0.775543792741464
351,y,16,6,0,-0.130180541230829
351,y,18,4,-4,-1.28505637144208
351,y,20,5,-3,0.00860152345056121
351,y,21,6,2,0.416020027154404
351,y,23,7,1,-0.497005657299755
351,y,24,7,-1,-0.0990734916725065
351,y,26,5,5,-0.364668929958495
351,y,29,6,-4,-0.350660822724154
351,y,38,6,-6,-0.277982806634206
351,y,39,7,5,-0.118830075694761
351,y,40,7,-5,0.204871817403398
352,x,3,1,-1,-0.230405868786504
352,x,4,2,0,0.860000434370428
352,x,5,2,2,-0.186122512309684
352,x,6,2,-2,0.205926521461252
352,x,7,3,1,-0.0682441601563671
352,x,9,4,0,-0.751654374226812
352,x,11,3,-3,-1.84828752475921
352,x,13,4,-2,0.461973979994805
352,x,14,5,1,-0.0629363999617431
352,x,15,5,-1,0.734303608329356
352,x,19,5,3,0.823793464897936
352,x,27,5,-5,-1.36786821771967
352,x,28,6,4,0.184410778737224
352,x,29,6,-4,0.265112692096774
352,x,37,6,6,0.236397258728521
352,x,38,6,-6,0.703059685553419
352,x,39,7,5,0.316456978507453
352,x,40,7,-5,-0.621284379879145
352,y,1,0,0,1.81881277120625
352,y,7,3,1,-0.345443095129356
352,y,10,3,3,1.90766486683521
352,y,15,5,-1,-0.276842835410364
352,y,16,6,0,-0.166070266477601
352,y,19,5,3,-0.66330987417524
352,y,20,5,-3,-0.294387616611789
352,y,22,6,-2,-0.952207042063153
352,y,23,7,1,-0.0678700145612753
352,y,29,6,-4,0.369086900731222
352,y,37,6,6,0.53766694144133
352,y,50,7,7,0.299328666008416
353,x,1,0,0,-2.19849716494059
353,x,4,2,0,-0.948770108804364
353,x,6,2,-2,-0.659266810329744
353,x,9,4,0,-0.478048461484794
353,x,10,3,3,0.382607152281125
353,x,11,3,-3,-0.168965886035641
353,x,13,4,-2,-0.376349306187975
353,x,16,6,0,-0.205625877637711
353,x,17,4,4,0.600110284438401
353,x,19,5,3,0.176530272082125
353,x,20,5,-3,0.652112551269555
353,x,21,6,2,-0.697914807103483
353,x,22,6,-2,0.308982979337451
353,x,24,7,-1,0.238006769747129
353,x,27,5,-5,0.562809384653426
353,x,30,7,3,-0.253184048792974
353,x,40,7,-5,-0.239179760687977
353,x,50,7,7,-0.589661992937978
353,x,51,7,-7,-0.264569343428938
353,y,3,1,-1,1.31942915530953
353,y,12,4,2,0.120438035779542
353,y,14,5,1,0.931716199337807
353,y,17,4,4,-0.821433471899793
353,y,19,5,3,-1.10670683078612
353,y,21,6,2,-0.654392496822702
353,y,22,6,-2,-1.04000345196536
353,y,29,6,-4,-0.598800160089105
353,y,38,6,-6,-0.959595015006139
353,y,40,7,-5,0.267796798419986
353,y,50,7,7,-2.6090149737969
354,x,3,1,-1,-0.24822766836981
354,x,4,2,0,-2.26572422631832
354,x,6,2,-2,-1.26288839528403
354,x,8,3,-1,-0.192878815745694
354,x,11,3,-3,-0.325629390490288
354,x,12,4,2,1.97446007331799
354,x,13,4,-2,0.107150537751144
354,x,16,6,0,-0.461723738704238
354,x,18,4,-4,-1.80929268762466
354,x,21,6,2,-0.347955355992612
354,x,22,6,-2,-0.172769406211302
354,x,24,7,-1,0.585063123722337
354,x,26,5,5,-0.0890700780927909
354,x,27,5,-5,0.0100319438318656
354,x,30,7,3,-0.215533406988487
354,x,37,6,6,-0.272168524159044
354,x,39,7,5,-0.249577096206959
354,x,51,7,-7,0.747954116990069
354,y,1,0,0,-2.85376720158041
354,y,2,1,1,7.95098374976663
354,y,5,2,2,1.64360543358033
354,y,6,2,-2,1.84570300519207
354,y,9,4,0,-0.0544403541399253
354,y,10,3,3,0.0528315101228202
354,y,11,3,-3,-0.993060875846553
354,y,12,4,2,-0.00593504035610435
354,y,15,5,-1,0.36444744067116
354,y,16,6,0,-0.359545054063066
354,y,20,5,-3,0.228166302108783
354,y,21,6,2,0.0632609383377515
354,y,23,7,1,0.144028429183695
354,y,26,5,5,-0.0141962695165679
354,y,30,7,3,0.781067988436324
354,y,39,7,5,-0.0802477570777788
354,y,51,7,-7,-0.176324898259698
355,x,1,0,0,0.917365460552283
355,x,2,1,1,1.45420882929228
355,x,3,1,-1,-2.53242625534593
355,x,4,2,0,2.00460999789188
355,x,6,2,-2,-1.46477339967914
355,x,8,3,-1,-1.17550545630686
355,x,9,4,0,0.274502856838811
355,x,15,5,-1,0.263489481121998
355,x,16,6,0,0.692709052667303
355,x,18,4,-4,0.181225119893498
355,x,21,6,2,-0.274087016891988
355,x,22,6,-2,0.414077487881962
355,x,23,7,1,0.484686374167847
355,x,24,7,-1,0.273552965391801
355,x,27,5,-5,0.115425986063743
355,x,38,6,-6,0.0997359957519764
355,x,40,7,-5,-0.096052461698627
355,x,51,7,-7,0.299861154240632
355,y,1,0,0,-0.233187248793728
355,y,2,1,1,2.77426032328913
355,y,5,2,2,-1.99164262685652
355,y,7,3,1,0.479686690304369
355,y,9,4,0,0.525440819057525
355,y,13,4,-2,-0.344790183868464
355,y,14,5,1,0.493946201802969
355,y,19,5,3,-0.553704797015531
355,y,20,5,-3,-0.671267411575815
355,y,24,7,-1,-0.0779049635828121
355,y,28,6,4,-1.00305990241969
355,y,31,7,-3,-0.750720125857677
355,y,38,6,-6,-0.568110185606232
355,y,40,7,-5,0.205640320373926
355,y,50,7,7,-0.199687902784714
355,y,51,7,-7,0.736282780083149
356,x,1,0,0,-2.26249120229555
356,x,2,1,1,-4.02776854879676
356,x,6,2,-2,-1.28341301171337
356,x,8,3,-1,-0.837730301012973
356,x,11,3,-3,0.334650245207619
356,x,13,4,-2,0.373343295261874
356,x,14,5,1,-0.784559850432575
356,x,16,6,0,1.47698173318361
356,x,18,4,-4,0.0990025012939839
356,x,19,5,3,-0.187020884570749
356,x,22,6,-2,-0.500348674702275
356,x,28,6,4,-0.169998586767481
356,x,29,6,-4,0.411780046221672
356,x,39,7,5,-0.60807115403058
356,y,4,2,0,-0.381391575616162
356,y,5,2,2,-2.14519725241637
356,y,8,3,-1,-2.15284293360906
356,y,9,4,0,0.380482799694971
356,y,11,3,-3,0.127202734815147
356,y,14,5,1,-0.0960003348344056
356,y,15,5,-1,0.199233491842416
356,y,19,5,3,-0.635120305060671
356,y,21,6,2,-0.885482450098214
356,y,23,7,1,0.546154526036795
356,y,26,5,5,0.10830162868389
356,y,27,5,-5,0.0343341699855875
356,y,28,6,4,0.295611955567588
356,y,30,7,3,-0.349142103324105
356,y,37,6,6,-0.80587997375421
356,y,38,6,-6,0.53727083683081
356,y,51,7,-7,0.382406827906711
357,x,5,2,2,-2.79850500679897
357,x,6,2,-2,-0.0424728885239913
357,x,9,4,0,-0.127264188847706
357,x,10,3,3,0.558689665876738
357,x,12,4,2,1.57353391445698
357,x,13,4,-2,-0.246659485852837
357,x,15,5,-1,0.176427658072339
357,x,16,6,0,1.0038316036894
357,x,18,4,-4,-1.04787082540023
357,x,20,5,-3,-0.158877755302759
357,x,22,6,-2,-0.237036626813052
357,x,27,5,-5,0.222113711198206
357,x,28,6,4,-0.0854010418751195
357,x,30,7,3,-0.23549906086943
357,x,37,6,6,-0.226608997959477
357,x,38,6,-6,-0.278005896691189
357,x,39,7,5,-0.346013457177623
357,x,50,7,7,-0.959571989798075
357,x,51,7,-7,0.231325752485809
357,y,6,2,-2,-1.97121184839313
357,y,8,3,-1,0.00909848832242649
357,y,13,4,-2,-0.274617587559345
357,y,15,5,-1,0.836458232941348
357,y,16,6,0,1.05614465390173
357,y,19,5,3,0.0696542640179949
357,y,23,7,1,-0.447714959876738
357,y,26,5,5,-0.00657647494537391
357,y,28,6,4,0.483919857915696
357,y,29,6,-4,1.14486380214067
357,y,30,7,3,-1.06120863047466
357,y,37,6,6,-0.367085523441292
357,y,50,7,7,0.928467424277945
358,x,1,0,0,6.89887175777208
358,x,2,1,1,-1.17768881413637
358,x,8,3,-1,0.572742177770305
358,x,11,3,-3,-0.0983502866250186
358,x,12,4,2,0.210678582971968
358,x,13,4,-2,1.01926123065274
358,x,16,6,0,0.307312673678764
358,x,17,4,4,0.886017094151124
358,x,20,5,-3,-0.060774071884001
358,x,22,6,-2,0.835777154839489
358,x,23,7,1,-0.0907754130101017
358,x,24,7,-1,0.0346582499305032
358,x,28,6,4,-0.142412349546362
358,x,31,7,-3,-0.254064008270889
358,x,38,6,-6,0.895181892971299
358,x,39,7,5,0.71161968712739
358,x,50,7,7,0.819999895967841
358,y,1,0,0,0.267572508098043
358,y,3,1,-1,1.97459091544698
358,y,4,2,0,0.157372037632301
358,y,7,3,1,-1.22194634324148
358,y,14,5,1,0.510781559770172
358,y,15,5,-1,-0.287636772170475
358,y,16,6,0,-0.109357805477463
358,y,21,6,2,0.367513442034876
358,y,22,6,-2,0.859889742922614
358,y,26,5,5,1.03760768157103
358,y,29,6,-4,0.956847246149608
358,y,30,7,3,-0.0524342458945726
358,y,31,7,-3,-0.103267616253691
358,y,38,6,-6,-0.17452067784426
359,x,16,6,0,-0.257276211590296
359,x,18,4,-4,1.07880567838491
359,x,20,5,-3,2.4733715185807
359,x,22,6,-2,0.536985855846294
359,x,27,5,-5,1.88618042418866
359,x,28,6,4,0.00461419419314808
359,x,29,6,-4,-1.29476701648595
359,x,30,7,3,1.05532971590093
359,x,50,7,7,-0.190597971057916
359,x,51,7,-7,0.104755347688995
359,y,1,0,0,1.2386301193409
359,y,3,1,-1,-1.07517904173462
359,y,5,2,2,4.12509752400161
359,y,7,3,1,-0.101068416730458
359,y,9,4,0,-1.28633801819925
359,y,10,3,3,1.30854296945937
359,y,11,3,-3,0.0342840165525798
359,y,12,4,2,0.540493999102917
359,y,13,4,-2,0.386084989202473
359,y,14,5,1,0.63127774572817
359,y,17,4,4,-0.541806343093176
359,y,19,5,3,-0.197412849717903
359,y,20,5,-3,-0.803113079840551
359,y,27,5,-5,-0.163740145372494
359,y,30,7,3,0.865933804262512
359,y,31,7,-3,0.103509312839567
359,y,37,6,6,0.247533904066018
359,y,39,7,5,0.271250995900787
359,y,51,7,-7,-0.0648959645337336
360,x,2,1,1,0.766295640618648
360,x,4,2,0,-1.61568891717616
360,x,6,2,-2,-0.18820497428525
360,x,9,4,0,0.679696624094028
360,x,12,4,2,0.330203329177495
360,x,13,4,-2,-0.622548495495639
360,x,14,5,1,-0.919247964451152
360,x,16,6,0,-0.0769940578404715
360,x,17,4,4,-0.1212391653488
360,x,18,4,-4,0.99544238519433
360,x,19,5,3,1.11434030384724
360,x,21,6,2,0.0933121692299076
360,x,27,5,-5,-0.532865267305191
360,x,38,6,-6,0.379496445288264
360,x,50,7,7,-0.173015624238961
360,y,2,1,1,2.8316588057228
360,y,4,2,0,-0.899845181805492
360,y,7,3,1,-1.46721288645414
360,y,8,3,-1,-0.881131974381241
360,y,10,3,3,-2.68348965629011
360,y,11,3,-3,-0.100944074740156
360,y,14,5,1,-1.11706633780098
360,y,21,6,2,-0.486582228639578
360,y,24,7,-1,0.197266528433417
360,y,26,5,5,-0.623374957763808
360,y,30,7,3,0.951054659384071
361,x,4,2,0,-0.356507812718759
361,x,7,3,1,-0.335714618042465
361,x,11,3,-3,1.55218869511526
361,x,13,4,-2,1.82386756005233
361,x,16,6,0,0.994063797770736
361,x,19,5,3,-0.705301795177435
361,x,20,5,-3,0.77649157501539
361,x,24,7,-1,0.46523618208798
361,x,27,5,-5,1.83471239418468
361,x,38,6,-6,0.224572546274496
361,x,51,7,-7,1.04068622760112
361,y,3,1,-1,-2.0468546736284
361,y,6,2,-2,0.0357979118782721
361,y,11,3,-3,0.843628268608874
361,y,12,4,2,-0.706860471793026
361,y,15,5,-1,-0.669145029408766
361,y,16,6,0,-0.0584647799738122
361,y,18,4,-4,1.20632580124447
361,y,19,5,3,-0.455643164254951
361,y,30,7,3,-0.84051728716006
361,y,31,7,-3,0.74738503578037
361,y,40,7,-5,-0.383331158189759
362,x,4,2,0,-0.259664059084836
362,x,6,2,-2,-1.10180355792147
362,x,10,3,3,0.675035681793544
362,x,12,4,2,-0.643415903093387
362,x,13,4,-2,1.94589509654458
362,x,21,6,2,-1.58973070025745
362,x,23,7,1,-0.0875383737779745
362,x,30,7,3,0.872848962684629
362,x,40,7,-5,1.08837614614309
362,x,51,7,-7,-0.0884811772434351
362,y,4,2,0,2.50814396564436
362,y,5,2,2,-0.0705655979196063
362,y,7,3,1,-2.08750284599861
362,y,11,3,-3,-1.34056264275706
362,y,12,4,2,0.0455895309508283
362,y,14,5,1,0.0483122664499271
362,y,17,4,4,0.231951850572353
362,y,18,4,-4,-0.713417789511232
362,y,19,5,3,-0.453352186486824
362,y,20,5,-3,0.0311870316095806
362,y,21,6,2,-0.20178119816423
362,y,22,6,-2,0.215691289581867
362,y,24,7,-1,-0.449278048011105
362,y,27,5,-5,-0.236535052922063
362,y,28,6,4,-0.464485559723642
362,y,31,7,-3,0.154348128613701
362,y,39,7,5,-0.231328995431676
362,y,40,7,-5,0.0563125628293481
362,y,50,7,7,-0.491082573494994
362,y,51,7,-7,-0.661295269925752
363,x,1,0,0,0.875887664236883
363,x,3,1,-1,2.86274897274209
363,x,4,2,0,2.54379810012461
363,x,10,3,3,-0.621058868136694
363,x,13,4,-2,0.355558860674607
363,x,16,6,0,0.519181675437935
363,x,17,4,4,0.516364432298905
363,x,18,4,-4,-0.704680920724577
363,x,20,5,-3,0.0864770202225753
363,x,30,7,3,-0.200293082912033
363,x,31,7,-3,-0.74498009460599
363,x,50,7,7,-0.493994219568229
363,y,1,0,0,-4.59173791382115
363,y,3,1,-1,0.684754305480652
363,y,4,2,0,0.124808873444402
363,y,5,2,2,1.13449065073151
363,y,6,2,-2,1.41724419216568
363,y,7,3,1,-0.800768664969266
363,y,8,3,-1,0.115057145456267
363,y,11,3,-3,-0.100474500389587
363,y,13,4,-2,-1.81998911985801
363,y,15,5,-1,0.0498150560594426
363,y,19,5,3,-0.000974757749940422
363,y,21,6,2,-0.257846827126223
363,y,22,6,-2,-0.748619664618998
363,y,26,5,5,0.358674474747681
363,y,27,5,-5,-1.18542435831262
363,y,30,7,3,-0.103230564367358
363,y,31,7,-3,-0.0348289002072053
363,y,38,6,-6,0.212498359773059
363,y,51,7,-7,-0.0254249971064732
364,x,1,0,0,-5.65785362613641
364,x,2,1,1,4.16900166271788
364,x,4,2,0,3.77956124244101
364,x,5,2,2,2.29410099019574
364,x,6,2,-2,-1.47637364615566
364,x,8,3,-1,-1.10598699172305
364,x,9,4,0,-1.2463466266272
364,x,12,4,2,-1.52951865450677
364,x,13,4,-2,0.819784721631182
364,x,14,5,1,0.119583572451337
364,x,19,5,3,0.0952829829360442
364,x,21,6,2,-0.0472963939191685
364,x,22,6,-2,0.366307266740174
364,x,23,7,1,0.228529619936104
364,x,28,6,4,-1.18981495070252
364,x,29,6,-4,0.095447085177568
364,x,30,7,3,0.114384727384537
364,x,31,7,-3,-0.145104928780073
364,x,40,7,-5,-0.197261765930739
364,x,51,7,-7,-0.109549793424797
364,y,1,0,0,-2.87125892241716
364,y,2,1,1,-3.11313093272914
364,y,3,1,-1,-1.62727150108256
364,y,8,3,-1,0.264273565114748
364,y,11,3,-3,2.23467335589957
364,y,12,4,2,0.146601005230513
364,y,13,4,-2,-1.37360384333979
364,y,14,5,1,-0.921868509101669
364,y,16,6,0,-0.121650658565515
364,y,19,5,3,0.700044634084621
364,y,20,5,-3,-0.947348215636485
364,y,22,6,-2,0.354026899228614
364,y,24,7,-1,-0.499324484208214
364,y,31,7,-3,0.340890425582925
364,y,37,6,6,0.253106758680234
364,y,39,7,5,0.102805564769148
364,y,51,7,-7,0.0911993064797757
365,x,1,0,0,1.17472140932284
365,x,3,1,-1,-2.66099296038419
365,x,4,2,0,-3.77545933999774
365,x,7,3,1,-0.0942796384536158
365,x,10,3,3,-0.460264145634782
365,x,11,3,-3,-0.84136439287263
365,x,12,4,2,-0.129918503372081
365,x,13,4,-2,1.07920325215564
365,x,14,5,1,0.00658759961202633
365,x,15,5,-1,-0.600175464897414
365,x,18,4,-4,-0.132658067489299
365,x,20,5,-3,-0.898399479873607
365,x,22,6,-2,-0.437235895670233
365,x,23,7,1,0.426536345771688
365,x,24,7,-1,-0.837846628388571
365,x,28,6,4,-0.0533175404285485
365,x,29,6,-4,0.121134689451802
365,x,50,7,7,-0.471195512310057
365,x,51,7,-7,-0.472402207636538
365,y,3,1,-1,0.880817174140351
365,y,4,2,0,-1.22593965884301
365,y,6,2,-2,0.377422857426684
365,y,8,3,-1,1.00367721175267
365,y,9,4,0,0.721235091505976
365,y,10,3,3,0.321382846080432
365,y,11,3,-3,-0.446992056280494
365,y,14,5,1,0.569413209103085
365,y,15,5,-1,0.220857609223905
365,y,16,6,0,-0.480997074250994
365,y,22,6,-2,0.892936942786866
365,y,24,7,-1,-0.577083744450972
365,y,27,5,-5,-0.285446962113731
365,y,37,6,6,0.674173822784123
365,y,40,7,-5,0.740343033429567
366,x,3,1,-1,-0.0518351703356667
366,x,4,2,0,-0.909126988598744
366,x,9,4,0,-0.49149807912702
366,x,10,3,3,-1.68591686016927
366,x,11,3,-3,-0.357564896892802
366,x,15,5,-1,-1.36974870451684
366,x,19,5,3,-0.910783352476886
366,x,20,5,-3,-0.0664855963035794
366,x,22,6,-2,0.914941717412808
366,x,29,6,-4,1.30808443003999
366,x,31,7,-3,-0.380983956333714
366,y,2,1,1,2.30239172757258
366,y,5,2,2,-1.12838389563032
366,y,9,4,0,-0.791575753617952
366,y,13,4,-2,-0.723380157947633
366,y,14,5,1,0.491883253195327
366,y,17,4,4,0.970725561240596
366,y,19,5,3,-0.622168097546037
366,y,23,7,1,0.208219249916808
366,y,24,7,-1,0.442182818930555
366,y,26,5,5,-0.465360988813112
366,y,28,6,4,0.332601944164383
366,y,29,6,-4,0.591296576949268
366,y,31,7,-3,0.412064651550957
366,y,38,6,-6,0.396278190839446
366,y,51,7,-7,-0.00923334864603476
367,x,4,2,0,0.853390610960037
367,x,6,2,-2,-0.42844171015816
367,x,8,3,-1,-1.57549302412427
367,x,12,4,2,-1.37281427628716
367,x,14,5,1,-0.193428810410437
367,x,16,6,0,-0.796221360458173
367,x,19,5,3,-0.313785270172348
367,x,21,6,2,0.914811007504954
367,x,26,5,5,1.14235859810657
367,x,37,6,6,0.934110865860063
367,x,39,7,5,-0.0296331660505997
367,y,2,1,1,0.1122276393901
367,y,3,1,-1,0.462102229114977
367,y,4,2,0,1.83740762068664
367,y,8,3,-1,0.589579513889694
367,y,9,4,0,-0.244399847739844
367,y,11,3,-3,-0.884818745300585
367,y,12,4,2,0.821571208751295
367,y,14,5,1,-0.18697820762116
367,y,15,5,-1,1.0025726954046
367,y,16,6,0,0.12093831140749
367,y,17,4,4,-0.633591301025404
367,y,19,5,3,-0.556285301038106
367,y,20,5,-3,-0.00792392133533988
367,y,24,7,-1,0.189758463727798
367,y,26,5,5,0.523236530372074
367,y,27,5,-5,-0.765706812991751
367,y,28,6,4,-0.695073142671825
367,y,38,6,-6,0.633414536446375
367,y,39,7,5,-0.854089421639426
367,y,50,7,7,0.319219400150612
368,x,2,1,1,-0.733405278407835
368,x,5,2,2,0.688998629690156
368,x,8,3,-1,-1.4810560275014
368,x,9,4,0,0.269104691018063
368,x,13,4,-2,1.41971227588925
368,x,15,5,-1,-0.450810799582323
368,x,16,6,0,-0.737858178437174
368,x,17,4,4,-1.12757724556621
368,x,18,4,-4,-0.174474821296118
368,x,20,5,-3,-0.278142083179029
368,x,21,6,2,0.135119536930478
368,x,23,7,1,0.492918470999317
368,x,26,5,5,-0.074432838188509
368,x,27,5,-5,-1.44491132838337
368,x,30,7,3,-1.04168146188423
368,x,38,6,-6,-0.774299798671333
368,x,39,7,5,0.30984749479275
368,y,1,0,0,-1.51438393555812
368,y,6,2,-2,-0.349377683902417
368,y,7,3,1,-2.6250763022328
368,y,8,3,-1,0.878782151597038
368,y,9,4,0,0.157865916109901
368,y,10,3,3,0.0237526951625925
368,y,13,4,-2,0.589099190826479
368,y,15,5,-1,0.782956571331835
368,y,17,4,4,-0.151739593999354
368,y,18,4,-4,-0.315642489375106
368,y,19,5,3,0.178709662959878
368,y,21,6,2,0.127909139230841
368,y,24,7,-1,-0.203650658812597
368,y,28,6,4,-0.575562447085602
368,y,29,6,-4,-0.751720219833542
368,y,31,7,-3,0.484472015627627
368,y,40,7,-5,-0.446579049359361
368,y,51,7,-7,0.345211608429698
369,x,2,1,1,-0.795716759282475
369,x,4,2,0,-1.89066498993842
369,x,9,4,0,0.387653431103418
369,x,10,3,3,-0.492943684312848
369,x,13,4,-2,-0.834060595978014
369,x,14,5,1,-0.140960502953859
369,x,15,5,-1,1.11536728061748
369,x,17,4,4,0.797581250032512
369,x,19,5,3,0.192259955818374
369,x,21,6,2,0.0207587991272625
369,x,26,5,5,0.0191777150797627
369,x,28,6,4,0.276017907369315
369,x,29,6,-4,0.0802668870594699
369,x,31,7,-3,-0.459530267679179
369,x,40,7,-5,-0.732609745381893
369,x,50,7,7,-0.652360680768393
369,y,10,3,3,1.19155183381727
369,y,12,4,2,-0.947643333241371
369,y,14,5,1,-0.853265270256892
369,y,15,5,-1,2.00233077490391
369,y,17,4,4,0.862266038247045
369,y,18,4,-4,0.325722522515752
369,y,21,6,2,-0.308488148705369
369,y,22,6,-2,0.49948623050326
369,y,23,7,1,-1.71702705956156
369,y,38,6,-6,2.34109071282348
370,x,2,1,1,-1.74103274817564
370,x,5,2,2,0.640608185814636
370,x,6,2,-2,-1.55117461295414
370,x,8,3,-1,-0.919816927715735
370,x,9,4,0,-0.433974292343884
370,x,10,3,3,0.363131035725102
370,x,11,3,-3,1.93994858107314
370,x,15,5,-1,0.0256616565929225
370,x,21,6,2,0.125718206194803
370,x,23,7,1,0.0472464532896561
370,x,31,7,-3,1.15466591380716
370,x,50,7,7,0.0561505728995929
370,y,5,2,2,-0.898515458343645
370,y,11,3,-3,-1.583686742132
370,y,15,5,-1,-0.218139263169563
370,y,16,6,0,-0.547556085849492
370,y,21,6,2,2.01464632190304
370,y,23,7,1,0.449275989485497
370,y,26,5,5,-0.54190069478075
370,y,28,6,4,1.0394644117902
370,y,29,6,-4,-0.513661606817043
370,y,30,7,3,-0.339230177542026
370,y,37,6,6,1.01535075964842
370,y,38,6,-6,0.263063907284411
370,y,40,7,-5,0.231333404863371
370,y,50,7,7,0.13798224079828
371,x,2,1,1,-2.75397319677191
371,x,3,1,-1,-1.94160724713325
371,x,7,3,1,-0.0759462129979737
371,x,8,3,-1,1.40508366232565
371,x,12,4,2,0.49097119583042
371,x,19,5,3,0.964974512739515
371,x,24,7,-1,0.169917449763701
371,x,26,5,5,-1.12162965194274
371,x,28,6,4,-0.162990020763947
371,x,30,7,3,-0.73129410520937
371,x,31,7,-3,0.64166342434567
371,y,3,1,-1,-1.33651857747539
371,y,7,3,1,0.654955664753004
371,y,10,3,3,-0.709935774547284
371,y,11,3,-3,-1.23822168837369
371,y,12,4,2,0.217325002003059
371,y,14,5,1,0.328859835101253
371,y,15,5,-1,-0.662430440789085
371,y,18,4,-4,-0.716291712840155
371,y,19,5,3,0.179963034158878
371,y,20,5,-3,0.748231325963272
371,y,21,6,2,0.235671179132418
371,y,22,6,-2,0.263899632901636
371,y,23,7,1,-0.784782813866193
371,y,24,7,-1,-0.266856562234752
371,y,26,5,5,0.568633549783397
371,y,27,5,-5,0.0438140693730303
371,y,37,6,6,-1.28208377083526
371,y,38,6,-6,-0.452095358335982
371,y,39,7,5,0.285072276352836
371,y,51,7,-7,-0.309222134116303
372,x,1,0,0,-0.116465325296122
372,x,3,1,-1,-0.325862657320204
372,x,4,2,0,0.00123634596871661
372,x,6,2,-2,2.29876886401319
372,x,11,3,-3,0.0459657427626959
372,x,16,6,0,-0.0704459644478292
372,x,22,6,-2,-0.503821480208483
372,x,23,7,1,0.166627317343992
372,x,24,7,-1,-0.494856021666914
372,x,27,5,-5,-1.11658542229732
372,y,1,0,0,-3.17183156619452
372,y,10,3,3,-1.62243153526967
372,y,12,4,2,-0.0908614006234213
372,y,14,5,1,0.81644058698256
372,y,19,5,3,0.674643882025525
372,y,22,6,-2,0.135664906221746
372,y,24,7,-1,0.0820254838764908
372,y,26,5,5,-0.506864815040556
372,y,29,6,-4,-0.188711384132462
372,y,31,7,-3,0.0369724640801041
372,y,38,6,-6,0.201311229871692
372,y,39,7,5,0.123435733099548
372,y,50,7,7,0.221279349870062
372,y,51,7,-7,-0.272348392683606
373,x,3,1,-1,-1.90631853430418
373,x,4,2,0,-0.960217265938144
373,x,6,2,-2,-0.0888245590157709
373,x,10,3,3,-1.25672966462973
373,x,17,4,4,0.133271419432387
373,x,27,5,-5,-0.642548527423135
373,x,28,6,4,-0.273245167437098
373,x,30,7,3,-0.801448386753513
373,x,40,7,-5,0.0560340476129761
373,x,50,7,7,1.1790093228407
373,y,1,0,0,2.56142225685951
373,y,2,1,1,-1.98803726524004
373,y,3,1,-1,-1.45219162217005
373,y,5,2,2,0.839003739894582
373,y,6,2,-2,-0.403886396549804
373,y,9,4,0,0.255478233326497
373,y,10,3,3,0.472660026740474
373,y,12,4,2,0.344363684101887
373,y,13,4,-2,-1.46796294363775
373,y,16,6,0,0.0562776557936347
373,y,22,6,-2,0.206267572904182
373,y,23,7,1,0.628796223271809
373,y,26,5,5,-0.134912925020102
373,y,28,6,4,-0.600003379588655
373,y,31,7,-3,-0.0639289453946957
373,y,37,6,6,0.322051528123858
373,y,39,7,5,0.210393804977411
373,y,40,7,-5,0.856521864638844
373,y,50,7,7,-0.309644216087716
374,x,3,1,-1,-1.46329214129571
374,x,6,2,-2,4.53839939085215
374,x,9,4,0,-0.165766229235568
374,x,10,3,3,-0.401439694962559
374,x,12,4,2,-0.169993533137445
374,x,13,4,-2,-0.0300425231605664
374,x,14,5,1,0.57473099017001
374,x,16,6,0,0.223928543622853
374,x,18,4,-4,0.863392734510229
374,x,20,5,-3,1.42078865396108
374,x,21,6,2,0.137484500334312
374,x,22,6,-2,-0.181597781305079
374,x,26,5,5,-0.167348280290754
374,x,28,6,4,-0.843228611325064
374,x,30,7,3,-0.014594574044902
374,x,40,7,-5,0.428827371335661
374,x,50,7,7,0.21546992932758
374,x,51,7,-7,-0.119092612757646
374,y,1,0,0,1.49231955294844
374,y,7,3,1,-1.91735397742888
374,y,9,4,0,0.038252583146035
374,y,11,3,-3,0.923937288613995
374,y,13,4,-2,1.0999451725008
374,y,14,5,1,-1.47621261830175
374,y,17,4,4,-0.305580429527167
374,y,18,4,-4,0.677187519014477
374,y,21,6,2,0.529592430385357
374,y,24,7,-1,0.429130826512157
374,y,29,6,-4,0.0383912564123214
374,y,40,7,-5,-0.589764509151894
374,y,51,7,-7,0.796276353012163
375,x,4,2,0,-1.59003938434735
375,x,5,2,2,0.234267244275676
375,x,10,3,3,-0.082574403659417
375,x,11,3,-3,0.816361652990031
375,x,13,4,-2,-0.355731287284742
375,x,14,5,1,-1.20544139137628
375,x,16,6,0,0.476046445692015
375,x,19,5,3,0.727867650922068
375,x,20,5,-3,-0.0672409577514011
375,x,23,7,1,-0.267860534905864
375,x,26,5,5,-1.02314780350245
375,x,27,5,-5,0.299638047575366
375,x,29,6,-4,0.364216938873116
375,x,38,6,-6,0.0564095325382231
375,x,50,7,7,0.0483947258875183
375,y,8,3,-1,1.34386427502913
375,y,10,3,3,-0.0936000449004733
375,y,11,3,-3,0.966605000671986
375,y,12,4,2,-1.48700533688127
375,y,15,5,-1,1.25503050810873
375,y,16,6,0,0.128134931142313
375,y,19,5,3,0.902081808490302
375,y,22,6,-2,-0.283776974643389
375,y,24,7,-1,-0.206699091272914
375,y,27,5,-5,0.515759094611295
375,y,31,7,-3,-0.306205410428052
375,y,37,6,6,-1.85796931655531
375,y,39,7,5,-0.302792635396033
375,y,50,7,7,-0.543698070990936
376,x,3,1,-1,-2.22506465395087
376,x,6,2,-2,1.48811895482008
376,x,8,3,-1,-0.922816893329425
376,x,9,4,0,0.209582140753092
376,x,11,3,-3,0.888513384346438
376,x,12,4,2,1.34749413941975
376,x,15,5,-1,-0.553042600429269
376,x,16,6,0,-1.05237456237058
376,x,21,6,2,0.185511635273332
376,x,26,5,5,1.28600685505479
376,x,27,5,-5,-0.308280842065804
376,x,30,7,3,-0.233881519836824
376,x,38,6,-6,-0.00507272860764216
376,y,1,0,0,2.98047600733135
376,y,3,1,-1,-0.380057096090491
376,y,4,2,0,-0.26290563361076
376,y,5,2,2,-0.909473342161415
376,y,6,2,-2,0.120383538483107
376,y,13,4,-2,-0.171572859179552
376,y,15,5,-1,-0.386820525908322
376,y,16,6,0,-0.183950403802783
376,y,20,5,-3,-0.956060746185365
376,y,38,6,-6,0.195058999636686
376,y,39,7,5,0.447672549744483
377,x,4,2,0,0.819339539199216
377,x,7,3,1,0.884051003503189
377,x,8,3,-1,0.627455804192385
377,x,11,3,-3,0.733914931503912
377,x,17,4,4,1.91527025436879
377,x,19,5,3,0.52005696062408
377,x,20,5,-3,-1.16722693603054
377,x,21,6,2,0.0829630422715331
377,x,22,6,-2,-0.208328046122983
377,x,23,7,1,-0.059524753148003
377,x,26,5,5,0.352384721641819
377,x,27,5,-5,-0.669226868803454
377,x,37,6,6,0.249192337391579
377,x,38,6,-6,0.24488963465263
377,x,39,7,5,-0.226730763867524
377,x,40,7,-5,-0.83456776081233
377,y,4,2,0,-0.149043180406131
377,y,5,2,2,2.31796993682612
377,y,11,3,-3,0.39708580188456
377,y,12,4,2,-0.770642040741744
377,y,16,6,0,0.442345937768232
377,y,18,4,-4,-0.518578873568964
377,y,21,6,2,0.0434671751950673
377,y,24,7,-1,-0.475549810111314
377,y,31,7,-3,-0.0861051360101293
377,y,38,6,-6,-0.452634061199818
377,y,51,7,-7,-0.367787438322836
378,x,1,0,0,0.939081053433987
378,x,2,1,1,-0.203404569999051
378,x,6,2,-2,0.081334552717299
378,x,11,3,-3,-0.540095536531559
378,x,13,4,-2,0.0250700415920096
378,x,14,5,1,0.214743415950945
378,x,15,5,-1,0.157234904475639
378,x,16,6,0,0.392545308676464
378,x,22,6,-2,0.638961948537584
378,x,26,5,5,-0.140021982813389
378,x,27,5,-5,0.368758710233775
378,x,30,7,3,-0.406491483601543
378,x,31,7,-3,0.594847804202826
378,x,38,6,-6,0.164247875677296
378,x,39,7,5,0.193857944880177
378,y,4,2,0,-3.84450554366522
378,y,8,3,-1,0.220729590561393
378,y,11,3,-3,-0.381315820003311
378,y,12,4,2,-0.702144843468042
378,y,13,4,-2,-1.04903822889808
378,y,15,5,-1,0.477386309349493
378,y,16,6,0,-0.378734973936527
378,y,18,4,-4,0.437275744565753
378,y,19,5,3,0.291409765990786
378,y,22,6,-2,-0.878747551331897
378,y,26,5,5,0.576543219304328
378,y,27,5,-5,-0.414216200778837
378,y,30,7,3,0.577001233933088
378,y,38,6,-6,-0.104383814977608
378,y,39,7,5,0.488121489117464
378,y,40,7,-5,-0.334184208994355
378,y,50,7,7,-0.46124379326627
379,x,1,0,0,-2.9492489182552
379,x,3,1,-1,-0.745557501098334
379,x,5,2,2,-0.491397554797479
379,x,8,3,-1,-1.83037522342159
379,x,9,4,0,1.69357819109587
379,x,10,3,3,-2.30684563206365
379,x,11,3,-3,0.471187556713869
379,x,15,5,-1,0.122186865149273
379,x,17,4,4,0.797933590960426
379,x,19,5,3,0.8727721918324
379,x,20,5,-3,-0.0488832792981616
379,x,21,6,2,-0.625693209267101
379,x,26,5,5,0.0688903113324161
379,x,27,5,-5,0.047197670525093
379,x,30,7,3,0.208211060569677
379,x,31,7,-3,0.0504884373488128
379,x,39,7,5,0.0942303091079044
379,x,51,7,-7,0.0183673602489461
379,y,1,0,0,3.70898076405185
379,y,2,1,1,-2.63834725278445
379,y,3,1,-1,-2.48395976829854
379,y,4,2,0,0.829007791013615
379,y,5,2,2,-1.30003677490586
379,y,6,2,-2,2.61465778513328
379,y,7,3,1,0.0683627481827205
379,y,8,3,-1,0.0702002545326207
379,y,10,3,3,-1.63095200224249
379,y,12,4,2,-0.407490422537081
379,y,13,4,-2,-0.819474286166858
379,y,15,5,-1,-0.794881487232722
379,y,17,4,4,-0.867201032688047
379,y,20,5,-3,-0.374832340033932
379,y,23,7,1,0.551017036982413
379,y,24,7,-1,0.298445285328951
379,y,30,7,3,-0.14878827345469
379,y,37,6,6,0.789701931078677
379,y,50,7,7,0.330346781709642
380,x,1,0,0,1.29897062013465
380,x,5,2,2,1.30582550076871
380,x,6,2,-2,-1.72845479060595
380,x,8,3,-1,-0.687801229318314
380,x,10,3,3,-0.473774593356288
380,x,15,5,-1,-0.448704516675902
380,x,18,4,-4,0.148367967820666
380,x,20,5,-3,0.866825652378287
380,x,26,5,5,-0.180813470115763
380,x,27,5,-5,-0.122017439479855
380,x,30,7,3,-0.163248145395531
380,x,38,6,-6,0.134774130699603
380,x,39,7,5,-0.291775496002408
380,y,2,1,1,0.913454951745319
380,y,3,1,-1,2.06828248886566
380,y,4,2,0,0.780060634913036
380,y,8,3,-1,-0.899553547092433
380,y,10,3,3,-0.755226863802205
380,y,12,4,2,0.0308985931181982
380,y,13,4,-2,-1.23746103947966
380,y,14,5,1,0.433912866822804
380,y,17,4,4,0.477037207572404
380,y,18,4,-4,0.62431873501637
380,y,20,5,-3,0.180670003731526
380,y,21,6,2,0.160485720640475
380,y,22,6,-2,0.122711363088328
380,y,37,6,6,0.382085036069693
381,x,5,2,2,2.51723227386607
381,x,6,2,-2,0.293964034860182
381,x,8,3,-1,0.415992046909141
381,x,12,4,2,-0.0548853064959779
381,x,13,4,-2,0.612537483430171
381,x,15,5,-1,0.593313301105255
381,x,24,7,-1,0.179635017101486
381,x,27,5,-5,0.389733376366213
381,x,31,7,-3,-0.0370874886765375
381,x,38,6,-6,-0.334476342877469
381,x,39,7,5,-0.419109429480166
381,x,50,7,7,-0.0760598911700904
381,y,3,1,-1,-0.627361299306123
381,y,4,2,0,0.592702035683065
381,y,5,2,2,0.34028031353014
381,y,6,2,-2,-2.83449414191145
381,y,9,4,0,0.201624687033056
381,y,10,3,3,1.14244521997562
381,y,11,3,-3,-0.349119034814746
381,y,16,6,0,-0.231949325987301
381,y,18,4,-4,1.44554755329842
381,y,20,5,-3,0.180807632483197
381,y,22,6,-2,0.309848319354992
381,y,23,7,1,0.191329660248416
381,y,27,5,-5,-1.19308062226478
381,y,29,6,-4,0.527837339581746
381,y,30,7,3,0.316279523532074
381,y,39,7,5,-0.65843845069727
381,y,50,7,7,0.688830607175521
382,x,1,0,0,0.00349540667570963
382,x,3,1,-1,1.35904092250019
382,x,4,2,0,-1.20769869106207
382,x,5,2,2,0.31615856070153
382,x,8,3,-1,-1.26286782434838
382,x,10,3,3,-1.26093430320861
382,x,14,5,1,-0.478379411292688
382,x,19,5,3,-0.0477996156917342
382,x,20,5,-3,-0.0620184925161484
382,x,23,7,1,-0.364511527140731
382,x,26,5,5,0.558699200096162
382,x,27,5,-5,-0.312240414512003
382,x,29,6,-4,0.420095789786483
382,x,31,7,-3,0.596093904901434
382,x,40,7,-5,0.0217986923031964
382,x,50,7,7,0.379123240284986
382,x,51,7,-7,-0.42827389157642
382,y,1,0,0,0.16112024221785
382,y,5,2,2,0.123066952324048
382,y,6,2,-2,1.41529306790517
382,y,7,3,1,1.69890122742136
382,y,8,3,-1,-1.36046432856749
382,y,11,3,-3,-0.661656079930511
382,y,12,4,2,-1.05715147272911
382,y,18,4,-4,-1.1719583018103
382,y,22,6,-2,-0.19795223105962
382,y,23,7,1,-0.162607670032607
382,y,24,7,-1,0.252895265142067
382,y,26,5,5,1.02832322074591
382,y,30,7,3,-0.206202911631835
382,y,40,7,-5,-0.130580442557807
382,y,50,7,7,0.379889580357381
383,x,1,0,0,3.12194163365848
383,x,7,3,1,-1.03769810478731
383,x,8,3,-1,2.23205671394774
383,x,9,4,0,1.23353289163257
383,x,16,6,0,-0.546253159464781
383,x,18,4,-4,0.456890896014724
383,x,23,7,1,-0.670209294656559
383,x,24,7,-1,-0.798635297954079
383,x,26,5,5,-0.225530821033209
383,x,28,6,4,0.23739271427074
383,x,38,6,-6,-0.401379260674714
383,x,39,7,5,0.464101034880094
383,x,50,7,7,-0.0597820185609369
383,y,2,1,1,-0.885838475674375
383,y,9,4,0,0.229106660910336
383,y,12,4,2,0.28891598907266
383,y,13,4,-2,0.754613320650223
383,y,15,5,-1,-1.54689376168454
383,y,16,6,0,-0.191159794787423
383,y,18,4,-4,-0.0387272900491836
383,y,19,5,3,0.158121903018676
383,y,20,5,-3,2.66882694091158
383,y,24,7,-1,0.664551354664235
383,y,29,6,-4,0.406410816790284
383,y,30,7,3,-0.256047064739937
384,x,5,2,2,1.07022639895573
384,x,8,3,-1,-0.738555347229158
384,x,9,4,0,-0.832222793881455
384,x,11,3,-3,-0.976889071791115
384,x,17,4,4,-0.651728856719026
384,x,18,4,-4,1.14111329076238
384,x,26,5,5,0.941109466843277
384,x,29,6,-4,-0.976955651168452
384,x,31,7,-3,-0.342607437555311
384,x,37,6,6,-0.975871595259931
384,x,38,6,-6,-0.214357033086698
384,x,51,7,-7,1.51467998300955
384,y,1,0,0,4.83313923856872
384,y,4,2,0,-1.00664711852699
384,y,5,2,2,-0.538144594710675
384,y,9,4,0,-0.935218638109476
384,y,12,4,2,-0.973216814338194
384,y,13,4,-2,-0.205033728548503
384,y,18,4,-4,-0.0400631823339658
384,y,19,5,3,0.0081131990800847
384,y,20,5,-3,0.0648119946709105
384,y,23,7,1,-0.220844244225826
384,y,26,5,5,-0.0579826627739425
384,y,29,6,-4,0.78125576234844
384,y,31,7,-3,0.281333676255219
384,y,39,7,5,-0.232310781188617
384,y,50,7,7,0.167096431824614
385,x,1,0,0,0.055817729682557
385,x,2,1,1,-1.40208261818712
385,x,3,1,-1,-2.6104728225658
385,x,4,2,0,1.64361812721123
385,x,5,2,2,-0.191007016318073
385,x,7,3,1,1.91051130997487
385,x,12,4,2,0.191337904817473
385,x,13,4,-2,-0.499577964800878
385,x,15,5,-1,-0.384338395680899
385,x,17,4,4,-1.36396586206283
385,x,18,4,-4,0.555465203645356
385,x,19,5,3,-0.0881784700440537
385,x,22,6,-2,-0.346030614321401
385,x,27,5,-5,1.00204690677905
385,x,29,6,-4,-0.700263727138708
385,x,38,6,-6,0.454692153379699
385,x,40,7,-5,-0.425856074284363
385,x,51,7,-7,-0.12942579830112
385,y,2,1,1,-4.08859064373517
385,y,3,1,-1,-0.593080815366166
385,y,4,2,0,-1.15148750809267
385,y,6,2,-2,-0.778327299010756
385,y,7,3,1,0.34581304640595
385,y,10,3,3,-1.49286948670445
385,y,13,4,-2,0.505940316592752
385,y,17,4,4,0.448773619215136
385,y,24,7,-1,0.127532468585505
385,y,26,5,5,1.0455048838319
385,y,27,5,-5,-0.646992141803429
385,y,31,7,-3,0.502317796595564
385,y,38,6,-6,0.462225472125293
385,y,51,7,-7,0.543941907070692
386,x,2,1,1,-1.95754047479156
386,x,3,1,-1,1.17614417845457
386,x,5,2,2,0.570230152595818
386,x,7,3,1,0.766590662307144
386,x,11,3,-3,0.120883036007454
386,x,12,4,2,-0.755542303588533
386,x,18,4,-4,-0.497765249294708
386,x,27,5,-5,1.18835634838967
386,x,40,7,-5,-0.814614093318979
386,x,50,7,7,-0.106262018129268
386,y,1,0,0,5.44134704763021
386,y,4,2,0,0.422992001205314
386,y,7,3,1,-0.192038435325923
386,y,8,3,-1,-0.218412522401583
386,y,11,3,-3,0.572665974569523
386,y,12,4,2,1.15466843742488
386,y,19,5,3,0.087477806335338
386,y,21,6,2,-0.424927454146987
386,y,23,7,1,-0.778927834459796
386,y,24,7,-1,0.320288013865894
386,y,28,6,4,-0.116655386782684
386,y,37,6,6,0.468475201234905
387,x,1,0,0,2.50932805496395
387,x,4,2,0,0.86544829135926
387,x,5,2,2,0.364193482456758
387,x,9,4,0,0.57147247005425
387,x,11,3,-3,-0.796049543747169
387,x,14,5,1,-1.04608693003628
387,x,15,5,-1,-0.733445327632818
387,x,16,6,0,-0.565828725177237
387,x,19,5,3,-0.514908577075736
387,x,26,5,5,0.0832273656356878
387,x,30,7,3,0.193253139382417
387,y,2,1,1,4.85908454686808
387,y,3,1,-1,-3.56455752183652
387,y,6,2,-2,-0.152321066362485
387,y,10,3,3,0.0647802174353977
387,y,12,4,2,-0.572876177014761
387,y,13,4,-2,0.227678966935706
387,y,17,4,4,1.45493725400561
387,y,24,7,-1,-0.359407813543301
387,y,27,5,-5,-0.935865505897063
387,y,50,7,7,-0.538678729180329
387,y,51,7,-7,0.536265290972678
388,x,1,0,0,-7.64235874279362
388,x,2,1,1,-2.13948102686212
388,x,3,1,-1,0.527440067441343
388,x,4,2,0,-0.817294377249807
388,x,5,2,2,0.643733377319834
388,x,7,3,1,0.276686246593683
388,x,8,3,-1,0.311752627163068
388,x,9,4,0,-0.670442253318671
388,x,12,4,2,0.160829565956049
388,x,13,4,-2,0.194010201101562
388,x,17,4,4,0.527454309137728
388,x,20,5,-3,0.080453938936408
388,x,21,6,2,0.583208346644111
388,x,22,6,-2,0.265261864129968
388,x,23,7,1,0.201061662970624
388,x,24,7,-1,0.00473032914090789
388,x,29,6,-4,-0.533322494493981
388,x,31,7,-3,-0.208833755621331
388,x,38,6,-6,0.477770232028803
388,y,4,2,0,-0.952666075147498
388,y,5,2,2,-0.660578661443039
388,y,6,2,-2,0.897916599239495
388,y,7,3,1,-0.178253533415685
388,y,10,3,3,0.534741161183526
388,y,13,4,-2,-1.31273096353961
388,y,15,5,-1,-0.125114901465933
388,y,16,6,0,-0.3555712787559
388,y,17,4,4,0.871156186712162
388,y,20,5,-3,-0.421927932088156
388,y,21,6,2,0.943731809141575
388,y,22,6,-2,-0.511772801160088
388,y,24,7,-1,-0.823963759237647
388,y,26,5,5,-0.152745130250956
388,y,27,5,-5,0.227077708464454
388,y,29,6,-4,-0.148991754039643
388,y,38,6,-6,0.594374276278418
388,y,40,7,-5,0.0934839595266482
389,x,3,1,-1,8.10877625315341
389,x,8,3,-1,0.200000973121522
389,x,9,4,0,0.772024830930615
389,x,11,3,-3,0.108164544359818
389,x,12,4,2,0.0746485655928868
389,x,13,4,-2,0.0572217794783829
389,x,14,5,1,-0.235108181774381
389,x,15,5,-1,1.51410028787141
389,x,16,6,0,-0.669207680073596
389,x,17,4,4,-0.933228401742232
389,x,19,5,3,0.0446164155103663
389,x,20,5,-3,0.989449657880881
389,x,21,6,2,-1.22258293422699
389,x,28,6,4,0.655052716250081
389,x,29,6,-4,-0.756800415861968
389,x,37,6,6,0.470667774902517
389,x,38,6,-6,0.291895584971587
389,x,50,7,7,0.330039984930513
389,x,51,7,-7,0.348435422813761
389,y,1,0,0,-2.8534618850686
389,y,2,1,1,1.76609730332786
389,y,4,2,0,-0.735029634620141
389,y,5,2,2,-1.23523037457148
389,y,6,2,-2,-0.395958062134233
389,y,9,4,0,-0.149829786431459
389,y,15,5,-1,-0.403021573854329
389,y,16,6,0,-0.973538473769682
389,y,19,5,3,0.357327462256335
389,y,20,5,-3,-0.174250591508167
389,y,22,6,-2,-0.329349940247009
389,y,24,7,-1,0.234597622685101
389,y,37,6,6,-0.0411414688568116
389,y,51,7,-7,-0.157306445622135
390,x,3,1,-1,-1.24342375976795
390,x,6,2,-2,0.832966137310712
390,x,9,4,0,0.184432468027728
390,x,10,3,3,0.50230505079539
390,x,12,4,2,-0.076918580450393
390,x,13,4,-2,-0.179212879157222
390,x,14,5,1,-1.23862738552967
390,x,18,4,-4,-0.0441056326327711
390,x,19,5,3,-1.12871842087051
390,x,23,7,1,-0.713759602270406
390,x,24,7,-1,-0.928383643017757
390,x,27,5,-5,-0.176315239519053
390,x,28,6,4,-0.943283513124689
390,x,29,6,-4,-1.22119982944025
390,x,30,7,3,-0.803860502065198
390,x,37,6,6,0.810307997212577
390,x,38,6,-6,-0.180252343513291
390,x,40,7,-5,0.692154312268678
390,x,50,7,7,0.766962642788876
390,y,5,2,2,-2.68650637955527
390,y,7,3,1,2.21614358051536
390,y,8,3,-1,0.473435456027995
390,y,10,3,3,0.262501450006435
390,y,11,3,-3,-1.02523662885492
390,y,12,4,2,0.401242186406616
390,y,15,5,-1,-1.59131229081806
390,y,17,4,4,0.301255022333975
390,y,18,4,-4,0.326177272063762
390,y,19,5,3,0.559777815957473
390,y,22,6,-2,0.606539979163352
390,y,26,5,5,0.510715463831445
390,y,27,5,-5,0.471146711627245
390,y,28,6,4,0.157829239045512
390,y,31,7,-3,0.0312189861263856
390,y,37,6,6,0.401320066634941
390,y,38,6,-6,-1.06486317171873
390,y,40,7,-5,-0.357715115725461
391,x,1,0,0,-3.39570419912866
391,x,2,1,1,3.25122842531226
391,x,8,3,-1,-0.5147935379077
391,x,9,4,0,0.681809060310586
391,x,10,3,3,-0.628341241239727
391,x,11,3,-3,-0.247991699435263
391,x,12,4,2,-0.294542086872769
391,x,13,4,-2,0.212546109843373
391,x,14,5,1,0.500872226281387
391,x,17,4,4,1.05447782367314
391,x,18,4,-4,0.127393343532613
391,x,20,5,-3,0.190361069969976
391,x,21,6,2,-0.383582247949007
391,x,24,7,-1,0.106945398646167
391,x,26,5,5,0.158059722978136
391,x,29,6,-4,-0.204381903130322
391,x,30,7,3,-0.439088708985124
391,x,38,6,-6,-0.0893962899096975
391,x,40,7,-5,0.356738444310013
391,x,50,7,7,-0.176335482114878
391,y,4,2,0,3.77850713869906
391,y,9,4,0,0.0440343722416486
391,y,13,4,-2,0.0506161555531121
391,y,14,5,1,1.15006276027057
391,y,16,6,0,0.0560990048762687
391,y,18,4,-4,0.0748947812328469
391,y,21,6,2,-0.137022602066779
391,y,22,6,-2,-0.023624039260733
391,y,23,7,1,-0.0794052084224838
391,y,24,7,-1,0.00477402514062236
391,y,26,5,5,-0.6770199509234
391,y,28,6,4,1.12540786788706
391,y,29,6,-4,-0.29454374879604
391,y,31,7,-3,0.235671312264766
391,y,37,6,6,0.416304266987313
391,y,40,7,-5,-0.0639524152909473
391,y,50,7,7,-0.198822799503087
391,y,51,7,-7,0.589561674116183
392,x,4,2,0,-1.25252948360219
392,x,6,2,-2,-0.225377584056305
392,x,7,3,1,-0.959168612472749
392,x,8,3,-1,-0.407398786383863
392,x,9,4,0,0.140882814099844
392,x,14,5,1,-0.253336596455771
392,x,15,5,-1,1.26800972570641
392,x,19,5,3,-0.167056180774842
392,x,22,6,-2,0.133561779527758
392,x,23,7,1,0.0104434550974205
392,x,24,7,-1,1.13519587489101
392,x,26,5,5,-0.69861758012528
392,x,37,6,6,1.5340044964446
392,x,51,7,-7,-0.283304604678999
392,y,3,1,-1,3.12622751255811
392,y,8,3,-1,-1.13537689961894
392,y,9,4,0,-0.368164857187333
392,y,14,5,1,0.333430831237943
392,y,15,5,-1,-0.0488473422648784
392,y,27,5,-5,0.436609487740416
392,y,28,6,4,-0.786798689624797
392,y,37,6,6,-0.116874111367538
392,y,38,6,-6,0.0967297367321749
392,y,51,7,-7,0.205523451070113
393,x,2,1,1,-0.421290456913323
393,x,3,1,-1,-0.918492580014197
393,x,4,2,0,-1.45407528476059
393,x,5,2,2,0.148050693646181
393,x,12,4,2,0.644270315450474
393,x,17,4,4,0.108342863825817
393,x,21,6,2,0.240744181662449
393,x,26,5,5,-1.03663329232316
393,x,27,5,-5,1.18902988404648
393,x,39,7,5,0.0999879238593831
393,y,1,0,0,0.567850300832021
393,y,7,3,1,0.527685152339613
393,y,8,3,-1,-1.30932742123616
393,y,11,3,-3,-0.764637840417103
393,y,12,4,2,0.715674028065837
393,y,14,5,1,-0.870602038954487
393,y,16,6,0,0.723159363715325
393,y,17,4,4,-0.576671946644253
393,y,18,4,-4,0.0358425528891311
393,y,21,6,2,0.28718439518884
393,y,23,7,1,0.258787651274708
393,y,26,5,5,-0.175342693463159
393,y,28,6,4,0.972706549763614
393,y,31,7,-3,0.378957031955076
393,y,37,6,6,-0.578700861272825
393,y,39,7,5,-0.570669279652299
393,y,40,7,-5,-0.611102751036774
393,y,50,7,7,-0.143180794835969
394,x,5,2,2,1.77130443424499
394,x,9,4,0,0.450435235331313
394,x,12,4,2,0.917812720871043
394,x,13,4,-2,-0.356710171909291
394,x,14,5,1,-0.339034959557482
394,x,15,5,-1,0.189943888888422
394,x,17,4,4,0.493999800887457
394,x,20,5,-3,1.11441294387771
394,x,21,6,2,-0.865088823083189
394,x,23,7,1,0.536517700202413
394,x,24,7,-1,-0.158123053664512
394,x,26,5,5,-0.162851500443017
394,x,29,6,-4,1.40229586884175
394,x,30,7,3,-0.701213739079022
394,x,37,6,6,-0.727861849424402
394,x,39,7,5,0.171090559435341
394,x,51,7,-7,0.0118372041212724
394,y,1,0,0,-0.694446759148321
394,y,3,1,-1,1.54105600514317
394,y,4,2,0,2.14064528562736
394,y,6,2,-2,-0.287493841092905
394,y,7,3,1,1.49037259678975
394,y,8,3,-1,-1.20089580584205
394,y,10,3,3,1.00334380291132
394,y,12,4,2,-0.361083765635351
394,y,13,4,-2,0.309516257890466
394,y,15,5,-1,-0.257970873592538
394,y,16,6,0,0.783854405031011
394,y,18,4,-4,0.0842319674617911
394,y,19,5,3,-0.490460098755397
394,y,22,6,-2,0.940287430727538
394,y,24,7,-1,-1.02220692606681
394,y,26,5,5,0.101772758821791
394,y,28,6,4,0.588968276379149
394,y,29,6,-4,0.559125443259647
394,y,30,7,3,1.03673460171575
394,y,39,7,5,0.274126792525808
395,x,1,0,0,-5.6206282557102
395,x,3,1,-1,3.78534458158389
395,x,5,2,2,-0.396134373843636
395,x,6,2,-2,-1.38015269574602
395,x,13,4,-2,-0.329246057622029
395,x,19,5,3,-0.925312159177561
395,x,20,5,-3,-1.25105322412597
395,x,22,6,-2,-0.889956622619274
395,x,24,7,-1,-0.433748745442183
395,x,26,5,5,0.843971503284041
395,x,27,5,-5,0.0738053405869781
395,x,28,6,4,-0.22549590875687
395,x,39,7,5,0.00247466701762291
395,x,40,7,-5,-0.645179115965061
395,x,50,7,7,0.314920885268517
395,y,3,1,-1,1.58083176638263
395,y,7,3,1,-0.243360955003114
395,y,8,3,-1,-0.117657441824205
395,y,10,3,3,0.20619475058862
395,y,14,5,1,-0.255361514650568
395,y,19,5,3,1.1152227011369
395,y,20,5,-3,1.48947322611665
395,y,21,6,2,0.934298379452927
395,y,22,6,-2,-0.44366301342374
395,y,38,6,-6,0.0888052745882502
396,x,2,1,1,-5.23775108298342
396,x,3,1,-1,-1.04786988934992
396,x,4,2,0,-0.18202131248861
396,x,9,4,0,0.684594965983287
396,x,10,3,3,2.0192033410272
396,x,11,3,-3,0.660722498406176
396,x,13,4,-2,-0.261103991787864
396,x,14,5,1,0.275371311035596
396,x,15,5,-1,1.6014275860687
396,x,18,4,-4,0.458174580751901
396,x,19,5,3,-0.776163967194251
396,x,20,5,-3,1.0584667395179
396,x,22,6,-2,-0.17253916801588
396,x,28,6,4,0.0815978102419078
396,x,30,7,3,0.659334107358483
396,x,31,7,-3,-0.0147243049049246
396,x,38,6,-6,-0.270281006577549
396,y,10,3,3,1.84354837254687
396,y,12,4,2,1.38215578334276
396,y,13,4,-2,-1.26112876526471
396,y,20,5,-3,0.159682732393497
396,y,21,6,2,1.1432278623083
396,y,23,7,1,-0.356678659711267
396,y,24,7,-1,-0.7448259566833
396,y,26,5,5,0.0510910529944155
396,y,27,5,-5,1.02056508831924
396,y,31,7,-3,-0.359404918110737
396,y,37,6,6,0.981663835274686
396,y,38,6,-6,-0.685651736113837
397,x,1,0,0,0.500438902321643
397,x,3,1,-1,-1.56384499279878
397,x,5,2,2,1.51289548346835
397,x,8,3,-1,0.241720499283167
397,x,11,3,-3,-1.00248490920219
397,x,15,5,-1,-0.10980454627743
397,x,16,6,0,0.542332570168448
397,x,19,5,3,-0.453597619588032
397,x,20,5,-3,0.0898283943039728
397,x,21,6,2,0.0462941334563357
397,x,22,6,-2,-0.201023854596839
397,x,26,5,5,-0.179964046611114
397,x,28,6,4,-0.271761696016592
397,x,30,7,3,-0.000885319763334858
397,x,31,7,-3,0.662073647178232
397,x,38,6,-6,-0.292300094879855
397,x,40,7,-5,0.63044444993274
397,x,50,7,7,0.543573935847489
397,x,51,7,-7,0.504991949010679
397,y,1,0,0,-4.16198749271394
397,y,3,1,-1,-3.32313996029269
397,y,6,2,-2,-1.42686893832767
397,y,10,3,3,-0.298498648348991
397,y,12,4,2,-0.979050637525698
397,y,14,5,1,0.89778065966741
397,y,15,5,-1,-1.10230063873463
397,y,20,5,-3,0.069508365653849
397,y,21,6,2,-0.395399107029016
397,y,22,6,-2,-0.406850507099901
397,y,24,7,-1,0.137449794340524
397,y,27,5,-5,0.220114563061734
397,y,37,6,6,0.177097879302668
397,y,38,6,-6,-0.488474938219316
397,y,51,7,-7,-0.185532581268185
398,x,6,2,-2,1.47661531882232
398,x,7,3,1,0.88773978277105
398,x,10,3,3,-0.301788080956648
398,x,11,3,-3,1.22682022477633
398,x,12,4,2,0.218188942833724
398,x,13,4,-2,-0.660911572140457
398,x,19,5,3,1.35177967201478
398,x,23,7,1,0.501359225089077
398,x,24,7,-1,-0.189694877618865
398,x,27,5,-5,-0.777058880246367
398,x,28,6,4,-0.153729999485327
398,x,30,7,3,-1.32193845050843
398,x,37,6,6,-0.0965648881670537
398,x,51,7,-7,1.09273853877899
398,y,2,1,1,2.77010593996929
398,y,3,1,-1,1.86928368106085
398,y,4,2,0,1.09181798807452
398,y,6,2,-2,-2.59645653560016
398,y,12,4,2,0.195333693172711
398,y,13,4,-2,1.05569437634843
398,y,17,4,4,0.332032660617595
398,y,18,4,-4,-0.892674449846028
398,y,27,5,-5,-0.439476512128425
398,y,31,7,-3,-0.564594516697022
398,y,37,6,6,0.321976896480345
399,x,1,0,0,-1.46427485028395
399,x,4,2,0,-0.0226237801621631
399,x,6,2,-2,-0.514435947393523
399,x,7,3,1,0.160403051744535
399,x,12,4,2,0.568620150857895
399,x,13,4,-2,0.902528617209534
399,x,14,5,1,0.11331701666683
399,x,20,5,-3,-0.0529604853423431
399,x,21,6,2,-0.452235814087024
399,x,24,7,-1,0.291212735893725
399,x,26,5,5,0.208058077092747
399,x,29,6,-4,-0.791922127093261
399,x,31,7,-3,-0.594969758989053
399,x,37,6,6,0.791303780638435
399,x,38,6,-6,0.0176795144649504
399,x,50,7,7,0.406743628431249
399,x,51,7,-7,0.420686288924666
399,y,1,0,0,-2.64452120244801
399,y,6,2,-2,-0.0695801405191556
399,y,7,3,1,0.0823247769780439
399,y,9,4,0,0.153728539928256
399,y,12,4,2,1.24264766842536
399,y,14,5,1,-0.389859367884617
399,y,15,5,-1,-0.698256799906172
399,y,19,5,3,-0.800725545847479
399,y,22,6,-2,0.308079879249614
399,y,29,6,-4,0.693865510600923
399,y,31,7,-3,-0.220861359831181
399,y,37,6,6,0.705529328314763
399,y,38,6,-6,0.0533931044426658
399,y,51,7,-7,0.377619261608585
400,x,2,1,1,-1.58665667667022
400,x,3,1,-1,-0.0320277963256606
400,x,5,2,2,1.21767759961056
400,x,6,2,-2,-0.529664046187686
400,x,7,3,1,0.835670753355596
400,x,12,4,2,0.606598741926406
400,x,14,5,1,0.749736400239841
400,x,15,5,-1,-0.09727659090706
400,x,16,6,0,0.29325390371342
400,x,17,4,4,-1.16298748738723
400,x,18,4,-4,0.15657063197304
400,x,21,6,2,0.982544925748476
400,x,24,7,-1,0.271295749034115
400,x,27,5,-5,-0.0126020660877335
400,x,28,6,4,-0.113863120044573
400,x,31,7,-3,-0.231743161666311
400,x,50,7,7,0.255985157673326
400,x,51,7,-7,-0.0509022229661856
400,y,4,2,0,0.816380604695066
400,y,10,3,3,1.22698150265378
400,y,11,3,-3,-0.331238822620523
400,y,12,4,2,-0.250879814461395
400,y,14,5,1,0.0217458760101862
400,y,17,4,4,-1.77692276685793
400,y,19,5,3,-0.794930436279324
400,y,20,5,-3,-0.623531747092054
400,y,21,6,2,-0.251572027228605
400,y,22,6,-2,-1.42131717636156
400,y,24,7,-1,0.0131522393038536
400,y,26,5,5,-0.547540651716266
400,y,37,6,6,0.16012537592227
400,y,39,7,5,-0.521018492564741
400,y,51,7,-7,-0.582245378699599
401,x,1,0,0,-1.58592607752107
401,x,3,1,-1,-0.892116421104455
401,x,8,3,-1,-1.27472292722665
401,x,10,3,3,-0.916308697885313
401,x,14,5,1,-0.299418783819694
401,x,15,5,-1,-0.144916942940547
401,x,16,6,0,-0.0595881306893028
401,x,17,4,4,-1.31751179678275
401,x,18,4,-4,-0.920351909328647
401,x,21,6,2,-0.0392911380996029
401,x,22,6,-2,0.443963157462077
401,x,27,5,-5,0.584843630826695
401,x,31,7,-3,-0.0361791551870244
401,x,38,6,-6,0.312052989945691
401,x,50,7,7,0.405745425969789
401,y,3,1,-1,1.70127622041818
401,y,13,4,-2,0.560345988450289
401,y,16,6,0,-0.442669900520745
401,y,18,4,-4,-0.978093238723349
401,y,20,5,-3,0.851945811190683
401,y,21,6,2,-0.455808301191752
401,y,24,7,-1,-0.540857428085896
401,y,27,5,-5,1.31998731159074
401,y,29,6,-4,0.839174310235669
401,y,39,7,5,-0.534631213706985
402,x,1,0,0,-1.34697717748018
402,x,5,2,2,0.0530651370800096
402,x,9,4,0,1.02885839327224
402,x,11,3,-3,1.44550697974392
402,x,12,4,2,1.13310088237609
402,x,14,5,1,0.328881294119177
402,x,18,4,-4,0.334176654964865
402,x,19,5,3,0.639441900248041
402,x,24,7,-1,0.135664942591322
402,x,26,5,5,-0.482638661635077
402,x,28,6,4,-0.0540912563310744
402,y,2,1,1,-3.83329309392984
402,y,8,3,-1,1.26635406371255
402,y,16,6,0,-0.885519540042802
402,y,20,5,-3,1.13233138232022
402,y,21,6,2,-0.090606452488451
402,y,24,7,-1,0.0382518370755198
402,y,30,7,3,0.181286358869818
402,y,38,6,-6,0.251219545572058
402,y,39,7,5,0.327499777536348
402,y,50,7,7,-0.33286979903589
403,x,9,4,0,0.138907471381172
403,x,10,3,3,1.90702248244423
403,x,14,5,1,1.31066833694904
403,x,15,5,-1,0.899472145620083
403,x,19,5,3,-0.878788881138235
403,x,21,6,2,0.40313408515323
403,x,22,6,-2,-0.246949173238752
403,x,23,7,1,-0.236831050233653
403,x,24,7,-1,0.114794907412128
403,x,28,6,4,0.570054873958429
403,x,31,7,-3,0.0992444618918427
403,x,39,7,5,1.28829476569811
403,y,2,1,1,1.2110633697263
403,y,7,3,1,0.852834660341466
403,y,11,3,-3,1.44014348192819
403,y,12,4,2,1.2431147134015
403,y,13,4,-2,0.940437400539581
403,y,14,5,1,0.300322082707818
403,y,16,6,0,-0.872978254556503
403,y,20,5,-3,0.508547233509373
403,y,21,6,2,0.590745765185834
403,y,26,5,5,0.06832301173773
403,y,27,5,-5,0.308932853322775
404,x,1,0,0,1.36513011593327
404,x,2,1,1,1.19307820937905
404,x,6,2,-2,0.737828360939066
404,x,7,3,1,0.564114625235047
404,x,8,3,-1,1.39259214125801
404,x,9,4,0,1.12537511294165
404,x,10,3,3,0.487113151123178
404,x,12,4,2,-1.85459998063812
404,x,14,5,1,0.392420270005912
404,x,16,6,0,0.216737935795347
404,x,17,4,4,-0.768614465327935
404,x,18,4,-4,-0.595903852457923
404,x,20,5,-3,-0.306032319304056
404,x,22,6,-2,-0.258355145502867
404,x,26,5,5,0.667415481369977
404,x,28,6,4,0.156596667850687
404,x,37,6,6,-0.12668480124608
404,x,38,6,-6,-0.999022802656385
404,x,50,7,7,0.308270610698953
404,x,51,7,-7,-0.3770119895852
404,y,3,1,-1,0.875826755066279
404,y,5,2,2,1.18283442146255
404,y,6,2,-2,2.62276873236233
404,y,9,4,0,1.32980699048805
404,y,11,3,-3,1.1489315252583
404,y,12,4,2,0.387696144523871
404,y,14,5,1,-0.725114234764136
404,y,16,6,0,0.1821733209411
404,y,17,4,4,-1.40515894594482
404,y,19,5,3,-0.194883808704612
404,y,21,6,2,-0.800153787322815
404,y,23,7,1,0.241550426298646
404,y,24,7,-1,-0.747163571106568
404,y,27,5,-5,-1.15070467919087
404,y,29,6,-4,-0.892722947453619
404,y,30,7,3,-0.821391695057064
404,y,40,7,-5,0.708144201926826
404,y,50,7,7,1.08904522087043
405,x,1,0,0,-0.358599809377928
405,x,2,1,1,4.05404913725793
405,x,3,1,-1,1.64308052309131
405,x,4,2,0,-1.6992843761579
405,x,6,2,-2,-0.742868999960433
405,x,8,3,-1,1.55574290281331
405,x,12,4,2,-0.68901087858956
405,x,14,5,1,0.369314045161629
405,x,16,6,0,-0.172536948857192
405,x,18,4,-4,-0.62633004342932
405,x,19,5,3,-0.276465167689625
405,x,23,7,1,-0.210546893590241
405,x,24,7,-1,0.326674757679232
405,x,28,6,4,0.490972871371004
405,x,30,7,3,0.104213671920268
405,x,31,7,-3,0.128214114834684
405,x,40,7,-5,0.0185758245695789
405,x,50,7,7,-0.632258408753232
405,y,2,1,1,-4.45309413183335
405,y,4,2,0,1.52225464703135
405,y,7,3,1,-0.503373530802625
405,y,8,3,-1,-0.234598283514138
405,y,11,3,-3,-0.185391986903558
405,y,14,5,1,-0.627475838162288
405,y,16,6,0,0.640613969202028
405,y,17,4,4,0.430427464744242
405,y,22,6,-2,-0.54125737044018
405,y,24,7,-1,-0.311930151461326
405,y,30,7,3,-0.542392198691785
405,y,37,6,6,0.0646465623037254
405,y,40,7,-5,-0.0275544193445271
405,y,50,7,7,-0.0640793379564304
406,x,3,1,-1,0.755766436851367
406,x,4,2,0,-0.230793619947765
406,x,6,2,-2,-2.35380228654584
406,x,7,3,1,0.627128724472723
406,x,9,4,0,-0.446061913845232
406,x,11,3,-3,-0.27999154729022
406,x,13,4,-2,0.479401613609591
406,x,14,5,1,-0.699105727937506
406,x,15,5,-1,0.395568153457332
406,x,17,4,4,1.16174068206794
406,x,18,4,-4,-1.09758369707304
406,x,19,5,3,0.217437819958936
406,x,20,5,-3,-0.221484281413589
406,x,26,5,5,-0.578700390699788
406,x,28,6,4,0.588562092105815
406,x,29,6,-4,0.824816511332275
406,x,39,7,5,-0.133134655699969
406,x,40,7,-5,-0.217682663073675
406,y,2,1,1,-0.852328060937028
406,y,3,1,-1,-1.7195398782982
406,y,4,2,0,0.379824503244145
406,y,8,3,-1,-0.493494222071072
406,y,10,3,3,-0.996316864187431
406,y,11,3,-3,1.71014010631158
406,y,14,5,1,-0.413771923401079
406,y,16,6,0,0.0183864314267668
406,y,18,4,-4,-0.806520444042225
406,y,20,5,-3,0.626556811492758
406,y,28,6,4,0.231633275794891
406,y,37,6,6,0.0365131051940686
406,y,50,7,7,0.607322993812635
406,y,51,7,-7,-0.195090361753102
407,x,1,0,0,-2.87687703979601
407,x,11,3,-3,0.684241237863716
407,x,13,4,-2,-0.373361440939303
407,x,15,5,-1,0.560142771229533
407,x,16,6,0,0.722753108166254
407,x,18,4,-4,0.284324654662056
407,x,20,5,-3,-0.55840414584131
407,x,22,6,-2,-0.450451090759769
407,x,23,7,1,-0.50094426550604
407,x,27,5,-5,0.426560902475441
407,x,28,6,4,1.22953265297564
407,x,38,6,-6,-0.225653781912484
407,x,40,7,-5,-0.84697860113761
407,x,50,7,7,0.492526323041978
407,y,1,0,0,-0.678239985765355
407,y,2,1,1,-0.410438005856073
407,y,6,2,-2,-0.338600972324199
407,y,8,3,-1,0.480345153545071
407,y,9,4,0,0.583659004259761
407,y,10,3,3,0.239387099278875
407,y,13,4,-2,0.534998296042346
407,y,15,5,-1,0.575948286893203
407,y,18,4,-4,0.125709288640375
407,y,19,5,3,-0.995353755645939
407,y,22,6,-2,0.454603842792336
407,y,24,7,-1,-0.0317354050566253
407,y,26,5,5,0.268215425771207
407,y,29,6,-4,-0.99568668899148
407,y,30,7,3,0.214972135609574
407,y,31,7,-3,-0.539648982635995
407,y,37,6,6,-1.15864260760533
407,y,51,7,-7,-0.429322635687845
408,x,2,1,1,-4.9291224903518
408,x,8,3,-1,-0.499971615621127
408,x,9,4,0,-0.692037433590646
408,x,12,4,2,-0.198283916273893
408,x,13,4,-2,-0.172644011163483
408,x,14,5,1,0.73005258337383
408,x,16,6,0,0.438286325017416
408,x,26,5,5,0.325278002713802
408,x,27,5,-5,0.0526309162514815
408,x,37,6,6,0.106237120138557
408,x,38,6,-6,-0.156115113794051
408,x,39,7,5,0.338785311771553
408,y,1,0,0,2.11732974926276
408,y,2,1,1,2.10701724939662
408,y,4,2,0,-1.88278018330286
408,y,5,2,2,-0.927469103375206
408,y,8,3,-1,0.770706094401545
408,y,10,3,3,1.31443647410648
408,y,11,3,-3,-1.25320412320857
408,y,12,4,2,-0.190100730986478
408,y,13,4,-2,-0.0966362037124811
408,y,14,5,1,0.688567396902314
408,y,15,5,-1,0.348208172399922
408,y,17,4,4,-0.153575559660522
408,y,18,4,-4,-0.696462541464894
408,y,20,5,-3,0.120759501960673
408,y,24,7,-1,0.136606096850586
408,y,28,6,4,0.665359727272351
408,y,29,6,-4,0.459012666510036
408,y,31,7,-3,-0.0247407582995725
408,y,37,6,6,-0.219391503125052
408,y,50,7,7,0.206959871941255
409,x,2,1,1,3.16959140780752
409,x,3,1,-1,-2.24971539204912
409,x,4,2,0,-1.08326553975151
409,x,5,2,2,1.51510374875617
409,x,7,3,1,0.261668901627344
409,x,8,3,-1,-0.528748153016852
409,x,11,3,-3,0.284972607269882
409,x,12,4,2,0.155098593899669
409,x,14,5,1,1.00470848791652
409,x,18,4,-4,-0.367856333126991
409,x,20,5,-3,0.0885828466721181
409,x,21,6,2,0.423133784645603
409,x,30,7,3,-0.247091277843497
409,x,31,7,-3,0.149859026194829
409,x,39,7,5,0.189125199018237
409,x,50,7,7,-0.309758177201616
409,x,51,7,-7,0.89147790269229
409,y,5,2,2,-1.34600910032644
409,y,6,2,-2,-0.582757613040748
409,y,7,3,1,0.746910977677624
409,y,11,3,-3,-2.09797802913272
409,y,15,5,-1,-1.00983612186733
409,y,18,4,-4,-0.403246231115968
409,y,22,6,-2,-0.36941949783487
409,y,23,7,1,-0.482993703805108
409,y,29,6,-4,-0.142476845895726
409,y,37,6,6,-0.272531677465228
409,y,39,7,5,-0.185382528580538
409,y,40,7,-5,-0.141513901125251
410,x,1,0,0,2.93439073804641
410,x,3,1,-1,1.90565409041551
410,x,4,2,0,-1.83621499721975
410,x,11,3,-3,0.692480248638035
410,x,15,5,-1,-0.753601748084802
410,x,17,4,4,0.934016135235744
410,x,18,4,-4,0.208059874567454
410,x,21,6,2,-0.454768041325616
410,x,24,7,-1,0.860172545376613
410,x,30,7,3,-0.511317949500436
410,x,50,7,7,-0.0559402937999824
410,x,51,7,-7,0.679529855060963
410,y,1,0,0,-3.06750497139117
410,y,2,1,1,-1.16051838686355
410,y,5,2,2,0.480520092273304
410,y,7,3,1,0.337418283198239
410,y,9,4,0,0.222513237203291
410,y,11,3,-3,0.910927440011938
410,y,12,4,2,-0.0859636552032314
410,y,14,5,1,-0.240776840930666
410,y,15,5,-1,-0.417989490649433
410,y,19,5,3,-0.463307699672105
410,y,22,6,-2,-0.213085938332746
410,y,23,7,1,-0.0577979370564926
410,y,24,7,-1,-0.0978801596294161
410,y,27,5,-5,-0.823446666439757
410,y,29,6,-4,0.26154816866741
410,y,31,7,-3,0.585457361291319
410,y,37,6,6,-0.208478211647519
410,y,50,7,7,-0.161464482056496
410,y,51,7,-7,0.340982373770768
411,x,6,2,-2,-0.170771836781188
411,x,11,3,-3,-2.80212794319276
411,x,17,4,4,-0.927336127912607
411,x,18,4,-4,-0.423123606890074
411,x,21,6,2,-0.349172493899556
411,x,22,6,-2,-0.160594985237595
411,x,23,7,1,-0.67538832216684
411,x,28,6,4,-0.634803165962441
411,x,31,7,-3,0.416172380024647
411,x,50,7,7,-0.643479239994887
411,y,3,1,-1,0.430388788190552
411,y,4,2,0,0.317958317287177
411,y,7,3,1,-0.538961980392229
411,y,8,3,-1,-0.348315953260304
411,y,10,3,3,-2.54587541256097
411,y,18,4,-4,-0.556570962564713
411,y,31,7,-3,-0.200647749082903
411,y,37,6,6,-0.829609075280166
411,y,40,7,-5,0.00790594245694705
411,y,51,7,-7,0.0354978030748191
412,x,1,0,0,-5.26013295540758
412,x,5,2,2,-1.62102036971042
412,x,6,2,-2,-2.08988689055808
412,x,9,4,0,1.45151502264264
412,x,10,3,3,-1.36488176467982
412,x,13,4,-2,-0.630550129799527
412,x,16,6,0,-0.0024928651034354
412,x,18,4,-4,-0.688589904939955
412,x,19,5,3,0.0366533422834795
412,x,23,7,1,1.32619716205513
412,x,30,7,3,-0.778374358430442
412,x,31,7,-3,-0.781299128974206
412,x,38,6,-6,0.124309169076233
412,y,4,2,0,2.08820445047438
412,y,5,2,2,1.53881879628822
412,y,7,3,1,-1.3716187839274
412,y,8,3,-1,0.148913237832141
412,y,16,6,0,-0.0144020074751494
412,y,23,7,1,-0.350235193199393
412,y,30,7,3,0.382199237315405
412,y,38,6,-6,-0.00400093085793111
412,y,39,7,5,-0.582839867601498
412,y,40,7,-5,0.0419889822540579
412,y,50,7,7,-0.568977700559799
413,x,3,1,-1,-1.42020858945178
413,x,4,2,0,-2.33448004737098
413,x,5,2,2,-1.66653118425826
413,x,6,2,-2,0.0611969656245443
413,x,10,3,3,0.5727591697159
413,x,13,4,-2,-0.458955269424742
413,x,16,6,0,0.00380195466422292
413,x,18,4,-4,0.752182316342781
413,x,19,5,3,-0.181259729591229
413,x,23,7,1,0.283949240249692
413,x,24,7,-1,-0.0770628043539442
413,x,26,5,5,-0.504123115516125
413,x,27,5,-5,-0.930701788365896
413,x,29,6,-4,0.306198673474587
413,x,31,7,-3,-0.211877060069247
413,x,38,6,-6,0.366804903215604
413,x,39,7,5,0.705692213095704
413,y,2,1,1,-1.43015688697461
413,y,9,4,0,1.05694345505606
413,y,12,4,2,0.262069657223957
413,y,13,4,-2,-0.0480279111179635
413,y,15,5,-1,-0.724426999499804
413,y,16,6,0,1.11020550822387
413,y,17,4,4,1.11932585543216
413,y,18,4,-4,-0.58663991819972
413,y,21,6,2,0.23828791111029
413,y,26,5,5,0.715303899756206
413,y,40,7,-5,0.422707648357145
414,x,1,0,0,1.12887230126752
414,x,2,1,1,-1.89953272483724
414,x,3,1,-1,-10.7290184548602
414,x,6,2,-2,0.304597303746395
414,x,7,3,1,0.834783965087189
414,x,8,3,-1,0.919599851418802
414,x,10,3,3,-2.35841988139817
414,x,14,5,1,-0.319243188349251
414,x,19,5,3,0.695224072754061
414,x,22,6,-2,-0.215142084428943
414,x,23,7,1,-0.456922569907235
414,x,28,6,4,-0.0174855619209331
414,x,29,6,-4,0.0289803564267905
414,x,30,7,3,-0.460297118733012
414,x,31,7,-3,0.207107276448182
414,x,39,7,5,0.308427059970368
414,x,51,7,-7,-0.675465042190419
414,y,1,0,0,-0.247387264008827
414,y,2,1,1,2.16239393923673
414,y,6,2,-2,2.30044004425022
414,y,10,3,3,0.482476209824554
414,y,15,5,-1,0.336540861068931
414,y,16,6,0,0.241872739472278
414,y,17,4,4,0.0269261894244723
414,y,22,6,-2,-0.342043281636604
414,y,24,7,-1,0.739445891165166
414,y,26,5,5,-1.11357867061163
414,y,29,6,-4,0.818904642154105
414,y,38,6,-6,0.00924835297440515
415,x,1,0,0,2.09767376830493
415,x,4,2,0,2.04764316015903
415,x,6,2,-2,2.0650385272737
415,x,7,3,1,0.929133641537499
415,x,17,4,4,-0.557944648070366
415,x,21,6,2,-0.284009986903747
415,x,22,6,-2,0.374549068258057
415,x,23,7,1,-0.0696095328541391
415,x,24,7,-1,1.07438663964277
415,x,29,6,-4,0.364820815068552
415,x,38,6,-6,0.565855730056113
415,y,2,1,1,-2.4209405440117
415,y,4,2,0,-1.74305111845576
415,y,6,2,-2,1.22590867719694
415,y,7,3,1,0.17435215574497
415,y,8,3,-1,1.73534575183077
415,y,10,3,3,0.073268023150155
415,y,13,4,-2,0.496484531361983
415,y,14,5,1,0.643490682586477
415,y,17,4,4,1.50782825470321
415,y,20,5,-3,0.432518913608622
415,y,22,6,-2,-0.381899299989099
415,y,23,7,1,-0.596356541506733
415,y,26,5,5,0.080208547280751
415,y,27,5,-5,-1.00147365936022
415,y,30,7,3,-0.578090331651775
415,y,51,7,-7,0.280273393737922
416,x,2,1,1,3.61433851677076
416,x,5,2,2,-0.0474889611816312
416,x,6,2,-2,0.375792489508723
416,x,8,3,-1,-0.340452049054109
416,x,13,4,-2,1.23793088846335
416,x,16,6,0,-0.667883855099385
416,x,20,5,-3,0.466092617221792
416,x,21,6,2,-0.129263332659388
416,x,29,6,-4,0.145169089372524
416,x,30,7,3,0.219341755523766
416,x,31,7,-3,-0.198212421198397
416,x,37,6,6,-0.320909128720341
416,x,39,7,5,0.446686088768663
416,x,51,7,-7,-0.230811353008994
416,y,2,1,1,2.60245836018826
416,y,4,2,0,1.3087540114582
416,y,6,2,-2,0.121044400820853
416,y,8,3,-1,0.705730662731225
416,y,10,3,3,0.150418457427204
416,y,11,3,-3,0.459645045307697
416,y,12,4,2,0.286683070845841
416,y,13,4,-2,-0.830209138023888
416,y,15,5,-1,-0.529409666824432
416,y,18,4,-4,0.523584023422849
416,y,21,6,2,0.454883704506108
416,y,22,6,-2,0.203061487589574
416,y,27,5,-5,-0.903244589275275
416,y,29,6,-4,-0.0898536987308414
416,y,30,7,3,0.0712746388126718
416,y,37,6,6,0.182180093059048
416,y,39,7,5,-0.0176094986817687
416,y,51,7,-7,-0.453453975433029
417,x,4,2,0,1.43767986547266
417,x,8,3,-1,-1.78356836746853
417,x,12,4,2,-0.357752878826242
417,x,15,5,-1,-0.911071888490222
417,x,19,5,3,0.37617731120168
417,x,23,7,1,-0.0640832141224719
417,x,24,7,-1,-0.235052883737961
417,x,27,5,-5,-0.0974782509169152
417,x,30,7,3,0.714049393646843
417,x,31,7,-3,0.221685902687947
417,x,40,7,-5,0.487256989554741
417,y,1,0,0,-0.372096299224922
417,y,2,1,1,0.861481640339993
417,y,3,1,-1,0.674212557212212
417,y,6,2,-2,-0.36452662849628
417,y,7,3,1,0.618146542922905
417,y,9,4,0,0.133863182545061
417,y,11,3,-3,1.55131098414965
417,y,12,4,2,0.689402443902235
417,y,14,5,1,-0.492813322268854
417,y,15,5,-1,0.0125616891231249
417,y,16,6,0,-0.778552233476052
417,y,18,4,-4,0.522952967008755
417,y,21,6,2,-0.255804755051725
417,y,23,7,1,0.131493995868432
417,y,27,5,-5,0.074137298918713
417,y,28,6,4,0.0562318404307299
417,y,29,6,-4,-0.618617495713513
417,y,31,7,-3,0.0394957170506034
417,y,39,7,5,0.165447335916973
418,x,1,0,0,4.08140770237193
418,x,5,2,2,-0.867800225601637
418,x,6,2,-2,0.363812140914761
418,x,12,4,2,0.965422621128006
418,x,13,4,-2,-0.174115894283767
418,x,14,5,1,-0.094865644641636
418,x,15,5,-1,-0.575009023564601
418,x,16,6,0,0.473946382997204
418,x,17,4,4,2.0764221968943
418,x,19,5,3,0.209212553943582
418,x,24,7,-1,0.542551487704077
418,x,28,6,4,0.130828224497782
418,x,29,6,-4,0.224346113343442
418,x,50,7,7,0.35672535329884
418,y,9,4,0,1.12631019934082
418,y,10,3,3,1.14973878665197
418,y,14,5,1,-0.114190581168986
418,y,17,4,4,-0.0381892722718399
418,y,18,4,-4,1.74751558281004
418,y,19,5,3,-1.80914012588566
418,y,20,5,-3,0.749285405519355
418,y,21,6,2,-0.194040097969287
418,y,22,6,-2,0.094162224130127
418,y,24,7,-1,0.594931573968455
418,y,27,5,-5,-0.305796318261269
418,y,29,6,-4,1.52838397655803
418,y,31,7,-3,0.507899748125603
419,x,1,0,0,-0.860581053491924
419,x,7,3,1,1.15784774544771
419,x,8,3,-1,-2.83116641318826
419,x,9,4,0,-0.164755430733236
419,x,11,3,-3,1.38359117898137
419,x,12,4,2,0.228831424618639
419,x,13,4,-2,0.546260159491033
419,x,15,5,-1,1.0385631564938
419,x,20,5,-3,-0.330075998618088
419,x,24,7,-1,0.5561491945227
419,x,26,5,5,0.132581963534724
419,x,27,5,-5,-0.0908526736774465
419,x,29,6,-4,-0.596425840207506
419,x,31,7,-3,-0.137735857156455
419,x,37,6,6,-0.403521836836347
419,x,40,7,-5,-0.639299151203218
419,x,51,7,-7,0.382159358430022
419,y,2,1,1,-1.79142173268532
419,y,7,3,1,1.34719850300326
419,y,9,4,0,-0.430939088235205
419,y,11,3,-3,0.154059324151393
419,y,13,4,-2,-0.120559724665231
419,y,14,5,1,0.382471175446973
419,y,16,6,0,0.708928713241988
419,y,17,4,4,-0.178367180765729
419,y,18,4,-4,-0.968327503892768
419,y,20,5,-3,-0.577222478321316
419,y,22,6,-2,-0.422610182100064
419,y,24,7,-1,0.52221206224773
419,y,26,5,5,0.143876920990042
419,y,28,6,4,0.48159791966378
419,y,37,6,6,0.614392933513253
419,y,51,7,-7,0.380533426909169
420,x,1,0,0,-0.0309242736613688
420,x,3,1,-1,3.99798923669537
420,x,9,4,0,-0.378053757302959
420,x,10,3,3,0.286638776160482
420,x,11,3,-3,-1.1412016075407
420,x,12,4,2,-0.824581717214392
420,x,14,5,1,0.0953212052550655
420,x,16,6,0,0.37820984588328
420,x,17,4,4,1.24656993071436
420,x,18,4,-4,-0.500026251277573
420,x,19,5,3,-0.0944021881214864
420,x,21,6,2,0.56762726337016
420,x,22,6,-2,0.793977679780562
420,x,26,5,5,-0.573763492821664
420,x,27,5,-5,0.709993695804986
420,x,30,7,3,0.313457355185596
420,x,39,7,5,0.269520960449509
420,x,50,7,7,-0.149550260564271
420,y,2,1,1,0.30044649103297
420,y,3,1,-1,3.81581349500449
420,y,5,2,2,0.116467665957478
420,y,8,3,-1,0.754980976944444
420,y,10,3,3,0.0286989603509229
420,y,11,3,-3,0.260087573006202
420,y,19,5,3,0.347734310559683
420,y,20,5,-3,-1.04563119798328
420,y,22,6,-2,-0.185240045289607
420,y,24,7,-1,0.132408686114658
420,y,26,5,5,-1.19715192178598
420,y,28,6,4,-1.1020812761528
420,y,29,6,-4,1.11916107000547
420,y,30,7,3,0.292340081134479
420,y,31,7,-3,-0.380558639880849
420,y,37,6,6,-0.884551090485212
420,y,39,7,5,0.853090159829208
420,y,40,7,-5,0.368622351659955
420,y,51,7,-7,0.386261780091966
421,x,1,0,0,-6.73703662495835
421,x,2,1,1,0.78184644430566
421,x,4,2,0,-0.128387763099472
421,x,9,4,0,-0.517253099409307
421,x,13,4,-2,0.269430680597093
421,x,14,5,1,-1.10789521866952
421,x,15,5,-1,-1.11158940537921
421,x,19,5,3,-0.754250861077807
421,x,20,5,-3,-0.336960364324593
421,x,22,6,-2,0.321914297242109
421,x,23,7,1,-0.0742827402602441
421,x,24,7,-1,-0.178825948013294
421,x,26,5,5,-0.188887649247114
421,x,27,5,-5,0.984126126081539
421,x,29,6,-4,-0.209110948660667
421,x,39,7,5,0.0294945018400923
421,x,40,7,-5,-0.574895949626683
421,x,50,7,7,0.211070358830264
421,y,1,0,0,-2.9179134250472
421,y,3,1,-1,-3.19711215596903
421,y,5,2,2,0.102070174979186
421,y,6,2,-2,1.53950524261345
421,y,8,3,-1,-0.898868600794335
421,y,9,4,0,-0.240148060577873
421,y,10,3,3,-0.782550420529291
421,y,11,3,-3,0.0125439775485226
421,y,12,4,2,-0.221861121337675
421,y,14,5,1,0.066800062592271
421,y,15,5,-1,0.685162935042872
421,y,16,6,0,-0.341748021164586
421,y,18,4,-4,1.61068834654893
421,y,20,5,-3,0.207636250535844
421,y,22,6,-2,0.227407119710776
421,y,26,5,5,-0.102439328566142
421,y,29,6,-4,0.372873237654914
421,y,37,6,6,-1.56759490230861
422,x,2,1,1,1.47190216368087
422,x,4,2,0,0.806496648256198
422,x,6,2,-2,0.487937432670101
422,x,12,4,2,0.130667068169004
422,x,14,5,1,0.591469298790071
422,x,16,6,0,-0.425596174022721
422,x,17,4,4,0.0601906506483757
422,x,19,5,3,-0.513056371659436
422,x,20,5,-3,0.889452640835015
422,x,31,7,-3,-0.849939308292051
422,x,37,6,6,0.124714784574301
422,x,38,6,-6,-0.125677839993111
422,x,40,7,-5,-0.285359523082523
422,x,50,7,7,-0.0545059536283497
422,y,8,3,-1,2.07095771282731
422,y,10,3,3,1.74084315200263
422,y,14,5,1,0.583494394926417
422,y,15,5,-1,0.269253256441022
422,y,18,4,-4,0.257938273606755
422,y,19,5,3,-0.675292496276072
422,y,22,6,-2,-0.473864667858146
422,y,26,5,5,0.747025182668165
422,y,31,7,-3,-0.361269981478002
422,y,50,7,7,-0.0177983666567659
422,y,51,7,-7,-0.0153872465903821
423,x,1,0,0,0.0910763004759503
423,x,4,2,0,-0.332457790756977
423,x,5,2,2,-0.75759289164315
423,x,6,2,-2,2.49793185339875
423,x,8,3,-1,0.58311142302638
423,x,11,3,-3,0.256837825841124
423,x,12,4,2,-0.787592526967248
423,x,16,6,0,0.452126605084057
423,x,19,5,3,-0.824346701295369
423,x,20,5,-3,0.141392395260144
423,x,24,7,-1,0.0135032150202559
423,x,27,5,-5,0.137319468834293
423,x,29,6,-4,-0.462550680537995
423,x,30,7,3,-0.0103869836390877
423,x,50,7,7,0.0315822042733995
423,y,8,3,-1,-0.325885120773915
423,y,12,4,2,-1.92590660614414
423,y,17,4,4,2.47966039552292
423,y,21,6,2,-0.314729198896275
423,y,22,6,-2,-0.302150178559336
423,y,28,6,4,1.36028659155274
423,y,29,6,-4,-0.0271295239337926
423,y,31,7,-3,0.581107120165614
423,y,37,6,6,0.741290941669515
423,y,50,7,7,-0.922623705029077
424,x,2,1,1,6.57586499789535
424,x,10,3,3,-1.05781666800129
424,x,12,4,2,-0.0663647110219456
424,x,13,4,-2,0.186956534127779
424,x,16,6,0,-0.134366744599723
424,x,17,4,4,-0.448050288518865
424,x,22,6,-2,-0.301852131175024
424,x,23,7,1,0.381506953568334
424,x,24,7,-1,-0.0197769472526561
424,x,26,5,5,0.524329519537931
424,x,29,6,-4,0.1199889986363
424,x,31,7,-3,0.887975969083084
424,x,37,6,6,0.134092569472578
424,x,39,7,5,-0.208687658068637
424,y,1,0,0,-1.14027331257828
424,y,5,2,2,1.16109779520982
424,y,6,2,-2,-0.100113211315504
424,y,10,3,3,1.58102919813701
424,y,13,4,-2,-1.17724966026879
424,y,16,6,0,0.0964195057121978
424,y,17,4,4,-0.400620976105433
424,y,19,5,3,-0.0167731268894957
424,y,24,7,-1,-0.103605415121316
424,y,26,5,5,0.382217145060183
424,y,28,6,4,0.72019247341184
424,y,29,6,-4,0.814329757921651
424,y,30,7,3,0.0758140468988101
424,y,51,7,-7,0.366653888324068
425,x,7,3,1,2.13539900969528
425,x,8,3,-1,-0.453160754308266
425,x,9,4,0,0.419615674869314
425,x,12,4,2,1.07174667579287
425,x,14,5,1,0.240019150770416
425,x,17,4,4,0.350789206072969
425,x,18,4,-4,-0.74550756631872
425,x,20,5,-3,0.0618762681991547
425,x,21,6,2,-0.695111328724958
425,x,28,6,4,-0.00490530341116773
425,x,30,7,3,-0.38317118471171
425,x,37,6,6,0.798117672269359
425,x,38,6,-6,-0.739322537773665
425,x,39,7,5,0.319513230919343
425,x,40,7,-5,-0.539054259760644
425,y,2,1,1,-0.18931676348492
425,y,4,2,0,-0.370406081032901
425,y,8,3,-1,2.53274281331729
425,y,9,4,0,1.33058300240111
425,y,10,3,3,-0.162288107987566
425,y,12,4,2,0.0205061532933857
425,y,14,5,1,-1.61624859707597
425,y,21,6,2,-0.181851171568981
425,y,24,7,-1,0.137280625662739
425,y,27,5,-5,-0.185342189798845
425,y,29,6,-4,0.167384179706516
425,y,38,6,-6,-0.0221735263307741
425,y,50,7,7,-0.191615000226381
426,x,3,1,-1,-1.04511254690132
426,x,8,3,-1,-0.697025410837866
426,x,11,3,-3,-1.60662688663762
426,x,12,4,2,-1.40880655348117
426,x,13,4,-2,0.752126419679073
426,x,14,5,1,0.546626261093363
426,x,15,5,-1,-0.0552078949992994
426,x,17,4,4,0.0238538833886708
426,x,21,6,2,-0.0837671453450967
426,x,27,5,-5,0.599815387892973
426,x,29,6,-4,0.656733674493936
426,x,30,7,3,-0.46401618620086
426,x,31,7,-3,0.148793106945488
426,x,39,7,5,-0.101341767541151
426,x,50,7,7,-0.349171076307599
426,y,3,1,-1,-2.21516180249506
426,y,6,2,-2,0.891731934566163
426,y,13,4,-2,-0.181974454409048
426,y,15,5,-1,-0.721504226761379
426,y,16,6,0,0.356728579819995
426,y,19,5,3,0.459895177475166
426,y,20,5,-3,-0.375274318787748
426,y,23,7,1,0.0445133698461917
426,y,24,7,-1,-0.384285642557099
426,y,26,5,5,0.557825733969197
426,y,27,5,-5,0.608856274965189
426,y,28,6,4,-0.208811915356258
426,y,38,6,-6,0.525103209270761
426,y,39,7,5,0.595352487804453
426,y,40,7,-5,-0.265057603815879
426,y,51,7,-7,0.479048785792981
427,x,1,0,0,-4.04074040289594
427,x,4,2,0,0.654286511203301
427,x,7,3,1,-0.115165691352211
427,x,9,4,0,-1.57521974006681
427,x,14,5,1,-0.517165430107744
427,x,17,4,4,0.0228932321207897
427,x,21,6,2,-0.108599179441659
427,x,28,6,4,0.157965079850956
427,x,30,7,3,-0.161433684226929
427,x,37,6,6,-0.0794673588589733
427,x,50,7,7,1.31056482428739
427,y,1,0,0,2.58396635409653
427,y,6,2,-2,-0.0239529002156039
427,y,8,3,-1,-0.901812939019814
427,y,9,4,0,0.712987056375811
427,y,12,4,2,-0.658185423135172
427,y,15,5,-1,0.172496916373993
427,y,16,6,0,0.22250736309781
427,y,18,4,-4,0.864650545346129
427,y,19,5,3,0.239562696059005
427,y,21,6,2,0.418220959234801
427,y,24,7,-1,0.589511685390077
427,y,26,5,5,-0.601569800578444
427,y,29,6,-4,-0.169672958867985
427,y,31,7,-3,0.23065391882512
427,y,50,7,7,-1.04885718177891
428,x,1,0,0,2.51025592814967
428,x,2,1,1,0.37035523828537
428,x,4,2,0,-0.500037764557648
428,x,8,3,-1,0.308890269307766
428,x,9,4,0,1.11273464325551
428,x,10,3,3,1.47874580183039
428,x,11,3,-3,-1.01873922401243
428,x,12,4,2,-0.0793778064283693
428,x,14,5,1,-0.108066492649483
428,x,15,5,-1,0.695461087082546
428,x,20,5,-3,0.86478709486524
428,x,21,6,2,0.0821887885960555
428,x,27,5,-5,-0.46165497618582
428,x,28,6,4,-1.28572882681611
428,x,29,6,-4,-0.54440465434195
428,x,37,6,6,0.260690885010133
428,x,39,7,5,0.354143684997833
428,y,2,1,1,0.23288940366857
428,y,3,1,-1,0.441882576720093
428,y,4,2,0,1.01220544020432
428,y,5,2,2,-1.39259588311368
428,y,6,2,-2,0.604353773577249
428,y,8,3,-1,0.38186335731308
428,y,9,4,0,0.563862092916985
428,y,16,6,0,-0.0201474395996316
428,y,18,4,-4,1.31202725133834
428,y,19,5,3,1.28592069372446
428,y,28,6,4,-0.0448288566100885
428,y,31,7,-3,0.406671753816516
428,y,37,6,6,1.09559979958083
428,y,38,6,-6,0.427332962401715
428,y,39,7,5,-0.606210076839321
429,x,2,1,1,-3.00158146480776
429,x,3,1,-1,0.12465837418451
429,x,6,2,-2,-2.7234187931077
429,x,7,3,1,-2.09826994194413
429,x,10,3,3,-0.412602408656914
429,x,11,3,-3,-0.586152194370712
429,x,15,5,-1,0.21127231093638
429,x,16,6,0,-0.356734945184622
429,x,18,4,-4,-0.925255567476283
429,x,19,5,3,-0.000982736590878345
429,x,20,5,-3,-0.0731255025504404
429,x,31,7,-3,0.763195591444167
429,x,37,6,6,0.247256950185396
429,x,38,6,-6,-0.400686650492106
429,x,39,7,5,0.9908212879313
429,x,40,7,-5,-0.840848343988967
429,x,50,7,7,0.596619684657215
429,y,2,1,1,-1.27069493006798
429,y,4,2,0,0.622145925940555
429,y,9,4,0,-0.231681532995559
429,y,10,3,3,-0.294860272611461
429,y,13,4,-2,-1.82997490225793
429,y,14,5,1,-0.390724957335011
429,y,19,5,3,0.880475316536858
429,y,27,5,-5,-0.54176521938806
429,y,29,6,-4,-0.383714070961566
429,y,30,7,3,-0.0494634431924946
429,y,40,7,-5,-0.386741032889673
430,x,1,0,0,-2.08607470372996
430,x,3,1,-1,-1.03986420720387
430,x,4,2,0,1.80690592538318
430,x,5,2,2,1.02676149848104
430,x,8,3,-1,-1.56480471842038
430,x,9,4,0,-0.389892437992474
430,x,13,4,-2,0.161693772701804
430,x,19,5,3,-0.698124824688732
430,x,24,7,-1,0.0219105940160446
430,x,29,6,-4,-0.178369186684781
430,x,38,6,-6,0.0822685686801421
430,x,40,7,-5,-0.203882172533162
430,x,50,7,7,-0.542019280147987
430,y,5,2,2,-1.87437388841694
430,y,9,4,0,0.296525297391604
430,y,10,3,3,0.754021182237654
430,y,13,4,-2,1.72362488533159
430,y,15,5,-1,-0.000498324373604098
430,y,17,4,4,0.851220162588005
430,y,18,4,-4,0.260048270461454
430,y,19,5,3,-0.936898051813483
430,y,20,5,-3,-0.425777258883349
430,y,22,6,-2,-0.481333453709938
430,y,50,7,7,-1.21484560315606
430,y,51,7,-7,0.227450777321602
431,x,1,0,0,4.04299118041958
431,x,2,1,1,2.16673787052637
431,x,3,1,-1,-0.404673472136019
431,x,7,3,1,1.08651061095631
431,x,9,4,0,-0.436462762753348
431,x,10,3,3,1.39820362912051
431,x,17,4,4,0.535471330348541
431,x,18,4,-4,0.0815486487010382
431,x,19,5,3,0.713136570728605
431,x,24,7,-1,-0.0226900957446321
431,x,29,6,-4,0.149529523384496
431,x,37,6,6,0.10566434325781
431,x,50,7,7,0.69340626506787
431,y,1,0,0,3.23731383378108
431,y,4,2,0,-2.1619260216781
431,y,8,3,-1,-0.892072481624363
431,y,10,3,3,-0.181825186658193
431,y,12,4,2,-1.71095205465849
431,y,13,4,-2,0.798622808711474
431,y,16,6,0,-0.414066903198739
431,y,21,6,2,-0.622771941040338
431,y,26,5,5,0.494408089839606
431,y,27,5,-5,0.180448594610586
431,y,28,6,4,-0.880075658541551
431,y,30,7,3,0.353394990969232
431,y,31,7,-3,0.046939612739163
431,y,37,6,6,0.380028014092791
431,y,39,7,5,1.11421523531021
431,y,51,7,-7,-0.041269413437539
432,x,2,1,1,1.44763047729655
432,x,3,1,-1,0.825747998894486
432,x,10,3,3,-1.08274692063519
432,x,12,4,2,1.38638251954916
432,x,15,5,-1,0.839431214910595
432,x,16,6,0,-0.77906314407553
432,x,18,4,-4,0.693094337815341
432,x,19,5,3,-1.18285017830221
432,x,21,6,2,-0.225531523384783
432,x,22,6,-2,0.34756262658483
432,x,24,7,-1,0.746108393425173
432,x,26,5,5,0.00203917722123347
432,x,37,6,6,0.820085016502901
432,x,39,7,5,-0.0107693712291033
432,x,40,7,-5,-0.755613629113197
432,x,51,7,-7,0.403674915684749
432,y,4,2,0,-0.677571702125128
432,y,8,3,-1,-0.59337899951194
432,y,14,5,1,1.52374063417902
432,y,15,5,-1,1.04231030454284
432,y,16,6,0,0.263445304380447
432,y,17,4,4,0.878687894589833
432,y,19,5,3,-0.759300663610634
432,y,20,5,-3,0.154346848521055
432,y,23,7,1,0.358056144274896
432,y,27,5,-5,0.437449014973507
432,y,28,6,4,0.140699289384492
432,y,29,6,-4,0.752671105914256
432,y,30,7,3,1.12923582224984
432,y,31,7,-3,-0.549974123583209
432,y,37,6,6,1.29377839112053
432,y,38,6,-6,0.7931916107227
432,y,39,7,5,0.471952332124087
432,y,40,7,-5,-0.142440529912139
432,y,51,7,-7,-0.618863598529482
433,x,1,0,0,-0.789893042768282
433,x,2,1,1,0.336264272108091
433,x,3,1,-1,-1.71539119746354
433,x,9,4,0,-0.399223704527125
433,x,10,3,3,1.30454626097324
433,x,11,3,-3,-0.286687218799586
433,x,12,4,2,0.344525865170967
433,x,13,4,-2,-0.435006452551393
433,x,15,5,-1,-0.158178928075915
433,x,16,6,0,0.0968586222706618
433,x,19,5,3,-0.834641828634493
433,x,21,6,2,0.44614827641423
433,x,23,7,1,0.35772855675133
433,x,27,5,-5,-0.393401816972144
433,x,29,6,-4,-0.393651379335083
433,x,31,7,-3,-0.19085263468191
433,x,37,6,6,-0.403640674454864
433,x,39,7,5,0.490335303219439
433,x,50,7,7,0.0863246556469422
433,y,2,1,1,-3.67927360374149
433,y,7,3,1,-0.168386928111718
433,y,8,3,-1,-1.32214986097214
433,y,9,4,0,0.443904599324307
433,y,12,4,2,0.254686202299974
433,y,19,5,3,-0.000178180565981291
433,y,20,5,-3,-0.105359543133853
433,y,21,6,2,-0.754499178681758
433,y,22,6,-2,-0.942028141398148
433,y,24,7,-1,-0.979625383769659
433,y,37,6,6,-0.33834368572261
433,y,51,7,-7,0.153804594336057
434,x,11,3,-3,1.27544703913485
434,x,17,4,4,-0.557468360027998
434,x,18,4,-4,-0.966035364893119
434,x,20,5,-3,1.86366796643466
434,x,23,7,1,-0.355442753429518
434,x,24,7,-1,-1.0204451783068
434,x,26,5,5,2.27218255466725
434,x,27,5,-5,-0.497207281296508
434,x,29,6,-4,-0.80281699308213
434,x,31,7,-3,-0.888300435948814
434,x,38,6,-6,1.06443298076852
434,y,2,1,1,-3.13644255563794
434,y,4,2,0,1.01413269054143
434,y,7,3,1,0.48210899756321
434,y,8,3,-1,-0.0782208960622427
434,y,9,4,0,-0.247714734427108
434,y,10,3,3,0.303389528114788
434,y,11,3,-3,2.56437369616445
434,y,14,5,1,-0.0989986568446338
434,y,16,6,0,-0.246416477811341
434,y,21,6,2,0.414572594852047
434,y,22,6,-2,-0.213432395931836
434,y,23,7,1,-0.162181094865527
434,y,24,7,-1,-0.471742378913255
434,y,26,5,5,0.59429419530142
434,y,29,6,-4,0.228327390260473
434,y,31,7,-3,0.36459013952543
434,y,38,6,-6,0.134120253952468
434,y,40,7,-5,0.327783029365761
435,x,2,1,1,-1.07259795694398
435,x,4,2,0,-0.0428067967115078
435,x,5,2,2,1.59696786143748
435,x,6,2,-2,-0.397799341656703
435,x,8,3,-1,0.37089447788276
435,x,13,4,-2,-0.367578379640763
435,x,14,5,1,-0.327394712834836
435,x,15,5,-1,-0.343984614519872
435,x,17,4,4,0.827881586432525
435,x,18,4,-4,-0.240150912240134
435,x,19,5,3,-0.518681718005449
435,x,21,6,2,0.248040315553701
435,x,23,7,1,-0.0107469595862983
435,x,24,7,-1,-0.0168950173742664
435,x,29,6,-4,0.74609415172283
435,x,30,7,3,0.786331918954016
435,x,39,7,5,-0.00707599780609653
435,x,40,7,-5,-0.632240666185217
435,x,50,7,7,0.14092638214681
435,x,51,7,-7,0.337941728738729
435,y,1,0,0,-1.38582561663311
435,y,4,2,0,0.839985253301952
435,y,6,2,-2,-0.582246978609406
435,y,7,3,1,0.796154557067671
435,y,8,3,-1,1.34569005919401
435,y,9,4,0,0.906460863306623
435,y,11,3,-3,0.624116569800893
435,y,15,5,-1,-0.54556449513841
435,y,16,6,0,-0.408557025739921
435,y,17,4,4,0.00830496774917652
435,y,20,5,-3,0.058809000605713
435,y,23,7,1,-0.421294190921013
435,y,24,7,-1,-0.519562476944769
435,y,30,7,3,0.246314750700427
435,y,37,6,6,-0.0552624237136526
435,y,50,7,7,0.15310219974571
435,y,51,7,-7,0.156257364076458
436,x,4,2,0,2.22229459888183
436,x,9,4,0,0.241566359128407
436,x,11,3,-3,-0.0424159173572219
436,x,16,6,0,-0.168352266003432
436,x,19,5,3,0.37122966858411
436,x,20,5,-3,1.07383680776721
436,x,21,6,2,0.371509685521975
436,x,22,6,-2,0.373826344330323
436,x,24,7,-1,0.461684032570714
436,x,39,7,5,0.298938733862632
436,x,50,7,7,-0.115044557735011
436,x,51,7,-7,-0.41395211836537
436,y,1,0,0,-1.19957763319896
436,y,3,1,-1,-1.05099592828912
436,y,7,3,1,-1.31341172452271
436,y,13,4,-2,0.176856618559448
436,y,17,4,4,-0.0478290203101051
436,y,22,6,-2,0.324677756252638
436,y,24,7,-1,0.199633898426112
436,y,27,5,-5,-0.388624905573688
436,y,31,7,-3,-0.592618442258783
436,y,51,7,-7,0.501330802453883
437,x,2,1,1,-1.14652862338707
437,x,3,1,-1,-1.06504632371762
437,x,4,2,0,-1.74801104279935
437,x,7,3,1,-0.729491850228643
437,x,8,3,-1,-1.31802022238273
437,x,9,4,0,1.05938695611541
437,x,11,3,-3,0.306731970609805
437,x,12,4,2,-0.705230550334529
437,x,14,5,1,0.442866771787809
437,x,19,5,3,-1.59449378917106
437,x,21,6,2,0.484431132124464
437,x,23,7,1,0.821075302654265
437,x,28,6,4,-0.0961184233907574
437,x,29,6,-4,0.147487472777047
437,x,31,7,-3,-0.1449842232041
437,x,38,6,-6,-0.151019633852679
437,x,50,7,7,-0.746330185991324
437,y,2,1,1,-2.14368225700269
437,y,5,2,2,0.0223812813223335
437,y,10,3,3,0.928901169690544
437,y,12,4,2,1.1840715276771
437,y,13,4,-2,-0.614310874657679
437,y,17,4,4,0.602797144594508
437,y,19,5,3,1.13205973597878
437,y,21,6,2,-0.0322054784569039
437,y,22,6,-2,0.117405520298358
437,y,23,7,1,0.337163331738367
437,y,27,5,-5,-0.465383168999434
437,y,39,7,5,-0.229885697113886
438,x,4,2,0,0.0210529239887605
438,x,5,2,2,-2.9986016826315
438,x,6,2,-2,0.204192338915397
438,x,8,3,-1,-0.0473639161922004
438,x,19,5,3,-0.392293818481606
438,x,27,5,-5,-0.252230462044235
438,x,28,6,4,0.631551985430925
438,x,29,6,-4,-0.212265987182648
438,x,38,6,-6,0.790325856853522
438,x,39,7,5,-0.684110474922117
438,x,50,7,7,0.105831724646355
438,y,1,0,0,-4.27741788016977
438,y,6,2,-2,3.29177905619455
438,y,9,4,0,-0.649485814439378
438,y,12,4,2,0.173505066824423
438,y,14,5,1,-0.725660856978523
438,y,17,4,4,1.51957241360063
438,y,19,5,3,-0.00523817997575248
438,y,24,7,-1,0.587781925741788
438,y,31,7,-3,0.0992458107366256
438,y,38,6,-6,-0.184816951385596
438,y,40,7,-5,-0.338935755652597
439,x,1,0,0,3.2529572043504
439,x,3,1,-1,-1.60801290288816
439,x,12,4,2,-2.04243373597767
439,x,13,4,-2,-0.00912524804106521
439,x,14,5,1,0.208818473783363
439,x,15,5,-1,-0.798508912493274
439,x,16,6,0,1.33533118856178
439,x,17,4,4,0.0754197566895102
439,x,29,6,-4,0.0642012778763924
439,x,30,7,3,-0.388871875971607
439,x,38,6,-6,0.287049588244659
439,y,1,0,0,-1.84868280495646
439,y,3,1,-1,-2.79983420085963
439,y,4,2,0,0.293112877309176
439,y,6,2,-2,-2.44943568838849
439,y,9,4,0,-1.08328876986382
439,y,10,3,3,1.01502276796507
439,y,12,4,2,-0.201427424266348
439,y,14,5,1,-1.36929623842606
439,y,15,5,-1,-0.346966607071065
439,y,16,6,0,-0.740401879992028
439,y,19,5,3,0.463175897805637
439,y,20,5,-3,0.909124932645937
439,y,21,6,2,0.010264347805354
439,y,27,5,-5,0.0457227405368717
439,y,28,6,4,-0.373379912356109
439,y,29,6,-4,0.308908890009932
439,y,50,7,7,-0.0368229249441588
440,x,3,1,-1,-1.61241088769482
440,x,7,3,1,2.37295014418129
440,x,11,3,-3,-0.0154887306172357
440,x,14,5,1,-1.11951853170575
440,x,16,6,0,-0.526772036433336
440,x,18,4,-4,0.14277063690413
440,x,23,7,1,0.235085462551218
440,x,28,6,4,-0.16442439549734
440,x,29,6,-4,-0.109267688983805
440,x,37,6,6,-0.241920395622187
440,x,38,6,-6,-0.887305238060284
440,y,4,2,0,0.0201384051858283
440,y,7,3,1,2.26539208632382
440,y,12,4,2,0.607884110342179
440,y,13,4,-2,0.526531290762346
440,y,17,4,4,-1.5351532971288
440,y,18,4,-4,0.108386894317776
440,y,22,6,-2,-0.32537793390019
440,y,26,5,5,-0.138163408424075
440,y,27,5,-5,-0.745100266022631
440,y,28,6,4,0.739101910328953
440,y,37,6,6,0.226286955910452
440,y,38,6,-6,0.593228890927013
440,y,40,7,-5,0.481605526488477
440,y,50,7,7,-1.34922269888221
441,x,2,1,1,5.19813182153268
441,x,3,1,-1,-4.80465803125483
441,x,4,2,0,-0.454127449098631
441,x,8,3,-1,-0.572610121394523
441,x,11,3,-3,0.463538792061441
441,x,13,4,-2,0.675798166148326
441,x,18,4,-4,-0.163222906099182
441,x,19,5,3,0.159156785793228
441,x,22,6,-2,-1.04326352778034
441,x,23,7,1,0.0066230309344597
441,x,24,7,-1,0.038168102455305
441,x,29,6,-4,-0.18583720240267
441,x,30,7,3,-0.333611126867142
441,x,31,7,-3,0.695452495073281
441,x,39,7,5,-0.206620532429433
441,x,51,7,-7,0.15145368887993
441,y,2,1,1,3.53493975709616
441,y,3,1,-1,1.253486681047
441,y,4,2,0,0.0967467110567744
441,y,6,2,-2,-0.481075315834777
441,y,8,3,-1,-0.325640129599779
441,y,11,3,-3,0.0463236108697705
441,y,12,4,2,-0.144144886922963
441,y,14,5,1,-0.296669285036858
441,y,15,5,-1,-0.251770284321928
441,y,17,4,4,-0.463162248069262
441,y,19,5,3,-0.0618187039647477
441,y,20,5,-3,0.900938957304877
441,y,21,6,2,0.60479870134651
441,y,22,6,-2,-0.114382098974044
441,y,26,5,5,-0.0542517746967195
441,y,28,6,4,-0.168077646918295
441,y,30,7,3,-0.0695426188449048
441,y,38,6,-6,0.161542377388439
441,y,39,7,5,0.295115700286739
441,y,51,7,-7,-0.149281839112924
442,x,10,3,3,-0.716289419129814
442,x,12,4,2,-0.340861778559391
442,x,15,5,-1,-0.106527643510525
442,x,19,5,3,-0.764224068506621
442,x,24,7,-1,0.158754715805411
442,x,26,5,5,0.151930455721204
442,x,27,5,-5,0.79325859945003
442,x,28,6,4,-3.20615208892061
442,x,29,6,-4,0.885223250666624
442,x,31,7,-3,0.350676941221982
442,x,51,7,-7,0.301548030861495
442,y,2,1,1,0.390421398932019
442,y,4,2,0,1.56918792811521
442,y,5,2,2,-0.930729617743897
442,y,6,2,-2,-0.475533150136601
442,y,7,3,1,1.15449386147576
442,y,8,3,-1,0.1520220732107
442,y,16,6,0,-1.03615601307682
442,y,20,5,-3,-0.310408961183756
442,y,21,6,2,0.80924617696321
442,y,26,5,5,-0.331604316624538
442,y,27,5,-5,0.268680094924957
442,y,28,6,4,0.322752813646094
442,y,29,6,-4,-0.76272760436728
442,y,31,7,-3,0.262762991541692
442,y,37,6,6,-0.0701753559556249
442,y,38,6,-6,0.17277666826107
442,y,40,7,-5,-0.244742518912397
442,y,50,7,7,-0.189162435100263
443,x,2,1,1,-4.30775672420596
443,x,3,1,-1,5.01224312628516
443,x,4,2,0,2.16297801548378
443,x,5,2,2,1.59258471586412
443,x,7,3,1,-0.425598386988421
443,x,10,3,3,0.16351035715062
443,x,12,4,2,-0.62914768501779
443,x,15,5,-1,-0.685860311828634
443,x,16,6,0,0.145850537034262
443,x,19,5,3,-0.575279791958096
443,x,20,5,-3,-0.132036007539516
443,x,22,6,-2,0.499736774967589
443,x,23,7,1,-0.444388432448646
443,x,26,5,5,0.050007075531006
443,x,28,6,4,0.107119017402093
443,x,30,7,3,-0.00614047483395819
443,x,40,7,-5,-0.00745066037357987
443,y,2,1,1,-0.736811493094187
443,y,5,2,2,-1.75900804407417
443,y,7,3,1,-1.14419803831129
443,y,8,3,-1,-1.18616161905915
443,y,12,4,2,0.471386217821056
443,y,20,5,-3,0.918673408596678
443,y,22,6,-2,-0.221093289839187
443,y,23,7,1,-0.396772836868625
443,y,24,7,-1,0.0390899003911713
443,y,30,7,3,0.0393983878761199
443,y,37,6,6,0.539379437168671
444,x,3,1,-1,-1.08519927002983
444,x,4,2,0,-2.73378654719418
444,x,8,3,-1,0.947320428820803
444,x,9,4,0,-0.0249647731466074
444,x,11,3,-3,-0.297799235720127
444,x,13,4,-2,-0.399244975419722
444,x,15,5,-1,-0.105066082066239
444,x,18,4,-4,-0.391080442133056
444,x,21,6,2,0.287110379045285
444,x,24,7,-1,0.187117589835002
444,x,26,5,5,0.0792044254473805
444,x,27,5,-5,0.151832974990332
444,x,28,6,4,0.0267297926092887
444,x,29,6,-4,0.953795673138781
444,x,37,6,6,-0.136101498433444
444,x,39,7,5,0.596097602616968
444,x,40,7,-5,-0.224914359114642
444,x,50,7,7,0.0840449838345749
444,y,1,0,0,-0.737829963498698
444,y,6,2,-2,0.117576932499791
444,y,9,4,0,-0.884904369003936
444,y,11,3,-3,-1.0320885183126
444,y,14,5,1,0.0703428902525193
444,y,19,5,3,-0.882388477025762
444,y,21,6,2,1.20263227120605
444,y,22,6,-2,1.13665550654624
444,y,23,7,1,-0.299228504597702
444,y,28,6,4,0.350083265567451
444,y,31,7,-3,0.672278499932481
444,y,37,6,6,0.0362166156909092
444,y,51,7,-7,-0.469179214178173
445,x,2,1,1,-5.06943703620118
445,x,5,2,2,2.1739994928224
445,x,7,3,1,-0.80061146684503
445,x,10,3,3,-0.125044871082096
445,x,14,5,1,-0.407426519276607
445,x,16,6,0,0.0346720812724729
445,x,18,4,-4,-0.847815268974707
445,x,19,5,3,-0.0214031138965542
445,x,20,5,-3,1.10020296736138
445,x,21,6,2,-0.060985706298341
445,x,23,7,1,0.213949347276157
445,x,24,7,-1,-0.380349198705515
445,x,29,6,-4,0.338273760589216
445,x,30,7,3,-0.700607243994589
445,x,39,7,5,-0.307066219974755
445,x,40,7,-5,0.0295638720861191
445,x,51,7,-7,-0.0447997672363735
445,y,1,0,0,2.49959825635259
445,y,3,1,-1,-7.48720702225208
445,y,4,2,0,-1.35359058595383
445,y,5,2,2,1.04648467513752
445,y,7,3,1,0.208872377252289
445,y,9,4,0,-0.720841218412856
445,y,10,3,3,1.03550938946324
445,y,11,3,-3,0.295598468450134
445,y,12,4,2,0.537240481889842
445,y,17,4,4,-0.945358563232087
445,y,18,4,-4,-0.0138719644696406
445,y,19,5,3,0.0504913828600411
445,y,23,7,1,0.332819857660466
445,y,26,5,5,-0.839136615317691
445,y,37,6,6,-0.254835182964899
445,y,40,7,-5,0.722976379911197
445,y,51,7,-7,0.568842748197902
446,x,1,0,0,1.56033587196412
446,x,2,1,1,1.16654975415736
446,x,4,2,0,0.411444496933378
446,x,5,2,2,2.9563500182887
446,x,7,3,1,-0.756664417766075
446,x,8,3,-1,-0.269141977788566
446,x,10,3,3,0.0184762900119023
446,x,12,4,2,0.457049685801691
446,x,18,4,-4,1.60248291471517
446,x,19,5,3,-0.364355342080891
446,x,22,6,-2,-0.617874340292529
446,x,23,7,1,-0.74304256577876
446,x,26,5,5,1.1191496575076
446,x,27,5,-5,0.126477430286846
446,x,31,7,-3,0.193834415209839
446,x,37,6,6,-0.45321713761419
446,x,38,6,-6,-0.540558717140188
446,x,39,7,5,-0.131454265273644
446,y,5,2,2,-0.201910085229505
446,y,8,3,-1,0.6949714898253
446,y,13,4,-2,-2.55328012294965
446,y,14,5,1,-0.399647849041409
446,y,15,5,-1,-1.43559070672338
446,y,19,5,3,-0.645671971452813
446,y,23,7,1,-0.271270268777338
446,y,24,7,-1,0.02421611445952
446,y,26,5,5,-0.487385940121047
446,y,28,6,4,0.698774914273735
446,y,30,7,3,-0.386549433497245
446,y,37,6,6,-0.22634639477999
446,y,38,6,-6,-0.395241177035518
446,y,39,7,5,-0.304276834023384
446,y,40,7,-5,0.338234370348417
446,y,51,7,-7,-0.00988245558157983
447,x,4,2,0,-1.05182260911151
447,x,7,3,1,1.3209955008532
447,x,10,3,3,1.28149516534321
447,x,12,4,2,-0.293943220826259
447,x,14,5,1,-0.559233150247974
447,x,22,6,-2,0.603795577752691
447,x,23,7,1,0.295531909069434
447,x,24,7,-1,-0.796639821066633
447,x,26,5,5,0.596791509887716
447,x,30,7,3,0.484345245986961
447,x,50,7,7,-0.087568742665812
447,y,1,0,0,-2.31534564388271
447,y,5,2,2,-1.01654329088386
447,y,6,2,-2,-1.87112069153087
447,y,7,3,1,-2.50318369865238
447,y,9,4,0,0.169187067694034
447,y,11,3,-3,-0.854328246354415
447,y,12,4,2,-1.63415901724051
447,y,14,5,1,-0.364738304047143
447,y,15,5,-1,-0.0401486341517492
447,y,17,4,4,0.438440427362742
447,y,22,6,-2,0.206957609361071
447,y,23,7,1,-0.116776471549635
447,y,37,6,6,0.0802372430319488
447,y,50,7,7,0.308053152033258
447,y,51,7,-7,0.190941152987143
448,x,1,0,0,-1.05166260013858
448,x,2,1,1,3.00268018879361
448,x,3,1,-1,0.261771389829143
448,x,4,2,0,-1.59674349042209
448,x,5,2,2,1.78398778908216
448,x,6,2,-2,-1.34076305790673
448,x,7,3,1,0.630757128089176
448,x,12,4,2,0.740329640291266
448,x,14,5,1,-0.761362558695107
448,x,16,6,0,0.518894148944757
448,x,18,4,-4,1.52505693268258
448,x,22,6,-2,0.0675383618996995
448,x,23,7,1,-0.124599031464345
448,x,24,7,-1,0.445996197005583
448,x,26,5,5,0.119103206208337
448,x,30,7,3,-0.0569057834439796
448,x,38,6,-6,-1.22987223505648
448,x,39,7,5,-0.384566865240729
448,x,40,7,-5,-0.189410123327789
448,y,1,0,0,2.00557426213911
448,y,4,2,0,0.367246594249178
448,y,7,3,1,0.303968720072993
448,y,16,6,0,-0.329953999924478
448,y,17,4,4,-1.28840685683844
448,y,19,5,3,0.10258835536802
448,y,27,5,-5,-0.576779851902904
448,y,30,7,3,-0.196299105984583
448,y,37,6,6,-0.347656150899487
448,y,39,7,5,-0.0833492760272557
448,y,51,7,-7,0.648347037813934
449,x,5,2,2,1.99169279368349
449,x,6,2,-2,1.18453123133569
449,x,9,4,0,0.0175624734420323
449,x,11,3,-3,0.836614994713165
449,x,15,5,-1,0.816300148863328
449,x,20,5,-3,-0.0979595660603673
449,x,21,6,2,0.189925076417438
449,x,23,7,1,0.19969120798476
449,x,27,5,-5,-0.67701749346927
449,x,29,6,-4,-0.973486129530031
449,x,31,7,-3,0.150072322160979
449,x,37,6,6,0.0249258973685958
449,x,38,6,-6,0.928415800834964
449,x,51,7,-7,-0.364994405919727
449,y,1,0,0,-4.14125755129726
449,y,2,1,1,2.71276111062826
449,y,8,3,-1,-0.63380015057149
449,y,12,4,2,-1.60015038171624
449,y,16,6,0,0.0267403195040536
449,y,19,5,3,-0.46579378108104
449,y,28,6,4,-0.39018257236631
449,y,29,6,-4,0.519168342757139
449,y,30,7,3,0.478735725200027
449,y,37,6,6,0.463789107543867
449,y,39,7,5,-0.261624693075613
449,y,40,7,-5,-0.0425202063750832
450,x,3,1,-1,-0.932721642831313
450,x,4,2,0,0.53241934749008
450,x,7,3,1,0.966342046247014
450,x,11,3,-3,-0.82039480030836
450,x,12,4,2,0.889695502126805
450,x,14,5,1,1.48408089363599
450,x,15,5,-1,0.667307251727283
450,x,16,6,0,-0.539637384538196
450,x,17,4,4,-0.329425075029053
450,x,21,6,2,-0.678301427993593
450,x,23,7,1,0.408843492724901
450,x,24,7,-1,-0.260495699897295
450,x,26,5,5,0.455493553661695
450,x,27,5,-5,0.0594273248467932
450,x,28,6,4,-0.241418997995125
450,x,30,7,3,0.153520860597615
450,x,38,6,-6,-0.984765963180841
450,x,40,7,-5,0.241894291478501
450,y,2,1,1,-2.27157068717195
450,y,3,1,-1,8.11770244468821
450,y,6,2,-2,-1.53204894744594
450,y,7,3,1,-0.611360113135503
450,y,11,3,-3,-1.05604089070065
450,y,13,4,-2,0.576748797050019
450,y,15,5,-1,-1.35066508439854
450,y,18,4,-4,-0.0631286759090131
450,y,19,5,3,-0.167692282642468
450,y,20,5,-3,0.293340088427546
450,y,21,6,2,-0.25825221239309
450,y,22,6,-2,1.06552931667818
450,y,26,5,5,0.0577166282508933
450,y,27,5,-5,-0.186150131845504
450,y,30,7,3,-0.313634012913712
450,y,31,7,-3,0.456453430967476
450,y,37,6,6,-0.551227781698289
450,y,38,6,-6,0.248819317052833
450,y,39,7,5,0.0863409293571289
450,y,40,7,-5,-0.349537096203388
451,x,1,0,0,-0.853436587126567
451,x,5,2,2,2.00501650731489
451,x,6,2,-2,-0.612425485912014
451,x,8,3,-1,1.1371876008246
451,x,9,4,0,-0.100697453515859
451,x,10,3,3,-0.673487990938764
451,x,13,4,-2,-0.574305379600551
451,x,14,5,1,-0.223922327769466
451,x,16,6,0,-0.229828669210879
451,x,18,4,-4,0.12867030543938
451,x,19,5,3,-1.34526657517065
451,x,20,5,-3,-0.803805553449279
451,x,22,6,-2,-0.137141777197659
451,x,27,5,-5,0.6063563926971
451,x,28,6,4,1.46650048759263
451,x,29,6,-4,0.963054730200101
451,x,31,7,-3,0.353756918347103
451,x,38,6,-6,-0.204790185618648
451,x,40,7,-5,0.145778736329674
451,x,51,7,-7,0.225983664955708
451,y,2,1,1,-1.59317547965
451,y,3,1,-1,1.43332110230174
451,y,5,2,2,-0.853746167481295
451,y,6,2,-2,-2.06139302193656
451,y,7,3,1,-0.0661543938242677
451,y,8,3,-1,-1.63696662452995
451,y,10,3,3,-0.554583147438979
451,y,12,4,2,-0.511382299271267
451,y,14,5,1,-0.0957117223676811
451,y,16,6,0,-0.13559746494467
451,y,23,7,1,0.278536489365362
451,y,28,6,4,-0.528775787397712
451,y,29,6,-4,-0.612454912259905
451,y,40,7,-5,-0.613653495151292
451,y,51,7,-7,-0.499944800771879
452,x,1,0,0,1.26690471496837
452,x,2,1,1,3.49657162263787
452,x,6,2,-2,1.28779409596739
452,x,12,4,2,0.55619100226193
452,x,13,4,-2,-0.717008747034766
452,x,16,6,0,-0.127685876874752
452,x,19,5,3,0.550390596846542
452,x,22,6,-2,-0.153179293794482
452,x,23,7,1,0.266858021174071
452,x,28,6,4,0.0895135526085234
452,x,29,6,-4,0.145178386125431
452,x,37,6,6,0.450835873556926
452,x,39,7,5,0.795357602963084
452,x,40,7,-5,-0.429246815129289
452,x,50,7,7,-0.540212003837127
452,x,51,7,-7,0.694740353272642
452,y,4,2,0,2.33611019275263
452,y,7,3,1,1.84970516258662
452,y,9,4,0,-0.482569595539717
452,y,14,5,1,-0.885904975245892
452,y,15,5,-1,-0.254037371160188
452,y,19,5,3,-0.521711535612283
452,y,26,5,5,0.450469719043373
452,y,37,6,6,0.157294736991161
452,y,39,7,5,0.0624387543425443
452,y,51,7,-7,-0.257890925904811
453,x,2,1,1,-0.818920852670392
453,x,3,1,-1,-1.51591166042705
453,x,4,2,0,-2.1452990637513
453,x,5,2,2,1.60531625689306
453,x,8,3,-1,-1.31325897774992
453,x,11,3,-3,1.00474187897464
453,x,13,4,-2,1.14524542422425
453,x,14,5,1,-0.199269912013255
453,x,19,5,3,-0.0901499875679615
453,x,22,6,-2,-0.165456462478872
453,x,26,5,5,0.0153711361450621
453,x,28,6,4,0.690610009612636
453,x,30,7,3,0.454576607458847
453,x,31,7,-3,0.365565028888234
453,x,40,7,-5,-0.524668982203321
453,x,50,7,7,0.00319013786517574
453,y,5,2,2,1.42008235867057
453,y,7,3,1,0.494852195447755
453,y,9,4,0,-1.63425761896613
453,y,13,4,-2,0.262260025095313
453,y,14,5,1,-1.43074077045996
453,y,23,7,1,-0.270267088738182
453,y,37,6,6,-0.53985230910463
453,y,38,6,-6,1.22547376436464
453,y,40,7,-5,0.516910873918752
453,y,51,7,-7,0.716625324923605
454,x,3,1,-1,-2.86329077567453
454,x,4,2,0,-0.0465049416336235
454,x,7,3,1,0.251330041357597
454,x,8,3,-1,-1.37534246376418
454,x,12,4,2,0.177291248673671
454,x,17,4,4,-0.873931235062684
454,x,18,4,-4,-0.110304390083675
454,x,22,6,-2,0.30527548558955
454,x,23,7,1,-0.264157686358669
454,x,26,5,5,-1.12466890614251
454,x,29,6,-4,0.212457965817826
454,x,30,7,3,-0.388558889137741
454,x,31,7,-3,0.764921307895986
454,x,50,7,7,0.184519427635261
454,y,1,0,0,4.68119766630198
454,y,3,1,-1,1.62707759542843
454,y,7,3,1,-0.104203870924711
454,y,8,3,-1,-0.792536507410652
454,y,10,3,3,-0.538816781408915
454,y,16,6,0,0.341350748869311
454,y,20,5,-3,0.0556664677915565
454,y,21,6,2,-0.575489470173674
454,y,24,7,-1,-0.351018155160555
454,y,26,5,5,-0.77858334865045
454,y,40,7,-5,0.289423421154149
454,y,50,7,7,0.0712585086229304
455,x,1,0,0,3.93206523630368
455,x,3,1,-1,-0.770919893247774
455,x,10,3,3,0.717405116236924
455,x,11,3,-3,-0.0592944062633752
455,x,12,4,2,1.77486202777696
455,x,13,4,-2,-0.116318374758382
455,x,15,5,-1,-0.0181287364503503
455,x,17,4,4,0.736215481875857
455,x,18,4,-4,1.95179109374642
455,x,19,5,3,-0.254397831520433
455,x,26,5,5,0.169197057937021
455,x,27,5,-5,-0.0679806674162634
455,x,29,6,-4,0.365524711842511
455,x,30,7,3,-0.233340131540016
455,x,31,7,-3,-0.673346210176649
455,x,37,6,6,0.0328961624610211
455,x,38,6,-6,0.19303527730692
455,x,51,7,-7,0.1572368114618
455,y,2,1,1,0.024007064065956
455,y,3,1,-1,2.73429038971001
455,y,5,2,2,1.49661627111036
455,y,7,3,1,-0.260942928584919
455,y,8,3,-1,-0.958749980409336
455,y,10,3,3,-0.00266041136931894
455,y,11,3,-3,0.193683280516131
455,y,13,4,-2,0.933904408903159
455,y,18,4,-4,0.397259706650242
455,y,19,5,3,-0.0426306168547018
455,y,21,6,2,-0.648804489077641
455,y,22,6,-2,1.07846906028162
455,y,26,5,5,0.505016473682898
455,y,28,6,4,-0.501289191071472
455,y,29,6,-4,0.280675679979133
455,y,30,7,3,-0.0503289317609087
455,y,50,7,7,0.127087615468872
456,x,7,3,1,-1.50899168443798
456,x,11,3,-3,-0.416190506435968
456,x,12,4,2,-1.69585356150483
456,x,14,5,1,1.58154200296337
456,x,16,6,0,0.643090811052971
456,x,23,7,1,0.227070256947946
456,x,24,7,-1,0.350108731928706
456,x,29,6,-4,-1.53618997774567
456,x,38,6,-6,-0.678203456513714
456,x,50,7,7,0.0542967028490086
456,y,4,2,0,3.70104439763321
456,y,5,2,2,0.860132897036018
456,y,6,2,-2,1.17540424956229
456,y,12,4,2,0.0441566117583394
456,y,23,7,1,0.282109659194293
456,y,24,7,-1,-0.594778317650782
456,y,27,5,-5,-0.530169973425494
456,y,37,6,6,0.681317832838388
456,y,38,6,-6,-0.320478143589482
456,y,50,7,7,0.0406027480353964
457,x,2,1,1,2.20260851010973
457,x,3,1,-1,3.41753246479545
457,x,6,2,-2,0.207958659983176
457,x,9,4,0,-0.275691019995481
457,x,10,3,3,-0.125866298281938
457,x,11,3,-3,1.51993425583289
457,x,15,5,-1,-0.714912217809662
457,x,24,7,-1,-0.0896231289235196
457,x,27,5,-5,0.176192409614435
457,x,29,6,-4,1.12521686304939
457,x,30,7,3,-0.595830737027089
457,x,37,6,6,0.0790371600057371
457,x,39,7,5,-0.0659495755660124
457,x,50,7,7,0.40680333540064
457,y,1,0,0,-4.88542683355521
457,y,4,2,0,0.323975846812395
457,y,7,3,1,1.54962049701581
457,y,9,4,0,-0.515728384696582
457,y,10,3,3,-1.68412862193573
457,y,11,3,-3,1.6276314760482
457,y,13,4,-2,-1.03661352852513
457,y,15,5,-1,0.55707532167069
457,y,17,4,4,0.0749078038260061
457,y,18,4,-4,-1.58508192017721
457,y,19,5,3,-1.06793088297978
457,y,20,5,-3,-0.238369551445887
457,y,21,6,2,0.325345954995475
457,y,22,6,-2,-0.957093211994114
457,y,24,7,-1,0.257202063375541
457,y,30,7,3,-0.350207553626021
457,y,31,7,-3,-0.0865917575720951
457,y,40,7,-5,0.214674663131256
457,y,51,7,-7,-0.160292640117309
458,x,2,1,1,0.693117622255536
458,x,4,2,0,1.51081639259238
458,x,10,3,3,-0.348253184577191
458,x,12,4,2,0.695821276675241
458,x,15,5,-1,0.298963365237811
458,x,16,6,0,0.463031996552306
458,x,17,4,4,-1.06542161399919
458,x,19,5,3,-0.559111309325817
458,x,24,7,-1,-0.358134371451802
458,x,28,6,4,-0.300557964071407
458,x,31,7,-3,-0.660878804694465
458,x,38,6,-6,0.120370264457515
458,y,1,0,0,-3.57132488010995
458,y,2,1,1,1.41740644063338
458,y,5,2,2,-1.89361883362657
458,y,7,3,1,1.45808822049855
458,y,8,3,-1,-1.42489187413042
458,y,9,4,0,0.801528317200884
458,y,11,3,-3,0.777900969275817
458,y,15,5,-1,-0.0597735609052514
458,y,21,6,2,0.376420197100918
458,y,26,5,5,0.660088745994971
458,y,28,6,4,-0.713688076610382
458,y,37,6,6,0.179719837233719
458,y,40,7,-5,-0.261232007645371
458,y,50,7,7,0.808073682829115
458,y,51,7,-7,-0.114290187613126
459,x,1,0,0,-0.0662572445190377
459,x,2,1,1,4.39483303834275
459,x,5,2,2,-2.93367558927978
459,x,6,2,-2,-1.62629132740343
459,x,19,5,3,0.30936207770993
459,x,23,7,1,0.482023042110376
459,x,27,5,-5,0.208290977405221
459,x,29,6,-4,-0.244316982435287
459,x,30,7,3,0.436342363488714
459,x,37,6,6,-0.483401357751672
459,y,1,0,0,-0.337170417828518
459,y,2,1,1,-1.99239389991207
459,y,3,1,-1,1.46813914403448
459,y,5,2,2,1.78917725366163
459,y,6,2,-2,-0.333860246379133
459,y,12,4,2,-0.209210046211897
459,y,13,4,-2,0.374328014596118
459,y,14,5,1,0.0642153990392062
459,y,17,4,4,0.499190945852666
459,y,24,7,-1,0.0794591057374465
459,y,26,5,5,-0.0774719839139405
459,y,29,6,-4,0.733001600665836
459,y,30,7,3,0.867162992450637
459,y,38,6,-6,-0.0809705511933046
459,y,40,7,-5,0.0740919140371351
459,y,50,7,7,0.0517738890764224
459,y,51,7,-7,0.642816101414478
460,x,7,3,1,-2.64579390573005
460,x,11,3,-3,-0.209837412165421
460,x,15,5,-1,-0.0571948712259678
460,x,21,6,2,-0.0567430112210968
460,x,23,7,1,-0.741449252393852
460,x,24,7,-1,0.32297304290346
460,x,27,5,-5,-0.245766194579121
460,x,29,6,-4,0.196957083723823
460,x,30,7,3,0.525747552570562
460,x,31,7,-3,-0.0906999910436951
460,x,37,6,6,0.366665759490208
460,x,38,6,-6,-1.38579397372257
460,x,40,7,-5,0.481628489069296
460,x,50,7,7,0.538699503805693
460,y,3,1,-1,0.193287530893846
460,y,5,2,2,-0.723702564926432
460,y,6,2,-2,-0.219119523678891
460,y,7,3,1,1.31602156364087
460,y,8,3,-1,1.68185296545636
460,y,10,3,3,-0.737895645196773
460,y,14,5,1,-0.389423453309175
460,y,16,6,0,-0.629559461409613
460,y,17,4,4,-0.810440546622089
460,y,18,4,-4,-0.521969227250231
460,y,20,5,-3,0.639148436835709
460,y,22,6,-2,0.670530542035083
460,y,23,7,1,0.501699117893285
460,y,28,6,4,0.0256639280851282
460,y,29,6,-4,0.164836170431959
460,y,30,7,3,-0.300134438100852
460,y,31,7,-3,-0.627024445923155
460,y,39,7,5,0.499630680789338
460,y,40,7,-5,0.074500740079085
460,y,50,7,7,0.504954468590708
461,x,1,0,0,3.07729769080847
461,x,4,2,0,-0.29614587659365
461,x,5,2,2,-1.18585385883257
461,x,6,2,-2,1.07583865848646
461,x,8,3,-1,0.277972460993277
461,x,12,4,2,-0.613039411826035
461,x,13,4,-2,0.226791364074667
461,x,14,5,1,0.296136764034087
461,x,15,5,-1,0.997193391779201
461,x,19,5,3,0.0149100087432732
461,x,21,6,2,-0.322592269429461
461,x,23,7,1,-0.141533853673778
461,x,28,6,4,-0.000118386197987405
461,x,29,6,-4,0.0396354453844666
461,x,30,7,3,-0.0322096763238988
461,x,38,6,-6,-0.511635310286947
461,x,39,7,5,-0.477535917593771
461,x,40,7,-5,-0.00425984356530369
461,x,51,7,-7,0.0633840367447664
461,y,1,0,0,-4.90094555301632
461,y,2,1,1,-1.59239120604622
461,y,4,2,0,2.78444742099625
461,y,9,4,0,0.150190666392129
461,y,10,3,3,-1.84967135261269
461,y,11,3,-3,-1.10643257902191
461,y,16,6,0,1.43196011737371
461,y,17,4,4,-1.61709362448587
461,y,21,6,2,0.31190928195261
461,y,28,6,4,0.379121776773794
461,y,29,6,-4,-0.203820267007469
461,y,37,6,6,-0.0172759309782609
461,y,51,7,-7,-0.132371566975595
462,x,5,2,2,1.78150624309701
462,x,7,3,1,-0.587347467513681
462,x,9,4,0,-0.550331666371431
462,x,10,3,3,1.76130933951161
462,x,12,4,2,-0.366406117671537
462,x,15,5,-1,0.680282263754027
462,x,28,6,4,-0.959026615417932
462,x,30,7,3,-0.779250492050014
462,x,39,7,5,-1.38529230631249
462,x,50,7,7,1.17936866294063
462,y,3,1,-1,5.42967739869829
462,y,7,3,1,1.64766801616249
462,y,10,3,3,-1.53589117836172
462,y,11,3,-3,1.72085120056671
462,y,16,6,0,-0.84066936477355
462,y,18,4,-4,0.1073675444037
462,y,19,5,3,-0.117965451528637
462,y,20,5,-3,-0.333177501843502
462,y,21,6,2,0.251077118468606
462,y,22,6,-2,-0.548802527397144
462,y,24,7,-1,0.17994129284993
462,y,26,5,5,-0.621994450638277
462,y,31,7,-3,-0.243235004759177
462,y,40,7,-5,-0.261050665660117
463,x,4,2,0,-0.555745486247218
463,x,5,2,2,-0.133352159240175
463,x,8,3,-1,-0.742319355788109
463,x,10,3,3,-0.311995211423919
463,x,11,3,-3,0.774269230720182
463,x,13,4,-2,-2.56080657451759
463,x,16,6,0,-0.77318285832924
463,x,18,4,-4,-0.380314016637145
463,x,19,5,3,0.267661636152956
463,x,22,6,-2,0.420928009509966
463,x,23,7,1,0.304961296370743
463,x,24,7,-1,-0.39893476375992
463,x,30,7,3,0.259611264852799
463,x,37,6,6,-0.326656236233731
463,x,38,6,-6,-0.249787403861959
463,x,39,7,5,0.0645295553290405
463,x,40,7,-5,0.604312991539513
463,y,7,3,1,0.316360995153223
463,y,9,4,0,-0.205414589653895
463,y,13,4,-2,0.259193092777989
463,y,14,5,1,0.630441751061441
463,y,15,5,-1,-0.0199159129866246
463,y,17,4,4,-1.25985696133573
463,y,18,4,-4,-2.99099682251828
463,y,21,6,2,0.893892649129344
463,y,22,6,-2,0.778183627727162
463,y,29,6,-4,0.280898036134403
463,y,30,7,3,-0.384913410683964
463,y,31,7,-3,0.147837608743495
463,y,37,6,6,0.822879333154044
463,y,40,7,-5,-1.06833086688636
464,x,1,0,0,-2.88518010755356
464,x,4,2,0,-1.56527142574071
464,x,5,2,2,-0.0426035205036578
464,x,6,2,-2,-1.45503630878568
464,x,7,3,1,-1.84924711715012
464,x,13,4,-2,0.17956387153536
464,x,15,5,-1,-0.357492943915701
464,x,17,4,4,0.0775009959780922
464,x,18,4,-4,0.713864033389105
464,x,19,5,3,0.306262375864174
464,x,22,6,-2,0.188701046655548
464,x,27,5,-5,-0.437933670141465
464,x,28,6,4,-0.229040426716876
464,x,29,6,-4,-0.719542978142637
464,x,40,7,-5,-0.629578335241852
464,x,51,7,-7,0.714174232209733
464,y,1,0,0,-0.166266217131707
464,y,3,1,-1,-0.483277231747262
464,y,7,3,1,-2.54326831634188
464,y,10,3,3,0.610623933244897
464,y,11,3,-3,0.498116149122697
464,y,14,5,1,-0.732984865918658
464,y,18,4,-4,-0.359138557741402
464,y,24,7,-1,-0.322774306703087
464,y,29,6,-4,0.0044862987651831
464,y,40,7,-5,-1.1332679172818
464,y,50,7,7,0.617960458310997
465,x,3,1,-1,-1.36723375448141
465,x,4,2,0,-0.601743606816509
465,x,10,3,3,-0.580244102890858
465,x,11,3,-3,0.925807363135647
465,x,15,5,-1,1.16748079852128
465,x,19,5,3,-0.142216993628446
465,x,20,5,-3,-0.452943950873896
465,x,23,7,1,0.452334460300544
465,x,24,7,-1,1.15348133241938
465,x,28,6,4,0.322584469566224
465,x,30,7,3,-1.19853929386571
465,x,37,6,6,0.003454343626741
465,y,3,1,-1,-6.65938443527753
465,y,4,2,0,0.0468604969663251
465,y,6,2,-2,0.936610121613824
465,y,8,3,-1,0.453381495364156
465,y,10,3,3,0.525267308535558
465,y,11,3,-3,-0.0275527726647478
465,y,16,6,0,0.544768374664971
465,y,19,5,3,0.789128991448657
465,y,20,5,-3,0.46479189562857
465,y,23,7,1,-0.00486769706850457
465,y,24,7,-1,-0.155425292384611
465,y,27,5,-5,-0.113738162410116
465,y,28,6,4,-0.818402436424144
465,y,29,6,-4,-0.430102447047392
465,y,30,7,3,-0.883183449751418
465,y,31,7,-3,-0.0315904028089265
465,y,37,6,6,-0.113629914176987
465,y,39,7,5,0.00511720092119526
466,x,1,0,0,1.2987028248506
466,x,2,1,1,1.13285481935709
466,x,3,1,-1,0.989043106807608
466,x,5,2,2,3.02640653543562
466,x,6,2,-2,2.59324622629415
466,x,7,3,1,1.6925255988806
466,x,9,4,0,0.19939193723864
466,x,15,5,-1,-0.334035237182985
466,x,16,6,0,0.556083843681845
466,x,21,6,2,-0.315841573606061
466,x,22,6,-2,0.547721514095709
466,x,26,5,5,0.144254925873173
466,x,27,5,-5,0.569946318047235
466,x,28,6,4,0.217789849370246
466,x,29,6,-4,-0.214776305793307
466,x,40,7,-5,0.527514783027502
466,x,50,7,7,0.0407870470897791
466,x,51,7,-7,-0.29430473699262
466,y,1,0,0,-3.37824762209932
466,y,5,2,2,0.488985583440003
466,y,8,3,-1,0.163886572656432
466,y,10,3,3,-0.238446330304188
466,y,21,6,2,-0.399661801347693
466,y,22,6,-2,-0.301945896629951
466,y,26,5,5,-0.230629909450257
466,y,31,7,-3,0.510481124747116
466,y,38,6,-6,-0.218500298413385
466,y,40,7,-5,-1.16922818715311
466,y,50,7,7,-0.173309760356243
467,x,1,0,0,0.597748914016764
467,x,4,2,0,-0.673405949798452
467,x,6,2,-2,-1.55617457989204
467,x,8,3,-1,-0.565882472320532
467,x,9,4,0,-0.413654093149119
467,x,12,4,2,-0.565966574118623
467,x,15,5,-1,-1.45453247431663
467,x,19,5,3,-0.0201556862949542
467,x,20,5,-3,1.1133456872174
467,x,22,6,-2,0.913294139603368
467,x,24,7,-1,0.123795402767591
467,x,26,5,5,-0.497735449413592
467,x,28,6,4,0.637282297700212
467,x,37,6,6,0.262424213322822
467,x,38,6,-6,0.777134810586511
467,x,39,7,5,0.322811971984745
467,x,40,7,-5,-0.0865663632033668
467,x,50,7,7,-0.243555366702193
467,y,2,1,1,5.74026882796124
467,y,3,1,-1,2.72604676689926
467,y,4,2,0,-1.58843217076913
467,y,6,2,-2,0.356181102231625
467,y,11,3,-3,-0.0429809683683374
467,y,12,4,2,-0.267938367799173
467,y,16,6,0,0.103773595948159
467,y,18,4,-4,0.702116634778053
467,y,19,5,3,-0.362112756384931
467,y,21,6,2,0.272563413530478
467,y,22,6,-2,0.290930968682488
467,y,24,7,-1,-0.109641836055347
467,y,26,5,5,0.907648765770888
467,y,30,7,3,-0.241183140943198
467,y,31,7,-3,-0.392402366198431
467,y,37,6,6,-0.125507068079979
467,y,38,6,-6,-0.248656147874627
467,y,39,7,5,0.202103703597241
467,y,50,7,7,0.223487331909292
467,y,51,7,-7,-0.901611416769411
468,x,1,0,0,-2.41493890050035
468,x,3,1,-1,0.934962670711262
468,x,4,2,0,-2.09682333176377
468,x,9,4,0,0.293045151093784
468,x,12,4,2,-0.58580915691885
468,x,14,5,1,1.03329722673732
468,x,18,4,-4,0.42262031746032
468,x,24,7,-1,-0.754468074295408
468,x,27,5,-5,1.18995860777867
468,x,50,7,7,0.47243681383949
468,x,51,7,-7,0.0547120121185856
468,y,7,3,1,1.79576533558439
468,y,11,3,-3,-1.62719170463167
468,y,12,4,2,-0.550761971666473
468,y,16,6,0,0.615191246216754
468,y,23,7,1,0.495759006496295
468,y,24,7,-1,-0.339245995077748
468,y,26,5,5,-1.629548074881
468,y,27,5,-5,0.529490234380935
468,y,30,7,3,-0.0679373009595209
468,y,40,7,-5,0.508584156425133
469,x,5,2,2,-0.734006150728344
469,x,6,2,-2,-2.62266638487409
469,x,16,6,0,0.303916601736099
469,x,17,4,4,-0.782300268325433
469,x,18,4,-4,0.944800677520151
469,x,22,6,-2,-0.482339992686094
469,x,23,7,1,-0.0834946706669072
469,x,24,7,-1,0.0696471107757649
469,x,26,5,5,-0.844985895071154
469,x,27,5,-5,-0.574120590590669
469,x,28,6,4,-0.36595439369358
469,x,29,6,-4,-0.280797546953264
469,x,39,7,5,0.110332033995385
469,y,2,1,1,-0.617054708945584
469,y,5,2,2,2.6946387665631
469,y,6,2,-2,-0.29236107461263
469,y,8,3,-1,-0.244743039716032
469,y,10,3,3,1.53932248718967
469,y,12,4,2,-0.373317772313477
469,y,14,5,1,-0.770858991114771
469,y,23,7,1,-0.407646776232883
469,y,28,6,4,-0.395619034343519
469,y,40,7,-5,-0.927302122726771
470,x,1,0,0,1.32684510465902
470,x,2,1,1,2.60760505960231
470,x,7,3,1,-0.586008208580091
470,x,8,3,-1,-1.83181401042602
470,x,10,3,3,-0.679782309478818
470,x,12,4,2,0.825822294569921
470,x,13,4,-2,0.278190656805604
470,x,14,5,1,0.0788756598912704
470,x,16,6,0,0.151648539862672
470,x,20,5,-3,0.168446508149427
470,x,22,6,-2,0.563905338703686
470,x,24,7,-1,0.0647467082606125
470,x,26,5,5,1.0054125140826
470,x,30,7,3,0.0679127799406404
470,x,37,6,6,-0.359815747864221
470,x,39,7,5,0.180044173786572
470,x,40,7,-5,-0.116342566289101
470,y,2,1,1,0.794613963524593
470,y,5,2,2,1.6114332490114
470,y,8,3,-1,-0.357790254228928
470,y,11,3,-3,1.00770544746004
470,y,12,4,2,-0.88426567710458
470,y,13,4,-2,1.11196934090092
470,y,19,5,3,-0.699283636930474
470,y,20,5,-3,0.772731530290436
470,y,22,6,-2,0.434006122462774
470,y,26,5,5,-0.179238958704284
470,y,28,6,4,-0.0306939079726715
470,y,31,7,-3,0.916227755110208
470,y,38,6,-6,-0.448268086185858
470,y,50,7,7,0.438789547933287
471,x,6,2,-2,1.58539521386921
471,x,7,3,1,-0.729511647979942
471,x,8,3,-1,0.974149037111937
471,x,10,3,3,-0.614015555559797
471,x,11,3,-3,-2.0864594187432
471,x,12,4,2,0.0614324735820617
471,x,18,4,-4,-0.210469534862061
471,x,19,5,3,-0.184948487048723
471,x,22,6,-2,-0.506424056485281
471,x,26,5,5,-0.167257408531412
471,x,27,5,-5,0.808089462935264
471,x,28,6,4,-0.336537372383722
471,x,37,6,6,0.553497075770826
471,x,50,7,7,0.497927795327078
471,x,51,7,-7,0.0780648900902182
471,y,1,0,0,-7.77795930913003
471,y,5,2,2,-0.822530537536388
471,y,7,3,1,-0.710539147529739
471,y,8,3,-1,0.501871834785797
471,y,9,4,0,-1.02311873342718
471,y,10,3,3,0.895826921699952
471,y,11,3,-3,1.03155259498542
471,y,12,4,2,-0.0534478139240945
471,y,13,4,-2,0.223488719256212
471,y,14,5,1,0.484841677675236
471,y,16,6,0,-0.652583963327378
471,y,17,4,4,0.565756970083595
471,y,18,4,-4,-0.910846281038374
471,y,20,5,-3,-0.390520110360513
471,y,26,5,5,-0.142519307641321
471,y,28,6,4,0.00222081346713811
471,y,29,6,-4,-0.561330724026083
471,y,37,6,6,-0.111995150533015
471,y,40,7,-5,-0.508689328082564
472,x,1,0,0,-2.92289532625514
472,x,3,1,-1,0.162674224920721
472,x,4,2,0,-1.21666915151813
472,x,8,3,-1,1.59940907503564
472,x,10,3,3,0.44521334158651
472,x,11,3,-3,-0.555479878312225
472,x,12,4,2,-0.198821754358764
472,x,14,5,1,0.433422612768187
472,x,17,4,4,-0.865495781832519
472,x,18,4,-4,0.165365527166066
472,x,24,7,-1,0.216517384179782
472,x,28,6,4,0.911006630485585
472,x,31,7,-3,-0.0106681361272589
472,x,40,7,-5,-0.491912485589517
472,x,51,7,-7,0.377823721932927
472,y,2,1,1,0.598818269659442
472,y,3,1,-1,-1.47052021042757
472,y,5,2,2,-0.0771359802053954
472,y,7,3,1,-0.419085970208553
472,y,10,3,3,1.38074715849047
472,y,11,3,-3,-0.377816859890282
472,y,12,4,2,-0.888115615070087
472,y,16,6,0,0.116159056673051
472,y,19,5,3,0.19644707112864
472,y,20,5,-3,-1.36054830782976
472,y,22,6,-2,-0.965270452656251
472,y,27,5,-5,-0.789265818024917
472,y,31,7,-3,-0.280077309553119
472,y,37,6,6,-0.398768884346629
472,y,40,7,-5,0.175438421180435
473,x,3,1,-1,-0.60147194167255
473,x,4,2,0,2.61386575844887
473,x,5,2,2,-3.6040317561452
473,x,7,3,1,0.317910144286539
473,x,10,3,3,-1.12210854117235
473,x,11,3,-3,1.28218129673981
473,x,13,4,-2,0.426301804324128
473,x,15,5,-1,-1.03164833554054
473,x,16,6,0,0.492445170981027
473,x,23,7,1,-0.193891544592699
473,x,26,5,5,-0.138133383129014
473,x,30,7,3,0.0972273087410127
473,x,40,7,-5,0.00274873803666943
473,x,50,7,7,0.00992179516106346
473,y,1,0,0,-3.59831581144963
473,y,3,1,-1,-4.18363824498375
473,y,7,3,1,2.01345034204704
473,y,10,3,3,-1.69955264749995
473,y,12,4,2,-0.19121626468256
473,y,14,5,1,-0.713806827064393
473,y,15,5,-1,0.834926850543655
473,y,20,5,-3,0.785522776494125
473,y,21,6,2,-0.272293521019881
473,y,24,7,-1,0.000512524680753396
473,y,26,5,5,-0.239964502338891
473,y,27,5,-5,-0.159246601806159
473,y,29,6,-4,1.1239991586456
473,y,30,7,3,0.561922185334828
473,y,40,7,-5,-0.363082782784492
474,x,1,0,0,0.086416588117537
474,x,2,1,1,0.9927876394624
474,x,3,1,-1,-0.251309038120824
474,x,8,3,-1,0.168657434086155
474,x,10,3,3,-1.15206934302551
474,x,11,3,-3,-1.95070497811962
474,x,12,4,2,-0.63609557090522
474,x,13,4,-2,0.700545342064204
474,x,17,4,4,0.415803531938235
474,x,20,5,-3,-0.026260885847444
474,x,28,6,4,-0.461105223056131
474,x,30,7,3,0.478108894143836
474,x,31,7,-3,0.0581966642795145
474,x,38,6,-6,0.634263398550653
474,x,39,7,5,-0.434237937132686
474,x,40,7,-5,0.514973353794166
474,y,1,0,0,-1.5598215522794
474,y,4,2,0,-2.03723677913468
474,y,5,2,2,0.0586740397836364
474,y,8,3,-1,-0.710903754840856
474,y,9,4,0,0.402178406909403
474,y,12,4,2,-0.100871393319232
474,y,15,5,-1,0.593481221891502
474,y,16,6,0,-0.545596884452179
474,y,18,4,-4,-1.47628025183162
474,y,19,5,3,-0.583479629267859
474,y,23,7,1,-0.531208531378373
474,y,24,7,-1,0.379677815765162
474,y,37,6,6,-0.493879935516965
474,y,50,7,7,-0.0668503101286512
475,x,5,2,2,1.41051652631563
475,x,6,2,-2,0.866114768606744
475,x,8,3,-1,0.489365799000904
475,x,9,4,0,0.964790718712253
475,x,10,3,3,0.719288691329531
475,x,12,4,2,1.33612987010076
475,x,16,6,0,0.352781074607247
475,x,18,4,-4,-0.799390066973711
475,x,19,5,3,-0.600060315867261
475,x,20,5,-3,1.72942026606037
475,x,21,6,2,-0.426692237164364
475,x,24,7,-1,-0.381364007723174
475,x,28,6,4,-0.0760241660343839
475,x,37,6,6,-0.219613267755038
475,x,39,7,5,0.384544449234028
475,x,50,7,7,-0.597112132518722
475,y,1,0,0,2.84187167679187
475,y,2,1,1,2.62595059570298
475,y,3,1,-1,-4.70159204726438
475,y,4,2,0,0.908339075076063
475,y,7,3,1,-1.63725648045197
475,y,9,4,0,-0.0433184623145072
475,y,10,3,3,-0.391523509858353
475,y,11,3,-3,-1.51815464116428
475,y,12,4,2,0.958849215403894
475,y,13,4,-2,0.71541482659438
475,y,17,4,4,0.0284008933093619
475,y,18,4,-4,-0.934793793283664
475,y,21,6,2,0.655018624660169
475,y,24,7,-1,-0.057226425642284
475,y,29,6,-4,0.259894703919502
475,y,31,7,-3,-0.368135773088094
475,y,38,6,-6,0.826301881309344
475,y,50,7,7,0.361887146630524
475,y,51,7,-7,0.054633347081654
476,x,2,1,1,0.0796499366338873
476,x,3,1,-1,5.75684843101148
476,x,4,2,0,-0.462969673069387
476,x,6,2,-2,-1.89133003884428
476,x,7,3,1,-0.0905523098352
476,x,9,4,0,-0.905331321287031
476,x,13,4,-2,1.2065507967436
476,x,14,5,1,-0.291975999101422
476,x,15,5,-1,0.581905253410921
476,x,16,6,0,-1.01496170569125
476,x,18,4,-4,0.542813583317933
476,x,19,5,3,0.166830298986435
476,x,22,6,-2,-0.32316844917952
476,x,26,5,5,0.587809888051496
476,x,27,5,-5,-0.160798344764904
476,x,28,6,4,0.74549216699556
476,x,29,6,-4,0.0193609250408159
476,x,31,7,-3,0.0833923398077066
476,x,40,7,-5,0.326215103640297
476,x,51,7,-7,0.394494939677684
476,y,5,2,2,-2.15986621650341
476,y,6,2,-2,-0.995595846348557
476,y,8,3,-1,-0.707261997430441
476,y,12,4,2,-1.11935591633111
476,y,18,4,-4,-1.31543535559403
476,y,19,5,3,0.200858727047928
476,y,22,6,-2,-0.401698983969821
476,y,23,7,1,-0.1530441060402
476,y,27,5,-5,1.53066438002285
476,y,31,7,-3,0.375309455037113
476,y,38,6,-6,-0.841844547459493
477,x,1,0,0,1.75267851118726
477,x,2,1,1,5.20866296775161
477,x,3,1,-1,3.3229240024754
477,x,5,2,2,0.873253635826154
477,x,8,3,-1,0.137697075073888
477,x,11,3,-3,1.79316958514541
477,x,15,5,-1,0.423901838287967
477,x,18,4,-4,-2.04695189223358
477,x,19,5,3,0.218445335619252
477,x,21,6,2,0.282543429783648
477,x,22,6,-2,-0.0122247904643405
477,x,24,7,-1,-0.0589755433552037
477,x,26,5,5,0.489587217909237
477,x,29,6,-4,0.144535208803075
477,x,37,6,6,-0.449141822301768
477,x,40,7,-5,-0.142113810288469
477,x,50,7,7,0.180541011069843
477,y,2,1,1,-2.75235779630214
477,y,4,2,0,-2.11594610811175
477,y,6,2,-2,-2.27405329546724
477,y,12,4,2,0.237946588246838
477,y,13,4,-2,-0.614838542075213
477,y,16,6,0,0.887432712543405
477,y,18,4,-4,-0.336993372081597
477,y,20,5,-3,-0.34727938869802
477,y,22,6,-2,-0.643443855911122
477,y,24,7,-1,-0.0288328888127553
477,y,28,6,4,-0.222759832788841
477,y,29,6,-4,0.832152447187408
477,y,38,6,-6,-0.109117782663287
477,y,40,7,-5,0.478260184766505
477,y,50,7,7,0.207977395643696
478,x,1,0,0,3.10608067824064
478,x,5,2,2,0.358407902634579
478,x,6,2,-2,-1.70333329993126
478,x,8,3,-1,0.554832327862537
478,x,11,3,-3,0.724095575352211
478,x,12,4,2,0.607858456872462
478,x,15,5,-1,-0.0818457830473989
478,x,17,4,4,-0.421809281440975
478,x,19,5,3,0.26119948029679
478,x,21,6,2,1.12670375683852
478,x,22,6,-2,-0.404657550534865
478,x,23,7,1,0.0280172336474123
478,x,26,5,5,-0.459435680794042
478,x,28,6,4,-0.674145276739186
478,x,30,7,3,-0.847784808991301
478,x,37,6,6,0.436732985225732
478,x,39,7,5,-0.134673569478281
478,x,50,7,7,-0.366367069099415
478,x,51,7,-7,-0.606554472011965
478,y,3,1,-1,-4.18702251455247
478,y,4,2,0,0.351012066765653
478,y,5,2,2,0.0760048838598084
478,y,6,2,-2,0.552279756715422
478,y,9,4,0,0.3787685853109
478,y,10,3,3,1.66532617583489
478,y,11,3,-3,1.06362429954598
478,y,12,4,2,-0.950591692106566
478,y,17,4,4,-0.277240579771178
478,y,20,5,-3,-0.969191489871132
478,y,26,5,5,-1.29278718802612
478,y,30,7,3,0.0821052435308577
478,y,50,7,7,0.0896728868704247
478,y,51,7,-7,-0.176740868760629
479,x,2,1,1,0.178508867985271
479,x,3,1,-1,-5.89401049667454
479,x,5,2,2,-1.18847390365922
479,x,6,2,-2,-2.0262714936704
479,x,7,3,1,1.28680775308885
479,x,14,5,1,0.473173026960217
479,x,17,4,4,-0.631427613890157
479,x,21,6,2,0.216333917388986
479,x,22,6,-2,0.451121457062142
479,x,24,7,-1,-0.177671793603654
479,x,26,5,5,1.10027272667245
479,x,28,6,4,0.00423467118153535
479,x,51,7,-7,1.26141937412999
479,y,2,1,1,-0.142940568416583
479,y,4,2,0,0.67062440391247
479,y,5,2,2,-0.949718080277313
479,y,9,4,0,1.24568189638461
479,y,10,3,3,2.04812451947164
479,y,14,5,1,-0.196354166662872
479,y,17,4,4,-0.330957792404475
479,y,19,5,3,0.393485798575662
479,y,20,5,-3,-0.381305905795824
479,y,21,6,2,-0.547555908219449
479,y,23,7,1,0.264821927299347
479,y,27,5,-5,-0.194400608662884
479,y,29,6,-4,-0.168592750274487
479,y,38,6,-6,1.1231058196982
479,y,39,7,5,-0.130713594654051
480,x,4,2,0,1.83571098062106
480,x,8,3,-1,1.16829241484094
480,x,14,5,1,-0.0284304316004622
480,x,18,4,-4,-1.95546757225246
480,x,19,5,3,-0.434238522183179
480,x,22,6,-2,-0.0895725458027597
480,x,23,7,1,0.429039562491923
480,x,28,6,4,0.738097053046329
480,x,31,7,-3,0.312765497659858
480,x,37,6,6,1.2691142668767
480,x,38,6,-6,-0.292766598590472
480,x,39,7,5,-0.0593770842583931
480,x,51,7,-7,-0.862273415377722
480,y,1,0,0,0.418258171066971
480,y,4,2,0,-1.00013476604543
480,y,6,2,-2,0.551451698701147
480,y,8,3,-1,0.476882775511102
480,y,9,4,0,-0.880275677675846
480,y,10,3,3,-0.680979682745184
480,y,12,4,2,0.866876065945876
480,y,15,5,-1,0.499734855943013
480,y,16,6,0,0.114459595303169
480,y,18,4,-4,-0.257316064728473
480,y,19,5,3,0.134951601492004
480,y,21,6,2,0.839886584543826
480,y,24,7,-1,-0.506363974033168
480,y,26,5,5,0.98745956111376
480,y,27,5,-5,-0.197492064994241
480,y,28,6,4,0.133770238919639
480,y,29,6,-4,0.207783764620233
480,y,39,7,5,-0.83206864899465
480,y,50,7,7,0.326542443384875
480,y,51,7,-7,-0.196855670969386
481,x,1,0,0,-2.79588513995639
481,x,2,1,1,3.80331690196463
481,x,4,2,0,1.90269646711832
481,x,5,2,2,0.516788821956035
481,x,6,2,-2,0.867065188231809
481,x,7,3,1,0.290999427700925
481,x,8,3,-1,-0.406068420892338
481,x,11,3,-3,0.171981925407718
481,x,12,4,2,0.596144036604908
481,x,15,5,-1,0.435279356452273
481,x,17,4,4,1.10825831832882
481,x,22,6,-2,0.748501394205426
481,x,23,7,1,-0.249482987994586
481,x,26,5,5,0.160052255458078
481,x,27,5,-5,0.16139868523967
481,x,30,7,3,0.572915433647753
481,x,37,6,6,-0.0445728221075639
481,x,38,6,-6,-0.238947497016875
481,x,39,7,5,0.131952090010964
481,x,50,7,7,0.354359782173554
481,y,1,0,0,3.60154828560682
481,y,2,1,1,1.09090460701351
481,y,4,2,0,-0.432023025257283
481,y,5,2,2,-1.73303383558072
481,y,7,3,1,-0.670379852071576
481,y,10,3,3,0.702015605866911
481,y,11,3,-3,0.342133323218934
481,y,14,5,1,-0.126328923523502
481,y,16,6,0,0.0574134488347103
481,y,17,4,4,0.0623058847532841
481,y,19,5,3,0.42750001822468
481,y,20,5,-3,-0.249456355228168
481,y,21,6,2,-0.282414407575562
481,y,23,7,1,-0.43885900464798
481,y,27,5,-5,0.126057484877206
481,y,28,6,4,0.0508931016884308
481,y,30,7,3,0.815567655141273
482,x,6,2,-2,-1.23620407937851
482,x,9,4,0,-0.513991307628749
482,x,11,3,-3,-2.04496679929638
482,x,12,4,2,-0.101414637260491
482,x,14,5,1,0.142995627187197
482,x,15,5,-1,1.3173887727748
482,x,17,4,4,-0.0695860183531031
482,x,18,4,-4,-1.40700567801492
482,x,28,6,4,0.788930701433793
482,x,31,7,-3,0.294115590765875
482,x,39,7,5,-0.226075808374852
482,x,51,7,-7,-0.0264630600245991
482,y,1,0,0,-1.57171358641612
482,y,4,2,0,2.12679588513723
482,y,8,3,-1,-0.103588998760245
482,y,9,4,0,0.440974674798148
482,y,12,4,2,0.381397006308956
482,y,19,5,3,-0.779746382354239
482,y,24,7,-1,0.0793088144405714
482,y,26,5,5,-0.884537443513548
482,y,29,6,-4,0.233159288173681
482,y,38,6,-6,-0.0538056145882803
482,y,50,7,7,0.302441085945266
482,y,51,7,-7,-0.259932695384771
483,x,4,2,0,0.615727814420379
483,x,7,3,1,-2.21416741580677
483,x,13,4,-2,-0.178120370779159
483,x,15,5,-1,-0.00579408536058652
483,x,23,7,1,-0.935732937906797
483,x,27,5,-5,-1.22735481952264
483,x,28,6,4,0.553656664322495
483,x,29,6,-4,-0.362322371662177
483,x,30,7,3,-0.470073217295476
483,x,40,7,-5,-0.693977224102012
483,x,51,7,-7,-1.03256333376217
483,y,6,2,-2,-3.62612551311887
483,y,11,3,-3,-0.362859139758157
483,y,12,4,2,0.157322270566963
483,y,13,4,-2,0.277925261143009
483,y,14,5,1,0.388696012048514
483,y,15,5,-1,0.432111559270813
483,y,16,6,0,0.351146948401832
483,y,20,5,-3,0.00258866902330097
483,y,22,6,-2,1.59087893715093
483,y,24,7,-1,-0.150293599551208
483,y,26,5,5,0.497129974048831
483,y,27,5,-5,-0.115721983442816
483,y,28,6,4,0.746091390970215
483,y,30,7,3,0.342191460794372
483,y,31,7,-3,0.232062477423037
483,y,37,6,6,-0.409538313729427
483,y,38,6,-6,-0.0848954507567594
483,y,39,7,5,0.700820041597466
483,y,50,7,7,0.0642290932442579
484,x,1,0,0,4.92775647853125
484,x,3,1,-1,0.140627240002837
484,x,4,2,0,-0.505247919825458
484,x,5,2,2,-0.0775341594566295
484,x,7,3,1,0.411237792833205
484,x,8,3,-1,-1.40951604395341
484,x,9,4,0,0.0169690767687538
484,x,10,3,3,-0.172564196333376
484,x,13,4,-2,-0.539836747966488
484,x,14,5,1,-0.626828673776458
484,x,17,4,4,0.33729298453156
484,x,18,4,-4,1.00672508043473
484,x,22,6,-2,-0.421015152105961
484,x,27,5,-5,-0.157024945724405
484,x,28,6,4,0.903530333324517
484,x,51,7,-7,0.155856579181401
484,y,1,0,0,-5.96008287016208
484,y,2,1,1,5.54748774326812
484,y,3,1,-1,-0.00116242985968684
484,y,4,2,0,0.109019925364545
484,y,6,2,-2,0.751529091236796
484,y,10,3,3,-1.10496216091738
484,y,11,3,-3,2.00248505502279
484,y,14,5,1,-0.0575879408505374
484,y,18,4,-4,0.187401941169177
484,y,19,5,3,0.679876901022503
484,y,20,5,-3,-0.464507597574263
484,y,21,6,2,0.0163234769479175
484,y,23,7,1,-0.0863126160364425
484,y,24,7,-1,-0.031147872785086
484,y,26,5,5,-0.626484513598252
484,y,27,5,-5,-0.241591883411478
484,y,28,6,4,-0.465244725769769
484,y,29,6,-4,0.424129560089886
484,y,39,7,5,1.0550426082137
484,y,50,7,7,-0.170227046265649
485,x,1,0,0,3.19031137323813
485,x,3,1,-1,-6.26574150816974
485,x,5,2,2,-2.02861950424664
485,x,10,3,3,-1.37385793155408
485,x,14,5,1,-0.799345943201456
485,x,15,5,-1,0.289707087275775
485,x,19,5,3,0.772451333135891
485,x,20,5,-3,-1.06361610144969
485,x,24,7,-1,0.00384964902486907
485,x,26,5,5,-0.740620610911382
485,x,27,5,-5,-0.0222173094657457
485,x,28,6,4,-0.237887706922345
485,x,39,7,5,0.134387328604054
485,x,40,7,-5,-0.306882847023701
485,x,50,7,7,-0.381898592333559
485,y,1,0,0,1.33042989915552
485,y,2,1,1,4.56562511446154
485,y,3,1,-1,0.508844846521897
485,y,4,2,0,-0.76148072852287
485,y,7,3,1,-1.28736056095716
485,y,9,4,0,-1.16507002216829
485,y,13,4,-2,-0.982942049399841
485,y,16,6,0,0.308141840677807
485,y,17,4,4,0.771521121318416
485,y,18,4,-4,-0.0947177220771882
485,y,20,5,-3,-0.438133929509313
485,y,24,7,-1,0.605874380775101
485,y,26,5,5,0.509755002392815
485,y,30,7,3,-0.5674919907329
485,y,39,7,5,0.305553834638954
486,x,3,1,-1,-1.48489686875491
486,x,6,2,-2,0.562138785125586
486,x,7,3,1,-0.0602272191561547
486,x,8,3,-1,-0.240400102021648
486,x,9,4,0,0.734746509984774
486,x,10,3,3,-1.09869176814013
486,x,13,4,-2,0.0496857796511262
486,x,14,5,1,-0.638965446635116
486,x,15,5,-1,0.242892410223225
486,x,16,6,0,-0.052478149607257
486,x,17,4,4,-0.746875494973012
486,x,19,5,3,0.402772078024054
486,x,23,7,1,0.413890807154636
486,x,26,5,5,-0.020910413047681
486,x,28,6,4,0.212455208463339
486,x,29,6,-4,-1.25522714014965
486,x,37,6,6,-0.0800539559199389
486,x,38,6,-6,0.662248907850017
486,x,39,7,5,-0.2010242871882
486,x,51,7,-7,0.531379726365229
486,y,3,1,-1,3.56581798518758
486,y,6,2,-2,2.20355374722993
486,y,8,3,-1,-1.33656818292453
486,y,9,4,0,1.2564471938583
486,y,13,4,-2,-0.239626859603865
486,y,16,6,0,0.304801994818648
486,y,20,5,-3,0.501581309228511
486,y,21,6,2,-0.0950901230434469
486,y,26,5,5,-0.160483392742805
486,y,29,6,-4,-0.247390364247975
487,x,1,0,0,-0.218398956337843
487,x,6,2,-2,1.26397782253791
487,x,8,3,-1,-0.492875625489332
487,x,9,4,0,-0.261453929738951
487,x,13,4,-2,0.595912955881402
487,x,14,5,1,0.0354393069157588
487,x,15,5,-1,-0.651237058147682
487,x,16,6,0,-0.452019538235992
487,x,17,4,4,1.25948665818361
487,x,18,4,-4,-1.43097365791639
487,x,19,5,3,0.144910440942979
487,x,20,5,-3,0.126415408466842
487,x,21,6,2,-0.956259072593173
487,x,26,5,5,0.33536870128178
487,x,27,5,-5,-0.77812354705833
487,x,29,6,-4,0.680076899643376
487,x,30,7,3,0.723525707687203
487,x,31,7,-3,-0.987221542055635
487,x,38,6,-6,-0.376623329681667
487,x,39,7,5,0.621326630120626
487,y,2,1,1,0.514341394353708
487,y,5,2,2,0.868594810004866
487,y,6,2,-2,0.253565150371539
487,y,14,5,1,-1.28139423962739
487,y,16,6,0,-0.524169697366957
487,y,19,5,3,-2.083316144019
487,y,22,6,-2,-1.83162541230947
487,y,24,7,-1,0.281795071233255
487,y,29,6,-4,-0.181140566702186
487,y,31,7,-3,-0.0187281547559611
487,y,39,7,5,-0.58251935368646
488,x,1,0,0,-1.44828066858905
488,x,6,2,-2,-1.77996439222312
488,x,8,3,-1,-0.785357583541518
488,x,10,3,3,-0.516352130018048
488,x,14,5,1,-0.0676161945310832
488,x,19,5,3,0.907007089993356
488,x,20,5,-3,0.138665054106896
488,x,21,6,2,-0.425844387402493
488,x,23,7,1,0.268341217074593
488,x,24,7,-1,-0.00742626495763907
488,x,27,5,-5,-0.349018470520513
488,x,28,6,4,0.172185368734085
488,x,29,6,-4,-0.254663830558837
488,x,30,7,3,0.201391889492419
488,x,31,7,-3,0.202341398134693
488,x,37,6,6,0.435824570724116
488,x,39,7,5,0.00692414348748454
488,x,40,7,-5,-0.264994882746853
488,y,7,3,1,-2.02450675625501
488,y,8,3,-1,0.87734459582194
488,y,10,3,3,1.05772833521127
488,y,11,3,-3,-1.3186750668349
488,y,12,4,2,0.170178056104119
488,y,14,5,1,-0.165797080026622
488,y,15,5,-1,-0.664242962581595
488,y,24,7,-1,-0.336720872569022
488,y,29,6,-4,1.17852694051405
488,y,31,7,-3,0.425954128682544
488,y,39,7,5,0.299524617133024
488,y,50,7,7,1.05870377532576
489,x,1,0,0,-0.347607249337513
489,x,2,1,1,1.62695741054476
489,x,3,1,-1,4.12674321842804
489,x,4,2,0,-0.787840832629863
489,x,5,2,2,-0.708588065329389
489,x,6,2,-2,-3.0574502531883
489,x,8,3,-1,0.104297744941364
489,x,9,4,0,0.592141164713886
489,x,11,3,-3,0.749203434508686
489,x,13,4,-2,-0.603822957112026
489,x,14,5,1,0.101404166740471
489,x,23,7,1,0.104063492615339
489,x,27,5,-5,-0.423677894204666
489,x,28,6,4,-0.0724644833083519
489,x,37,6,6,0.820033451886177
489,x,40,7,-5,0.335864543504916
489,x,51,7,-7,-0.133419458371525
489,y,2,1,1,-1.12891858759051
489,y,5,2,2,1.06082983146807
489,y,7,3,1,-0.304385548622568
489,y,8,3,-1,-1.12718963190277
489,y,15,5,-1,-0.312535477465425
489,y,16,6,0,0.840506751419795
489,y,20,5,-3,-1.29263036747821
489,y,21,6,2,0.349092387047544
489,y,22,6,-2,-1.01195261709968
489,y,28,6,4,0.201529734230229
489,y,39,7,5,0.118028818069655
490,x,1,0,0,1.27442955185336
490,x,2,1,1,2.65600554810131
490,x,5,2,2,-0.10709791836316
490,x,14,5,1,-0.924939078750093
490,x,16,6,0,-0.144438120111662
490,x,20,5,-3,-0.659327418680969
490,x,27,5,-5,0.694758348218298
490,x,30,7,3,0.423641290281872
490,x,37,6,6,0.578941375736066
490,x,38,6,-6,0.793088094377352
490,y,2,1,1,-2.60035639003851
490,y,3,1,-1,-4.27271957038897
490,y,6,2,-2,-1.10893746227672
490,y,7,3,1,-0.0402138262839205
490,y,8,3,-1,2.15435025600251
490,y,9,4,0,0.572633736332688
490,y,10,3,3,-0.718814005662859
490,y,11,3,-3,0.20136008970058
490,y,12,4,2,-0.450422197461343
490,y,13,4,-2,-0.345563782733179
490,y,15,5,-1,0.487430823691582
490,y,19,5,3,0.0639692609683756
490,y,23,7,1,-0.297722264941414
490,y,26,5,5,0.0963572592664968
490,y,29,6,-4,0.350343212293271
490,y,37,6,6,1.0792934753913
490,y,40,7,-5,0.476644439974349
490,y,50,7,7,0.629457456694236
490,y,51,7,-7,0.339534888501467
491,x,2,1,1,-1.31399946426569
491,x,4,2,0,2.68429624173108
491,x,5,2,2,1.81851337283621
491,x,6,2,-2,-0.492247772281447
491,x,7,3,1,2.00752656004171
491,x,9,4,0,0.465720998492067
491,x,10,3,3,1.36997686162577
491,x,11,3,-3,-0.416203808693403
491,x,12,4,2,-0.732222504459229
491,x,14,5,1,0.714524836013065
491,x,15,5,-1,-0.129187933505028
491,x,19,5,3,-0.213351800797685
491,x,26,5,5,-0.543763964371885
491,x,27,5,-5,-0.0825888183100842
491,x,28,6,4,-0.240497832089843
491,x,29,6,-4,-0.190295846875867
491,x,38,6,-6,0.437127466668375
491,x,50,7,7,-0.138904403119228
491,x,51,7,-7,0.481763419147721
491,y,1,0,0,1.11222747171557
491,y,5,2,2,-1.69307953565593
491,y,8,3,-1,-0.736929709143134
491,y,10,3,3,0.21693270094527
491,y,11,3,-3,-0.242920223515102
491,y,15,5,-1,-0.380825859155977
491,y,17,4,4,0.418590637533811
491,y,19,5,3,-0.158957668011162
491,y,22,6,-2,0.718837798874405
491,y,23,7,1,-0.391489829742285
491,y,27,5,-5,0.761418188884435
491,y,30,7,3,-0.295435469256271
491,y,31,7,-3,-0.00651561006040737
491,y,37,6,6,-0.292408026633882
491,y,38,6,-6,-0.782553210325809
491,y,39,7,5,0.493567088118341
491,y,40,7,-5,-0.826229989201366
492,x,1,0,0,-2.08635259084074
492,x,2,1,1,-4.96919494036183
492,x,7,3,1,0.580949628722329
492,x,8,3,-1,0.695158703327632
492,x,9,4,0,0.0665003890122162
492,x,10,3,3,-0.84735582895472
492,x,13,4,-2,0.261076813029068
492,x,14,5,1,0.392487839077821
492,x,16,6,0,-0.404781681922083
492,x,17,4,4,-0.128812481943165
492,x,18,4,-4,-0.905303423832054
492,x,19,5,3,-0.718627897243955
492,x,22,6,-2,0.569780571073052
492,x,24,7,-1,-0.0314071145310549
492,x,26,5,5,-0.218214223834742
492,x,28,6,4,-0.40267217573508
492,x,31,7,-3,-0.150646599620671
492,x,38,6,-6,0.345157643919865
492,x,51,7,-7,0.832099295711548
492,y,1,0,0,0.967176955003864
492,y,2,1,1,-2.00969397162189
492,y,5,2,2,-1.18590497182059
492,y,6,2,-2,1.34682336987837
492,y,9,4,0,0.88262091973223
492,y,12,4,2,1.03784869340981
492,y,18,4,-4,0.631399644803346
492,y,26,5,5,-0.641935997799995
492,y,30,7,3,0.0259403937436699
492,y,31,7,-3,0.0260560911783971
492,y,37,6,6,0.263499160788811
492,y,51,7,-7,-0.129064582360745
493,x,1,0,0,2.45498331210933
493,x,4,2,0,-0.0608884055067962
493,x,5,2,2,2.28783346618519
493,x,10,3,3,-0.162329576552293
493,x,11,3,-3,-0.905040909369205
493,x,12,4,2,0.0157338460899295
493,x,14,5,1,-0.487991535787526
493,x,19,5,3,-0.844073838687538
493,x,20,5,-3,0.110714485187572
493,x,21,6,2,0.29499875864796
493,x,22,6,-2,-0.848419720950472
493,x,24,7,-1,-0.392114141691175
493,x,27,5,-5,-1.01390410481306
493,x,28,6,4,-0.824680641804458
493,x,29,6,-4,0.622422681265036
493,x,30,7,3,0.602000611468596
493,x,31,7,-3,-0.371908041616418
493,x,38,6,-6,0.894170226602302
493,y,3,1,-1,0.954070699370844
493,y,4,2,0,-0.955571778883883
493,y,9,4,0,-1.24442163380541
493,y,10,3,3,0.794232514288009
493,y,11,3,-3,0.630314596717629
493,y,13,4,-2,0.561598176599395
493,y,16,6,0,-0.101422954826942
493,y,19,5,3,0.408367711623588
493,y,21,6,2,-0.608747735285991
493,y,27,5,-5,0.76427999009953
493,y,28,6,4,0.131954160032186
493,y,30,7,3,-0.715579888044334
493,y,51,7,-7,-0.115401512684201
494,x,1,0,0,3.56448904390015
494,x,10,3,3,0.427474918274381
494,x,13,4,-2,-1.35001477191787
494,x,15,5,-1,0.144483647837468
494,x,16,6,0,0.0924250962522358
494,x,18,4,-4,0.571335293951189
494,x,19,5,3,-0.0443339660886243
494,x,21,6,2,-0.151821907324584
494,x,23,7,1,0.0650561402595124
494,x,24,7,-1,0.407734953071491
494,x,28,6,4,1.1979331646346
494,x,30,7,3,0.169304903807654
494,y,3,1,-1,-4.52896472562719
494,y,7,3,1,0.150830977670824
494,y,8,3,-1,-1.53394472293879
494,y,10,3,3,0.937422404097965
494,y,12,4,2,-0.216767749750771
494,y,14,5,1,-0.121917813567168
494,y,15,5,-1,0.197205130569691
494,y,16,6,0,-0.193053626447699
494,y,18,4,-4,-0.231519400898337
494,y,19,5,3,-1.32740313941175
494,y,26,5,5,0.0136638753405814
494,y,28,6,4,-0.460442346616268
494,y,37,6,6,-0.674265894368017
494,y,38,6,-6,0.489279618917886
494,y,50,7,7,-0.0138299806448382
494,y,51,7,-7,0.516714745838787
495,x,1,0,0,-0.904613887686794
495,x,2,1,1,-5.16135658951256
495,x,3,1,-1,3.14341937801617
495,x,4,2,0,-0.244227516889173
495,x,5,2,2,-1.75515141055592
495,x,17,4,4,0.431211940547255
495,x,18,4,-4,-0.357267850114389
495,x,22,6,-2,-0.189037381305042
495,x,24,7,-1,-0.550587687565625
495,x,28,6,4,0.158559452304425
495,x,31,7,-3,1.04065935323797
495,x,37,6,6,0.539291399683172
495,x,38,6,-6,0.446783903113171
495,y,3,1,-1,1.19130208035076
495,y,8,3,-1,0.672049239602072
495,y,10,3,3,0.457435563128547
495,y,14,5,1,-1.69193586972973
495,y,17,4,4,1.72719059780505
495,y,18,4,-4,-0.728881932384357
495,y,19,5,3,0.057165825546624
495,y,21,6,2,-0.104726979759483
495,y,22,6,-2,-0.777867805691029
495,y,23,7,1,0.503744770015767
495,y,27,5,-5,-0.395141086565068
495,y,29,6,-4,-0.827124548886065
495,y,30,7,3,-0.0123765831381899
495,y,31,7,-3,0.31913945787163
495,y,39,7,5,-0.106274838484917
495,y,50,7,7,0.904157398639324
496,x,2,1,1,4.26042669443288
496,x,7,3,1,1.21487683798565
496,x,14,5,1,0.439859037796038
496,x,19,5,3,-0.381823269273685
496,x,20,5,-3,-0.783269083919026
496,x,24,7,-1,0.391889208789069
496,x,29,6,-4,0.271132631667488
496,x,30,7,3,-0.466400035327016
496,x,39,7,5,-0.244846344376706
496,x,50,7,7,-0.0545105461678487
496,y,3,1,-1,-2.51382582972554
496,y,4,2,0,1.57965456301257
496,y,5,2,2,2.33049441953072
496,y,6,2,-2,-2.32013155390029
496,y,7,3,1,0.405554866493874
496,y,8,3,-1,0.727327113081485
496,y,9,4,0,2.23220841151467
496,y,10,3,3,-0.844199355503577
496,y,11,3,-3,0.353734006941007
496,y,13,4,-2,1.28783670154221
496,y,14,5,1,0.145040254954534
496,y,15,5,-1,0.0273262553907973
496,y,18,4,-4,0.788826560042276
496,y,20,5,-3,-1.3969482098927
496,y,26,5,5,0.226648073233674
496,y,29,6,-4,0.547925008444706
496,y,31,7,-3,-0.233561540633378
496,y,38,6,-6,0.79488961395435
496,y,40,7,-5,0.437816116948202
496,y,51,7,-7,0.202415615680947
497,x,4,2,0,-2.6429356588261
497,x,5,2,2,-1.11233868126033
497,x,7,3,1,-0.160749978249
497,x,9,4,0,-1.33796148488343
497,x,14,5,1,0.546819015057818
497,x,15,5,-1,-0.573827038540362
497,x,17,4,4,1.39569147290217
497,x,18,4,-4,0.978825054311246
497,x,20,5,-3,-0.325743282147792
497,x,21,6,2,0.738207544574369
497,x,22,6,-2,0.237623506712161
497,x,23,7,1,-0.00190155607477244
497,x,28,6,4,-0.624484134676656
497,x,30,7,3,0.0104152104191065
497,x,38,6,-6,-0.37828223055723
497,x,40,7,-5,-0.13087675877555
497,x,50,7,7,-0.507599196981122
497,x,51,7,-7,0.148268759735902
497,y,3,1,-1,1.67636221242963
497,y,6,2,-2,-0.365468231883554
497,y,7,3,1,0.0164356409082405
497,y,8,3,-1,-0.227749366792044
497,y,10,3,3,-0.138254351462561
497,y,12,4,2,0.137777555925423
497,y,13,4,-2,-0.0306698522498945
497,y,15,5,-1,-0.29018567418466
497,y,16,6,0,1.75223202297797
497,y,19,5,3,0.571353814321633
497,y,20,5,-3,-0.280623740066357
497,y,21,6,2,-0.938707299088725
497,y,24,7,-1,0.264389603569359
497,y,31,7,-3,-0.282505789613847
497,y,50,7,7,0.167455212515852
497,y,51,7,-7,0.633912894625878
498,x,7,3,1,-0.914155223652904
498,x,9,4,0,1.34258993212075
498,x,10,3,3,-0.0171541716235909
498,x,11,3,-3,-1.76027521460497
498,x,13,4,-2,0.392955111777373
498,x,14,5,1,1.13277830494809
498,x,17,4,4,0.269706687942476
498,x,23,7,1,-0.189994456880676
498,x,26,5,5,0.163750919620385
498,x,27,5,-5,-0.448585488807937
498,x,38,6,-6,-1.07646152217402
498,x,51,7,-7,0.269116778458652
498,y,1,0,0,-3.99445630071801
498,y,2,1,1,7.07324812327787
498,y,10,3,3,1.64754346476589
498,y,17,4,4,0.356902396792922
498,y,19,5,3,1.04431396260731
498,y,20,5,-3,0.183378856276066
498,y,22,6,-2,-0.754105791345004
498,y,26,5,5,0.503748079208842
498,y,28,6,4,0.308080565557743
498,y,37,6,6,-0.480019341507398
498,y,38,6,-6,0.358535652795442
498,y,50,7,7,0.754555500132185
498,y,51,7,-7,-0.0881881199700422
499,x,1,0,0,1.47483528991833
499,x,2,1,1,3.50560141688334
499,x,5,2,2,0.0749158222555453
499,x,7,3,1,-0.523456850637558
499,x,9,4,0,0.504955853912346
499,x,10,3,3,0.688479234600866
499,x,12,4,2,0.704916788950183
499,x,13,4,-2,0.231934051524673
499,x,14,5,1,0.164062063986771
499,x,16,6,0,-0.241523571109182
499,x,20,5,-3,0.643845670584824
499,x,23,7,1,0.140323221956872
499,x,24,7,-1,0.196756788703301
499,x,26,5,5,1.61549473880385
499,x,27,5,-5,0.100265696934603
499,x,29,6,-4,-0.0787137468295144
499,x,31,7,-3,-0.368534347736545
499,x,38,6,-6,0.0540027699509989
499,x,39,7,5,-0.216586081381497
499,x,51,7,-7,-0.19079192063768
499,y,2,1,1,4.35834703220668
499,y,5,2,2,1.05151784803307
499,y,6,2,-2,1.82967585338046
499,y,7,3,1,1.1802220503895
499,y,8,3,-1,-1.32023554699773
499,y,9,4,0,-0.416263132750582
499,y,10,3,3,-0.800478489961114
499,y,13,4,-2,-0.636546478306531
499,y,14,5,1,0.212918815834151
499,y,15,5,-1,-1.04245278310955
499,y,19,5,3,-0.303129745631846
499,y,26,5,5,-0.679432138304314
499,y,31,7,-3,-0.116701978152299
499,y,37,6,6,-1.01744665640568
499,y,38,6,-6,0.0632044456796426
499,y,39,7,5,0.084960990054037
499,y,40,7,-5,0.315213139478013
500,x,1,0,0,3.93886852179106
500,x,3,1,-1,-0.401667786022614
500,x,6,2,-2,-3.66283477578036
500,x,8,3,-1,0.317011547336395
500,x,13,4,-2,1.22055277907677
500,x,15,5,-1,0.0853536015426575
500,x,19,5,3,-0.227760527387895
500,x,21,6,2,0.417219348505828
500,x,22,6,-2,0.216785313368652
500,x,23,7,1,0.22274112310766
500,x,24,7,-1,0.557502113138915
500,x,26,5,5,0.865195209238004
500,x,27,5,-5,0.220916902045794
500,x,29,6,-4,0.0726990087740677
500,x,30,7,3,-0.399094873544833
500,x,31,7,-3,-0.18380914218751
500,x,39,7,5,0.198890509481781
500,y,1,0,0,1.28206001206585
500,y,3,1,-1,1.63849299717103
500,y,4,2,0,-1.36146849207772
500,y,5,2,2,0.028077820372099
500,y,8,3,-1,0.200130397195272
500,y,9,4,0,0.194058193250091
500,y,10,3,3,0.520631579470204
500,y,12,4,2,0.354544429184162
500,y,15,5,-1,-0.108382316664465
500,y,16,6,0,0.512841155802431
500,y,17,4,4,0.520084261935592
500,y,19,5,3,0.249215188629342
500,y,21,6,2,0.0280725265636659
500,y,22,6,-2,-0.35820076470683
500,y,30,7,3,0.444780551871262
500,y,38,6,-6,0.602932405790846
500,y,39,7,5,0.459384918588988
500,y,50,7,7,0.131686672102674
500,y,51,7,-7,0.780637818863385
501,x,2,1,1,4.58491273239481
501,x,8,3,-1,-0.142070024039486
501,x,10,3,3,-1.9698473746445
501,x,16,6,0,-0.321525578477893
501,x,17,4,4,-0.636266679809435
501,x,20,5,-3,-0.631473675526643
501,x,23,7,1,-0.499257012762336
501,x,24,7,-1,0.154208750821819
501,x,29,6,-4,0.00863664450496299
501,x,39,7,5,0.156991379631922
501,x,51,7,-7,-0.310952844070869
501,y,3,1,-1,-0.38338917501804
501,y,4,2,0,0.653942562594164
501,y,7,3,1,-0.393094355326075
501,y,8,3,-1,0.187292914740302
501,y,10,3,3,2.54261676066328
501,y,11,3,-3,1.03184511800699
501,y,12,4,2,-0.273840470348984
501,y,13,4,-2,-0.255279392609691
501,y,14,5,1,0.00589543004964861
501,y,22,6,-2,-0.496456570112741
501,y,38,6,-6,-0.255858871413833
502,x,3,1,-1,0.209374002656678
502,x,6,2,-2,-0.818775273919653
502,x,7,3,1,-0.694796641168231
502,x,8,3,-1,-1.0778785661355
502,x,10,3,3,-0.556006270370427
502,x,12,4,2,-0.00462390462927078
502,x,13,4,-2,-0.0409654823442517
502,x,14,5,1,0.028473265951044
502,x,15,5,-1,-1.23900097435242
502,x,19,5,3,-2.05414161721966
502,x,20,5,-3,1.53367995561803
502,x,23,7,1,-0.234582699093226
502,x,29,6,-4,0.441610805731645
502,x,31,7,-3,-0.276092236109576
502,x,37,6,6,0.0592676527100694
502,x,39,7,5,-0.639526243273069
502,x,40,7,-5,0.456091227741588
502,x,50,7,7,0.720434587005612
502,y,2,1,1,2.21461924632446
502,y,9,4,0,0.836451827097473
502,y,12,4,2,-0.370416809520635
502,y,13,4,-2,-0.388647353870547
502,y,14,5,1,0.257484828163554
502,y,17,4,4,0.421494270692821
502,y,19,5,3,0.577943090988154
502,y,20,5,-3,-0.234522541854306
502,y,22,6,-2,0.152480805259742
502,y,24,7,-1,0.0574242682097598
502,y,28,6,4,0.843413428321065
502,y,40,7,-5,-0.537480664194524
502,y,50,7,7,0.163066123686595
503,x,1,0,0,-3.25766178163324
503,x,7,3,1,0.141357340272575
503,x,8,3,-1,-0.796601191031287
503,x,11,3,-3,-0.359629893976748
503,x,12,4,2,-1.11365380681727
503,x,14,5,1,0.030711516280658
503,x,16,6,0,0.948996586583363
503,x,17,4,4,0.609755657087536
503,x,18,4,-4,0.135189672983044
503,x,20,5,-3,0.0338673419688049
503,x,22,6,-2,-0.1422972999294
503,x,40,7,-5,0.209892014219662
503,x,50,7,7,-0.181766404437723
503,x,51,7,-7,0.239684386013917
503,y,1,0,0,5.60833807302827
503,y,5,2,2,-2.16248658551515
503,y,9,4,0,0.810087649635077
503,y,10,3,3,-0.187869423026229
503,y,12,4,2,-0.772508290247435
503,y,15,5,-1,-0.464792308669516
503,y,16,6,0,0.513388900356815
503,y,18,4,-4,0.803023602062296
503,y,19,5,3,-0.195588093295489
503,y,20,5,-3,-0.526455344265456
503,y,22,6,-2,0.122079264587317
503,y,23,7,1,0.102712366849121
503,y,26,5,5,0.0988458126313728
503,y,27,5,-5,0.023548049086971
503,y,28,6,4,-0.686964631901454
503,y,37,6,6,0.432660736009963
503,y,38,6,-6,0.0304444094880536
503,y,40,7,-5,-0.167850603810434
504,x,3,1,-1,-3.1600110985148
504,x,4,2,0,-1.31144080422811
504,x,5,2,2,0.0565526550984513
504,x,10,3,3,0.510627957611366
504,x,12,4,2,-0.25943363960475
504,x,14,5,1,-0.274083314613547
504,x,17,4,4,-0.838335566701545
504,x,18,4,-4,-0.72023575588229
504,x,21,6,2,-0.214878212559089
504,x,22,6,-2,-0.228101992444919
504,x,29,6,-4,0.261937438035026
504,x,31,7,-3,-0.0771799469948022
504,x,39,7,5,0.831602315814051
504,x,50,7,7,0.781469379276001
504,y,2,1,1,0.393959405942924
504,y,4,2,0,0.379501350042493
504,y,6,2,-2,3.00474358287984
504,y,7,3,1,0.752555455175218
504,y,8,3,-1,-1.33487520004362
504,y,9,4,0,-0.512603750492337
504,y,10,3,3,-0.0216358586244364
504,y,11,3,-3,-0.0926267306341998
504,y,12,4,2,0.531976659456577
504,y,13,4,-2,0.707940707562253
504,y,14,5,1,-0.699946882108969
504,y,15,5,-1,-0.410546919676223
504,y,16,6,0,-0.49590275716111
504,y,17,4,4,0.35255887968673
504,y,18,4,-4,-0.135305342182447
504,y,23,7,1,0.384802599994334
504,y,27,5,-5,-1.07070036484797
504,y,31,7,-3,-0.333689642680833
504,y,37,6,6,-0.460146925244486
504,y,39,7,5,0.0759514143327178
505,x,1,0,0,1.10648888568192
505,x,2,1,1,0.201919116430658
505,x,3,1,-1,1.95252371986882
505,x,5,2,2,1.34505241333851
505,x,8,3,-1,0.731556313884958
505,x,10,3,3,0.95331184303347
505,x,14,5,1,-0.383298808998702
505,x,16,6,0,-0.147582076370747
505,x,17,4,4,0.162387280686434
505,x,19,5,3,-0.295042017407324
505,x,21,6,2,0.485788133562348
505,x,24,7,-1,0.21127083418463
505,x,26,5,5,0.816979291481458
505,x,27,5,-5,0.355121091974755
505,x,28,6,4,-0.226507390867522
505,x,29,6,-4,0.124404751779298
505,x,38,6,-6,-1.25672762839624
505,x,40,7,-5,0.0923331814830487
505,x,51,7,-7,-0.352475541671621
505,y,1,0,0,1.84395365720023
505,y,3,1,-1,2.58555732336969
505,y,8,3,-1,-0.670750907803252
505,y,11,3,-3,-1.77056646546732
505,y,14,5,1,-0.98386254197547
505,y,15,5,-1,-0.409142316927222
505,y,21,6,2,0.88547811895395
505,y,39,7,5,-0.628018625342542
505,y,40,7,-5,-0.528977106294439
505,y,50,7,7,0.222971469660939
505,y,51,7,-7,-0.424678718327053
506,x,2,1,1,-1.02285752783153
506,x,4,2,0,0.69445931990532
506,x,7,3,1,0.778899428031012
506,x,8,3,-1,0.569361934482111
506,x,10,3,3,-1.31062125120621
506,x,11,3,-3,-0.56828255145872
506,x,14,5,1,-0.171623814726729
506,x,18,4,-4,1.30523394413928
506,x,19,5,3,-0.41687449194511
506,x,21,6,2,0.383214813306821
506,x,22,6,-2,0.742131847911705
506,x,27,5,-5,-0.274065773247491
506,x,37,6,6,-0.83553178368887
506,x,38,6,-6,-0.214166036424494
506,y,3,1,-1,-1.08230158568177
506,y,4,2,0,-1.45896459399797
506,y,5,2,2,0.47963999655952
506,y,7,3,1,-0.741225577423887
506,y,8,3,-1,-0.392645707253155
506,y,9,4,0,-0.485246228025095
506,y,10,3,3,0.599048604944245
506,y,11,3,-3,-0.0026671465855496
506,y,12,4,2,1.19173234225169
506,y,13,4,-2,-0.158063967640532
506,y,14,5,1,0.171474846237949
506,y,15,5,-1,-1.50252470528233
506,y,19,5,3,-1.16149796267906
506,y,20,5,-3,0.19777527495082
506,y,23,7,1,-0.256657642470674
506,y,24,7,-1,0.4320553344525
506,y,27,5,-5,0.214527896838037
506,y,30,7,3,-0.317424624181285
506,y,37,6,6,0.048853881903584
506,y,40,7,-5,-0.265542287291662
507,x,1,0,0,1.64427594690251
507,x,3,1,-1,5.21355820904628
507,x,6,2,-2,1.15144107991535
507,x,7,3,1,0.903438300267705
507,x,11,3,-3,-1.41688433900891
507,x,12,4,2,0.715992189990814
507,x,15,5,-1,-0.516939528188748
507,x,17,4,4,-0.0178191039031845
507,x,24,7,-1,0.218764728557228
507,x,28,6,4,0.482969364999134
507,x,30,7,3,0.0741973514276995
507,x,37,6,6,0.228622891552667
507,x,38,6,-6,-0.249345133243948
507,x,39,7,5,-0.776879128292114
507,y,3,1,-1,-0.0131434829310664
507,y,4,2,0,0.0913945093435167
507,y,6,2,-2,-1.38580811860956
507,y,8,3,-1,0.369317732186757
507,y,12,4,2,0.57028653058441
507,y,15,5,-1,-1.10184942983423
507,y,17,4,4,-1.96368618975161
507,y,22,6,-2,-0.955617044798558
507,y,24,7,-1,0.477512819195925
507,y,29,6,-4,0.0540974971478964
507,y,30,7,3,-0.500007738633494
507,y,31,7,-3,0.77071067200382
507,y,38,6,-6,-1.03215375740201
507,y,50,7,7,1.67762323308345
508,x,2,1,1,3.54224019980858
508,x,6,2,-2,-2.16724635992242
508,x,7,3,1,1.12077882073649
508,x,10,3,3,-1.54689472186173
508,x,12,4,2,-0.417256137081181
508,x,13,4,-2,-0.499484122156093
508,x,18,4,-4,0.184348346927143
508,x,24,7,-1,-0.0686592188420683
508,x,26,5,5,-0.733184336863017
508,x,29,6,-4,0.21668457578085
508,x,31,7,-3,0.257323738969168
508,y,4,2,0,1.26068502677223
508,y,6,2,-2,0.274597349545386
508,y,7,3,1,0.501827583398013
508,y,8,3,-1,0.335838999951457
508,y,11,3,-3,1.35276289162282
508,y,12,4,2,-0.417517223089932
508,y,13,4,-2,-0.903574585724396
508,y,15,5,-1,-0.339054833406349
508,y,16,6,0,0.315198463089089
508,y,17,4,4,-0.527500214199412
508,y,18,4,-4,-0.500084366762399
508,y,19,5,3,0.0932758936337892
508,y,21,6,2,-0.64783202092976
508,y,23,7,1,-0.640339077199571
508,y,26,5,5,0.348176458291296
508,y,28,6,4,0.777212524886675
508,y,29,6,-4,-0.138890282512908
508,y,31,7,-3,-0.427374234982963
508,y,50,7,7,0.465987841754651
508,y,51,7,-7,0.0387849113151669
509,x,3,1,-1,-0.904847423668936
509,x,7,3,1,2.69030720485934
509,x,9,4,0,-1.64407103661602
509,x,13,4,-2,0.955671658812268
509,x,15,5,-1,0.691598722869077
509,x,16,6,0,0.232948135135975
509,x,19,5,3,0.401774547813953
509,x,20,5,-3,0.651761650555164
509,x,28,6,4,-0.838580348052546
509,x,29,6,-4,-0.145402312359012
509,x,30,7,3,-0.511130231512691
509,x,39,7,5,0.65144119687082
509,x,50,7,7,0.0423273550242634
509,y,1,0,0,3.97619467419328
509,y,3,1,-1,0.500193851358317
509,y,4,2,0,1.02266756410241
509,y,5,2,2,0.778983919667099
509,y,7,3,1,-1.30652821666264
509,y,8,3,-1,1.40077556818317
509,y,9,4,0,-0.814846368487598
509,y,11,3,-3,0.231593801399873
509,y,14,5,1,0.66270635145606
509,y,15,5,-1,0.201659429028754
509,y,21,6,2,-0.513761651975832
509,y,24,7,-1,0.246498707519696
509,y,27,5,-5,-0.928874537986665
509,y,28,6,4,0.310840498977009
509,y,29,6,-4,-0.961114078845971
509,y,30,7,3,-0.148776478681185
509,y,31,7,-3,0.352791071480544
509,y,40,7,-5,0.213681134186865
509,y,51,7,-7,0.256001792298072
510,x,1,0,0,-1.4614621594768
510,x,2,1,1,-1.62189543062283
510,x,3,1,-1,-3.79028856888097
510,x,5,2,2,-0.0928189741547709
510,x,6,2,-2,-3.04102093037969
510,x,7,3,1,-0.660201698451831
510,x,12,4,2,0.452965113784122
510,x,16,6,0,0.323790928128261
510,x,17,4,4,0.477914683352939
510,x,19,5,3,-0.791749321085607
510,x,20,5,-3,0.646062102579662
510,x,21,6,2,-0.164455330321188
510,x,24,7,-1,0.724553075930564
510,x,26,5,5,-0.275008986778485
510,x,28,6,4,-0.477320641100624
510,x,30,7,3,0.315910966447052
510,x,31,7,-3,0.403368316615904
510,x,38,6,-6,-0.542057165447756
510,x,39,7,5,0.700162622534003
510,x,40,7,-5,-0.500827530331651
510,y,11,3,-3,0.477024450161664
510,y,15,5,-1,1.03280732817107
510,y,18,4,-4,0.960517985086714
510,y,27,5,-5,-0.976566909483591
510,y,30,7,3,-3.04790842113138
510,y,31,7,-3,-0.784451716320597
510,y,37,6,6,-1.26135352811129
510,y,38,6,-6,-0.858600353962708
510,y,39,7,5,0.413572517183021
510,y,40,7,-5,-0.521270323569191
510,y,51,7,-7,1.53405388178772
511,x,1,0,0,-3.7255542691804
511,x,2,1,1,-0.417629339898282
511,x,3,1,-1,1.81618616616925
511,x,6,2,-2,-1.99185264802596
511,x,7,3,1,-0.855150112414234
511,x,8,3,-1,0.460332643706982
511,x,10,3,3,0.40413315593931
511,x,11,3,-3,-0.0348639742879079
511,x,13,4,-2,0.171592608932021
511,x,15,5,-1,0.0522461595151309
511,x,23,7,1,-0.705694270443852
511,x,27,5,-5,-0.354122262666071
511,x,29,6,-4,0.448852889162267
511,x,30,7,3,-0.216419422991795
511,x,31,7,-3,-0.209442495558378
511,x,38,6,-6,-0.343048986155204
511,x,40,7,-5,-0.697820932674571
511,x,50,7,7,-0.474589036189796
511,x,51,7,-7,1.10820507109524
511,y,4,2,0,-0.893736076876391
511,y,5,2,2,0.546960518492534
511,y,6,2,-2,-0.642260610418104
511,y,7,3,1,0.242786379922218
511,y,9,4,0,-1.07713961811317
511,y,12,4,2,-1.60935530987137
511,y,15,5,-1,-0.21758541988801
511,y,19,5,3,0.900732624989339
511,y,23,7,1,-0.0414095587792901
511,y,24,7,-1,-0.11803127558292
511,y,26,5,5,-0.023488275517331
511,y,28,6,4,0.981004308441071
511,y,29,6,-4,0.464020093519408
511,y,31,7,-3,-0.585908186784907
511,y,51,7,-7,0.234062711314314
512,x,3,1,-1,4.77478304005977
512,x,4,2,0,1.71246308008221
512,x,5,2,2,-1.17240952793353
512,x,12,4,2,-0.372727448782471
512,x,15,5,-1,0.276344565500622
512,x,17,4,4,-0.0495476594326933
512,x,18,4,-4,0.201631196978588
512,x,28,6,4,-0.753524926493775
512,x,31,7,-3,0.295272700341575
512,x,37,6,6,-1.22776305820429
512,x,40,7,-5,0.0789247085427389
512,y,4,2,0,3.19882217597348
512,y,8,3,-1,-0.0226922037745681
512,y,13,4,-2,0.404322870311203
512,y,18,4,-4,1.19910762179005
512,y,20,5,-3,0.892597884945135
512,y,21,6,2,0.547446916555217
512,y,23,7,1,0.253522863380241
512,y,28,6,4,1.02578931190083
512,y,29,6,-4,-0.585220499509111
512,y,30,7,3,0.514250712232304
512,y,38,6,-6,0.322429752842254
512,y,50,7,7,0.57156957592517
513,x,3,1,-1,-3.13023374160692
513,x,6,2,-2,-1.02481011783149
513,x,9,4,0,-0.186287487848079
513,x,10,3,3,0.328827542016847
513,x,12,4,2,2.19683278761872
513,x,13,4,-2,-1.45067620022529
513,x,14,5,1,-0.882356830685003
513,x,16,6,0,0.366953123388314
513,x,17,4,4,0.76702374586772
513,x,18,4,-4,-0.118664817826091
513,x,22,6,-2,-0.571112626641979
513,x,23,7,1,0.184768587497976
513,x,24,7,-1,-0.930837560120596
513,x,27,5,-5,-0.519032610827927
513,x,30,7,3,-0.146125300081976
513,x,51,7,-7,0.268597356413756
513,y,3,1,-1,-0.920581288341989
513,y,6,2,-2,0.360927174168339
513,y,8,3,-1,-0.544478563211614
513,y,9,4,0,0.564351409149561
513,y,11,3,-3,-1.11248407970669
513,y,12,4,2,0.77248042537991
513,y,13,4,-2,1.29171768609169
513,y,14,5,1,-0.748827606586924
513,y,16,6,0,-0.609440578537222
513,y,19,5,3,-0.759292452263562
513,y,20,5,-3,1.19936652954316
513,y,21,6,2,-0.75671470752
513,y,22,6,-2,0.14239434684643
513,y,23,7,1,-0.330540666452558
513,y,24,7,-1,-0.425423314799185
513,y,26,5,5,0.17288871968355
513,y,31,7,-3,-0.440982520292489
513,y,38,6,-6,0.252984395461938
513,y,39,7,5,0.304556266204877
513,y,50,7,7,-0.362696239241525
514,x,2,1,1,-1.91723074562655
514,x,4,2,0,1.38567105614095
514,x,10,3,3,2.21770588784908
514,x,12,4,2,-1.33790472886757
514,x,14,5,1,0.890659346357771
514,x,16,6,0,0.0466468848263444
514,x,17,4,4,-0.989029584759517
514,x,21,6,2,0.805525511315307
514,x,23,7,1,0.145769444115313
514,x,29,6,-4,0.242033162507717
514,x,38,6,-6,-0.0342545291790725
514,y,1,0,0,0.814423485095781
514,y,3,1,-1,-0.0243774457806753
514,y,6,2,-2,0.520688350144514
514,y,7,3,1,0.831070411885694
514,y,8,3,-1,-1.71958599262727
514,y,14,5,1,-0.0306823201765575
514,y,16,6,0,0.468606084352232
514,y,18,4,-4,-0.793484537987056
514,y,21,6,2,-1.04207122567452
514,y,23,7,1,-0.0613548986794138
514,y,27,5,-5,-0.0695146828561192
514,y,29,6,-4,0.381161629514105
514,y,30,7,3,0.213003696319929
514,y,31,7,-3,-0.759123231300629
514,y,37,6,6,0.515340783156435
514,y,51,7,-7,-0.594312096784003
515,x,1,0,0,-0.0836053162394193
515,x,3,1,-1,2.81619205685683
515,x,6,2,-2,0.334969931294626
515,x,8,3,-1,-0.00754595505982971
515,x,12,4,2,-0.427941421222228
515,x,13,4,-2,-0.064049238071515
515,x,16,6,0,0.732590188861225
515,x,17,4,4,-0.581078453759697
515,x,24,7,-1,0.173240669664511
515,x,26,5,5,0.649732128645018
515,x,37,6,6,-0.570724800103665
515,x,51,7,-7,-0.0209380669612583
515,y,2,1,1,1.06436583789859
515,y,4,2,0,2.3441840157045
515,y,5,2,2,0.508062764426388
515,y,6,2,-2,-4.37007393988291
515,y,9,4,0,0.989681929648338
515,y,11,3,-3,-0.134698760235289
515,y,16,6,0,-0.0782617607737482
515,y,18,4,-4,0.363903469909152
515,y,22,6,-2,1.12114066234728
515,y,23,7,1,1.05541460104582
515,y,29,6,-4,0.0157570548131293
515,y,30,7,3,0.474141942218693
515,y,39,7,5,0.345952558129706
516,x,1,0,0,-0.263298877132708
516,x,7,3,1,-0.591465723155605
516,x,9,4,0,1.18163565957672
516,x,10,3,3,-0.371434435355651
516,x,11,3,-3,-2.05385604705499
516,x,13,4,-2,0.365604815783242
516,x,15,5,-1,0.328295485563007
516,x,16,6,0,-0.209997078237808
516,x,17,4,4,0.202108756251874
516,x,21,6,2,-0.55916295443801
516,x,22,6,-2,0.620750044432527
516,x,23,7,1,0.663675006453797
516,x,24,7,-1,0.0691146108496367
516,x,29,6,-4,0.351129955860332
516,x,30,7,3,0.719621052631104
516,x,31,7,-3,0.199572526920366
516,x,38,6,-6,0.278321555120365
516,x,40,7,-5,-0.720703228961627
516,x,50,7,7,-0.683486249541601
516,y,1,0,0,-7.33461302498597
516,y,3,1,-1,0.911707899551417
516,y,6,2,-2,1.87995193523471
516,y,7,3,1,0.444774268242895
516,y,9,4,0,0.0514743318453257
516,y,11,3,-3,0.653762185531381
516,y,12,4,2,1.26433849239855
516,y,16,6,0,-0.381206056143058
516,y,17,4,4,-1.26348134859292
516,y,21,6,2,-0.69692020934531
516,y,24,7,-1,-0.189408703450907
516,y,26,5,5,-0.146775191881111
516,y,31,7,-3,0.680617768945627
516,y,37,6,6,0.00997114099076522
516,y,38,6,-6,-0.0111972544526961
516,y,50,7,7,-0.258046348151144
517,x,1,0,0,-1.43328556809472
517,x,2,1,1,1.25837012471998
517,x,3,1,-1,-3.15962487752154
517,x,6,2,-2,2.53306058787518
517,x,7,3,1,-0.214608721079679
517,x,11,3,-3,-0.135212315810287
517,x,12,4,2,-0.572793819950944
517,x,13,4,-2,-0.467799755644082
517,x,14,5,1,-1.12524284009719
517,x,17,4,4,-0.654736073295741
517,x,19,5,3,-0.302237433130621
517,x,20,5,-3,-0.616457031147019
517,x,21,6,2,-0.587260034406005
517,x,23,7,1,-0.114425668719182
517,x,26,5,5,0.947982190559592
517,x,30,7,3,0.636439592146866
517,x,37,6,6,0.243792664853941
517,x,40,7,-5,-0.990406994172077
517,x,51,7,-7,0.368943694913231
517,y,3,1,-1,6.35209743672427
517,y,6,2,-2,1.53696027421368
517,y,7,3,1,1.25968420307056
517,y,8,3,-1,0.837768461239457
517,y,10,3,3,-1.01057252612399
517,y,12,4,2,-0.201131938364163
517,y,13,4,-2,-0.0717637603175902
517,y,14,5,1,0.132646484877878
517,y,16,6,0,0.168516410355555
517,y,17,4,4,1.28772669743879
517,y,20,5,-3,-0.147578097447344
517,y,21,6,2,-0.613864839494176
517,y,23,7,1,0.00510860603252644
517,y,24,7,-1,0.0732341767438009
517,y,28,6,4,0.663899129995728
517,y,29,6,-4,0.289361495580835
517,y,38,6,-6,0.676911107681929
517,y,39,7,5,-0.00397096265034022
517,y,40,7,-5,-0.516657898683323
517,y,50,7,7,-0.0613117582342571
518,x,1,0,0,0.0188620648744656
518,x,3,1,-1,-1.69208643988031
518,x,8,3,-1,-0.0996778999938932
518,x,9,4,0,0.160582893776605
518,x,10,3,3,-0.388088277860806
518,x,12,4,2,-0.981091181427417
518,x,17,4,4,-0.708897885427532
518,x,18,4,-4,0.561399431576546
518,x,19,5,3,0.847773812572698
518,x,21,6,2,-0.212385572394565
518,x,22,6,-2,-1.13913037257007
518,x,26,5,5,-1.47037008007102
518,x,27,5,-5,0.490353550736681
518,x,50,7,7,0.0882014669162936
518,x,51,7,-7,0.168650950247408
518,y,2,1,1,3.33860166533734
518,y,4,2,0,2.31537087288752
518,y,8,3,-1,-0.156441988223945
518,y,10,3,3,1.91237107545202
518,y,16,6,0,-0.218981661577088
518,y,17,4,4,-0.821034839746104
518,y,21,6,2,-0.474557869201602
518,y,23,7,1,0.14577806970789
518,y,27,5,-5,0.457169285445267
518,y,28,6,4,-0.482207502661419
518,y,30,7,3,-0.593102816545787
518,y,31,7,-3,0.931430066476584
518,y,37,6,6,-0.404680140748123
518,y,38,6,-6,0.0416400001519424
518,y,39,7,5,0.342066874982628
518,y,40,7,-5,0.310940716334455
518,y,50,7,7,0.0641808393434593
519,x,1,0,0,0.740257729287933
519,x,2,1,1,-0.0477291244694338
519,x,4,2,0,0.111564091276675
519,x,7,3,1,-1.62266280267469
519,x,11,3,-3,0.761768081032166
519,x,14,5,1,-0.0314795563396168
519,x,17,4,4,0.951556049804537
519,x,18,4,-4,1.04425616104413
519,x,19,5,3,-0.135366913681169
519,x,21,6,2,1.30174429338073
519,x,26,5,5,0.218066559622867
519,x,40,7,-5,0.25515376478235
519,y,1,0,0,-0.000890670123231731
519,y,2,1,1,-2.4710684045402
519,y,8,3,-1,-0.649009583881966
519,y,10,3,3,0.505583646433785
519,y,16,6,0,0.152245935535917
519,y,17,4,4,0.217456150781632
519,y,18,4,-4,-0.762859078980172
519,y,20,5,-3,0.208154528311386
519,y,21,6,2,-0.0207021049826405
519,y,29,6,-4,-0.736709567113962
519,y,30,7,3,0.00597401256615739
520,x,1,0,0,-5.8342503800777
520,x,3,1,-1,1.2202195082819
520,x,6,2,-2,0.00741080226237313
520,x,8,3,-1,0.536471706673513
520,x,9,4,0,0.0496286344206211
520,x,10,3,3,-0.162110890528339
520,x,11,3,-3,-0.663539709347716
520,x,14,5,1,-0.374434173335025
520,x,16,6,0,-0.0627028076669907
520,x,18,4,-4,0.529200902434828
520,x,20,5,-3,0.943045361079502
520,x,22,6,-2,-0.156373130991213
520,x,23,7,1,-0.860188149697511
520,x,27,5,-5,0.103202288160084
520,x,28,6,4,-0.146813859315456
520,x,29,6,-4,0.142466542157469
520,x,31,7,-3,-0.715751074165637
520,x,38,6,-6,-0.21188908337403
520,x,50,7,7,-0.180007388889553
520,y,1,0,0,-3.04034718332849
520,y,2,1,1,1.12697794217374
520,y,3,1,-1,0.367459387552585
520,y,6,2,-2,0.887963217213909
520,y,13,4,-2,0.0624552622159149
520,y,16,6,0,0.502323466182432
520,y,17,4,4,0.560035026416379
520,y,21,6,2,-0.438285169105797
520,y,22,6,-2,-0.0800055287003512
520,y,29,6,-4,0.269789546632105
520,y,30,7,3,0.897283977156219
520,y,31,7,-3,0.372896154048591
520,y,39,7,5,-0.599457064128865
521,x,3,1,-1,5.63970908725012
521,x,5,2,2,2.78346930227258
521,x,7,3,1,-1.07044856697442
521,x,8,3,-1,-1.86603514126798
521,x,9,4,0,0.840321403093054
521,x,10,3,3,0.577346462571691
521,x,15,5,-1,0.291181081880717
521,x,17,4,4,1.54114303570013
521,x,19,5,3,0.720667434390227
521,x,20,5,-3,-0.129877866767261
521,x,21,6,2,-0.49378056092044
521,x,24,7,-1,-0.137859060962733
521,x,26,5,5,1.10973568150809
521,x,27,5,-5,-0.555574693926085
521,x,29,6,-4,0.459299960660802
521,x,37,6,6,-0.423023224487018
521,x,38,6,-6,-0.883299783200041
521,x,39,7,5,0.586941897958687
521,x,51,7,-7,0.474727826577436
521,y,2,1,1,4.76291706241381
521,y,5,2,2,0.547079930514756
521,y,8,3,-1,0.141288894484502
521,y,9,4,0,0.0394111851273645
521,y,10,3,3,-1.1589843635871
521,y,11,3,-3,0.580758447636353
521,y,12,4,2,1.30336351240869
521,y,16,6,0,0.988064149746983
521,y,18,4,-4,0.869766279109693
521,y,19,5,3,-0.613697219349163
521,y,20,5,-3,-0.549038161304265
521,y,22,6,-2,0.490361377979936
521,y,26,5,5,0.960895970933417
521,y,28,6,4,0.417637740857987
521,y,29,6,-4,0.399157979678863
521,y,31,7,-3,0.380402412354858
521,y,38,6,-6,-0.00574551081273755
521,y,39,7,5,0.673667023845865
521,y,40,7,-5,-0.0350242697046609
521,y,51,7,-7,-0.257879436358159
522,x,3,1,-1,0.0666887977096015
522,x,6,2,-2,5.05065792825467
522,x,9,4,0,-0.102131536242414
522,x,12,4,2,0.0108112056256996
522,x,17,4,4,-1.48454127320359
522,x,21,6,2,0.174778428433328
522,x,24,7,-1,-0.521567066035871
522,x,29,6,-4,-0.196609243706929
522,x,39,7,5,-0.669468240617004
522,x,50,7,7,-0.374029314420658
522,y,3,1,-1,2.85938035264322
522,y,5,2,2,-0.557224657113016
522,y,6,2,-2,2.56207600998739
522,y,7,3,1,0.0414742847379623
522,y,10,3,3,0.751305687881146
522,y,12,4,2,-1.23430936513388
522,y,13,4,-2,1.31623259775896
522,y,15,5,-1,0.120152829183876
522,y,17,4,4,-0.841701001142785
522,y,21,6,2,-0.3817778249739
522,y,23,7,1,0.159781405336512
522,y,26,5,5,-1.07625969755936
522,y,27,5,-5,1.01575352728444
522,y,29,6,-4,-0.470680662154854
522,y,31,7,-3,0.727383214076608
522,y,51,7,-7,0.174973855857191
523,x,1,0,0,1.56991115882641
523,x,4,2,0,-2.18114556258942
523,x,6,2,-2,1.63626846834765
523,x,9,4,0,-0.165559080200781
523,x,11,3,-3,-0.257601582604272
523,x,12,4,2,-0.616115728104911
523,x,13,4,-2,-0.141878679560282
523,x,14,5,1,-0.768592770715315
523,x,15,5,-1,-0.418460447096929
523,x,16,6,0,-0.108609458291562
523,x,23,7,1,0.149849397061386
523,x,24,7,-1,0.135588128922276
523,x,28,6,4,-0.0771494954305648
523,x,30,7,3,-0.0752782918576465
523,x,38,6,-6,-0.64296114037424
523,x,40,7,-5,-0.592774926083805
523,x,51,7,-7,0.217868975931633
523,y,4,2,0,-1.32590974956859
523,y,5,2,2,-1.34528160883689
523,y,6,2,-2,0.471910203060016
523,y,7,3,1,-0.57623345706289
523,y,17,4,4,0.351524174853586
523,y,19,5,3,-0.419038483325657
523,y,20,5,-3,0.345956127591851
523,y,22,6,-2,-0.513788604699739
523,y,26,5,5,-0.102628553916615
523,y,29,6,-4,-0.705954692465093
523,y,30,7,3,-0.405540494387306
523,y,31,7,-3,-0.523072444187698
523,y,37,6,6,-0.575759970296977
523,y,40,7,-5,-0.422048578203405
524,x,3,1,-1,-2.06331607193368
524,x,6,2,-2,0.19645915378359
524,x,8,3,-1,-0.389978346809363
524,x,14,5,1,0.515395014986278
524,x,15,5,-1,-0.194417541673439
524,x,19,5,3,0.264070162444685
524,x,20,5,-3,-0.0880511125736332
524,x,24,7,-1,0.205109321815551
524,x,30,7,3,-0.035720076681646
524,x,31,7,-3,-1.2069608831314
524,x,39,7,5,0.0743418760971748
524,x,50,7,7,-0.266964472273856
524,x,51,7,-7,-0.410259499528818
524,y,1,0,0,-2.46225673868688
524,y,3,1,-1,-2.7565124893642
524,y,4,2,0,-0.138266223308373
524,y,11,3,-3,1.11898983728562
524,y,17,4,4,0.185456083605256
524,y,19,5,3,-0.958578504913965
524,y,21,6,2,-0.994872322713193
524,y,22,6,-2,-0.183131958393407
524,y,30,7,3,0.263008024769894
524,y,37,6,6,0.306438201020317
524,y,40,7,-5,-0.933400494946205
525,x,1,0,0,-3.50936494639526
525,x,11,3,-3,-2.71192127567056
525,x,12,4,2,0.012989355933039
525,x,20,5,-3,0.690668485738039
525,x,26,5,5,0.990927001051176
525,x,31,7,-3,-0.244889675645575
525,x,39,7,5,-0.25442296586094
525,x,40,7,-5,-0.168685593825319
525,x,50,7,7,-0.00464410218763048
525,x,51,7,-7,0.0736173698694844
525,y,1,0,0,-1.72698538207997
525,y,2,1,1,-2.5340150016172
525,y,4,2,0,0.761667397920211
525,y,6,2,-2,-2.22137626154607
525,y,7,3,1,0.28402131669554
525,y,9,4,0,-0.63251747761343
525,y,10,3,3,-1.22444827368314
525,y,11,3,-3,0.895080286995943
525,y,14,5,1,-1.44175513201484
525,y,18,4,-4,0.969262763645087
525,y,20,5,-3,1.02563148769233
525,y,21,6,2,-0.619841709943929
525,y,22,6,-2,-1.01342600511745
525,y,26,5,5,0.360532152632307
525,y,28,6,4,-0.456083215455821
525,y,29,6,-4,0.378596647542769
525,y,37,6,6,-0.352676249422967
525,y,38,6,-6,0.0740897779413244
525,y,39,7,5,1.09479291813765
525,y,50,7,7,0.115896375980911
526,x,1,0,0,4.07469170803851
526,x,2,1,1,2.93566137651301
526,x,8,3,-1,-0.00471937716019774
526,x,9,4,0,0.647580762550807
526,x,18,4,-4,-0.552042142830754
526,x,21,6,2,1.04173949795248
526,x,26,5,5,-0.534337640674259
526,x,30,7,3,-0.248106686713098
526,x,37,6,6,0.555837566022527
526,x,39,7,5,-0.0162924131419169
526,x,50,7,7,-0.876870757747851
526,y,1,0,0,-5.72328835189882
526,y,2,1,1,2.70195122191238
526,y,4,2,0,1.17254660827134
526,y,5,2,2,-0.448107027947472
526,y,7,3,1,0.00683938443355055
526,y,9,4,0,0.363032904390271
526,y,11,3,-3,-1.19725461955201
526,y,15,5,-1,0.230352258130407
526,y,22,6,-2,-0.502625904105994
526,y,24,7,-1,0.204157635503928
526,y,26,5,5,0.542525726741619
526,y,30,7,3,0.507055288947865
527,x,2,1,1,-0.983099569371637
527,x,4,2,0,-0.991970311490373
527,x,5,2,2,0.851192975347774
527,x,7,3,1,0.675201742080475
527,x,9,4,0,-0.52679639488848
527,x,10,3,3,-0.860317860376329
527,x,12,4,2,-0.0300530104687717
527,x,13,4,-2,0.911225640299081
527,x,15,5,-1,-0.42473682843387
527,x,16,6,0,0.0687087866475332
527,x,17,4,4,-1.74858680089478
527,x,18,4,-4,0.162186589754541
527,x,21,6,2,0.610428534297185
527,x,23,7,1,-0.303422316733374
527,x,30,7,3,-0.0906880224722496
527,x,31,7,-3,-0.719919848571925
527,x,39,7,5,-0.466551733306056
527,y,9,4,0,0.0219707499785783
527,y,10,3,3,0.37231116822246
527,y,13,4,-2,1.79118077427515
527,y,17,4,4,-1.10309198603678
527,y,19,5,3,2.08310671234541
527,y,22,6,-2,1.24543030920848
527,y,23,7,1,-0.797522875753523
527,y,27,5,-5,0.666834564190129
527,y,28,6,4,0.34979151734166
527,y,29,6,-4,-0.651067961024358
527,y,40,7,-5,-0.771015080447327
528,x,2,1,1,0.597987863202379
528,x,3,1,-1,-5.26427334823995
528,x,8,3,-1,-1.80880179693704
528,x,10,3,3,-0.397803208828003
528,x,15,5,-1,0.551263885117575
528,x,17,4,4,0.190592238379739
528,x,18,4,-4,1.12613920548936
528,x,23,7,1,-0.280638583712827
528,x,24,7,-1,0.00665459618024951
528,x,27,5,-5,0.213817200443187
528,x,51,7,-7,-0.0721490947510818
528,y,1,0,0,2.95322781266198
528,y,2,1,1,-5.52137365080341
528,y,3,1,-1,-1.62349333683088
528,y,4,2,0,1.38923614187194
528,y,7,3,1,0.64911776289595
528,y,8,3,-1,0.877523190402214
528,y,11,3,-3,-1.01557115950071
528,y,12,4,2,-0.364917640729462
528,y,14,5,1,0.0180557573183957
528,y,16,6,0,0.335378394950323
528,y,18,4,-4,-0.0916269014784966
528,y,21,6,2,-0.642939888455167
528,y,22,6,-2,0.743947328738842
528,y,26,5,5,-0.580974491681055
528,y,39,7,5,-0.128967860044445
528,y,51,7,-7,-0.432532368177162
529,x,1,0,0,-2.48706983162602
529,x,4,2,0,-0.712930854149006
529,x,7,3,1,-2.15877763797239
529,x,8,3,-1,-1.49823907015092
529,x,11,3,-3,0.470706176862315
529,x,12,4,2,-0.423481861618235
529,x,13,4,-2,0.409847540962894
529,x,14,5,1,0.543283598635859
529,x,15,5,-1,0.162824643310476
529,x,16,6,0,0.0480162881337557
529,x,18,4,-4,-0.140104705425683
529,x,21,6,2,-0.225999409798575
529,x,24,7,-1,-0.14235153105773
529,x,31,7,-3,0.578317389259022
529,x,51,7,-7,-0.819759226568621
529,y,2,1,1,2.89390383387051
529,y,4,2,0,0.515844781213355
529,y,5,2,2,0.705314175058193
529,y,6,2,-2,0.513973344373584
529,y,11,3,-3,0.903475351650685
529,y,19,5,3,-0.325522134286169
529,y,20,5,-3,-0.0956690334659507
529,y,22,6,-2,0.678929956046803
529,y,26,5,5,0.499715272813672
529,y,39,7,5,-0.197747412109332
529,y,40,7,-5,-0.252200632424866
529,y,50,7,7,0.0578286648459016
530,x,1,0,0,-3.40814187725651
530,x,2,1,1,2.60141138101844
530,x,3,1,-1,-0.21288180367611
530,x,7,3,1,-1.20640340104117
530,x,10,3,3,0.260603383941631
530,x,13,4,-2,0.0387868435668302
530,x,14,5,1,-0.207861864569744
530,x,16,6,0,0.0507223203368708
530,x,18,4,-4,-0.127503884313603
530,x,24,7,-1,0.0915394458254894
530,x,27,5,-5,0.133358697290044
530,x,29,6,-4,0.104273199140086
530,x,30,7,3,0.55638705001734
530,x,38,6,-6,-0.402327723011616
530,y,1,0,0,0.700398635345961
530,y,3,1,-1,2.91587654408486
530,y,4,2,0,-2.71079251697286
530,y,7,3,1,-1.8572132286607
530,y,9,4,0,0.328358174749951
530,y,13,4,-2,0.0326082575884179
530,y,15,5,-1,0.0263543643332645
530,y,21,6,2,0.455929612923709
530,y,22,6,-2,-0.299437945175873
530,y,23,7,1,-0.183004845641994
530,y,24,7,-1,0.0896156885395977
530,y,28,6,4,0.135178092898469
530,y,30,7,3,-0.110259552242933
530,y,31,7,-3,-0.539641697275993
530,y,39,7,5,-0.127351649332914
530,y,40,7,-5,-0.218333637376747
530,y,51,7,-7,0.0492081603741608
531,x,3,1,-1,2.26693321888552
531,x,4,2,0,-2.40453692214951
531,x,5,2,2,-0.391894221013053
531,x,6,2,-2,0.233132990657104
531,x,7,3,1,0.13447572556314
531,x,8,3,-1,0.441833847203104
531,x,9,4,0,0.586104039642395
531,x,10,3,3,-0.783645227576371
531,x,13,4,-2,-0.973068536979272
531,x,17,4,4,0.53606765744733
531,x,18,4,-4,0.213156148141295
531,x,20,5,-3,0.965068231102644
531,x,24,7,-1,0.337674435071079
531,x,26,5,5,-0.195836120630596
531,x,29,6,-4,0.0776360938212353
531,x,30,7,3,1.01662562897818
531,x,38,6,-6,0.12736148162613
531,x,40,7,-5,-0.6442748981452
531,x,50,7,7,0.0587111251448203
531,x,51,7,-7,0.0465563675084183
531,y,1,0,0,0.824024963543791
531,y,4,2,0,-0.0350613763124159
531,y,5,2,2,2.06092324479133
531,y,7,3,1,-0.205839801514129
531,y,10,3,3,-0.891567979123283
531,y,12,4,2,0.0366438024601742
531,y,13,4,-2,-1.66256772731694
531,y,14,5,1,-0.577472722408806
531,y,16,6,0,-0.326816173188566
531,y,19,5,3,-0.248695526117424
531,y,20,5,-3,1.76912089669368
531,y,26,5,5,0.0227895308611771
531,y,27,5,-5,-0.17714728238381
531,y,28,6,4,-0.478720947344955
531,y,31,7,-3,-0.316007260086221
531,y,37,6,6,-0.765622717824908
532,x,4,2,0,-1.15287370047043
532,x,9,4,0,1.94165759393204
532,x,11,3,-3,1.0092069999861
532,x,13,4,-2,0.940661698449719
532,x,16,6,0,-0.35892082567383
532,x,17,4,4,0.994655302870884
532,x,18,4,-4,-0.0622484520294063
532,x,20,5,-3,-0.510400962085798
532,x,22,6,-2,-0.0470372393168589
532,x,26,5,5,-0.450973094996726
532,x,27,5,-5,-0.642425234460488
532,x,28,6,4,-0.337145685013581
532,x,29,6,-4,0.216630046105722
532,x,30,7,3,-0.016642887182546
532,x,37,6,6,1.17643980708152
532,x,38,6,-6,-0.776044641419376
532,y,2,1,1,7.07078244122468
532,y,4,2,0,-0.541579244792609
532,y,7,3,1,1.89669439751395
532,y,13,4,-2,0.925697701938751
532,y,18,4,-4,-0.0885711308241175
532,y,19,5,3,-0.6925120435492
532,y,23,7,1,-0.0838891012390199
532,y,27,5,-5,0.732252380442589
532,y,30,7,3,-0.627147591500686
532,y,31,7,-3,-0.310844280585459
532,y,37,6,6,0.202122766799876
532,y,40,7,-5,0.544815063610151
533,x,1,0,0,-3.67069037790041
533,x,5,2,2,0.220425212764175
533,x,9,4,0,-1.22043574718228
533,x,10,3,3,-2.01759883693214
533,x,11,3,-3,-0.58057608704409
533,x,15,5,-1,-0.203834646939867
533,x,16,6,0,0.293530696619232
533,x,19,5,3,-0.129562702617589
533,x,20,5,-3,0.417246069852228
533,x,22,6,-2,-0.548157217733164
533,x,24,7,-1,0.206239418060498
533,x,29,6,-4,-0.424235568252586
533,x,30,7,3,-0.0905147896048196
533,x,31,7,-3,0.186288353031109
533,x,37,6,6,-0.271687817203586
533,x,38,6,-6,0.316302818170748
533,x,39,7,5,0.0154154051514949
533,x,40,7,-5,-0.272958006381333
533,x,50,7,7,0.11800379129185
533,x,51,7,-7,-0.0683693636697098
533,y,1,0,0,0.778702368852553
533,y,5,2,2,0.469057757758091
533,y,7,3,1,1.18063861819677
533,y,12,4,2,-0.741294692100168
533,y,17,4,4,1.39449604726064
533,y,20,5,-3,0.0115138789693957
533,y,26,5,5,-0.166268588694132
533,y,27,5,-5,0.154713527808712
533,y,29,6,-4,-0.210406708599272
533,y,30,7,3,0.0632328778738987
533,y,31,7,-3,-0.00340431795501333
533,y,50,7,7,-0.459440633551495
534,x,3,1,-1,-1.12844166715173
534,x,4,2,0,-0.0706346372086567
534,x,5,2,2,0.962761858165571
534,x,7,3,1,2.65231992841349
534,x,9,4,0,0.615140778813236
534,x,11,3,-3,0.826109056102194
534,x,13,4,-2,1.80950310799201
534,x,16,6,0,0.271767856612682
534,x,17,4,4,0.10467955484269
534,x,18,4,-4,-0.604909520921983
534,x,20,5,-3,0.773112609348064
534,x,21,6,2,0.39327482504779
534,x,22,6,-2,0.339785334371943
534,x,23,7,1,0.818415776028181
534,x,24,7,-1,0.157261953491557
534,x,30,7,3,0.15780848601652
534,x,31,7,-3,0.0622310158066275
534,x,38,6,-6,0.662101061022583
534,x,40,7,-5,0.570180224143705
534,x,51,7,-7,0.109117357717585
534,y,1,0,0,1.26939117174861
534,y,2,1,1,-2.84792200757182
534,y,5,2,2,0.9161366809026
534,y,7,3,1,-0.110420688313738
534,y,8,3,-1,2.95715562856349
534,y,9,4,0,0.0714186027102923
534,y,10,3,3,0.172705578125421
534,y,12,4,2,-0.0523503409314491
534,y,13,4,-2,-1.13034697004418
534,y,14,5,1,0.305272491774285
534,y,17,4,4,-0.338354773202932
534,y,20,5,-3,-0.758466133439795
534,y,21,6,2,-0.325593429132868
534,y,22,6,-2,0.517431528469889
534,y,24,7,-1,0.10560508642557
534,y,31,7,-3,-0.616884314980669
534,y,37,6,6,0.0702196387717234
534,y,38,6,-6,0.250763824637086
534,y,40,7,-5,-0.427261338931026
534,y,50,7,7,0.2152101786676
535,x,2,1,1,0.321239096944817
535,x,3,1,-1,1.87837513538107
535,x,6,2,-2,0.483158383727885
535,x,14,5,1,0.138227115338292
535,x,15,5,-1,-0.817307799671529
535,x,16,6,0,-0.488479612858956
535,x,19,5,3,-0.167439842210124
535,x,26,5,5,0.282567223194389
535,x,27,5,-5,0.122844567889055
535,x,51,7,-7,0.51041414811123
535,y,1,0,0,-3.61496143301576
535,y,6,2,-2,-1.20312613213932
535,y,8,3,-1,2.77537346413641
535,y,9,4,0,-0.525562782914349
535,y,10,3,3,0.713479347828327
535,y,13,4,-2,0.399855613020525
535,y,20,5,-3,1.07217344889476
535,y,21,6,2,0.599857796497716
535,y,26,5,5,-0.163497575211127
535,y,28,6,4,-0.362942065827781
535,y,38,6,-6,0.0627030408610181
535,y,40,7,-5,-0.367544064891565
535,y,50,7,7,-0.0911956629640226
536,x,1,0,0,0.726310180344258
536,x,3,1,-1,3.02170822404443
536,x,4,2,0,-1.09053470746311
536,x,6,2,-2,-2.1365166915076
536,x,9,4,0,0.866665971514168
536,x,13,4,-2,0.442817752015287
536,x,14,5,1,-0.272488906519198
536,x,20,5,-3,0.293082276178784
536,x,21,6,2,-0.372704720812165
536,x,29,6,-4,-0.309815160518754
536,x,31,7,-3,-0.301946336077266
536,x,37,6,6,-0.801046293465025
536,x,38,6,-6,0.293578938063592
536,x,51,7,-7,0.52062504586712
536,y,4,2,0,-1.54122016337586
536,y,6,2,-2,-1.51099107136878
536,y,8,3,-1,0.115426690469343
536,y,11,3,-3,-0.00479644589476387
536,y,13,4,-2,0.536313841576062
536,y,14,5,1,0.258663546365354
536,y,17,4,4,0.134248708066288
536,y,18,4,-4,0.829467180025232
536,y,19,5,3,0.523653925608334
536,y,20,5,-3,-0.868674812671861
536,y,23,7,1,-0.0559703914867742
536,y,24,7,-1,0.6612661509532
536,y,28,6,4,0.27614086891643
536,y,30,7,3,0.804828272033447
536,y,40,7,-5,-0.234397704294588
536,y,50,7,7,-0.199089620206893
537,x,4,2,0,2.77714647310104
537,x,8,3,-1,0.113338128767616
537,x,9,4,0,-0.184413394642539
537,x,11,3,-3,1.30539715060751
537,x,13,4,-2,0.0600678237889709
537,x,17,4,4,1.37164495705182
537,x,21,6,2,-0.260952147815518
537,x,22,6,-2,-0.372104429991158
537,x,23,7,1,0.27547756614641
537,x,24,7,-1,0.516657601610766
537,x,27,5,-5,0.10195278441745
537,x,31,7,-3,0.0771622791533843
537,x,38,6,-6,-0.140638574862285
537,x,51,7,-7,0.304764785768624
537,y,5,2,2,-0.123900751813248
537,y,11,3,-3,2.2730086990004
537,y,13,4,-2,-0.989165294237234
537,y,14,5,1,-0.187604648597885
537,y,15,5,-1,0.338014532872708
537,y,16,6,0,-0.257308131455598
537,y,18,4,-4,-0.0649630810925067
537,y,21,6,2,0.156046287663699
537,y,26,5,5,0.168954265118203
537,y,27,5,-5,0.707741127548554
537,y,28,6,4,1.98856211917901
537,y,30,7,3,0.304709375478575
538,x,3,1,-1,-1.86416583461099
538,x,6,2,-2,1.56007578627033
538,x,8,3,-1,1.26606985049279
538,x,11,3,-3,-1.18209118123863
538,x,19,5,3,-0.0496247097995641
538,x,24,7,-1,-0.608921827177264
538,x,27,5,-5,-0.033038064819002
538,x,28,6,4,0.417027094578741
538,x,39,7,5,0.0803551298312734
538,x,40,7,-5,-0.0971524705647386
538,y,3,1,-1,-1.99302395742412
538,y,4,2,0,-1.32383562585843
538,y,6,2,-2,-2.24448384775967
538,y,7,3,1,-0.27335409874429
538,y,12,4,2,-0.175538106166365
538,y,13,4,-2,-0.146131820974016
538,y,15,5,-1,-0.533516748612304
538,y,27,5,-5,-0.12422189250657
538,y,30,7,3,0.602895364728167
538,y,38,6,-6,-0.3358265766182
538,y,40,7,-5,0.66214297891267
538,y,50,7,7,0.409133099906111
538,y,51,7,-7,-0.281050710750128
539,x,4,2,0,2.21128070535563
539,x,6,2,-2,1.10251432431358
539,x,9,4,0,-0.402450081414374
539,x,11,3,-3,0.166068343267516
539,x,21,6,2,0.435886066193744
539,x,27,5,-5,0.715037191519748
539,x,28,6,4,-1.5309524642652
539,x,30,7,3,-0.0939999469198401
539,x,37,6,6,0.270663222015872
539,x,38,6,-6,-0.692738095660281
539,x,51,7,-7,-0.246939534810229
539,y,1,0,0,-2.80676533290486
539,y,4,2,0,-0.518154042513832
539,y,6,2,-2,-1.1395659644556
539,y,14,5,1,0.630010084255317
539,y,15,5,-1,0.904986892452237
539,y,17,4,4,-1.09128627819047
539,y,23,7,1,-0.123153064874275
539,y,31,7,-3,-1.10588256844327
539,y,37,6,6,0.463315746378677
539,y,39,7,5,0.18579301892119
539,y,40,7,-5,-0.17154707353786
539,y,50,7,7,0.340898170209018
540,x,2,1,1,2.42886284194775
540,x,7,3,1,-0.280118157969089
540,x,10,3,3,-0.587274796201107
540,x,11,3,-3,-0.294668672717624
540,x,12,4,2,-1.4386164883032
540,x,13,4,-2,-0.690858505959224
540,x,14,5,1,-0.27979646060317
540,x,17,4,4,0.997702838920829
540,x,38,6,-6,-0.11262857586441
540,x,39,7,5,0.403504898909139
540,x,51,7,-7,0.764021604440218
540,y,1,0,0,1.22894374045588
540,y,2,1,1,4.60095056658089
540,y,4,2,0,-1.14615610483972
540,y,11,3,-3,-0.986767401457631
540,y,12,4,2,-0.441404285306049
540,y,15,5,-1,-0.0972175094405654
540,y,16,6,0,-0.549516073117694
540,y,18,4,-4,-0.201627302068285
540,y,19,5,3,0.703090039308942
540,y,20,5,-3,-0.00523166134569157
540,y,27,5,-5,-0.179881211219781
540,y,30,7,3,-0.615881493307387
540,y,37,6,6,-0.23705840142362
540,y,38,6,-6,0.0102430088027433
540,y,39,7,5,-0.718070844819913
541,x,1,0,0,0.955000204832807
541,x,2,1,1,-6.21487008808027
541,x,3,1,-1,3.28963384058268
541,x,5,2,2,1.75264361749529
541,x,8,3,-1,0.982838076248168
541,x,9,4,0,0.893581965332223
541,x,10,3,3,0.991948435314915
541,x,13,4,-2,0.0874798118539678
541,x,19,5,3,0.275724004188666
541,x,21,6,2,-0.442223519310209
541,x,22,6,-2,0.568547939546307
541,x,24,7,-1,-0.0432399564483472
541,x,26,5,5,0.854399390997499
541,x,28,6,4,0.204939142342094
541,x,29,6,-4,-0.0113524975480594
541,x,38,6,-6,0.612794078413551
541,y,1,0,0,-0.915863611107157
541,y,5,2,2,-0.501178279535449
541,y,6,2,-2,-0.250410679295389
541,y,16,6,0,0.0592269701509296
541,y,18,4,-4,0.387334599153915
541,y,19,5,3,0.300545631197242
541,y,21,6,2,-0.659514621834826
541,y,23,7,1,0.372588003415595
541,y,26,5,5,0.694497040337607
541,y,30,7,3,0.113146737268225
541,y,50,7,7,-0.0719926818050158
541,y,51,7,-7,0.51058818732163
542,x,1,0,0,-1.84243129903269
542,x,2,1,1,-1.22219979471754
542,x,7,3,1,0.152947949426839
542,x,13,4,-2,-0.92633683915383
542,x,17,4,4,-0.343956285237117
542,x,19,5,3,0.231951828108168
542,x,21,6,2,-0.294116790534446
542,x,23,7,1,-0.333543895738686
542,x,26,5,5,0.288199911504886
542,x,28,6,4,0.0293453373203544
542,x,29,6,-4,-0.446405580614779
542,x,30,7,3,0.53966348834514
542,x,31,7,-3,0.0145540662027902
542,y,3,1,-1,-1.00238731367778
542,y,8,3,-1,1.0799515299421
542,y,9,4,0,1.56214206594511
542,y,12,4,2,-0.0769186385938203
542,y,18,4,-4,0.148473398586226
542,y,19,5,3,-0.0634112217349217
542,y,20,5,-3,-0.433200371386759
542,y,26,5,5,0.429299992406925
542,y,28,6,4,0.808553582823012
542,y,37,6,6,0.38258401901276
542,y,38,6,-6,-0.134632528587435
542,y,39,7,5,0.0645358021191307
542,y,40,7,-5,0.417638176107874
543,x,1,0,0,-0.769011521494347
543,x,2,1,1,3.84712796726772
543,x,3,1,-1,-0.505480302528302
543,x,5,2,2,0.394481069957601
543,x,6,2,-2,0.602739731304821
543,x,12,4,2,-0.797441266296794
543,x,14,5,1,-0.6074967396909
543,x,16,6,0,0.723430150688609
543,x,17,4,4,-0.850127276625989
543,x,18,4,-4,-0.190880226937264
543,x,20,5,-3,0.930310143081339
543,x,24,7,-1,0.110243834583527
543,x,26,5,5,-0.569016578765071
543,x,27,5,-5,-0.0875358880216348
543,x,28,6,4,-0.324607450689918
543,x,30,7,3,-0.620010336357082
543,x,31,7,-3,-0.398989757854057
543,x,38,6,-6,1.00167261323024
543,x,40,7,-5,-0.0828602979611668
543,x,51,7,-7,0.792518913867525
543,y,1,0,0,-0.382066181941301
543,y,10,3,3,-2.08309981593687
543,y,11,3,-3,0.433194241278994
543,y,15,5,-1,0.195110558949942
543,y,18,4,-4,-1.11603342650938
543,y,22,6,-2,0.36948188151585
543,y,23,7,1,0.0421498418244152
543,y,27,5,-5,-0.288460441970614
543,y,28,6,4,0.0420544691743564
543,y,31,7,-3,0.647442065397306
543,y,37,6,6,-0.331651440961508
543,y,38,6,-6,-1.66241556988404
543,y,39,7,5,-0.00878138062667582
543,y,40,7,-5,-0.170983291503094
543,y,50,7,7,0.422830918964288
544,x,5,2,2,-1.91522220299281
544,x,15,5,-1,-0.762762746881296
544,x,16,6,0,0.0502345845285211
544,x,20,5,-3,-1.69225844750108
544,x,22,6,-2,0.385509150664621
544,x,26,5,5,1.42533468716326
544,x,27,5,-5,0.228056967828491
544,x,39,7,5,-0.137258337813006
544,x,40,7,-5,0.691887193329407
544,x,51,7,-7,-0.0887581926753033
544,y,1,0,0,0.388373564360889
544,y,2,1,1,-0.755660568055618
544,y,7,3,1,-0.130249321016329
544,y,11,3,-3,-0.580004184233793
544,y,13,4,-2,-1.00917114703817
544,y,14,5,1,-0.956596654032923
544,y,15,5,-1,-0.0978403779659357
544,y,16,6,0,-0.455636704337882
544,y,20,5,-3,-0.670495930856419
544,y,23,7,1,0.969932892553824
544,y,24,7,-1,-0.198243602365756
544,y,26,5,5,0.907017952883425
544,y,27,5,-5,-1.10655382190886
544,y,28,6,4,0.917438347607444
544,y,31,7,-3,-1.25312240614205
544,y,37,6,6,0.332243185038869
544,y,38,6,-6,0.979698610526423
544,y,39,7,5,0.918478672064315
544,y,40,7,-5,-0.447151965458859
545,x,5,2,2,-3.8190967353189
545,x,10,3,3,-1.37961879535419
545,x,13,4,-2,-0.855499724276108
545,x,14,5,1,-0.603769609538623
545,x,15,5,-1,0.0172643969284938
545,x,18,4,-4,-0.241919819098496
545,x,19,5,3,0.342334295849769
545,x,22,6,-2,0.075145910525001
545,x,24,7,-1,-0.601275371988804
545,x,26,5,5,1.40151521177218
545,x,30,7,3,-0.232267058174133
545,x,38,6,-6,0.0461656398436456
545,y,2,1,1,-5.41768373398316
545,y,3,1,-1,0.5249569507604
545,y,6,2,-2,0.584141502732717
545,y,7,3,1,-0.0553755457601138
545,y,12,4,2,-0.72674420349805
545,y,21,6,2,-0.374924988683339
545,y,24,7,-1,0.113897604648119
545,y,26,5,5,0.0062274571638728
545,y,29,6,-4,0.477936912159859
545,y,30,7,3,0.245816816581652
545,y,31,7,-3,0.401065867849205
545,y,37,6,6,-0.182223940769933
545,y,39,7,5,0.0849490120579933
545,y,40,7,-5,-0.336740421309663
546,x,1,0,0,-1.91821063099168
546,x,2,1,1,-2.18077433863089
546,x,3,1,-1,2.50283277513765
546,x,4,2,0,2.93570257447366
546,x,6,2,-2,-0.057354805116867
546,x,7,3,1,-0.395551629689326
546,x,8,3,-1,0.892386511134356
546,x,13,4,-2,-0.614984189744249
546,x,15,5,-1,0.469262716502528
546,x,16,6,0,-0.0558719894823711
546,x,17,4,4,-0.143257657054253
546,x,19,5,3,-0.172536010082057
546,x,20,5,-3,0.172525063867654
546,x,22,6,-2,0.34013443050074
546,x,27,5,-5,-0.00963329335861065
546,x,29,6,-4,0.264532627774727
546,x,37,6,6,0.00379101211461574
546,x,38,6,-6,0.543652187868612
546,y,1,0,0,-1.21725749524009
546,y,5,2,2,0.207573813139361
546,y,7,3,1,0.607927566691608
546,y,9,4,0,-0.905567823013717
546,y,10,3,3,-1.14791366902403
546,y,17,4,4,-0.843950189648339
546,y,18,4,-4,-0.498706165691576
546,y,21,6,2,0.825973272219556
546,y,23,7,1,-0.872263910229733
546,y,29,6,-4,-1.10712862746142
546,y,31,7,-3,-0.000486025219079708
546,y,40,7,-5,0.222529081691939
546,y,50,7,7,-0.376758927136723
546,y,51,7,-7,-0.722397511475423
547,x,1,0,0,5.90104319646997
547,x,2,1,1,-2.02057551319791
547,x,3,1,-1,-3.01395909361078
547,x,8,3,-1,-0.692636299814931
547,x,9,4,0,0.487594916021504
547,x,14,5,1,0.580115417053997
547,x,15,5,-1,-0.568662657605885
547,x,18,4,-4,0.0416861419372795
547,x,19,5,3,0.19506630981922
547,x,21,6,2,0.577451870126764
547,x,22,6,-2,-0.0772634514110836
547,x,24,7,-1,0.0346995782185197
547,x,26,5,5,-0.601133212793604
547,x,27,5,-5,-0.0186700634982255
547,x,28,6,4,0.109394984323799
547,x,29,6,-4,-0.220399687014489
547,x,31,7,-3,0.683367052996408
547,x,40,7,-5,0.118960703161649
547,x,50,7,7,0.429654843778225
547,x,51,7,-7,-0.402826483406798
547,y,2,1,1,3.39540388307194
547,y,3,1,-1,0.517518730536713
547,y,5,2,2,0.525043554089311
547,y,6,2,-2,1.87891103611875
547,y,8,3,-1,-0.494593341187253
547,y,9,4,0,0.30846319346246
547,y,12,4,2,-0.00410942931472887
547,y,13,4,-2,-1.15231832637712
547,y,14,5,1,-0.301434495137703
547,y,15,5,-1,0.361061314445628
547,y,18,4,-4,-0.400386100802248
547,y,19,5,3,0.626775475771603
547,y,23,7,1,0.801665286670397
547,y,26,5,5,-1.02109019613534
547,y,37,6,6,1.12873206789177
547,y,38,6,-6,0.35394598054417
547,y,40,7,-5,-0.143896503616914
547,y,50,7,7,-0.361706010480588
548,x,4,2,0,-0.594213570142989
548,x,5,2,2,-1.89347261861987
548,x,8,3,-1,-0.332928800434242
548,x,9,4,0,-0.497773455277777
548,x,10,3,3,-1.83110359243821
548,x,11,3,-3,-0.00872150140940513
548,x,13,4,-2,1.25405168220627
548,x,15,5,-1,-0.311675554623166
548,x,16,6,0,-0.47443579239221
548,x,17,4,4,0.348341960608393
548,x,21,6,2,-0.473883129582954
548,x,24,7,-1,-0.812209665523378
548,x,27,5,-5,0.961511910351407
548,x,28,6,4,0.353149082297455
548,x,29,6,-4,0.86696726470348
548,x,30,7,3,-0.390964479199872
548,x,40,7,-5,0.809991776584336
548,y,1,0,0,-5.30900308389202
548,y,2,1,1,1.17529341900244
548,y,6,2,-2,0.63440507292829
548,y,7,3,1,0.543442299043131
548,y,11,3,-3,-0.328921123213878
548,y,12,4,2,0.895808961401727
548,y,16,6,0,0.846436314191583
548,y,17,4,4,1.5291807730527
548,y,19,5,3,0.0786219417396127
548,y,24,7,-1,-0.149795560086927
548,y,26,5,5,-0.994773387724893
548,y,27,5,-5,-0.370419708895934
548,y,30,7,3,0.566726289042195
548,y,31,7,-3,0.0284198975012215
548,y,37,6,6,0.410746766521656
548,y,40,7,-5,0.0208968548108583
548,y,50,7,7,-0.242454035005207
548,y,51,7,-7,-0.525292242798067
549,x,2,1,1,3.10239852683389
549,x,3,1,-1,3.01212331650636
549,x,4,2,0,-1.7954282318957
549,x,6,2,-2,0.246550832658869
549,x,9,4,0,0.586425224315838
549,x,10,3,3,0.650370026104637
549,x,11,3,-3,0.240616759820181
549,x,12,4,2,0.783667619608395
549,x,13,4,-2,0.906353473211832
549,x,14,5,1,-0.0519232629199412
549,x,19,5,3,-0.61795131395769
549,x,20,5,-3,-0.737434094749063
549,x,24,7,-1,0.450865261386355
549,x,26,5,5,-0.749989777199808
549,x,27,5,-5,0.555562804822543
549,x,30,7,3,-0.373449771882152
549,x,31,7,-3,0.0344518551094554
549,x,37,6,6,-0.833413502714761
549,x,38,6,-6,0.122281303989472
549,x,40,7,-5,-0.829927140997399
549,y,12,4,2,2.44938665651548
549,y,13,4,-2,1.51837868467285
549,y,14,5,1,-0.740690574761397
549,y,16,6,0,0.0752333321693175
549,y,17,4,4,-1.53112611740852
549,y,18,4,-4,-1.24935776097908
549,y,19,5,3,0.424021896027822
549,y,21,6,2,-0.352188590431365
549,y,24,7,-1,-0.00749293744040323
549,y,26,5,5,-0.387853410055291
550,x,6,2,-2,-1.35782896458676
550,x,7,3,1,-0.0486888568689656
550,x,8,3,-1,-1.01844879822828
550,x,10,3,3,0.840877437939198
550,x,12,4,2,0.908538391537265
550,x,13,4,-2,0.926911561787708
550,x,16,6,0,-1.25409352076985
550,x,18,4,-4,0.946958829823739
550,x,22,6,-2,0.689775440424054
550,x,27,5,-5,-1.15187855122318
550,x,39,7,5,-0.423943627369331
550,x,40,7,-5,0.144752495970311
550,x,51,7,-7,-0.186051664857157
550,y,1,0,0,3.74007963818226
550,y,2,1,1,-2.44933065711891
550,y,7,3,1,-0.440007752308932
550,y,12,4,2,-0.0218250113677825
550,y,15,5,-1,-0.897627120817876
550,y,20,5,-3,-0.225357760447435
550,y,28,6,4,-0.09955776356996
550,y,30,7,3,0.0223546941132475
550,y,31,7,-3,0.116230522057524
550,y,51,7,-7,-0.332837726930749
551,x,2,1,1,-1.49500405791416
551,x,4,2,0,-1.17309272424416
551,x,7,3,1,-0.0751564534597033
551,x,10,3,3,1.02547001928621
551,x,11,3,-3,-1.02622207520157
551,x,13,4,-2,-0.142400629650537
551,x,14,5,1,-0.359577982108904
551,x,17,4,4,-0.148786705924928
551,x,18,4,-4,0.0642186251524716
551,x,26,5,5,-0.892082817001847
551,x,37,6,6,-0.362267653418257
551,x,39,7,5,-0.13927448920257
551,x,40,7,-5,-0.325517338001949
551,x,50,7,7,0.104067552756859
551,x,51,7,-7,-0.376635337951776
551,y,2,1,1,0.308023271725815
551,y,4,2,0,-1.35428898413011
551,y,5,2,2,-2.04275272871153
551,y,10,3,3,-0.731797048635225
551,y,12,4,2,0.240387395816379
551,y,18,4,-4,-0.587115231705593
551,y,20,5,-3,-0.348507872224086
551,y,21,6,2,-0.392137188701748
551,y,22,6,-2,-0.577671381152799
551,y,28,6,4,-0.427316012666396
551,y,37,6,6,-1.10090543632439
552,x,3,1,-1,3.05260451296759
552,x,6,2,-2,0.385898051817353
552,x,10,3,3,0.199266808548831
552,x,14,5,1,0.285340295866886
552,x,15,5,-1,-0.21843258952786
552,x,19,5,3,-0.169527540611193
552,x,20,5,-3,-0.51241513689172
552,x,27,5,-5,-0.328700412607876
552,x,28,6,4,-0.664822163266938
552,x,39,7,5,0.660140079703678
552,x,40,7,-5,-0.357711861081705
552,x,50,7,7,-0.133141348816141
552,y,2,1,1,-5.66926429206727
552,y,3,1,-1,-0.109007107954122
552,y,8,3,-1,-0.457660661574034
552,y,13,4,-2,0.307517210523413
552,y,18,4,-4,-0.49030436144702
552,y,23,7,1,0.34216685757856
552,y,26,5,5,0.937583823387905
552,y,27,5,-5,-0.309399112732987
552,y,28,6,4,0.111930877837796
552,y,37,6,6,0.291447958536582
552,y,38,6,-6,-0.484386193164028
552,y,39,7,5,-0.358545954002718
553,x,1,0,0,-4.42443442242663
553,x,7,3,1,-0.299010076099906
553,x,8,3,-1,-1.78540120396641
553,x,9,4,0,-0.393167475183522
553,x,12,4,2,0.41631022646136
553,x,14,5,1,-0.968735348011848
553,x,15,5,-1,-0.123551818212046
553,x,16,6,0,-1.09728507043447
553,x,18,4,-4,-0.465169334775827
553,x,23,7,1,-0.0445110940351751
553,x,24,7,-1,-0.853077921052531
553,x,28,6,4,-0.586560825013125
553,x,29,6,-4,0.140788421130949
553,x,31,7,-3,0.0531672749249972
553,x,37,6,6,-0.0593108535078746
553,x,50,7,7,0.85547479698015
553,x,51,7,-7,-0.258241866162526
553,y,6,2,-2,-1.75568705912911
553,y,7,3,1,0.0118377586671847
553,y,8,3,-1,-0.213393663416374
553,y,9,4,0,-0.353235663811198
553,y,10,3,3,2.5613332785139
553,y,15,5,-1,-0.172903812917763
553,y,16,6,0,-0.561739438473295
553,y,23,7,1,-0.117895069780358
553,y,29,6,-4,-0.0232912228880597
553,y,37,6,6,-0.800938858977766
553,y,40,7,-5,-0.267127878753775
553,y,50,7,7,0.721990728639196
554,x,3,1,-1,0.403689904218997
554,x,7,3,1,0.112484306604397
554,x,9,4,0,1.57464157191653
554,x,10,3,3,0.428754776099351
554,x,12,4,2,0.850863778003618
554,x,15,5,-1,0.28076528183696
554,x,20,5,-3,-0.519000064451594
554,x,26,5,5,1.71691491993332
554,x,28,6,4,-0.0180228889680424
554,x,30,7,3,0.623197446333081
554,x,31,7,-3,0.0252632563402054
554,x,40,7,-5,-0.18165432439856
554,y,2,1,1,2.33674792791181
554,y,5,2,2,1.26968732866105
554,y,6,2,-2,-2.28689690610082
554,y,12,4,2,1.51692138195929
554,y,13,4,-2,-0.10548061228363
554,y,19,5,3,-0.00681618646727605
554,y,24,7,-1,-0.0183476777503057
554,y,30,7,3,-0.398369774141174
554,y,37,6,6,-0.244720421516611
554,y,39,7,5,0.176527351156999
555,x,1,0,0,-3.98919090904451
555,x,4,2,0,-0.255613742163271
555,x,6,2,-2,-0.232043470865194
555,x,7,3,1,0.181408034430582
555,x,9,4,0,0.119705904831631
555,x,13,4,-2,0.490961078518975
555,x,15,5,-1,0.231836396302331
555,x,22,6,-2,-0.4050440946842
555,x,24,7,-1,-0.473579484907195
555,x,27,5,-5,-0.0288474548764123
555,x,28,6,4,-0.411889673102331
555,x,38,6,-6,-0.50300387862695
555,x,40,7,-5,0.491804525500692
555,y,5,2,2,-1.69373882596244
555,y,6,2,-2,1.14295758041316
555,y,9,4,0,0.332248819479769
555,y,12,4,2,1.12236775528793
555,y,13,4,-2,0.445013301546355
555,y,15,5,-1,0.0563513305441661
555,y,21,6,2,-1.17646884402204
555,y,24,7,-1,-0.0626023313132589
555,y,26,5,5,0.244147118647917
555,y,27,5,-5,-0.693371838301296
555,y,29,6,-4,0.122462062716224
555,y,37,6,6,0.729333872179294
555,y,40,7,-5,-0.984318033588181
555,y,50,7,7,-0.224681991504928
556,x,5,2,2,0.712904113802708
556,x,7,3,1,0.894973067221876
556,x,11,3,-3,-0.900360775726368
556,x,12,4,2,1.39175255206601
556,x,14,5,1,1.55533479329172
556,x,15,5,-1,0.282477901757414
556,x,19,5,3,-1.24506125105057
556,x,22,6,-2,-0.387229975472378
556,x,23,7,1,-0.0571260892548851
556,x,24,7,-1,1.07357681238847
556,x,26,5,5,0.788820511002682
556,x,27,5,-5,-0.0790774096021276
556,x,29,6,-4,-1.46141123598976
556,x,37,6,6,-0.773778636793017
556,x,40,7,-5,0.895233772487736
556,x,50,7,7,0.477117748929827
556,x,51,7,-7,-0.456175005627743
556,y,5,2,2,-0.281137759071026
556,y,10,3,3,0.58340003069019
556,y,13,4,-2,0.689511797313991
556,y,15,5,-1,-1.88001506836711
556,y,16,6,0,0.581532924859596
556,y,17,4,4,2.02699937367383
556,y,19,5,3,-0.700033909528142
556,y,26,5,5,0.229817411258568
556,y,28,6,4,1.19293076955589
556,y,29,6,-4,-0.31769817755397
556,y,40,7,-5,-1.24660790685628
556,y,51,7,-7,0.176724299998993
557,x,3,1,-1,-1.95052355544626
557,x,5,2,2,-2.10861741070427
557,x,11,3,-3,-0.637482459132824
557,x,16,6,0,-0.376472690669189
557,x,20,5,-3,-0.319602371251566
557,x,21,6,2,0.923997297623799
557,x,28,6,4,0.197256796808462
557,x,29,6,-4,-1.26689580266239
557,x,40,7,-5,-0.375609307604048
557,x,51,7,-7,0.48730976071755
557,y,2,1,1,0.692051805680422
557,y,3,1,-1,-1.85765943900248
557,y,4,2,0,-1.4175295825029
557,y,5,2,2,0.933376543706447
557,y,6,2,-2,1.09769839718139
557,y,8,3,-1,-0.558562714264321
557,y,13,4,-2,1.33253590358438
557,y,15,5,-1,-0.36351802553777
557,y,17,4,4,1.06216907327399
557,y,19,5,3,-0.887910223986332
557,y,20,5,-3,0.537372939988472
557,y,21,6,2,0.0129412740325853
557,y,22,6,-2,0.353627615225972
557,y,28,6,4,-0.864090544270069
557,y,31,7,-3,0.930372043680153
557,y,38,6,-6,-0.40967993887653
557,y,39,7,5,-0.0100310388227647
557,y,50,7,7,-0.310312676796095
558,x,2,1,1,-1.24615200081761
558,x,3,1,-1,-8.69175180260341
558,x,4,2,0,-0.54047648100838
558,x,7,3,1,-0.663188437401577
558,x,9,4,0,-0.32528761214773
558,x,11,3,-3,0.539454533964634
558,x,14,5,1,-0.333245238248981
558,x,15,5,-1,-1.13327611327683
558,x,16,6,0,0.614416439708481
558,x,17,4,4,-0.242752492665522
558,x,18,4,-4,0.374163756659163
558,x,23,7,1,0.106715102088711
558,x,31,7,-3,0.271399413524611
558,x,39,7,5,-0.87398835823913
558,x,40,7,-5,0.832524738276295
558,x,51,7,-7,-0.317907776620396
558,y,1,0,0,1.12213019933037
558,y,2,1,1,-4.31158916388242
558,y,6,2,-2,1.36444116776111
558,y,10,3,3,0.0430511538982387
558,y,13,4,-2,0.835914852626706
558,y,15,5,-1,-0.506087203266488
558,y,16,6,0,-0.662923177372982
558,y,18,4,-4,-0.245189764346703
558,y,20,5,-3,0.380511080065866
558,y,21,6,2,0.931526885780734
558,y,26,5,5,-0.0951782972241417
558,y,28,6,4,-0.1217296851931
558,y,50,7,7,-0.42832529367341
559,x,4,2,0,0.9088086275498
559,x,6,2,-2,-0.806614116996854
559,x,8,3,-1,1.95411986405227
559,x,12,4,2,-0.00174092105566785
559,x,16,6,0,0.407333812204473
559,x,18,4,-4,-1.44945015642676
559,x,21,6,2,-0.962981460272745
559,x,28,6,4,0.371451289954747
559,x,29,6,-4,0.37951508785619
559,x,31,7,-3,-0.467054678643514
559,x,39,7,5,-0.040553851921471
559,x,51,7,-7,0.270333314954756
559,y,3,1,-1,1.53570137443994
559,y,4,2,0,0.227984874017226
559,y,5,2,2,-2.50382966772732
559,y,7,3,1,0.931676051000296
559,y,9,4,0,-0.0330804984390522
559,y,10,3,3,-0.670307479632591
559,y,11,3,-3,1.3188597716719
559,y,12,4,2,0.0136445922829992
559,y,18,4,-4,-2.03412840815561
559,y,23,7,1,0.484598099891954
559,y,24,7,-1,0.611698431696638
559,y,31,7,-3,0.712443162481266
559,y,37,6,6,0.0471044003801871
559,y,38,6,-6,-0.370057337410737
559,y,40,7,-5,-0.319986310081034
559,y,50,7,7,0.277275603328054
560,x,1,0,0,1.538529167938
560,x,7,3,1,1.58873620178013
560,x,9,4,0,1.52878612698673
560,x,11,3,-3,-0.183213563626891
560,x,13,4,-2,-0.430805022882701
560,x,15,5,-1,0.414848045838453
560,x,22,6,-2,-0.175630452849147
560,x,27,5,-5,1.29047600259824
560,x,31,7,-3,0.00115321834153817
560,x,38,6,-6,0.0476122578435726
560,x,39,7,5,-0.443221703031513
560,y,1,0,0,-2.53524659353763
560,y,3,1,-1,-2.71476593694992
560,y,5,2,2,0.334978070280609
560,y,7,3,1,-1.00168535236878
560,y,9,4,0,0.420586945331842
560,y,10,3,3,1.29666071081942
560,y,11,3,-3,-1.03871134275806
560,y,12,4,2,0.0616570151620886
560,y,14,5,1,-1.08458936890669
560,y,15,5,-1,0.1942604074684
560,y,16,6,0,0.18737674445004
560,y,21,6,2,0.144725792519202
560,y,30,7,3,0.231036685231243
560,y,39,7,5,-0.237077791106524
560,y,40,7,-5,0.0613197426651918
561,x,1,0,0,1.94197753561957
561,x,2,1,1,-1.71617588563671
561,x,3,1,-1,0.788412347985151
561,x,5,2,2,-2.27548437089624
561,x,6,2,-2,1.86609756193914
561,x,13,4,-2,0.248162745690355
561,x,27,5,-5,0.559050015398489
561,x,29,6,-4,0.338064356564115
561,x,30,7,3,-0.320929275337454
561,x,31,7,-3,0.0275487124636093
561,y,2,1,1,0.976167466143455
561,y,4,2,0,-2.74401662138974
561,y,5,2,2,1.75974841437296
561,y,7,3,1,-0.520480741157369
561,y,10,3,3,0.279777101268482
561,y,11,3,-3,0.456003527517436
561,y,16,6,0,-0.291081298754814
561,y,17,4,4,0.602770139727896
561,y,18,4,-4,0.702481605907716
561,y,19,5,3,-0.4955553091395
561,y,26,5,5,0.0775022833997615
561,y,30,7,3,0.160700086792667
561,y,50,7,7,0.527907861298668
562,x,2,1,1,5.87908188873185
562,x,4,2,0,1.59909532683029
562,x,5,2,2,0.882403452732353
562,x,7,3,1,0.521285874692664
562,x,8,3,-1,-0.497317917823979
562,x,11,3,-3,-0.656566559564357
562,x,12,4,2,1.20202763306286
562,x,13,4,-2,-0.0997238619890582
562,x,14,5,1,-0.325387777304358
562,x,15,5,-1,0.952843890472235
562,x,19,5,3,0.921578707861157
562,x,21,6,2,-0.433609302140595
562,x,22,6,-2,0.386602763759208
562,x,24,7,-1,0.660124275584071
562,x,26,5,5,0.782049623127511
562,x,27,5,-5,0.454436606026217
562,x,38,6,-6,-1.27939143755834
562,x,39,7,5,0.544410164660681
562,x,40,7,-5,-0.579469588235558
562,y,1,0,0,3.23347607916581
562,y,7,3,1,0.0265890805021951
562,y,8,3,-1,-0.146231983225147
562,y,10,3,3,-1.18001767315858
562,y,12,4,2,-0.0906504186833818
562,y,13,4,-2,-0.109380106106039
562,y,30,7,3,0.0436037265694245
562,y,40,7,-5,0.422652446834215
562,y,50,7,7,-0.306135597459771
562,y,51,7,-7,0.198264168639829
563,x,1,0,0,3.5469252832673
563,x,2,1,1,0.828092495001128
563,x,4,2,0,-0.183452327698949
563,x,6,2,-2,-0.529552150308838
563,x,9,4,0,0.692290205714383
563,x,10,3,3,-0.451663814591034
563,x,11,3,-3,0.49096455152582
563,x,14,5,1,1.73809521759138
563,x,15,5,-1,-0.132927479004198
563,x,16,6,0,0.528001957457036
563,x,18,4,-4,-1.02985813324453
563,x,19,5,3,1.31763877003305
563,x,22,6,-2,0.012323036761235
563,x,23,7,1,1.16399296859695
563,x,24,7,-1,-0.731377797695022
563,x,26,5,5,-0.451669966623623
563,x,29,6,-4,-0.535584533230412
563,x,30,7,3,0.486505438980555
563,x,39,7,5,0.654815910799231
563,x,51,7,-7,0.698516419007304
563,y,6,2,-2,0.750480322784071
563,y,10,3,3,2.26409804251372
563,y,16,6,0,0.501705815467495
563,y,18,4,-4,0.76636501706108
563,y,19,5,3,0.504042249861716
563,y,22,6,-2,-1.1841759628605
563,y,29,6,-4,-0.982698156601646
563,y,30,7,3,0.560932887505427
563,y,31,7,-3,-0.420194244901807
563,y,51,7,-7,-0.165627022762858
564,x,1,0,0,-2.28288306569757
564,x,3,1,-1,1.39730818427622
564,x,4,2,0,-0.365868155587085
564,x,6,2,-2,-1.8061233789324
564,x,7,3,1,0.959616108268807
564,x,9,4,0,-0.87305380111544
564,x,11,3,-3,-0.716639771904953
564,x,17,4,4,0.834382622760578
564,x,18,4,-4,0.0819666670239114
564,x,19,5,3,-0.102195364814102
564,x,21,6,2,0.584479705445892
564,x,23,7,1,0.0083269730801342
564,x,28,6,4,-0.625137029416169
564,x,29,6,-4,0.376886933669711
564,x,30,7,3,-0.285487417037939
564,x,31,7,-3,0.371719554164219
564,x,39,7,5,-0.0790703789814166
564,x,40,7,-5,0.0414290227691994
564,x,51,7,-7,0.123201980060418
564,y,2,1,1,4.28566012552364
564,y,3,1,-1,0.103033444462077
564,y,4,2,0,1.13568575619091
564,y,5,2,2,0.103372477566328
564,y,8,3,-1,0.402628822701424
564,y,10,3,3,-0.5710794992586
564,y,13,4,-2,-0.500528636449326
564,y,14,5,1,0.201956075375491
564,y,19,5,3,-0.517243961894539
564,y,21,6,2,0.671547735256005
564,y,23,7,1,0.188700930849981
564,y,29,6,-4,-1.03010042124668
564,y,30,7,3,-0.481185773550781
564,y,37,6,6,0.148610328261967
564,y,40,7,-5,-0.00685466475786247
564,y,50,7,7,0.393227800817267
565,x,2,1,1,-1.30993823353851
565,x,4,2,0,0.462942807180833
565,x,5,2,2,-1.52865557357033
565,x,6,2,-2,2.00523993472562
565,x,7,3,1,1.20731342821509
565,x,13,4,-2,-0.0652903694834816
565,x,14,5,1,-0.136269120643444
565,x,16,6,0,0.150385438605813
565,x,26,5,5,-0.167868394626018
565,x,30,7,3,-0.102784375800126
565,x,37,6,6,0.197914336124145
565,x,40,7,-5,-0.468787505034676
565,x,50,7,7,0.0713098210625606
565,x,51,7,-7,0.569754944908184
565,y,2,1,1,2.01105631459988
565,y,4,2,0,-3.68560120522128
565,y,5,2,2,-0.0329899239133705
565,y,6,2,-2,0.729558380712142
565,y,9,4,0,-0.856180624279439
565,y,13,4,-2,0.493361891204397
565,y,16,6,0,-0.0946258062771878
565,y,20,5,-3,-0.0952568124254833
565,y,23,7,1,-0.360937901865419
565,y,26,5,5,-0.0408438626800495
565,y,29,6,-4,-0.799827094595139
565,y,31,7,-3,0.252959477991491
565,y,38,6,-6,-0.227158068957549
566,x,1,0,0,-2.43244382788322
566,x,2,1,1,6.43868340677129
566,x,3,1,-1,1.31080181966173
566,x,7,3,1,0.154542349930747
566,x,9,4,0,0.42887206743197
566,x,10,3,3,-0.457157953745271
566,x,12,4,2,0.423782006779215
566,x,13,4,-2,-0.856458200925689
566,x,17,4,4,1.42582857467355
566,x,20,5,-3,-0.355450716841174
566,x,22,6,-2,0.100459444683212
566,x,23,7,1,-0.112249680122216
566,x,29,6,-4,0.15969047269355
566,x,30,7,3,0.302273561796179
566,x,31,7,-3,0.407885116369153
566,x,39,7,5,-0.160058232457631
566,x,40,7,-5,-0.36924474231454
566,x,51,7,-7,0.599955193709243
566,y,5,2,2,-0.652124306819764
566,y,6,2,-2,-1.8647215867118
566,y,11,3,-3,-1.25593402992609
566,y,17,4,4,-0.523446663540444
566,y,21,6,2,0.758132869008311
566,y,24,7,-1,-0.8387198439481
566,y,26,5,5,-0.499430254822254
566,y,37,6,6,0.313786529093364
566,y,38,6,-6,0.0563616875942055
566,y,40,7,-5,-0.454382784310441
566,y,51,7,-7,1.1785784817734
567,x,6,2,-2,-1.4366736046585
567,x,8,3,-1,-0.876319322517932
567,x,9,4,0,0.679703504041048
567,x,14,5,1,-0.821683614737817
567,x,15,5,-1,0.764737292928069
567,x,19,5,3,-0.554990995333953
567,x,22,6,-2,-0.419248920368395
567,x,23,7,1,0.219433594176777
567,x,24,7,-1,0.841541748645556
567,x,27,5,-5,1.32097920994617
567,x,28,6,4,-0.156219033066221
567,x,31,7,-3,-1.12276350041703
567,x,37,6,6,-0.370300398921377
567,x,40,7,-5,0.280157178112238
567,x,50,7,7,-0.752907081339389
567,x,51,7,-7,0.906123597350004
567,y,3,1,-1,2.73875290602718
567,y,4,2,0,-1.9164587057956
567,y,8,3,-1,-0.0816677021882541
567,y,10,3,3,-0.968251101916675
567,y,11,3,-3,1.18285129709542
567,y,12,4,2,0.401322591927032
567,y,15,5,-1,0.273413879199001
567,y,16,6,0,-0.22124597898911
567,y,18,4,-4,0.315589107505989
567,y,29,6,-4,-0.323103573249878
567,y,37,6,6,-0.553082013168638
567,y,39,7,5,-0.319179010113508
567,y,40,7,-5,-0.664956309562974
567,y,50,7,7,-0.341164288033487
567,y,51,7,-7,0.255697300339912
568,x,3,1,-1,1.24065233068718
568,x,4,2,0,0.137945805289806
568,x,8,3,-1,-0.375704846698985
568,x,10,3,3,1.06388088137715
568,x,11,3,-3,-2.14495346813041
568,x,13,4,-2,1.18348761261716
568,x,14,5,1,-0.533870373811224
568,x,15,5,-1,1.00888241589631
568,x,16,6,0,-0.925847944937679
568,x,17,4,4,-1.76632206476953
568,x,24,7,-1,0.210859842437257
568,x,28,6,4,0.462909925685411
568,x,29,6,-4,0.180371104847122
568,x,40,7,-5,-0.306913913989339
568,x,50,7,7,-0.293158235167627
568,x,51,7,-7,-0.466963980538814
568,y,4,2,0,0.753768298943278
568,y,9,4,0,0.138682271856691
568,y,13,4,-2,-0.00418509116159261
568,y,15,5,-1,0.662415047784615
568,y,18,4,-4,0.392707122700231
568,y,22,6,-2,0.308923214843438
568,y,23,7,1,-1.10876759364915
568,y,26,5,5,2.50022060036474
568,y,27,5,-5,1.23020939113869
568,y,28,6,4,-0.670732467119595
568,y,40,7,-5,-1.04439588885879
569,x,1,0,0,-1.07335071602829
569,x,3,1,-1,-1.32527030544407
569,x,5,2,2,-1.55114188183707
569,x,7,3,1,0.0467740058227816
569,x,8,3,-1,0.206492691966505
569,x,9,4,0,0.0708971728972544
569,x,14,5,1,-1.06788085056305
569,x,16,6,0,0.0814911067857068
569,x,17,4,4,0.429528511283748
569,x,18,4,-4,0.597253215510527
569,x,19,5,3,0.891468653991684
569,x,21,6,2,0.151249379668943
569,x,22,6,-2,-0.0661597146473386
569,x,26,5,5,-0.662869211095967
569,x,27,5,-5,-0.891168431288481
569,x,29,6,-4,0.0981725797453821
569,x,30,7,3,-0.168270442757365
569,x,31,7,-3,-0.412884514220325
569,x,39,7,5,0.805198976382866
569,x,40,7,-5,-0.298213219655721
569,y,1,0,0,5.15775253155715
569,y,3,1,-1,0.958038099169964
569,y,4,2,0,2.15802994155983
569,y,6,2,-2,-0.479347300389523
569,y,7,3,1,0.95749637344133
569,y,9,4,0,0.15218104938491
569,y,19,5,3,0.499926248346708
569,y,23,7,1,0.145959775877278
569,y,24,7,-1,0.174286799033135
569,y,38,6,-6,0.597156349895261
570,x,1,0,0,4.28452059281765
570,x,3,1,-1,-5.79565864357304
570,x,8,3,-1,0.889680442616861
570,x,10,3,3,0.305143612741969
570,x,14,5,1,-0.439359412405118
570,x,16,6,0,0.1910396064863
570,x,18,4,-4,0.580601402020818
570,x,21,6,2,-0.441590211903254
570,x,23,7,1,0.048181223469606
570,x,24,7,-1,0.225228941456676
570,x,26,5,5,-1.05979413901023
570,x,28,6,4,0.16195685422877
570,x,29,6,-4,-0.00326565568303682
570,x,30,7,3,0.137636652398632
570,x,38,6,-6,-0.286410876525683
570,y,4,2,0,0.500107587107187
570,y,6,2,-2,-1.15020734165142
570,y,7,3,1,0.163186002232223
570,y,15,5,-1,-0.764799688759587
570,y,17,4,4,-0.304857271207377
570,y,19,5,3,-1.24931004166004
570,y,21,6,2,0.426048771925254
570,y,22,6,-2,-0.115178910392992
570,y,23,7,1,0.667525942709794
570,y,27,5,-5,-1.00437197660256
570,y,28,6,4,-0.421361336461578
570,y,37,6,6,2.1889575861773
570,y,40,7,-5,-1.63678328072315
570,y,51,7,-7,0.0964091109090657
571,x,2,1,1,-0.760103971761104
571,x,4,2,0,2.8555875104522
571,x,5,2,2,-0.902526843766615
571,x,9,4,0,0.273651051727799
571,x,12,4,2,0.134273657734937
571,x,13,4,-2,-0.998548050881382
571,x,16,6,0,-0.410533884570023
571,x,18,4,-4,0.421611612900368
571,x,28,6,4,-0.0431151607103165
571,x,31,7,-3,-0.279918760383129
571,x,37,6,6,-0.517408188217162
571,x,38,6,-6,-0.909228668382907
571,x,39,7,5,-0.122993285218663
571,x,40,7,-5,-0.305813777317913
571,y,4,2,0,1.71884229461996
571,y,6,2,-2,0.642206982445085
571,y,7,3,1,0.0577414311121789
571,y,9,4,0,0.418690907361579
571,y,11,3,-3,0.835119717465939
571,y,15,5,-1,-0.169574963910439
571,y,21,6,2,-0.497621045581907
571,y,23,7,1,-0.862364569929594
571,y,26,5,5,-1.30350177365011
571,y,28,6,4,0.105528130473912
571,y,30,7,3,0.667268282180211
571,y,31,7,-3,-0.251273309771654
571,y,39,7,5,-0.477972563422143
572,x,2,1,1,-0.244733426619296
572,x,3,1,-1,1.4209610535532
572,x,4,2,0,-1.02528007297572
572,x,10,3,3,-1.24701290760154
572,x,11,3,-3,-0.153180961712852
572,x,12,4,2,-0.496764072268006
572,x,18,4,-4,-0.315141526254783
572,x,20,5,-3,-0.668797830595013
572,x,23,7,1,0.0724020042845905
572,x,27,5,-5,0.604486638109102
572,x,31,7,-3,0.560684691058711
572,x,39,7,5,0.500596421034238
572,y,1,0,0,-1.25993366249072
572,y,4,2,0,0.413441174785098
572,y,5,2,2,-0.649523112873551
572,y,6,2,-2,-2.29969084862264
572,y,14,5,1,0.0648753970571442
572,y,19,5,3,-0.137717959954754
572,y,27,5,-5,-0.673365669475748
572,y,28,6,4,-0.188151865451089
572,y,30,7,3,-0.397810213851475
572,y,31,7,-3,-0.345105191162341
572,y,37,6,6,0.369937993776491
572,y,40,7,-5,-0.473150171384502
572,y,50,7,7,-0.845095583565291
573,x,4,2,0,-1.20052855895912
573,x,7,3,1,-0.799172815929961
573,x,8,3,-1,-0.460010241339568
573,x,11,3,-3,-1.10061013152551
573,x,14,5,1,-0.00915963239223623
573,x,19,5,3,-0.240894595347403
573,x,23,7,1,-0.108763962975245
573,x,24,7,-1,0.386232966557403
573,x,26,5,5,1.11492986880732
573,x,27,5,-5,-0.939363315581688
573,x,28,6,4,1.30941724498789
573,x,30,7,3,-0.408177535542555
573,x,38,6,-6,0.271282231483226
573,x,40,7,-5,-0.0559472924532723
573,y,2,1,1,-0.0664440132079785
573,y,4,2,0,-2.03506201406424
573,y,6,2,-2,-1.38258428949675
573,y,7,3,1,0.70885149557471
573,y,9,4,0,0.706981898534736
573,y,10,3,3,-0.556198362770954
573,y,12,4,2,2.30528498382558
573,y,14,5,1,-0.549523609698528
573,y,15,5,-1,0.336150937306117
573,y,16,6,0,0.633812531976226
573,y,18,4,-4,0.0150606737026717
573,y,22,6,-2,-0.557926839857474
573,y,23,7,1,0.19424415422444
573,y,28,6,4,0.244910430849985
573,y,29,6,-4,-0.75105943945518
573,y,30,7,3,0.158757661217702
573,y,37,6,6,0.141887086113845
574,x,1,0,0,1.06206752970535
574,x,2,1,1,0.904473940268865
574,x,6,2,-2,-0.124309086655572
574,x,7,3,1,-0.522361886894623
574,x,8,3,-1,1.35981858178615
574,x,12,4,2,-0.583867836926546
574,x,16,6,0,0.197698052197664
574,x,18,4,-4,-1.28965670055402
574,x,27,5,-5,-0.272901655547101
574,x,28,6,4,-0.408384762424385
574,x,50,7,7,-0.232436022921154
574,y,1,0,0,-2.55916787524182
574,y,3,1,-1,6.11196764552779
574,y,4,2,0,0.573358633429089
574,y,8,3,-1,0.513149696551306
574,y,10,3,3,-2.98655635258996
574,y,11,3,-3,-0.476143922246048
574,y,13,4,-2,-0.906423011976742
574,y,17,4,4,-0.155679571853084
574,y,18,4,-4,0.434594873804982
574,y,20,5,-3,0.45916862423521
574,y,21,6,2,-0.797150946179736
574,y,24,7,-1,0.100412046759551
574,y,28,6,4,0.438109192475486
574,y,30,7,3,0.563814175447934
574,y,38,6,-6,0.561351576346732
574,y,40,7,-5,0.200146396183558
574,y,51,7,-7,0.142756561602377
575,x,11,3,-3,-2.51042007585344
575,x,13,4,-2,1.13371551439707
575,x,14,5,1,-0.421717664250472
575,x,15,5,-1,-0.180954979338397
575,x,19,5,3,-0.91773409199068
575,x,23,7,1,1.32937847309468
575,x,26,5,5,0.650902467732868
575,x,30,7,3,0.221650588118606
575,x,31,7,-3,-0.00489922612181183
575,x,37,6,6,-0.833793612506907
575,x,38,6,-6,0.14850649825061
575,y,1,0,0,3.26865600657832
575,y,2,1,1,-7.27651755447604
575,y,3,1,-1,0.27641284879038
575,y,7,3,1,-0.154644798463872
575,y,8,3,-1,-0.351001813862171
575,y,9,4,0,-0.340886994219752
575,y,10,3,3,0.429049537312469
575,y,12,4,2,0.960030982631401
575,y,14,5,1,0.543049087472396
575,y,15,5,-1,0.140990425666088
575,y,16,6,0,0.461394320677388
575,y,18,4,-4,0.150849594827848
575,y,23,7,1,-0.269234208809555
575,y,27,5,-5,-0.757538217426738
575,y,28,6,4,-0.630959059601068
575,y,29,6,-4,0.0169188993324765
575,y,31,7,-3,-0.139852040528139
575,y,37,6,6,0.0362161157433203
575,y,40,7,-5,0.00228529615863617
575,y,51,7,-7,0.140936600345675
576,x,5,2,2,-3.20495546785032
576,x,9,4,0,-0.78832271449853
576,x,10,3,3,-0.0974285247362149
576,x,12,4,2,-0.509214764855807
576,x,13,4,-2,-0.417513304174155
576,x,14,5,1,-0.328796207291656
576,x,19,5,3,0.814419314354135
576,x,22,6,-2,-0.0154701992043187
576,x,24,7,-1,0.662717800974619
576,x,26,5,5,-0.48824981205785
576,x,38,6,-6,0.626143903983033
576,x,40,7,-5,-0.46267029137616
576,y,2,1,1,-0.972799241572867
576,y,3,1,-1,-1.19022102174873
576,y,4,2,0,0.231031684548256
576,y,7,3,1,-0.0331226010943983
576,y,10,3,3,-1.72888278857761
576,y,13,4,-2,-0.138660621815125
576,y,14,5,1,0.531269744831359
576,y,16,6,0,-0.697834537904759
576,y,18,4,-4,-0.280964664047805
576,y,19,5,3,-0.255157504858276
576,y,23,7,1,-0.405522001017694
576,y,30,7,3,-0.464823900092921
576,y,31,7,-3,-0.637190745837686
576,y,37,6,6,0.0722938819957107
576,y,38,6,-6,0.0724332988358605
576,y,39,7,5,-0.0475616853130107
576,y,51,7,-7,-0.562760997327173
577,x,2,1,1,1.61714182916355
577,x,6,2,-2,0.97805128624499
577,x,8,3,-1,-0.313190495472424
577,x,13,4,-2,-0.992795342316437
577,x,15,5,-1,-0.150833609229952
577,x,17,4,4,1.20308659216794
577,x,20,5,-3,0.00419793043392888
577,x,21,6,2,0.577983468332323
577,x,23,7,1,-0.2718431795164
577,x,24,7,-1,-0.180868531743183
577,x,28,6,4,-0.964415528905182
577,x,29,6,-4,-0.273535107369899
577,x,30,7,3,0.0310949977585189
577,x,37,6,6,-0.21096557584912
577,x,38,6,-6,-0.364972299820018
577,x,39,7,5,-0.0708037556506391
577,x,51,7,-7,0.0586028380167722
577,y,3,1,-1,4.59170949520917
577,y,5,2,2,-0.664994067167747
577,y,8,3,-1,0.447600441908823
577,y,19,5,3,0.00694559043386816
577,y,23,7,1,0.0270287158356613
577,y,24,7,-1,-0.0986249442122152
577,y,26,5,5,-0.541249429848024
577,y,28,6,4,0.429564995455411
577,y,31,7,-3,0.251194631822716
577,y,37,6,6,-1.01336405502329
578,x,3,1,-1,2.76330358137109
578,x,16,6,0,-0.286542854108665
578,x,19,5,3,0.0475935342881788
578,x,20,5,-3,0.378928134012647
578,x,26,5,5,-0.215812372576714
578,x,27,5,-5,-0.0629058684500791
578,x,29,6,-4,-0.0695121988020123
578,x,30,7,3,0.348046413351318
578,x,31,7,-3,-0.309787954400207
578,x,39,7,5,-0.0637340977308573
578,x,40,7,-5,0.0786995882310413
578,y,4,2,0,-0.424224433494789
578,y,8,3,-1,0.47491085529772
578,y,9,4,0,-0.393529721580668
578,y,10,3,3,-2.24855029053556
578,y,11,3,-3,0.913442010532253
578,y,15,5,-1,-0.567844333524982
578,y,17,4,4,0.0499747972401978
578,y,19,5,3,-0.67796876011592
578,y,20,5,-3,0.254711124728415
578,y,22,6,-2,0.425527252751128
578,y,24,7,-1,-0.29708537190276
578,y,27,5,-5,-1.68152841740715
578,y,29,6,-4,-0.269548951056812
578,y,39,7,5,-0.373821269341846
578,y,51,7,-7,-0.807973812923881
579,x,4,2,0,2.48871076648649
579,x,6,2,-2,1.37092064104375
579,x,7,3,1,-0.325194608509562
579,x,11,3,-3,-0.783594292802946
579,x,12,4,2,0.59840232912121
579,x,13,4,-2,-0.970174079267247
579,x,15,5,-1,0.692900827424824
579,x,16,6,0,-0.370076307397926
579,x,21,6,2,0.725482130933245
579,x,22,6,-2,0.00161865327209972
579,x,28,6,4,-0.417608583547132
579,x,29,6,-4,0.315299697282384
579,x,30,7,3,0.255785881558963
579,y,2,1,1,-1.55936840158849
579,y,6,2,-2,0.415824056393186
579,y,15,5,-1,0.807679323976634
579,y,17,4,4,-1.4030606273675
579,y,18,4,-4,-0.384865685957481
579,y,19,5,3,-0.203216440945277
579,y,20,5,-3,-0.300280863788944
579,y,22,6,-2,0.0985407191490508
579,y,23,7,1,-0.452026220420122
579,y,29,6,-4,0.0570242773315176
579,y,30,7,3,-0.87210235584951
579,y,31,7,-3,0.346228848909616
579,y,51,7,-7,-0.144073412962958
580,x,1,0,0,2.98893030798675
580,x,3,1,-1,-0.00572786189867568
580,x,4,2,0,-0.454152980511821
580,x,5,2,2,-0.428358802883158
580,x,6,2,-2,-2.02941087612542
580,x,7,3,1,0.949334224303059
580,x,9,4,0,-0.596102043635119
580,x,10,3,3,2.08827683743166
580,x,11,3,-3,-0.788116546308181
580,x,14,5,1,-0.379618282251773
580,x,15,5,-1,-0.106449432001858
580,x,18,4,-4,-1.84075631201211
580,x,19,5,3,-0.567120922680216
580,x,29,6,-4,0.304068912791894
580,x,37,6,6,0.264307514198469
580,x,38,6,-6,-0.351721702746624
580,x,40,7,-5,-0.318477710464189
580,x,50,7,7,-0.0362191871977693
580,x,51,7,-7,0.0333855197001574
580,y,2,1,1,2.05899051105709
580,y,4,2,0,1.26761336758182
580,y,5,2,2,-0.328774988935049
580,y,6,2,-2,-0.682511542487496
580,y,10,3,3,-0.168105610220474
580,y,11,3,-3,0.0355852772071211
580,y,12,4,2,0.608736365965775
580,y,13,4,-2,-0.0930347096743217
580,y,15,5,-1,0.135562292578004
580,y,16,6,0,0.776864177874518
580,y,18,4,-4,1.51505730534366
580,y,20,5,-3,-0.0238003260207336
580,y,24,7,-1,-0.669388769120683
580,y,28,6,4,0.501432141392453
580,y,29,6,-4,0.273409751856254
580,y,30,7,3,0.155218576730872
580,y,31,7,-3,0.379893701881151
580,y,37,6,6,-0.121589667634054
580,y,39,7,5,0.33844757786134
581,x,1,0,0,-0.0542287954095429
581,x,4,2,0,-1.14319463157183
581,x,5,2,2,0.418788367616519
581,x,6,2,-2,-1.99994330994565
581,x,7,3,1,1.43620806940009
581,x,8,3,-1,-0.744624704334607
581,x,9,4,0,-0.115984260685295
581,x,12,4,2,0.679169354734306
581,x,16,6,0,0.322267866866275
581,x,19,5,3,-0.321714910793813
581,x,22,6,-2,0.0738198806848239
581,x,27,5,-5,0.328302762746522
581,x,30,7,3,0.229348716525791
581,x,31,7,-3,-0.415354713284237
581,x,37,6,6,-0.105809817281461
581,x,39,7,5,-0.0668932405355811
581,y,3,1,-1,4.32789580903494
581,y,6,2,-2,0.507267437899915
581,y,7,3,1,0.0804785334162232
581,y,9,4,0,-1.45060156097568
581,y,10,3,3,0.340988483819483
581,y,16,6,0,0.404103146185502
581,y,22,6,-2,0.026443900698998
581,y,23,7,1,-0.589079182294389
581,y,24,7,-1,-0.458496909353455
581,y,26,5,5,-0.658233283473427
581,y,27,5,-5,-0.145059653532644
581,y,30,7,3,0.355025331244369
581,y,37,6,6,0.973659322193978
581,y,39,7,5,-0.0483333610200764
581,y,50,7,7,0.870526552779187
581,y,51,7,-7,0.557026026034625
582,x,6,2,-2,-0.153190445639189
582,x,7,3,1,1.7002015279667
582,x,11,3,-3,-1.12352032266028
582,x,13,4,-2,-1.30939741458257
582,x,14,5,1,-0.307174211805982
582,x,15,5,-1,-0.612828603008939
582,x,16,6,0,-0.0159352608867378
582,x,18,4,-4,-0.6687709019955
582,x,19,5,3,-0.709542250626467
582,x,20,5,-3,0.488555152375428
582,x,23,7,1,-0.270086016242386
582,x,24,7,-1,-0.71977265865511
582,x,26,5,5,0.0337575110954214
582,x,27,5,-5,-0.221588668233784
582,x,28,6,4,-0.145024170456788
582,x,37,6,6,-0.0315644017782956
582,x,38,6,-6,1.30146810661719
582,x,50,7,7,-0.44326134617482
582,y,1,0,0,-2.92697985463857
582,y,4,2,0,0.243217400003605
582,y,5,2,2,0.848289272154086
582,y,6,2,-2,2.72934039501571
582,y,15,5,-1,0.544189803140423
582,y,22,6,-2,0.0856459971260011
582,y,23,7,1,-0.418694200695921
582,y,24,7,-1,-0.11604521559501
582,y,27,5,-5,0.00651061212173936
582,y,30,7,3,0.0102820874557287
582,y,39,7,5,0.413777787526283
582,y,40,7,-5,-0.0293767020993852
583,x,1,0,0,1.27753702483378
583,x,3,1,-1,-3.75809460607066
583,x,4,2,0,-0.557544669059053
583,x,8,3,-1,1.68024498133675
583,x,9,4,0,-0.286223714878449
583,x,11,3,-3,-0.0149188266938527
583,x,13,4,-2,-0.149432508319786
583,x,14,5,1,0.0191453679064937
583,x,15,5,-1,0.416914563098857
583,x,20,5,-3,0.180607406772981
583,x,21,6,2,-0.0729067132975845
583,x,27,5,-5,-0.377472105076891
583,x,29,6,-4,-0.743406541559362
583,x,30,7,3,0.615871459975252
583,x,39,7,5,0.17103717725317
583,x,40,7,-5,-0.531630062306549
583,x,50,7,7,-0.536138699006379
583,x,51,7,-7,0.559702459744357
583,y,2,1,1,-3.28751630607362
583,y,3,1,-1,-0.839239882342682
583,y,4,2,0,3.17361921915608
583,y,6,2,-2,0.0537606380884897
583,y,7,3,1,0.668563216238452
583,y,12,4,2,-0.652893648707404
583,y,15,5,-1,-1.01838180346104
583,y,17,4,4,-0.0459610069292438
583,y,18,4,-4,0.153079483228349
583,y,21,6,2,0.251556457527627
583,y,22,6,-2,0.367148845228653
583,y,23,7,1,-0.0751052877329518
583,y,27,5,-5,-0.957723889857735
583,y,29,6,-4,1.04419652629066
583,y,31,7,-3,-0.113390155331604
583,y,37,6,6,0.742922577631472
583,y,40,7,-5,-0.2743209909551
583,y,50,7,7,0.0588559837453597
583,y,51,7,-7,-0.0540693432660641
584,x,2,1,1,0.532750629174585
584,x,8,3,-1,0.121959025152811
584,x,9,4,0,0.688565196137305
584,x,12,4,2,1.27563914846102
584,x,13,4,-2,-0.228520327358939
584,x,15,5,-1,1.20920590183786
584,x,16,6,0,-0.0700995300015307
584,x,18,4,-4,-0.960487182482802
584,x,19,5,3,0.853200159771926
584,x,20,5,-3,-0.682563555024633
584,x,21,6,2,-1.30191798444052
584,x,22,6,-2,-0.0977810959010739
584,x,23,7,1,0.117749936602575
584,x,24,7,-1,0.0957074991982042
584,x,27,5,-5,-0.539450151315052
584,x,29,6,-4,1.04043929216236
584,x,30,7,3,1.22162616842686
584,x,40,7,-5,0.604111088351385
584,x,50,7,7,-0.419640520954584
584,x,51,7,-7,-0.436353488242872
584,y,8,3,-1,-0.217579581465843
584,y,9,4,0,1.43945039288807
584,y,13,4,-2,0.803472079339226
584,y,17,4,4,0.112851596860874
584,y,19,5,3,2.29533693040356
584,y,22,6,-2,0.600365653172881
584,y,24,7,-1,-0.531555310671157
584,y,26,5,5,-0.147565274285516
584,y,28,6,4,1.18246010265145
584,y,29,6,-4,-0.29012069875942
584,y,30,7,3,0.346696354882935
585,x,4,2,0,0.490109873891466
585,x,14,5,1,0.653108169611042
585,x,15,5,-1,1.20893128372546
585,x,16,6,0,-0.295025467342633
585,x,18,4,-4,-1.3220635803948
585,x,26,5,5,-2.02311769342666
585,x,29,6,-4,-0.944775326495046
585,x,30,7,3,-0.99942798339662
585,x,37,6,6,-1.84140701801997
585,x,51,7,-7,-0.0534419848921619
585,y,1,0,0,2.42676406985449
585,y,7,3,1,0.252255378831802
585,y,8,3,-1,-1.03035342312267
585,y,11,3,-3,-0.0985337629005869
585,y,14,5,1,-0.434729136318392
585,y,15,5,-1,0.19690261410109
585,y,19,5,3,0.443633574401301
585,y,21,6,2,-0.109150443916624
585,y,26,5,5,-0.476775226115006
585,y,31,7,-3,-0.180341392608796
585,y,39,7,5,0.854891069158982
585,y,51,7,-7,-0.784426248050277
586,x,4,2,0,0.682137938556234
586,x,7,3,1,1.05439208611543
586,x,9,4,0,0.498862748361315
586,x,12,4,2,0.979019192818276
586,x,18,4,-4,-2.14071323598577
586,x,22,6,-2,-1.33672005490147
586,x,24,7,-1,0.0100339171243924
586,x,29,6,-4,-0.544830878552524
586,x,30,7,3,-1.14407557171965
586,x,31,7,-3,0.156432566604115
586,x,37,6,6,0.260611930006228
586,x,38,6,-6,0.517355009371044
586,x,51,7,-7,-0.1108504420065
586,y,3,1,-1,3.24563364254118
586,y,10,3,3,-0.397373944631933
586,y,11,3,-3,-0.896716906446874
586,y,12,4,2,-0.46178524748062
586,y,13,4,-2,1.13540512650854
586,y,20,5,-3,-0.508527575947673
586,y,21,6,2,-0.641282043840486
586,y,22,6,-2,-0.308805311713203
586,y,26,5,5,-0.416050222461042
586,y,28,6,4,0.0324866595021221
586,y,30,7,3,-0.243692407135276
587,x,3,1,-1,0.724616362871829
587,x,5,2,2,1.46937524560745
587,x,6,2,-2,-1.55861693443375
587,x,7,3,1,-0.408033707653355
587,x,11,3,-3,1.62395130868371
587,x,14,5,1,0.209397373210049
587,x,15,5,-1,0.577171381622954
587,x,16,6,0,-0.542231136822856
587,x,29,6,-4,0.274731798435723
587,x,30,7,3,-0.078242840017703
587,x,50,7,7,-0.164934591891898
587,y,2,1,1,1.60978246423769
587,y,5,2,2,-1.29034617094573
587,y,6,2,-2,-3.1845466595769
587,y,10,3,3,0.910529632390971
587,y,11,3,-3,0.294249729242546
587,y,15,5,-1,-0.302709417351583
587,y,16,6,0,0.31605298307281
587,y,21,6,2,-0.0345004077260501
587,y,22,6,-2,-0.629169912562235
587,y,23,7,1,0.329163115440573
587,y,26,5,5,0.621624514925713
587,y,27,5,-5,0.127089429006406
587,y,28,6,4,-0.14138116055251
587,y,29,6,-4,-0.592183128215514
587,y,30,7,3,0.2992435198218
587,y,37,6,6,0.225029274554179
587,y,38,6,-6,-0.110848223878574
587,y,40,7,-5,-0.710864054644529
588,x,1,0,0,1.38639850475657
588,x,2,1,1,-1.82109696055494
588,x,4,2,0,1.06541391251925
588,x,6,2,-2,-0.743926093143758
588,x,8,3,-1,1.52800475135872
588,x,11,3,-3,-0.782868236011272
588,x,12,4,2,0.131174224801214
588,x,13,4,-2,0.656760744346171
588,x,14,5,1,-0.387467716998427
588,x,19,5,3,-0.707503330257604
588,x,24,7,-1,-0.0459505649939978
588,x,26,5,5,0.733936177520918
588,x,37,6,6,0.0565445405110309
588,x,38,6,-6,-0.0464760819999816
588,x,50,7,7,0.00875239877066892
588,x,51,7,-7,1.03722768639146
588,y,4,2,0,0.648591408180964
588,y,6,2,-2,0.311800194409772
588,y,11,3,-3,-1.62778502139151
588,y,13,4,-2,0.0104122444221738
588,y,14,5,1,1.25757447351906
588,y,17,4,4,-1.173043535481
588,y,18,4,-4,-0.900207937713737
588,y,22,6,-2,-0.0536909759407359
588,y,23,7,1,-1.20242024307969
588,y,26,5,5,-0.449505986585741
588,y,27,5,-5,0.37129036325481
588,y,28,6,4,1.09642019453332
588,y,31,7,-3,0.263433016336011
588,y,39,7,5,-0.365215035650987
588,y,51,7,-7,0.387461615111468
589,x,6,2,-2,2.07009505185858
589,x,8,3,-1,-0.511630008648065
589,x,14,5,1,0.618029760740635
589,x,15,5,-1,-1.05673953531315
589,x,16,6,0,-0.0354919407266355
589,x,18,4,-4,0.814573232065467
589,x,19,5,3,0.210977951993322
589,x,30,7,3,-0.763535963325885
589,x,31,7,-3,0.34663491858684
589,x,39,7,5,0.447101408665735
589,x,51,7,-7,0.678865272676915
589,y,2,1,1,-2.43609170620547
589,y,3,1,-1,-3.19414745915786
589,y,6,2,-2,-1.58349858069023
589,y,7,3,1,1.05342174561358
589,y,8,3,-1,1.11313889389897
589,y,13,4,-2,-0.894913080225242
589,y,15,5,-1,0.098535145994933
589,y,17,4,4,0.82017263286989
589,y,18,4,-4,0.184751512027255
589,y,20,5,-3,0.283699225483798
589,y,21,6,2,0.541711026193485
589,y,23,7,1,0.157342625239858
589,y,28,6,4,-0.284562121822598
589,y,38,6,-6,-0.296496216475802
589,y,40,7,-5,0.0139994443072406
589,y,50,7,7,-0.663730920327456
589,y,51,7,-7,0.137624940807299
590,x,2,1,1,-2.03734830833805
590,x,4,2,0,-1.94066166274991
590,x,5,2,2,0.165911803992302
590,x,8,3,-1,0.724566896410424
590,x,9,4,0,-1.54177693432782
590,x,11,3,-3,-0.703581351528101
590,x,12,4,2,0.69900446891446
590,x,13,4,-2,-0.719403174256965
590,x,21,6,2,0.327882290507728
590,x,26,5,5,0.365319463996017
590,x,29,6,-4,-0.0914834873771414
590,x,31,7,-3,0.0766594385665328
590,x,37,6,6,0.614003841822219
590,x,39,7,5,0.0184120449725991
590,y,4,2,0,1.72015279478042
590,y,5,2,2,-2.14191832530976
590,y,6,2,-2,-1.79358486355051
590,y,7,3,1,0.623070312407886
590,y,9,4,0,0.915774752965574
590,y,13,4,-2,0.744450929075034
590,y,14,5,1,-0.251598393591919
590,y,19,5,3,-0.112766898426127
590,y,24,7,-1,0.279288613941198
590,y,29,6,-4,-0.415407322789426
591,x,1,0,0,0.831308662386524
591,x,3,1,-1,1.13606755650143
591,x,4,2,0,-0.706612540696245
591,x,10,3,3,0.122561784844694
591,x,13,4,-2,0.246965307145472
591,x,15,5,-1,-0.400799840137193
591,x,17,4,4,-0.42826020239451
591,x,18,4,-4,-0.622690518838783
591,x,19,5,3,0.512419143220118
591,x,20,5,-3,-0.295163927771262
591,x,29,6,-4,0.352844328203187
591,x,38,6,-6,0.834592288429213
591,x,39,7,5,-0.121548615110523
591,y,3,1,-1,-1.9974950340956
591,y,7,3,1,-0.120484862789845
591,y,10,3,3,-0.43682569883863
591,y,12,4,2,0.853853205009908
591,y,15,5,-1,0.502976059384642
591,y,16,6,0,0.592003419448973
591,y,18,4,-4,0.767723889842276
591,y,20,5,-3,-0.354541799446658
591,y,21,6,2,0.358311803562176
591,y,22,6,-2,0.0453427236229142
591,y,23,7,1,0.549605553107569
591,y,27,5,-5,0.665320426779772
591,y,28,6,4,0.544475537494259
591,y,30,7,3,-0.307366635723579
591,y,31,7,-3,-0.498760225973656
591,y,39,7,5,-0.180463562318163
591,y,40,7,-5,-0.280604357472402
591,y,50,7,7,0.0138785044581404
592,x,1,0,0,3.1750289756458
592,x,3,1,-1,0.470031618130114
592,x,7,3,1,1.55770310423552
592,x,8,3,-1,-0.604533718619696
592,x,9,4,0,-1.0845557353785
592,x,11,3,-3,0.0380697358175353
592,x,12,4,2,-0.164605591920295
592,x,14,5,1,-0.738453992223995
592,x,18,4,-4,0.161315265577568
592,x,21,6,2,-0.118982755203229
592,x,26,5,5,0.689031985996715
592,x,38,6,-6,-0.264790163000576
592,x,39,7,5,-0.273643647574739
592,y,2,1,1,0.098369696389894
592,y,3,1,-1,6.15015386727522
592,y,4,2,0,4.95355534057756
592,y,7,3,1,-0.275109570990878
592,y,8,3,-1,0.447067708129413
592,y,9,4,0,0.894133630028023
592,y,12,4,2,-0.848801867777979
592,y,14,5,1,-0.260452905240946
592,y,15,5,-1,0.398493740199641
592,y,16,6,0,-0.663388030274286
592,y,18,4,-4,0.42113160852204
592,y,21,6,2,0.382107570138101
592,y,22,6,-2,-0.00685958867042574
592,y,23,7,1,-0.0220403086333373
592,y,24,7,-1,-0.157123787596015
592,y,27,5,-5,0.408869635156195
592,y,29,6,-4,0.170309489506573
592,y,40,7,-5,-0.177867284439438
592,y,51,7,-7,0.195529781338086
593,x,1,0,0,-1.83721045154582
593,x,2,1,1,3.16993301742865
593,x,5,2,2,-2.19462868624656
593,x,11,3,-3,0.589519690219395
593,x,12,4,2,-0.525773678702297
593,x,14,5,1,0.780148023537157
593,x,19,5,3,-0.791052634248975
593,x,21,6,2,0.594969050298195
593,x,22,6,-2,-0.114000729472582
593,x,23,7,1,0.468104693308038
593,x,27,5,-5,0.0120164880374919
593,x,29,6,-4,-0.622377426032407
593,x,30,7,3,0.496828003306852
593,x,37,6,6,0.794044696791012
593,x,39,7,5,0.0556450660278819
593,x,51,7,-7,-0.602111774090204
593,y,1,0,0,-0.0927615213332323
593,y,3,1,-1,-1.18669678210854
593,y,7,3,1,0.0997938652927686
593,y,8,3,-1,-0.419589589137175
593,y,9,4,0,-0.837598626722593
593,y,10,3,3,-1.1423604806098
593,y,11,3,-3,0.338273759186906
593,y,13,4,-2,-0.237482498109993
593,y,15,5,-1,-0.183798650453204
593,y,16,6,0,-0.043380324894067
593,y,17,4,4,-0.44003118795493
593,y,18,4,-4,-1.68850806672491
593,y,19,5,3,-0.542167477520282
593,y,20,5,-3,-1.1800794632772
593,y,23,7,1,0.230318447635899
593,y,28,6,4,-0.394568897061621
593,y,29,6,-4,-0.0234664230767218
593,y,38,6,-6,0.631821324484249
593,y,51,7,-7,0.134210641595079
594,x,1,0,0,-3.07818784152327
594,x,3,1,-1,2.09135790269606
594,x,4,2,0,2.01735383584095
594,x,5,2,2,0.331299381192138
594,x,6,2,-2,1.37563731727903
594,x,18,4,-4,-0.336741768785099
594,x,20,5,-3,-0.357658960951285
594,x,21,6,2,0.287745580178381
594,x,24,7,-1,0.163516168658328
594,x,27,5,-5,0.768728687126803
594,x,28,6,4,0.00487330106514745
594,x,31,7,-3,0.34516054021096
594,x,39,7,5,-0.402852828727857
594,x,40,7,-5,0.120423773952077
594,x,51,7,-7,-0.323818553503236
594,y,3,1,-1,3.21017891753334
594,y,5,2,2,-0.612776427204892
594,y,8,3,-1,0.955715544028818
594,y,11,3,-3,-0.713089754505989
594,y,13,4,-2,-0.241188118802259
594,y,15,5,-1,-0.694074777754497
594,y,18,4,-4,0.318776141884668
594,y,21,6,2,0.436392048612541
594,y,22,6,-2,0.799323566319719
594,y,26,5,5,0.642930728787376
594,y,27,5,-5,-1.12710251470244
594,y,28,6,4,0.75997896682436
594,y,29,6,-4,-0.0784253389275269
594,y,31,7,-3,-0.0119673936067986
594,y,39,7,5,-0.21135248401397
594,y,40,7,-5,-0.146270235925069
594,y,50,7,7,-0.0117803388692856
595,x,1,0,0,-2.46072408386397
595,x,2,1,1,0.0761699052171155
595,x,6,2,-2,-0.867440113494633
595,x,8,3,-1,-1.06952266283932
595,x,9,4,0,-0.573818276991069
595,x,18,4,-4,0.477851160314354
595,x,20,5,-3,-0.17599471499362
595,x,21,6,2,0.454562962718376
595,x,22,6,-2,0.245768669379956
595,x,28,6,4,-0.690682178277093
595,x,29,6,-4,0.016667335902517
595,x,50,7,7,-0.838531940713786
595,y,2,1,1,1.39016087111338
595,y,4,2,0,-1.81901425368718
595,y,9,4,0,-1.04374833175114
595,y,12,4,2,0.410691666781957
595,y,16,6,0,0.356188776271034
595,y,17,4,4,0.4487020961507
595,y,18,4,-4,0.416129411757592
595,y,20,5,-3,0.628132872898008
595,y,24,7,-1,0.170455451634306
595,y,27,5,-5,-0.183704115546315
595,y,38,6,-6,0.789495444802278
595,y,40,7,-5,0.34253452709744
596,x,2,1,1,2.38684026149063
596,x,5,2,2,0.165077280364644
596,x,9,4,0,-0.712294283391339
596,x,13,4,-2,-0.481662882925731
596,x,15,5,-1,-0.639649212759597
596,x,17,4,4,0.216846000333881
596,x,18,4,-4,-1.63858289224419
596,x,21,6,2,0.32519768089096
596,x,27,5,-5,0.508140396154515
596,x,29,6,-4,0.509011992812527
596,x,37,6,6,1.13211231101052
596,x,38,6,-6,0.70307408113664
596,x,40,7,-5,-0.0177972245492645
596,x,51,7,-7,0.122836447589089
596,y,1,0,0,2.99282496803333
596,y,2,1,1,-2.88249404184466
596,y,3,1,-1,-4.89992811688174
596,y,5,2,2,-0.169567846698365
596,y,7,3,1,0.203469442605161
596,y,9,4,0,-1.43636886773532
596,y,10,3,3,-1.53168658722308
596,y,12,4,2,0.914117246771694
596,y,14,5,1,-0.250103624119112
596,y,15,5,-1,0.509440754475374
596,y,17,4,4,-0.743735530744229
596,y,19,5,3,-0.79772195566154
596,y,21,6,2,0.072057900639322
596,y,22,6,-2,-0.161793693576583
596,y,26,5,5,0.456372688787259
596,y,28,6,4,0.653847920411745
596,y,31,7,-3,-0.123254185763167
596,y,39,7,5,-0.201866248742522
596,y,40,7,-5,0.572320966434539
596,y,51,7,-7,-0.0908853570226152
597,x,3,1,-1,-5.90026165427506
597,x,12,4,2,-0.555215884757116
597,x,17,4,4,0.896306104699341
597,x,18,4,-4,0.267079429708865
597,x,19,5,3,1.54941614912149
597,x,22,6,-2,-0.0397593220085792
597,x,23,7,1,0.197581145482035
597,x,29,6,-4,-0.341512833150303
597,x,31,7,-3,-0.603783942177669
597,x,38,6,-6,0.630848187968091
597,x,39,7,5,0.123756307381204
597,y,1,0,0,1.09638975574383
597,y,2,1,1,2.56683863067639
597,y,3,1,-1,-1.30502519180332
597,y,4,2,0,1.26315424676705
597,y,6,2,-2,-0.153684234628909
597,y,8,3,-1,-0.387160852106283
597,y,9,4,0,-0.322484839802606
597,y,12,4,2,0.338659658711599
597,y,13,4,-2,1.08356828549688
597,y,16,6,0,-0.930318590346562
597,y,20,5,-3,0.448587102851668
597,y,22,6,-2,0.424732052349603
597,y,23,7,1,0.298502740940289
597,y,27,5,-5,1.10749436341157
597,y,28,6,4,0.204242243574591
597,y,29,6,-4,0.160822452969661
597,y,51,7,-7,0.306886397737313
598,x,3,1,-1,4.68035605765805
598,x,5,2,2,0.555895711123047
598,x,8,3,-1,-0.304218710899108
598,x,11,3,-3,-0.0125115479906951
598,x,13,4,-2,1.54901528075012
598,x,17,4,4,0.41265916113876
598,x,18,4,-4,1.49571395428657
598,x,20,5,-3,0.588770044328471
598,x,26,5,5,0.125825188473775
598,x,27,5,-5,0.27599091185448
598,x,28,6,4,-0.407830480365771
598,x,29,6,-4,-0.25812004613633
598,x,30,7,3,-0.511456801903087
598,x,31,7,-3,-0.320688403026584
598,y,4,2,0,-1.04395894931018
598,y,6,2,-2,1.15908797244332
598,y,9,4,0,0.579132451802726
598,y,10,3,3,-1.99261059116035
598,y,11,3,-3,0.220763144892381
598,y,22,6,-2,0.20772520203
598,y,23,7,1,-0.173439609658096
598,y,24,7,-1,0.0304498249057443
598,y,27,5,-5,-0.7181148317462
598,y,29,6,-4,-0.626239305182316
598,y,37,6,6,0.248491906454156
599,x,2,1,1,3.55798808270765
599,x,3,1,-1,1.53466370410363
599,x,4,2,0,2.79860152699839
599,x,10,3,3,-2.01340986065721
599,x,11,3,-3,-1.47405195586866
599,x,13,4,-2,0.150540292194463
599,x,14,5,1,0.181555975396536
599,x,16,6,0,-0.149072535800329
599,x,17,4,4,-0.746391963978935
599,x,20,5,-3,0.0677964732216615
599,x,21,6,2,-0.533980675939744
599,x,22,6,-2,-0.362464798701209
599,x,24,7,-1,0.222584831488687
599,x,37,6,6,1.05048676327041
599,x,40,7,-5,-0.0948388746507419
599,y,2,1,1,4.10306706555475
599,y,4,2,0,-0.807601280353573
599,y,12,4,2,-0.688857813587033
599,y,14,5,1,0.330418608401328
599,y,17,4,4,0.920331218626224
599,y,19,5,3,0.626984639359553
599,y,22,6,-2,0.568910134240166
599,y,26,5,5,0.161699584881646
599,y,28,6,4,-0.294288681282969
599,y,30,7,3,0.0080742318747382
599,y,37,6,6,-0.559301700450578
599,y,40,7,-5,-0.322441874710222
600,x,3,1,-1,-0.487600309143638
600,x,8,3,-1,-2.14342351907814
600,x,9,4,0,1.11295370784723
600,x,15,5,-1,0.506419584359459
600,x,18,4,-4,-0.828704311884095
600,x,20,5,-3,0.807680617028513
600,x,27,5,-5,-0.0628535321801218
600,x,31,7,-3,1.44012046486071
600,x,38,6,-6,0.903210434031809
600,x,39,7,5,0.575157131357939
600,x,50,7,7,1.50829484063293
600,y,1,0,0,-4.03880810172504
600,y,2,1,1,3.85651812560931
600,y,4,2,0,-0.523265835603476
600,y,8,3,-1,-0.376814043186216
600,y,10,3,3,-0.883745347695199
600,y,14,5,1,-1.42867055484153
600,y,15,5,-1,0.034046740213441
600,y,17,4,4,-0.3795825722132
600,y,19,5,3,0.420260001551779
600,y,20,5,-3,0.617721177863472
600,y,23,7,1,-0.221433067054884
600,y,24,7,-1,-0.363314946283484
600,y,30,7,3,0.603700376099089
600,y,37,6,6,-0.053752468834986
600,y,39,7,5,0.321688624493592
600,y,51,7,-7,-1.29302147582673
601,x,6,2,-2,-0.380274047634832
601,x,7,3,1,-1.34076075458315
601,x,9,4,0,-1.13809511564041
601,x,10,3,3,-0.962659882282984
601,x,12,4,2,-1.22070574717075
601,x,13,4,-2,0.953569408795531
601,x,14,5,1,-1.43800308304845
601,x,15,5,-1,0.280478163867164
601,x,16,6,0,-0.386328468511811
601,x,18,4,-4,1.13628188967279
601,x,19,5,3,0.759467370084865
601,x,26,5,5,1.2184404020739
601,x,27,5,-5,0.263237564406326
601,x,29,6,-4,0.3059961373945
601,x,30,7,3,0.595120365024159
601,x,31,7,-3,-0.110866640157727
601,x,38,6,-6,0.616269777395419
601,y,1,0,0,-4.68118018826729
601,y,3,1,-1,2.4038277979627
601,y,7,3,1,0.686367146712503
601,y,9,4,0,1.14305584867727
601,y,14,5,1,-0.114356920890957
601,y,16,6,0,0.406223400446767
601,y,17,4,4,-0.161393133936081
601,y,20,5,-3,-0.0989900744364677
601,y,24,7,-1,-0.199989276922388
601,y,29,6,-4,0.0838037225681767
601,y,37,6,6,-0.447871806891744
601,y,38,6,-6,-0.127409549398458
601,y,50,7,7,0.392244897326139
602,x,4,2,0,2.28507540030809
602,x,6,2,-2,0.471572195705719
602,x,7,3,1,1.62186638578759
602,x,9,4,0,0.781655342687698
602,x,10,3,3,-0.405804568850564
602,x,11,3,-3,0.955170653196182
602,x,12,4,2,-0.0262202229161742
602,x,13,4,-2,1.02604735998106
602,x,14,5,1,-0.252297804951653
602,x,16,6,0,-0.243893474891101
602,x,17,4,4,0.981805400497453
602,x,21,6,2,-0.0731183444839477
602,x,22,6,-2,0.0507275605755417
602,x,27,5,-5,-0.684200283957652
602,x,39,7,5,-0.289097022782234
602,x,40,7,-5,-0.272541406601134
602,x,50,7,7,0.273146130725363
602,x,51,7,-7,0.302969081255089
602,y,5,2,2,-1.1269696166257
602,y,6,2,-2,0.528398623441466
602,y,7,3,1,-1.81271826309398
602,y,8,3,-1,-0.135181929244973
602,y,13,4,-2,-0.987034679224046
602,y,15,5,-1,1.41744265038001
602,y,16,6,0,-0.0363259335762765
602,y,17,4,4,0.165693873313082
602,y,21,6,2,-0.78045250511519
602,y,22,6,-2,-0.282735350064326
602,y,26,5,5,0.596626895494919
602,y,27,5,-5,0.0866068250529266
602,y,29,6,-4,0.644143112407693
602,y,37,6,6,-0.3942633697292
602,y,39,7,5,-0.025416865521535
603,x,2,1,1,0.401702478424206
603,x,9,4,0,1.81696401387965
603,x,13,4,-2,0.355975832950979
603,x,15,5,-1,-0.104932176898077
603,x,24,7,-1,-0.650762704350648
603,x,27,5,-5,-1.16893791178543
603,x,28,6,4,1.13379153216842
603,x,37,6,6,0.195742115685771
603,x,38,6,-6,-0.172129656949532
603,x,39,7,5,-1.11637932931224
603,x,50,7,7,-0.912537598168604
603,y,1,0,0,-1.63678950292585
603,y,2,1,1,-2.50297036499157
603,y,3,1,-1,-4.36496645819238
603,y,6,2,-2,0.744086183842893
603,y,8,3,-1,0.706499323886544
603,y,9,4,0,0.500126090609807
603,y,10,3,3,-0.116235573228157
603,y,12,4,2,0.695547508171367
603,y,13,4,-2,1.09011998639863
603,y,14,5,1,-0.336840146504449
603,y,16,6,0,-0.186371668044126
603,y,17,4,4,1.26018624708603
603,y,18,4,-4,0.341230644908695
603,y,21,6,2,-0.0097387323705871
603,y,22,6,-2,-0.396914626861762
603,y,28,6,4,0.00519577829664273
603,y,29,6,-4,-0.0610937652897406
603,y,50,7,7,-0.244817358219422
603,y,51,7,-7,-0.383439209149117
604,x,2,1,1,-6.27150929733288
604,x,7,3,1,-0.00412473592913397
604,x,8,3,-1,-0.145056358525943
604,x,9,4,0,-0.8821472517742
604,x,12,4,2,-0.857995570611489
604,x,14,5,1,-0.888198358013021
604,x,18,4,-4,-0.124344188296113
604,x,19,5,3,-0.408976276452584
604,x,20,5,-3,0.607483957426851
604,x,24,7,-1,-0.701666623114477
604,x,27,5,-5,-0.380277660707182
604,x,30,7,3,-0.0573580426444713
604,x,38,6,-6,0.903552722749147
604,x,50,7,7,-0.400961136960225
604,x,51,7,-7,0.226199588497845
604,y,1,0,0,-0.0480160808276711
604,y,3,1,-1,-1.22093372602902
604,y,4,2,0,1.45634707345192
604,y,13,4,-2,-1.47404012982172
604,y,14,5,1,0.490342415956582
604,y,16,6,0,-0.329282989326345
604,y,18,4,-4,1.29509240064975
604,y,23,7,1,0.589807818510716
604,y,28,6,4,-0.940798921211449
604,y,31,7,-3,-0.0951645427242769
604,y,38,6,-6,-0.291116455032421
604,y,50,7,7,0.396301503105429
605,x,3,1,-1,-2.71322430897391
605,x,5,2,2,1.49787650806257
605,x,9,4,0,-0.259345091653509
605,x,10,3,3,-1.1459478154459
605,x,11,3,-3,-0.891480309446279
605,x,14,5,1,-0.44938861044105
605,x,17,4,4,-1.18962201280119
605,x,21,6,2,-0.0771186770425346
605,x,23,7,1,0.18633122922012
605,x,26,5,5,0.412249261568045
605,x,30,7,3,0.27767943757151
605,x,51,7,-7,0.0114194393649283
605,y,5,2,2,3.63192790684183
605,y,8,3,-1,-1.50930222698834
605,y,10,3,3,-0.864102896088443
605,y,14,5,1,-0.173525375108216
605,y,15,5,-1,-0.771502020245104
605,y,17,4,4,0.0585253305802163
605,y,21,6,2,-0.517916305956005
605,y,24,7,-1,-0.430592063516418
605,y,26,5,5,0.183421796926502
605,y,31,7,-3,0.494132672013868
606,x,4,2,0,0.515247462149673
606,x,8,3,-1,-0.627669304606169
606,x,9,4,0,0.0451335898916492
606,x,13,4,-2,-0.765568357084912
606,x,15,5,-1,0.789888703335525
606,x,16,6,0,-0.48139074663859
606,x,18,4,-4,2.48905062709526
606,x,19,5,3,-0.716165024389976
606,x,21,6,2,0.121323806369183
606,x,23,7,1,0.748415398609214
606,x,24,7,-1,1.33142083133324
606,x,26,5,5,0.594024486798998
606,x,28,6,4,1.07419841349667
606,x,31,7,-3,1.00838594739458
606,x,37,6,6,-0.654633926700815
606,y,1,0,0,-5.51407744937332
606,y,2,1,1,-1.36654464180228
606,y,5,2,2,-1.28170103837245
606,y,8,3,-1,0.490388196664756
606,y,11,3,-3,0.425602328995874
606,y,15,5,-1,0.0950413285296731
606,y,16,6,0,0.37580544347576
606,y,21,6,2,0.286000376629268
606,y,37,6,6,-0.413836994137254
606,y,50,7,7,0.229838105961507
607,x,1,0,0,-4.48444965210683
607,x,2,1,1,1.13573774639057
607,x,4,2,0,-0.201125113984583
607,x,8,3,-1,1.85836933359489
607,x,10,3,3,1.12842464025309
607,x,11,3,-3,-1.20469054879621
607,x,13,4,-2,-0.404801693934866
607,x,14,5,1,-0.633285431670682
607,x,19,5,3,1.06635788337447
607,x,23,7,1,0.311009742403904
607,x,24,7,-1,-0.132067065289108
607,x,26,5,5,0.220888159187196
607,x,27,5,-5,-0.526814661668183
607,x,29,6,-4,0.397133479699582
607,x,31,7,-3,-0.0554780716152396
607,x,37,6,6,0.483526280673342
607,x,38,6,-6,-0.471270412917381
607,x,40,7,-5,-0.497763231915631
607,x,50,7,7,0.169604669455806
607,y,2,1,1,3.91462515385606
607,y,3,1,-1,5.45416427891359
607,y,7,3,1,-0.648941626340252
607,y,9,4,0,-0.345756772723602
607,y,10,3,3,0.401625502205608
607,y,11,3,-3,0.87387293622622
607,y,13,4,-2,0.756630828904381
607,y,16,6,0,-0.061728571844449
607,y,17,4,4,-0.731678744918449
607,y,22,6,-2,-0.737442499771835
607,y,27,5,-5,0.935687199165177
607,y,31,7,-3,0.0292132750206229
607,y,37,6,6,0.457868698242575
607,y,39,7,5,0.192867079593079
607,y,40,7,-5,-0.337660485007028
607,y,50,7,7,0.594895181221952
607,y,51,7,-7,-0.196868625238494
608,x,4,2,0,-0.88460924224612
608,x,10,3,3,-0.0252476686291483
608,x,12,4,2,0.661296305595596
608,x,13,4,-2,0.387886609518802
608,x,17,4,4,1.61718656221512
608,x,18,4,-4,-0.846088712822941
608,x,19,5,3,-0.234203276408614
608,x,21,6,2,-0.897966082962684
608,x,28,6,4,0.45183151167707
608,x,29,6,-4,-0.563413383971466
608,x,38,6,-6,-1.80143958718578
608,x,40,7,-5,0.852475970362497
608,y,5,2,2,1.34754954183514
608,y,8,3,-1,-1.04019048063392
608,y,10,3,3,0.291901928700354
608,y,11,3,-3,-1.22747429458385
608,y,12,4,2,1.70886035319003
608,y,14,5,1,-0.559524288998666
608,y,17,4,4,-0.099603895687242
608,y,18,4,-4,-0.618627047874116
608,y,19,5,3,-0.87656484137729
608,y,28,6,4,-1.32947741803088
608,y,29,6,-4,0.956958058754435
608,y,40,7,-5,-0.680344242255356
608,y,50,7,7,-0.368548028119943
608,y,51,7,-7,-1.56162349711536
609,x,1,0,0,-4.81269700732769
609,x,5,2,2,1.58648115108938
609,x,6,2,-2,2.54677765816321
609,x,15,5,-1,-0.113037094745778
609,x,17,4,4,-1.41857492233908
609,x,19,5,3,0.640554198658567
609,x,21,6,2,0.184843625754188
609,x,27,5,-5,-0.26239320806909
609,x,29,6,-4,-0.49334876783906
609,x,30,7,3,-0.173244374703246
609,x,31,7,-3,0.0389567641328015
609,x,38,6,-6,-0.198125682923034
609,x,39,7,5,0.215012954806969
609,x,51,7,-7,-0.223112805823691
609,y,5,2,2,0.207512904528395
609,y,10,3,3,-0.499985521681588
609,y,12,4,2,-1.12917565421795
609,y,13,4,-2,1.84388079304646
609,y,17,4,4,0.243728617354845
609,y,18,4,-4,0.616018564600073
609,y,22,6,-2,-0.239643710310612
609,y,26,5,5,1.28151429092134
609,y,27,5,-5,-0.216717061475931
609,y,28,6,4,0.562934288378613
609,y,29,6,-4,-0.615049946422138
609,y,30,7,3,0.0276325538239708
609,y,31,7,-3,-0.274202281238198
609,y,37,6,6,1.37788334288624
609,y,38,6,-6,-0.969546317497142
609,y,39,7,5,-0.425988771244941
609,y,50,7,7,0.345441671016679
610,x,3,1,-1,-4.77936441896448
610,x,6,2,-2,-1.42463283140917
610,x,13,4,-2,-0.110744939276016
610,x,16,6,0,0.333776305722923
610,x,21,6,2,0.429882222588039
610,x,22,6,-2,-0.062700809597423
610,x,23,7,1,-0.0281572481183291
610,x,29,6,-4,-0.208441154571361
610,x,30,7,3,-0.424512368328181
610,x,37,6,6,0.999112496733992
610,x,40,7,-5,-0.702270210017804
610,x,50,7,7,0.436306852532825
610,y,2,1,1,4.25874702209076
610,y,3,1,-1,-2.81319637093636
610,y,5,2,2,3.50231835508453
610,y,6,2,-2,-1.24865113883496
610,y,12,4,2,-0.509856521103323
610,y,13,4,-2,1.24541066408526
610,y,16,6,0,0.675293978187328
610,y,18,4,-4,0.530598343059861
610,y,19,5,3,0.367174550081112
610,y,22,6,-2,-0.389211065728807
610,y,26,5,5,-0.513733815765982
610,y,27,5,-5,-0.396913555050219
610,y,30,7,3,0.190341941412486
610,y,37,6,6,0.290953983150076
610,y,50,7,7,-0.0305088086183608
610,y,51,7,-7,0.0223772228406844
611,x,4,2,0,-0.485501959780895
611,x,9,4,0,-1.03631719750154
611,x,11,3,-3,0.399239189491432
611,x,13,4,-2,1.69831971212873
611,x,14,5,1,0.495840389381695
611,x,18,4,-4,-2.07230073631007
611,x,21,6,2,1.05065739578365
611,x,22,6,-2,-0.667064619068555
611,x,24,7,-1,0.386889703785282
611,x,28,6,4,0.651941365848792
611,x,30,7,3,-0.576296374262953
611,x,51,7,-7,0.480698199780026
611,y,2,1,1,-0.334864086841745
611,y,9,4,0,1.91776100687123
611,y,11,3,-3,0.712595142645712
611,y,18,4,-4,1.08958294773118
611,y,19,5,3,-1.2619392866257
611,y,23,7,1,0.0753083990914012
611,y,26,5,5,0.554634459799119
611,y,40,7,-5,0.315845222363599
611,y,50,7,7,-0.430818242290671
611,y,51,7,-7,-0.0687926598955369
612,x,1,0,0,-2.00904544498596
612,x,4,2,0,-1.9591093966258
612,x,5,2,2,-0.523643062897855
612,x,10,3,3,-1.12505029811071
612,x,11,3,-3,-1.18343495662015
612,x,12,4,2,-0.01017550674805
612,x,14,5,1,-0.274424069645976
612,x,15,5,-1,0.0942014179329417
612,x,16,6,0,-0.317700962616667
612,x,17,4,4,-0.32818336125068
612,x,19,5,3,0.228837370673302
612,x,20,5,-3,0.742441913099367
612,x,23,7,1,-0.383937192321281
612,x,24,7,-1,0.327032168847616
612,x,28,6,4,0.315078305220207
612,y,6,2,-2,1.17346534566846
612,y,10,3,3,-0.139365629903792
612,y,14,5,1,1.16516596486952
612,y,15,5,-1,1.32159505642511
612,y,16,6,0,-0.624484987603829
612,y,18,4,-4,-1.4674909656844
612,y,22,6,-2,-0.0984806232961226
612,y,23,7,1,1.41186986637529
612,y,26,5,5,-1.0497723459826
612,y,30,7,3,-0.560439083756024
612,y,39,7,5,-1.61357063622192
612,y,51,7,-7,0.553292047720737
613,x,2,1,1,-3.79369098291892
613,x,4,2,0,-0.638519584635222
613,x,11,3,-3,-0.279818371918235
613,x,12,4,2,-0.827249447364898
613,x,16,6,0,-0.0203917486904068
613,x,17,4,4,-0.480406455726946
613,x,18,4,-4,0.522983472724595
613,x,21,6,2,0.229132776850066
613,x,22,6,-2,-0.19823021604419
613,x,23,7,1,-0.46656911993065
613,x,24,7,-1,0.786822936631189
613,x,26,5,5,-0.220921852620091
613,x,27,5,-5,-0.165182865204657
613,x,28,6,4,-0.0551989833556688
613,x,29,6,-4,-0.0549621010174772
613,x,31,7,-3,0.0231301158079058
613,x,37,6,6,0.0833528930230042
613,x,39,7,5,0.366168554589692
613,x,50,7,7,0.102231393288309
613,y,2,1,1,2.00184170678976
613,y,6,2,-2,-1.10769032013947
613,y,7,3,1,1.43378895951568
613,y,9,4,0,0.37995439821643
613,y,14,5,1,0.170617659001953
613,y,17,4,4,-0.276599918803113
613,y,18,4,-4,0.199566929208154
613,y,19,5,3,-0.494705322979827
613,y,21,6,2,0.417510023738769
613,y,22,6,-2,0.484574756860296
613,y,26,5,5,0.909195657877752
613,y,27,5,-5,-1.31672603838906
613,y,28,6,4,-0.0968254446643915
613,y,40,7,-5,0.343386386291122
613,y,51,7,-7,-0.67123788938506
614,x,2,1,1,-4.0775252491313
614,x,3,1,-1,4.1382397574138
614,x,5,2,2,0.707099967283405
614,x,8,3,-1,0.114982357911932
614,x,10,3,3,-1.52087359357899
614,x,14,5,1,0.405897537049348
614,x,17,4,4,0.913538672687465
614,x,18,4,-4,-0.189202257685113
614,x,19,5,3,0.0912081057552389
614,x,20,5,-3,-0.126121563712213
614,x,22,6,-2,-0.613118518957614
614,x,26,5,5,0.126594383656092
614,x,28,6,4,-0.439378165712993
614,x,30,7,3,-0.241661381459662
614,x,31,7,-3,-0.134936012373104
614,x,37,6,6,-0.030030274979302
614,x,40,7,-5,-0.634954570326063
614,y,3,1,-1,0.588866522773384
614,y,5,2,2,-0.954671704408409
614,y,6,2,-2,1.87286534905723
614,y,9,4,0,0.337522142630705
614,y,10,3,3,0.414120174090329
614,y,12,4,2,0.127635850175865
614,y,13,4,-2,1.55191317110173
614,y,14,5,1,-0.532101665330791
614,y,15,5,-1,0.560324413976269
614,y,16,6,0,0.383566350069322
614,y,17,4,4,-0.161939408051894
614,y,18,4,-4,-0.897868099605788
614,y,20,5,-3,-0.784699148814634
614,y,21,6,2,0.577340809712478
614,y,24,7,-1,-0.690681086085442
614,y,27,5,-5,0.656387335775864
614,y,29,6,-4,-0.251931854041735
614,y,39,7,5,-0.38297090410532
614,y,40,7,-5,-0.00906485385292821
614,y,51,7,-7,0.190039688334275
615,x,1,0,0,0.164157187252234
615,x,3,1,-1,7.07987560766001
615,x,11,3,-3,1.11287223118232
615,x,12,4,2,0.210343042122192
615,x,13,4,-2,-2.01382412361519
615,x,14,5,1,0.784179673148255
615,x,18,4,-4,0.132729452801737
615,x,26,5,5,-0.382360600498701
615,x,27,5,-5,0.391520611616025
615,x,29,6,-4,-0.318723056529538
615,x,30,7,3,-0.626612279432197
615,x,31,7,-3,-0.293786147744589
615,x,39,7,5,-0.123223548592785
615,x,40,7,-5,0.441839953077331
615,y,1,0,0,1.29144577484839
615,y,3,1,-1,3.58471077138413
615,y,8,3,-1,1.13754733795619
615,y,12,4,2,-0.171244497024406
615,y,14,5,1,-0.727031206400995
615,y,15,5,-1,-0.627759524251582
615,y,16,6,0,0.137810446655212
615,y,17,4,4,-1.02332818307736
615,y,21,6,2,0.343478644821656
615,y,27,5,-5,-0.892677851088985
615,y,29,6,-4,0.753822154238568
615,y,30,7,3,0.289080755961105
615,y,38,6,-6,-0.294959770643365
615,y,39,7,5,0.364526549348376
615,y,40,7,-5,0.130380387864655
616,x,2,1,1,-4.37806816664598
616,x,5,2,2,-0.0288898791128117
616,x,6,2,-2,0.244641968474924
616,x,8,3,-1,0.184983835639185
616,x,9,4,0,0.522934935156501
616,x,10,3,3,-0.48853674141499
616,x,11,3,-3,0.755812755082085
616,x,12,4,2,0.144415948748879
616,x,14,5,1,-0.933084624358868
616,x,16,6,0,0.182888622033619
616,x,17,4,4,-0.679825715497748
616,x,24,7,-1,-0.154436805110671
616,x,26,5,5,0.0665781262385845
616,x,28,6,4,-0.255707864933405
616,x,29,6,-4,0.39352766221872
616,x,31,7,-3,-0.439172945699334
616,x,39,7,5,0.025236338244808
616,x,40,7,-5,-0.464316666701181
616,y,3,1,-1,-3.12916996173998
616,y,4,2,0,0.670088164300376
616,y,8,3,-1,2.46142153749065
616,y,14,5,1,0.679818317667912
616,y,15,5,-1,-0.941130179554961
616,y,17,4,4,0.671653292836188
616,y,19,5,3,1.00796749576527
616,y,21,6,2,0.955798599194899
616,y,22,6,-2,-0.312291250688154
616,y,23,7,1,-0.296173519439545
616,y,26,5,5,-0.13405899756175
616,y,27,5,-5,0.633255473628259
616,y,28,6,4,-0.141969386451578
616,y,29,6,-4,0.694066767140623
616,y,31,7,-3,-0.463258215043685
616,y,50,7,7,0.130910633698977
616,y,51,7,-7,-0.277559790515783
617,x,2,1,1,-2.79451179548839
617,x,4,2,0,-0.695490621123731
617,x,5,2,2,0.21956197841976
617,x,6,2,-2,-0.081137065410867
617,x,7,3,1,-1.41761913806606
617,x,8,3,-1,-2.68954705359641
617,x,9,4,0,-0.663413470429099
617,x,10,3,3,0.412717834113726
617,x,12,4,2,1.18033085788283
617,x,13,4,-2,-0.203812767021924
617,x,15,5,-1,0.342818728627886
617,x,16,6,0,-0.0844510390719506
617,x,17,4,4,-0.125838469363608
617,x,20,5,-3,-0.403304320577206
617,x,26,5,5,-0.795243403577639
617,x,28,6,4,-0.396806687789391
617,x,29,6,-4,-0.324098426561777
617,x,51,7,-7,0.635088183214777
617,y,2,1,1,8.13259544774073
617,y,4,2,0,-1.45111946920383
617,y,8,3,-1,-0.350034135229685
617,y,12,4,2,-0.220479067427692
617,y,14,5,1,-0.672116873762282
617,y,17,4,4,0.833386246543815
617,y,18,4,-4,-0.487047782517525
617,y,22,6,-2,0.498234805651364
617,y,23,7,1,0.0913049762990026
617,y,29,6,-4,0.480418877400598
617,y,30,7,3,0.144241954264692
617,y,31,7,-3,0.467966390942617
618,x,1,0,0,-0.781842915224768
618,x,2,1,1,3.33749526820131
618,x,6,2,-2,-0.125549869915932
618,x,11,3,-3,0.121216991404413
618,x,12,4,2,-1.0307896523825
618,x,13,4,-2,-0.877590297847262
618,x,14,5,1,-0.45071197683874
618,x,15,5,-1,0.0708246357637735
618,x,16,6,0,0.17426616468693
618,x,17,4,4,0.644879876684354
618,x,19,5,3,-0.323203427111182
618,x,20,5,-3,-0.369422543561625
618,x,24,7,-1,-0.252051299338198
618,x,28,6,4,0.415684556643052
618,x,29,6,-4,0.269842598292404
618,x,30,7,3,-0.234315690847453
618,x,38,6,-6,-0.527724866990679
618,x,39,7,5,0.172164272851933
618,x,40,7,-5,-1.23744398333318
618,x,51,7,-7,-0.0499888140111231
618,y,1,0,0,-5.93709195944052
618,y,7,3,1,-0.923959382906814
618,y,8,3,-1,-0.797584169654235
618,y,11,3,-3,-0.0782984837928996
618,y,16,6,0,-0.0156392918708526
618,y,17,4,4,0.280613473642282
618,y,19,5,3,0.224139649777136
618,y,20,5,-3,1.1442822941056
618,y,27,5,-5,0.842157752473469
618,y,31,7,-3,-0.182298946310467
618,y,39,7,5,0.266922246137494
619,x,1,0,0,-5.32416774982999
619,x,3,1,-1,-3.68581763936933
619,x,4,2,0,2.17784729835462
619,x,11,3,-3,0.178558926049822
619,x,12,4,2,-0.981628946300066
619,x,13,4,-2,-0.120813484277872
619,x,15,5,-1,-1.17494508047072
619,x,16,6,0,0.172870591626536
619,x,20,5,-3,0.648482036008148
619,x,24,7,-1,-0.289474665430349
619,x,28,6,4,-0.126995666703636
619,x,29,6,-4,-0.916730293591347
619,x,31,7,-3,0.380432962978247
619,x,39,7,5,-0.696453330008169
619,x,50,7,7,0.0218616960636592
619,x,51,7,-7,0.0385323637670522
619,y,5,2,2,-0.318004914182082
619,y,6,2,-2,-1.150566280308
619,y,9,4,0,1.89481987010383
619,y,12,4,2,-0.554169035157983
619,y,14,5,1,-0.0055832659808209
619,y,16,6,0,0.0731958455621177
619,y,19,5,3,-0.396601104412272
619,y,21,6,2,-0.118227664925994
619,y,22,6,-2,0.282510516661188
619,y,23,7,1,0.246288680097538
619,y,26,5,5,-0.0778054583545707
619,y,27,5,-5,-0.195672128962724
619,y,29,6,-4,0.282996435422385
619,y,37,6,6,0.961129159047631
619,y,40,7,-5,-0.564417984779271
619,y,51,7,-7,-0.364298950934476
620,x,1,0,0,0.340497811628772
620,x,3,1,-1,2.64022513010131
620,x,11,3,-3,0.173309811073235
620,x,15,5,-1,-0.644584961575555
620,x,17,4,4,-1.98433013627869
620,x,18,4,-4,-1.01475476850176
620,x,19,5,3,0.657669632288484
620,x,23,7,1,0.0492883347131072
620,x,26,5,5,0.331800402628344
620,x,30,7,3,-0.0715287761302408
620,x,31,7,-3,0.448604141815164
620,x,38,6,-6,1.09854758022387
620,x,50,7,7,-0.489646697463549
620,x,51,7,-7,0.605597118696571
620,y,2,1,1,-0.536217439858932
620,y,3,1,-1,1.85217814093439
620,y,9,4,0,-0.032574138810243
620,y,14,5,1,0.23489483901181
620,y,15,5,-1,0.401572872543079
620,y,16,6,0,-0.767608396067014
620,y,18,4,-4,-0.29006689118075
620,y,20,5,-3,1.03653282918297
620,y,23,7,1,0.0412002923066575
620,y,24,7,-1,-0.897869112764898
620,y,27,5,-5,-0.876665990970139
620,y,28,6,4,0.0575825106362994
620,y,37,6,6,-0.35145562585779
620,y,38,6,-6,-0.700520913739622
620,y,40,7,-5,-0.0827941317197625
620,y,50,7,7,0.524068837138553
620,y,51,7,-7,-0.433822952468212
621,x,1,0,0,1.018888305208
621,x,2,1,1,-2.72915051011892
621,x,3,1,-1,-0.422006998246733
621,x,8,3,-1,-0.448799400511485
621,x,9,4,0,-0.70758402775115
621,x,17,4,4,-1.12982108772596
621,x,23,7,1,0.0819468894812565
621,x,29,6,-4,-0.609277323988203
621,x,38,6,-6,-0.222963067025894
621,x,40,7,-5,0.546760116045643
621,y,2,1,1,-2.53952704219591
621,y,4,2,0,2.22813566043039
621,y,5,2,2,-0.287901835725207
621,y,6,2,-2,0.76754893766209
621,y,8,3,-1,-0.807347135063147
621,y,13,4,-2,-0.883870474556719
621,y,15,5,-1,0.349400283844831
621,y,17,4,4,0.531535714676124
621,y,23,7,1,0.0850192738272093
621,y,24,7,-1,0.255158777083279
621,y,26,5,5,0.239980410744091
621,y,30,7,3,0.0149602516180036
621,y,31,7,-3,0.726724208702169
621,y,37,6,6,0.474780878164315
621,y,39,7,5,0.744298339530593
621,y,50,7,7,-0.132260672534892
622,x,1,0,0,1.08761519285713
622,x,2,1,1,-1.57149653523744
622,x,5,2,2,2.28005394304596
622,x,7,3,1,2.18360216388505
622,x,9,4,0,-1.41583990774433
622,x,10,3,3,0.53762082704126
622,x,11,3,-3,-2.02882356041503
622,x,12,4,2,0.714855607164794
622,x,15,5,-1,1.01613933288151
622,x,16,6,0,0.00823421247739427
622,x,17,4,4,0.0360744920109327
622,x,18,4,-4,-0.367716276469618
622,x,19,5,3,-0.659964854680019
622,x,20,5,-3,0.165551660412294
622,x,21,6,2,-0.455265499009906
622,x,24,7,-1,0.0744765185723315
622,x,26,5,5,-0.0827495075215347
622,x,38,6,-6,-0.118917777440886
622,x,39,7,5,0.278063634167124
622,x,50,7,7,-0.389570132627264
622,y,4,2,0,0.0431618954095332
622,y,6,2,-2,-2.59927385057395
622,y,7,3,1,1.37459203752384
622,y,11,3,-3,0.0223853512753266
622,y,12,4,2,-0.221132681686312
622,y,15,5,-1,-0.300158997932636
622,y,17,4,4,0.436278608929885
622,y,26,5,5,-0.974271019413258
622,y,31,7,-3,0.452071582408453
622,y,37,6,6,-0.19330639715409
622,y,39,7,5,-0.780434604823783
622,y,51,7,-7,-0.735783577453971
623,x,4,2,0,-2.60644460400687
623,x,5,2,2,-0.995079948945879
623,x,6,2,-2,-3.84498954604924
623,x,8,3,-1,0.675410947586956
623,x,16,6,0,-0.434569924998695
623,x,19,5,3,0.469233395715444
623,x,22,6,-2,0.36408366905928
623,x,30,7,3,-0.252021189060602
623,x,40,7,-5,0.288040478044637
623,x,51,7,-7,-0.769711958520047
623,y,1,0,0,0.218615402369954
623,y,8,3,-1,0.232451126317154
623,y,9,4,0,-0.989224140386674
623,y,10,3,3,-0.638394931781151
623,y,11,3,-3,-1.20849961039721
623,y,13,4,-2,-1.75608533824075
623,y,15,5,-1,-1.16116314311329
623,y,16,6,0,0.00834606110246744
623,y,22,6,-2,0.1987126869551
623,y,24,7,-1,-0.0501267874175176
623,y,27,5,-5,0.734253395574835
623,y,28,6,4,0.924508728944097
623,y,30,7,3,-0.0263242926582953
623,y,37,6,6,0.29692019738353
623,y,39,7,5,0.221047758977331
624,x,7,3,1,-0.843544933054203
624,x,8,3,-1,2.3199155043163
624,x,14,5,1,0.974314716398138
624,x,18,4,-4,0.417016659730821
624,x,19,5,3,0.675223367881055
624,x,22,6,-2,0.662041515649916
624,x,27,5,-5,1.34952517013305
624,x,29,6,-4,0.196737990895151
624,x,30,7,3,-0.419918213200993
624,x,38,6,-6,-1.32502980868298
624,x,39,7,5,-0.185256750152615
624,x,40,7,-5,-0.641070759376412
624,x,51,7,-7,-0.629869598777003
624,y,3,1,-1,3.27363040855743
624,y,7,3,1,-0.77664269731117
624,y,8,3,-1,-0.520978934405899
624,y,9,4,0,-1.49269388696425
624,y,12,4,2,1.14150715034363
624,y,14,5,1,-0.0255866457527686
624,y,22,6,-2,0.651929120535351
624,y,24,7,-1,0.20911429962111
624,y,27,5,-5,0.651335136421631
624,y,29,6,-4,-0.750161118029626
624,y,30,7,3,-0.0205253261406471
625,x,2,1,1,-6.98540814614862
625,x,3,1,-1,0.988121525682663
625,x,4,2,0,-1.97325235509286
625,x,6,2,-2,2.71962871303465
625,x,11,3,-3,2.67952677756923
625,x,13,4,-2,0.678372824775242
625,x,16,6,0,0.118188177579235
625,x,19,5,3,-0.555937658034494
625,x,20,5,-3,0.119458733626194
625,x,21,6,2,0.625451885407145
625,x,23,7,1,0.290862975827624
625,x,28,6,4,0.198086506146947
625,x,30,7,3,0.139930530142754
625,x,31,7,-3,0.947106700862771
625,x,37,6,6,-0.76368025881034
625,x,40,7,-5,-0.178451338433189
625,y,1,0,0,-0.347054822062076
625,y,4,2,0,0.439298100841481
625,y,7,3,1,0.278359255803928
625,y,8,3,-1,0.540666417466416
625,y,11,3,-3,0.157898409995435
625,y,12,4,2,-2.81169062815563
625,y,18,4,-4,0.737172398030501
625,y,26,5,5,0.25287988237795
625,y,29,6,-4,0.52749837574438
625,y,30,7,3,-0.354766464851785
625,y,38,6,-6,0.229338111791642
625,y,51,7,-7,0.612772278884843
626,x,2,1,1,-3.97720526541097
626,x,5,2,2,2.01081418561273
626,x,6,2,-2,-1.31784060328534
626,x,13,4,-2,0.16007010513637
626,x,14,5,1,-0.186885049234831
626,x,15,5,-1,-0.0741611262967537
626,x,22,6,-2,-0.267580067384279
626,x,26,5,5,-0.485352974900195
626,x,30,7,3,-0.160663781229825
626,x,38,6,-6,0.555096401572749
626,x,40,7,-5,0.606283088408986
626,y,1,0,0,0.475676075789529
626,y,2,1,1,2.57555665770223
626,y,5,2,2,1.37200430377539
626,y,6,2,-2,0.685372350443435
626,y,9,4,0,0.3400637126374
626,y,10,3,3,-0.336594425495956
626,y,13,4,-2,0.525442060576127
626,y,14,5,1,-0.813009105483939
626,y,15,5,-1,0.70915319682978
626,y,16,6,0,0.251623556439548
626,y,17,4,4,0.748717858147822
626,y,18,4,-4,-0.346358935780005
626,y,19,5,3,0.669618692503229
626,y,20,5,-3,0.0860683568204134
626,y,23,7,1,-1.1722608425408
626,y,27,5,-5,0.41077145210519
626,y,28,6,4,0.413738120424675
626,y,38,6,-6,-0.658640888172057
626,y,51,7,-7,0.0143749091856189
627,x,1,0,0,1.22176352659482
627,x,2,1,1,-0.175661236545308
627,x,3,1,-1,-3.94788584844818
627,x,8,3,-1,-0.843593563217403
627,x,9,4,0,-0.691287590845182
627,x,10,3,3,0.69620877523597
627,x,11,3,-3,0.520839741519712
627,x,13,4,-2,-0.571687852664641
627,x,14,5,1,1.23502562148799
627,x,16,6,0,0.189557730102795
627,x,21,6,2,0.39554747617029
627,x,26,5,5,-1.27543247092381
627,x,27,5,-5,-0.0865672065359247
627,x,28,6,4,-0.981179554860978
627,x,29,6,-4,-0.938745943056469
627,x,30,7,3,0.517043703598115
627,x,31,7,-3,-0.0391843845332207
627,x,37,6,6,0.315526664905614
627,y,1,0,0,0.310446662933412
627,y,4,2,0,1.73690225533244
627,y,7,3,1,0.101909289724974
627,y,11,3,-3,-0.128240581872427
627,y,12,4,2,-0.65149362374991
627,y,14,5,1,0.0486085424556509
627,y,15,5,-1,0.0770792872749721
627,y,16,6,0,0.0923695463283915
627,y,17,4,4,0.216066492555591
627,y,20,5,-3,-0.320732922385444
627,y,21,6,2,0.0657888295652648
627,y,22,6,-2,-0.599379451236761
627,y,23,7,1,0.0316488055591252
627,y,26,5,5,-0.00336347281978588
627,y,27,5,-5,-0.854868043517984
627,y,38,6,-6,-0.32094352353027
627,y,39,7,5,-0.164784382267732
627,y,51,7,-7,0.351728702062061
628,x,1,0,0,1.14873894187005
628,x,2,1,1,1.98590089314395
628,x,5,2,2,-0.20223830061749
628,x,7,3,1,-1.0841437438298
628,x,8,3,-1,0.202809373272537
628,x,9,4,0,-0.0332794337992499
628,x,11,3,-3,-0.520337354272249
628,x,13,4,-2,0.897490240600639
628,x,14,5,1,0.254922242745998
628,x,16,6,0,-0.475576390071029
628,x,18,4,-4,0.735443064443214
628,x,24,7,-1,0.0888698694299707
628,x,27,5,-5,0.424928447761761
628,x,28,6,4,-0.286328383716654
628,x,30,7,3,0.0186345159867244
628,x,37,6,6,0.264544783989485
628,x,38,6,-6,0.211031253840753
628,x,40,7,-5,0.175723273554881
628,x,50,7,7,-0.304671581152563
628,y,2,1,1,-3.35666102841558
628,y,5,2,2,2.52473530284959
628,y,8,3,-1,0.040883225722725
628,y,11,3,-3,-0.0855880013993878
628,y,18,4,-4,0.00121426339916881
628,y,19,5,3,0.192593284369148
628,y,22,6,-2,0.191631039767206
628,y,24,7,-1,-0.863802704491259
628,y,26,5,5,-0.462357145910159
628,y,29,6,-4,0.205950079969495
628,y,38,6,-6,-0.0285456277214791
628,y,51,7,-7,-0.22276531676099
629,x,1,0,0,-1.00702760232882
629,x,3,1,-1,2.7920377619328
629,x,5,2,2,-2.26973821859793
629,x,6,2,-2,-0.971797806414632
629,x,7,3,1,-1.2816114990148
629,x,10,3,3,0.204458745183217
629,x,13,4,-2,1.42101191123465
629,x,20,5,-3,0.483935491314791
629,x,21,6,2,0.581392420371444
629,x,22,6,-2,0.13342375415141
629,x,23,7,1,-0.296862940560736
629,x,27,5,-5,0.260337769194048
629,x,28,6,4,-0.412942866201377
629,x,40,7,-5,-0.280119768191733
629,y,3,1,-1,-0.552884849162001
629,y,7,3,1,2.10442211145467
629,y,9,4,0,-0.540014514088762
629,y,11,3,-3,-0.182108694420403
629,y,14,5,1,0.902231968786167
629,y,15,5,-1,-1.6042907311428
629,y,19,5,3,0.441874593358444
629,y,24,7,-1,-0.64408109913969
629,y,27,5,-5,0.45283913049008
629,y,31,7,-3,-0.00663980714398621
629,y,39,7,5,0.0564564347469916
629,y,50,7,7,-0.0414757897683609
629,y,51,7,-7,0.0168793432884683
630,x,5,2,2,0.064265316249452
630,x,7,3,1,-2.33524874811755
630,x,12,4,2,0.642145361353884
630,x,15,5,-1,0.0937505245385592
630,x,17,4,4,1.0705227956325
630,x,18,4,-4,-0.424889061081728
630,x,21,6,2,-0.863079276642518
630,x,23,7,1,0.75985217181216
630,x,24,7,-1,0.370429877921636
630,x,27,5,-5,0.162395489647902
630,x,28,6,4,-0.217208503009747
630,x,37,6,6,-0.0135551221922819
630,x,40,7,-5,-0.0949139875755483
630,y,1,0,0,-2.98973178646478
630,y,5,2,2,0.230905536952377
630,y,6,2,-2,-2.79279903188493
630,y,7,3,1,0.438530507051592
630,y,8,3,-1,0.693771623854966
630,y,9,4,0,-1.05212368899257
630,y,10,3,3,-0.451494534293762
630,y,12,4,2,-0.615416835972733
630,y,15,5,-1,-0.503798954781034
630,y,20,5,-3,0.327527154372609
630,y,23,7,1,0.143216810495164
630,y,24,7,-1,0.163772915870908
630,y,26,5,5,1.1469233608385
630,y,27,5,-5,0.715517497267785
630,y,29,6,-4,-0.275709967254284
630,y,31,7,-3,-0.417462420147051
630,y,37,6,6,-0.0894560402153664
630,y,40,7,-5,0.612323676041585
630,y,50,7,7,-0.237844013980156
631,x,4,2,0,-1.80875412744386
631,x,12,4,2,1.13801334994795
631,x,16,6,0,-0.165689210423526
631,x,17,4,4,-0.610764011839878
631,x,21,6,2,0.630230145507123
631,x,22,6,-2,-0.210565798018945
631,x,24,7,-1,0.00719897184087475
631,x,26,5,5,0.871043392112919
631,x,27,5,-5,0.372977885986724
631,x,28,6,4,0.816380770072044
631,x,38,6,-6,0.363398499745701
631,x,39,7,5,-0.0646082708288091
631,x,51,7,-7,0.29378308514633
631,y,1,0,0,1.09162112320722
631,y,6,2,-2,-1.98666727592413
631,y,8,3,-1,0.862406029005351
631,y,9,4,0,0.180868891614116
631,y,10,3,3,-0.203921914404015
631,y,12,4,2,0.702776317149897
631,y,16,6,0,0.184980247372031
631,y,18,4,-4,1.05977945589901
631,y,19,5,3,-0.0803008265884712
631,y,20,5,-3,-0.046914761777677
631,y,26,5,5,0.504154111608613
631,y,31,7,-3,-0.465555379739933
631,y,37,6,6,0.177651627510986
631,y,39,7,5,0.270298398815337
631,y,40,7,-5,-0.377161248039444
632,x,1,0,0,3.2176304362137
632,x,2,1,1,-6.19319060245265
632,x,4,2,0,-0.766415758067023
632,x,8,3,-1,0.21197531713368
632,x,12,4,2,-0.667614429310958
632,x,13,4,-2,0.469629409544946
632,x,14,5,1,-0.339639165011105
632,x,19,5,3,0.805976671791219
632,x,22,6,-2,-0.087354833628083
632,x,23,7,1,0.118348705032607
632,x,26,5,5,0.845191225201704
632,x,28,6,4,-0.0972100002184522
632,x,29,6,-4,0.365940289675939
632,x,30,7,3,0.904320286763074
632,x,31,7,-3,-0.14395491329748
632,x,37,6,6,0.034224861645155
632,x,38,6,-6,0.677163841838865
632,x,40,7,-5,-0.398414590685672
632,y,2,1,1,1.61360069450198
632,y,3,1,-1,1.18796765083061
632,y,6,2,-2,-1.64452981562537
632,y,8,3,-1,0.396287656956359
632,y,11,3,-3,-0.495971640328909
632,y,14,5,1,-0.0912017465429612
632,y,15,5,-1,0.07114584391059
632,y,16,6,0,-0.329535444610314
632,y,17,4,4,0.0979759712398732
632,y,18,4,-4,0.115425120866912
632,y,21,6,2,-0.669436555737212
632,y,22,6,-2,0.0426812829227705
632,y,23,7,1,-0.507196230147652
632,y,26,5,5,0.111339445524769
632,y,37,6,6,-0.93579403674537
632,y,38,6,-6,0.737999448835096
632,y,39,7,5,0.350674061465312
632,y,40,7,-5,0.033077983178431
632,y,50,7,7,-0.253459077694632
632,y,51,7,-7,-0.529981821977058
633,x,1,0,0,-4.30592096392127
633,x,2,1,1,-5.6437189039252
633,x,3,1,-1,-0.813208865688926
633,x,4,2,0,2.24150459509081
633,x,6,2,-2,-0.317893597008344
633,x,8,3,-1,1.83168676409363
633,x,9,4,0,-0.0559640702945823
633,x,13,4,-2,1.29445112645847
633,x,15,5,-1,-0.252130711119582
633,x,16,6,0,-0.0210053664455868
633,x,18,4,-4,0.836119276948348
633,x,22,6,-2,-0.317588978838713
633,x,23,7,1,0.884722683293565
633,x,24,7,-1,-0.362255849849664
633,x,30,7,3,0.46563891988455
633,x,31,7,-3,-0.00517502642740478
633,x,37,6,6,-0.416128435733096
633,x,39,7,5,0.130532578932782
633,y,1,0,0,-0.549470538055912
633,y,4,2,0,-2.77945403614514
633,y,5,2,2,0.388279168831597
633,y,7,3,1,-2.03590199747771
633,y,14,5,1,-0.474726640377403
633,y,17,4,4,0.407021151374941
633,y,18,4,-4,0.162086265712799
633,y,19,5,3,-1.44378971133856
633,y,22,6,-2,0.37695388605767
633,y,24,7,-1,-0.209981025617677
634,x,2,1,1,3.87753137101792
634,x,5,2,2,-0.640858267488807
634,x,8,3,-1,-0.425937635513502
634,x,9,4,0,1.08595179058657
634,x,11,3,-3,0.749054738876425
634,x,12,4,2,-0.67073639704268
634,x,14,5,1,0.478682533444251
634,x,17,4,4,0.0478012466343312
634,x,18,4,-4,2.81733053456124
634,x,24,7,-1,0.728188391899031
634,x,28,6,4,0.568270187342949
634,x,30,7,3,-0.392037828731135
634,y,1,0,0,4.16567283189328
634,y,4,2,0,-2.23865137824466
634,y,7,3,1,1.20804686934924
634,y,8,3,-1,-0.755678623852905
634,y,11,3,-3,0.928269407188031
634,y,19,5,3,-0.143073229966719
634,y,22,6,-2,0.283838774063531
634,y,24,7,-1,0.0988279762396742
634,y,27,5,-5,1.08947431269675
634,y,29,6,-4,0.0589953292329075
635,x,4,2,0,-1.27013071793514
635,x,9,4,0,-0.022449932154319
635,x,15,5,-1,0.909615996214958
635,x,16,6,0,0.896442316729089
635,x,18,4,-4,0.865343769084917
635,x,20,5,-3,-0.23137635043848
635,x,22,6,-2,0.524608401555781
635,x,23,7,1,0.670762104788082
635,x,24,7,-1,-0.7301292220274
635,x,26,5,5,1.37969919532077
635,x,40,7,-5,0.282977717910983
635,y,1,0,0,3.50080752571119
635,y,2,1,1,-2.08765512582815
635,y,4,2,0,1.18186158740396
635,y,7,3,1,0.317531755484868
635,y,10,3,3,-0.98423628431171
635,y,11,3,-3,0.174936322668679
635,y,13,4,-2,-0.505595464176176
635,y,14,5,1,-0.920848171827074
635,y,15,5,-1,0.537455877670731
635,y,17,4,4,-0.717256962540468
635,y,19,5,3,-0.202867863520518
635,y,21,6,2,0.0314488880016373
635,y,22,6,-2,0.15339153727472
635,y,23,7,1,0.0745997020910412
635,y,24,7,-1,-0.707885142647678
635,y,26,5,5,0.654289252734343
635,y,29,6,-4,-0.031227335885093
635,y,30,7,3,-0.582555465205472
635,y,31,7,-3,0.0305950998557731
635,y,37,6,6,0.333528440041654
636,x,2,1,1,-0.0463068397670416
636,x,8,3,-1,2.6351253541652
636,x,10,3,3,-1.53698094807192
636,x,12,4,2,1.43753096862124
636,x,16,6,0,-0.60720463773066
636,x,19,5,3,-1.25584999877838
636,x,27,5,-5,0.213040105482973
636,x,30,7,3,-0.698047069310918
636,x,31,7,-3,0.48669885724067
636,x,38,6,-6,0.166300468153439
636,x,39,7,5,0.129911805887464
636,y,1,0,0,2.45387929527265
636,y,5,2,2,-1.5631049185769
636,y,6,2,-2,-1.00679398918367
636,y,10,3,3,-1.52652920908164
636,y,15,5,-1,0.657559098160783
636,y,18,4,-4,0.875057104094427
636,y,20,5,-3,1.07915942676
636,y,21,6,2,0.215950959985443
636,y,23,7,1,-0.071129681958127
636,y,24,7,-1,-0.0750754738549835
636,y,28,6,4,0.628908318883138
636,y,29,6,-4,0.547976424113905
636,y,30,7,3,-0.643336779226115
636,y,31,7,-3,-0.252309477937021
636,y,39,7,5,-0.293124507316276
636,y,50,7,7,0.732937975882253
637,x,3,1,-1,-0.0132965708678796
637,x,4,2,0,-1.00646142859307
637,x,6,2,-2,-0.0167830282169575
637,x,9,4,0,0.391147763287264
637,x,14,5,1,0.364522414448552
637,x,15,5,-1,-1.04350878874116
637,x,16,6,0,0.917603828841727
637,x,17,4,4,0.268392306206345
637,x,20,5,-3,-0.0132540050227035
637,x,23,7,1,-0.479324105499535
637,x,24,7,-1,1.79141769682683
637,x,26,5,5,-0.55306374631625
637,x,28,6,4,-0.245559866196254
637,x,29,6,-4,0.863909697565374
637,x,30,7,3,-0.049773678094751
637,x,31,7,-3,0.0802694501690622
637,x,37,6,6,-0.418835791894163
637,x,39,7,5,1.13094446081808
637,x,40,7,-5,0.513422282043005
637,x,50,7,7,-0.252471576593203
637,y,2,1,1,-6.02555970072207
637,y,3,1,-1,-4.78320915728143
637,y,4,2,0,1.89494761914123
637,y,5,2,2,-0.258970070389935
637,y,11,3,-3,-1.05645008929231
637,y,12,4,2,-0.471244924761319
637,y,14,5,1,0.795164426423023
637,y,15,5,-1,-0.030022327967709
637,y,17,4,4,-1.31393974036363
637,y,19,5,3,0.345778753049316
637,y,20,5,-3,-0.239010376655999
637,y,22,6,-2,1.20236087983351
637,y,23,7,1,0.351214832679
637,y,24,7,-1,-0.153193715267985
637,y,26,5,5,0.149114152213645
637,y,29,6,-4,-0.520953089942072
637,y,30,7,3,0.566810673199421
637,y,31,7,-3,0.135199747734471
637,y,38,6,-6,0.313116414923108
637,y,39,7,5,0.291642515889783
638,x,3,1,-1,-3.23756100871841
638,x,4,2,0,-3.47175050176511
638,x,6,2,-2,0.0762870055952496
638,x,9,4,0,-0.312771301425227
638,x,10,3,3,1.20949506945132
638,x,11,3,-3,0.14886941257525
638,x,13,4,-2,0.385097205448685
638,x,17,4,4,0.721335716981328
638,x,18,4,-4,-0.972795725953809
638,x,19,5,3,1.3999137895289
638,x,20,5,-3,0.12966533294651
638,x,21,6,2,0.437986808272701
638,x,22,6,-2,0.156599676231446
638,x,24,7,-1,0.348657721866099
638,x,26,5,5,-0.208210613830227
638,x,28,6,4,-0.835679546768929
638,x,29,6,-4,0.732562117822738
638,x,37,6,6,0.277650787235049
638,x,39,7,5,0.033764741903897
638,y,1,0,0,-1.87353469652422
638,y,9,4,0,0.166310208758438
638,y,13,4,-2,-0.0197343472111163
638,y,14,5,1,-0.195013190284707
638,y,15,5,-1,0.0473985696986688
638,y,18,4,-4,0.483760751828811
638,y,19,5,3,0.206842370648653
638,y,21,6,2,0.775574847906371
638,y,24,7,-1,-0.796077148306889
638,y,27,5,-5,0.127591021774833
638,y,30,7,3,-0.00541191977395227
638,y,31,7,-3,0.367549952669184
638,y,37,6,6,0.185592912105028
638,y,51,7,-7,0.304536978804665
639,x,1,0,0,3.78888170390774
639,x,4,2,0,-2.24573604816946
639,x,9,4,0,0.130430153641581
639,x,14,5,1,-0.429165080786046
639,x,18,4,-4,0.215027274733082
639,x,27,5,-5,0.996033886038094
639,x,37,6,6,0.127831256527362
639,x,38,6,-6,-0.747756512180398
639,x,39,7,5,0.787989468781562
639,x,50,7,7,0.667480035839302
639,y,3,1,-1,0.748837615325106
639,y,5,2,2,-2.23547604627477
639,y,6,2,-2,0.622430908152775
639,y,10,3,3,0.474430423397319
639,y,11,3,-3,0.0400909035107695
639,y,12,4,2,-0.831629363155885
639,y,16,6,0,0.101106018734121
639,y,17,4,4,0.0783435998272355
639,y,19,5,3,-0.467483543141377
639,y,21,6,2,0.532726505665604
639,y,23,7,1,0.362212068470102
639,y,27,5,-5,0.305123680807802
639,y,28,6,4,-0.345815367792613
639,y,29,6,-4,-0.70631146016931
640,x,2,1,1,-3.04911698420475
640,x,9,4,0,0.406084953058294
640,x,10,3,3,-1.00066395130913
640,x,12,4,2,-0.322238223470751
640,x,17,4,4,0.707809330908308
640,x,26,5,5,0.570695350044605
640,x,27,5,-5,-0.530275773394781
640,x,37,6,6,-0.0668508596644058
640,x,39,7,5,0.312791942191288
640,x,51,7,-7,0.332936944021634
640,y,1,0,0,-3.33117133120386
640,y,2,1,1,5.34496550161727
640,y,7,3,1,-1.28257721038202
640,y,8,3,-1,-1.61330971063483
640,y,9,4,0,0.710859728250367
640,y,11,3,-3,1.03601508200124
640,y,12,4,2,0.542687683565038
640,y,21,6,2,0.279573570628234
640,y,22,6,-2,0.439400733883272
640,y,23,7,1,0.991554979064568
640,y,26,5,5,0.13862063716552
640,y,27,5,-5,0.246252588342689
640,y,29,6,-4,0.402445248478894
640,y,40,7,-5,-0.582646789325673
641,x,2,1,1,-4.41636527950223
641,x,3,1,-1,0.981792806765456
641,x,7,3,1,0.71427563763719
641,x,8,3,-1,0.661033487577687
641,x,9,4,0,0.683319052680689
641,x,12,4,2,-0.483630271826893
641,x,14,5,1,0.178098972367205
641,x,19,5,3,0.633360951456947
641,x,20,5,-3,0.504363947966167
641,x,22,6,-2,0.0946718873371263
641,x,23,7,1,0.260173862446789
641,x,24,7,-1,-0.525910384934326
641,x,28,6,4,-0.197609528744217
641,x,30,7,3,0.149722536211049
641,x,37,6,6,-0.249749457387209
641,x,38,6,-6,0.0393561036104825
641,x,40,7,-5,-0.422316572010307
641,x,51,7,-7,0.735486437621782
641,y,2,1,1,5.01131409041664
641,y,4,2,0,-0.627551699023032
641,y,11,3,-3,0.596689675481848
641,y,13,4,-2,-0.32065853378394
641,y,17,4,4,0.988273546864212
641,y,19,5,3,0.877654048087093
641,y,26,5,5,-0.859085103022959
641,y,27,5,-5,-0.349262366420203
641,y,28,6,4,-0.0351932472259698
641,y,30,7,3,-0.570168046326975
641,y,51,7,-7,-0.0963942228899181
642,x,5,2,2,-2.3714284881081
642,x,12,4,2,0.0768192603930943
642,x,14,5,1,0.853064760952394
642,x,15,5,-1,0.440108768290357
642,x,18,4,-4,0.607289419546202
642,x,19,5,3,0.915892673093102
642,x,22,6,-2,-0.151378651205509
642,x,27,5,-5,-0.443136274246605
642,x,29,6,-4,0.586096718201226
642,x,51,7,-7,-0.395547853480238
642,y,7,3,1,1.43486141126375
642,y,10,3,3,0.704819596802568
642,y,11,3,-3,-0.619709804053075
642,y,12,4,2,-0.302338937162101
642,y,17,4,4,-1.96295058740607
642,y,20,5,-3,-0.204044162540698
642,y,21,6,2,-0.345112293870945
642,y,22,6,-2,1.27817052137601
642,y,24,7,-1,0.220772927434106
642,y,27,5,-5,-0.287134157112705
642,y,31,7,-3,0.0654319213532215
642,y,38,6,-6,-0.689288138906827
642,y,40,7,-5,0.464058133726206
643,x,1,0,0,-2.194778853648
643,x,3,1,-1,-5.63590331728837
643,x,5,2,2,-0.665602016866975
643,x,8,3,-1,0.578094078011766
643,x,9,4,0,0.139651976550264
643,x,10,3,3,-1.0359727537942
643,x,11,3,-3,-1.48919166992475
643,x,12,4,2,-0.34846208967865
643,x,13,4,-2,-0.452639362915536
643,x,17,4,4,0.359500615745005
643,x,22,6,-2,-0.692984274300903
643,x,26,5,5,-0.590645738896008
643,x,27,5,-5,1.0377488164396
643,x,28,6,4,0.554890702829395
643,x,29,6,-4,-0.516012085478707
643,y,2,1,1,-0.624706690621599
643,y,6,2,-2,3.10134676836952
643,y,12,4,2,0.395283623340879
643,y,13,4,-2,-0.878333782365158
643,y,14,5,1,1.2131800825298
643,y,15,5,-1,0.176619908216515
643,y,17,4,4,-0.161272971378684
643,y,18,4,-4,1.70674651753614
643,y,19,5,3,1.14665270539106
643,y,20,5,-3,-0.310993975157934
643,y,21,6,2,0.343019754384967
643,y,22,6,-2,-0.531742378777386
643,y,23,7,1,0.599530953692065
643,y,24,7,-1,0.135976698567352
643,y,26,5,5,0.441285862361518
643,y,27,5,-5,0.272388956728958
643,y,28,6,4,0.99112419899681
643,y,29,6,-4,0.605366531851574
643,y,38,6,-6,0.338740071458257
643,y,40,7,-5,-0.368185237849673
644,x,5,2,2,-0.0365829589783028
644,x,6,2,-2,-1.88673774586914
644,x,9,4,0,-1.05727905364964
644,x,15,5,-1,0.94823540462769
644,x,16,6,0,-0.0729923279538995
644,x,18,4,-4,0.727296032629207
644,x,21,6,2,0.0359023283133173
644,x,22,6,-2,0.483508854818122
644,x,29,6,-4,-0.539659518191348
644,x,51,7,-7,1.01462678906711
644,y,1,0,0,-4.15541830313222
644,y,2,1,1,0.671422602599552
644,y,3,1,-1,0.614781730365122
644,y,4,2,0,1.42335858358794
644,y,5,2,2,0.359627047985131
644,y,6,2,-2,0.0841485921273804
644,y,10,3,3,2.55943616453936
644,y,15,5,-1,-0.171838019024713
644,y,17,4,4,-0.110378953813114
644,y,20,5,-3,-0.118125059078155
644,y,24,7,-1,0.0100431287426152
644,y,26,5,5,0.796329001056614
644,y,29,6,-4,-0.406437230805608
644,y,30,7,3,0.169569817172243
644,y,37,6,6,-0.34998544562097
644,y,38,6,-6,-0.221585826072842
644,y,39,7,5,0.54227700672121
644,y,51,7,-7,-0.767653485946856
645,x,3,1,-1,0.744892580209938
645,x,4,2,0,2.45495188284281
645,x,6,2,-2,-0.339915897940562
645,x,9,4,0,-1.98539351991676
645,x,10,3,3,-0.583164941196259
645,x,11,3,-3,-1.0235743621101
645,x,13,4,-2,-0.619623499126102
645,x,15,5,-1,-0.015576235314993
645,x,16,6,0,-0.0818307407509817
645,x,18,4,-4,-0.347383211376038
645,x,19,5,3,0.238271527500604
645,x,22,6,-2,0.117244266490633
645,x,24,7,-1,0.347875515505425
645,x,26,5,5,0.350997774349131
645,x,28,6,4,-0.02759651176495
645,x,29,6,-4,-0.615498995789755
645,x,30,7,3,0.220319956338574
645,x,38,6,-6,-0.0838405990288041
645,x,50,7,7,-0.53428559992038
645,y,3,1,-1,-1.69318913739163
645,y,7,3,1,0.500086598697344
645,y,9,4,0,-0.302529773427301
645,y,11,3,-3,0.0757612089922248
645,y,13,4,-2,1.2640547890558
645,y,16,6,0,0.0754565154545612
645,y,19,5,3,0.601909285303312
645,y,23,7,1,-0.00315191858488472
645,y,27,5,-5,-0.719226686375596
645,y,28,6,4,-0.369435369296324
645,y,29,6,-4,0.873958773551007
645,y,30,7,3,0.233716030647865
645,y,37,6,6,0.969056304417723
645,y,38,6,-6,0.97907175897017
645,y,40,7,-5,0.547909944884044
645,y,50,7,7,0.355049029044123
646,x,1,0,0,2.46641235062888
646,x,4,2,0,1.10653755777909
646,x,7,3,1,-2.63363287071052
646,x,8,3,-1,-1.51839038695856
646,x,9,4,0,0.253601169714394
646,x,12,4,2,0.279568286843726
646,x,14,5,1,1.38464168667205
646,x,15,5,-1,0.0476207259580704
646,x,17,4,4,0.18401136380892
646,x,18,4,-4,-0.988786873010055
646,x,21,6,2,-0.0382091044709765
646,x,22,6,-2,0.0341467036036477
646,x,23,7,1,0.547952728409795
646,x,28,6,4,0.467316942929908
646,x,37,6,6,-0.585864364696429
646,x,38,6,-6,0.695867664195386
646,x,39,7,5,-0.429717900733554
646,x,40,7,-5,-0.401514787208145
646,x,51,7,-7,0.0370514642723739
646,y,4,2,0,0.150486264583098
646,y,6,2,-2,2.28534578927924
646,y,12,4,2,1.33137897989496
646,y,13,4,-2,0.782226675062957
646,y,18,4,-4,1.05757735411137
646,y,19,5,3,0.51472016749999
646,y,20,5,-3,0.496734424850237
646,y,21,6,2,0.23825078538022
646,y,22,6,-2,0.920910223389883
646,y,27,5,-5,-0.760987177751523
646,y,28,6,4,-0.386097997932652
646,y,29,6,-4,1.25663733659606
646,y,30,7,3,-0.229906399965252
646,y,37,6,6,1.15735944933446
646,y,38,6,-6,1.11160949699981
646,y,39,7,5,-0.206964703879516
646,y,40,7,-5,0.401319699241489
647,x,1,0,0,-1.06799986117872
647,x,3,1,-1,-3.84211900220011
647,x,6,2,-2,-0.883559153527315
647,x,7,3,1,-0.0534071424764563
647,x,21,6,2,-0.325797962654531
647,x,22,6,-2,0.324490040968369
647,x,24,7,-1,-0.257877861212044
647,x,26,5,5,-0.183599554171511
647,x,27,5,-5,-0.575327308888737
647,x,28,6,4,0.956355662335067
647,x,30,7,3,0.249013487497149
647,x,40,7,-5,0.555812656440209
647,x,50,7,7,0.365949540607479
647,x,51,7,-7,-0.0504582670624936
647,y,1,0,0,7.8424880867494
647,y,2,1,1,2.19845793019999
647,y,10,3,3,-0.0445019794978326
647,y,11,3,-3,-0.225760361411002
647,y,12,4,2,0.941709045768167
647,y,13,4,-2,0.326330302059941
647,y,14,5,1,0.436176074461156
647,y,16,6,0,-0.663395166049273
647,y,26,5,5,-0.611141014625202
647,y,29,6,-4,-0.246994572802657
647,y,50,7,7,-0.351690971622275
647,y,51,7,-7,0.372851582897661
648,x,1,0,0,0.859480341563513
648,x,2,1,1,3.46606136164105
648,x,3,1,-1,-4.2638070108757
648,x,4,2,0,1.340171119787
648,x,8,3,-1,-1.12156908077821
648,x,9,4,0,-1.57040923433606
648,x,10,3,3,-1.45680548033061
648,x,12,4,2,0.43654557370072
648,x,13,4,-2,0.66179256558275
648,x,14,5,1,0.25688119979707
648,x,22,6,-2,0.0869639340111965
648,x,31,7,-3,-0.0150253891079099
648,x,38,6,-6,-0.473114729708593
648,x,39,7,5,-0.564603300095771
648,y,4,2,0,-1.63421419465053
648,y,5,2,2,-0.237659950877323
648,y,11,3,-3,-0.211135367893767
648,y,12,4,2,-0.277050715077635
648,y,21,6,2,-0.147409727544882
648,y,22,6,-2,0.279656894911526
648,y,24,7,-1,-0.0335685262075514
648,y,26,5,5,-0.33378557010955
648,y,28,6,4,-0.30654712278868
648,y,29,6,-4,1.10632815607902
649,x,8,3,-1,-0.843384879429842
649,x,9,4,0,-0.294042518839249
649,x,15,5,-1,1.32916531490322
649,x,16,6,0,0.548604102423062
649,x,19,5,3,-0.523951141700386
649,x,20,5,-3,1.39044686911631
649,x,23,7,1,1.03927969428299
649,x,24,7,-1,-0.596113983175131
649,x,28,6,4,-2.34416140456221
649,x,30,7,3,0.114440462368416
649,x,37,6,6,-0.238561195262898
649,x,38,6,-6,0.144428885081761
649,x,40,7,-5,0.333079316279111
649,x,50,7,7,-0.720770835698111
649,y,1,0,0,6.13491279206622
649,y,2,1,1,-0.924160345431796
649,y,4,2,0,0.201392632619547
649,y,7,3,1,0.151828723837841
649,y,8,3,-1,0.068080644035635
649,y,9,4,0,-0.104333952206618
649,y,11,3,-3,1.16148970285773
649,y,15,5,-1,-0.803368713089695
649,y,16,6,0,0.918758605588667
649,y,18,4,-4,-0.0230541963961005
649,y,20,5,-3,1.4679298021955
649,y,24,7,-1,0.735477429180341
649,y,26,5,5,0.480188642890073
649,y,30,7,3,-0.0212389046328865
649,y,31,7,-3,-0.800444233112266
649,y,37,6,6,0.0678926928076121
649,y,38,6,-6,-0.438201010597485
649,y,39,7,5,-0.291836938880957
649,y,50,7,7,-0.0566394034789478
649,y,51,7,-7,0.348248008951173
650,x,2,1,1,2.80781990308971
650,x,3,1,-1,-5.45562481191866
650,x,4,2,0,-0.495774969470396
650,x,6,2,-2,-1.65929600985747
650,x,11,3,-3,0.439074666874533
650,x,12,4,2,0.475731397492035
650,x,15,5,-1,-0.507180859162982
650,x,16,6,0,-0.15401819581942
650,x,17,4,4,-1.22307019367176
650,x,18,4,-4,0.103713500182613
650,x,20,5,-3,0.295555174701373
650,x,21,6,2,-0.0988473953782057
650,x,23,7,1,0.0579976704005689
650,x,27,5,-5,-0.286857815826836
650,x,38,6,-6,-1.01776481293527
650,y,2,1,1,-1.25913662142262
650,y,4,2,0,0.645071558273752
650,y,5,2,2,-0.339162585314283
650,y,6,2,-2,-1.69840436528987
650,y,9,4,0,0.298651520740796
650,y,12,4,2,-0.32277924424514
650,y,13,4,-2,0.493372164751498
650,y,14,5,1,-0.534728137788582
650,y,18,4,-4,-0.608854270473475
650,y,20,5,-3,-0.00693045337311469
650,y,21,6,2,-0.774455449643003
650,y,23,7,1,-0.242517457436859
650,y,24,7,-1,0.149592732394579
650,y,26,5,5,-0.844323877346181
650,y,27,5,-5,-1.03788587744969
650,y,28,6,4,0.919925336259331
650,y,30,7,3,0.451583041474894
650,y,31,7,-3,0.128402797803141
650,y,37,6,6,0.030205005493768
650,y,50,7,7,-0.768111859564115
651,x,2,1,1,1.47210421369571
651,x,8,3,-1,-0.114611612097674
651,x,13,4,-2,-1.02806917659025
651,x,14,5,1,-1.1535400223509
651,x,16,6,0,0.174497969710234
651,x,17,4,4,-1.25603509738986
651,x,20,5,-3,-0.66383961891608
651,x,21,6,2,0.299098002061772
651,x,23,7,1,-0.616779510200412
651,x,27,5,-5,0.288425170302118
651,x,28,6,4,-0.429194686111988
651,x,39,7,5,-0.0552306795576547
651,y,2,1,1,-3.90857989320001
651,y,4,2,0,0.251879410030213
651,y,5,2,2,1.56816531509586
651,y,6,2,-2,-2.06127884719925
651,y,8,3,-1,1.163796413801
651,y,9,4,0,-0.321173204801542
651,y,11,3,-3,1.35161719450055
651,y,19,5,3,0.64073183210927
651,y,20,5,-3,0.421232907569741
651,y,21,6,2,-0.569955306094638
651,y,22,6,-2,0.0853011916602878
651,y,23,7,1,-0.724531281316186
651,y,26,5,5,-0.216865145644843
651,y,28,6,4,-0.619675498463815
651,y,29,6,-4,0.350356680227175
651,y,31,7,-3,0.0178002698202683
651,y,37,6,6,-0.0231610718636972
651,y,50,7,7,-0.590939759612556
651,y,51,7,-7,0.340473168940488
652,x,1,0,0,-2.32872592593341
652,x,2,1,1,0.439346553607011
652,x,3,1,-1,-1.89931288536658
652,x,7,3,1,-0.0281043188275736
652,x,8,3,-1,-2.20776271312272
652,x,9,4,0,-0.101271089948421
652,x,10,3,3,-0.206729042953946
652,x,12,4,2,0.145668299570253
652,x,13,4,-2,0.368590331721703
652,x,14,5,1,-0.91337308602589
652,x,18,4,-4,0.257126240494267
652,x,19,5,3,-0.107795812813511
652,x,21,6,2,0.649343955072793
652,x,22,6,-2,-0.334953441610989
652,x,24,7,-1,0.277457469292675
652,x,26,5,5,0.461780839987938
652,x,28,6,4,0.306245902027148
652,x,29,6,-4,0.38255441372411
652,x,31,7,-3,0.399031165350264
652,y,1,0,0,-2.42251043616673
652,y,3,1,-1,0.936545469183815
652,y,4,2,0,-0.625796586096085
652,y,7,3,1,-0.527994783298
652,y,8,3,-1,-0.472900330699553
652,y,10,3,3,0.980654743163371
652,y,11,3,-3,-1.43686541305639
652,y,12,4,2,-0.297205715355953
652,y,17,4,4,0.907679871721924
652,y,20,5,-3,-0.347096319559504
652,y,21,6,2,0.291876104350371
652,y,22,6,-2,-0.465466002679749
652,y,23,7,1,0.0364711694488808
652,y,26,5,5,0.831941092918221
652,y,31,7,-3,0.0689973627327926
652,y,37,6,6,0.138959233113579
652,y,51,7,-7,-0.270780107166821
653,x,1,0,0,4.4818975261614
653,x,5,2,2,0.4669373878466
653,x,6,2,-2,1.46051986639906
653,x,9,4,0,-1.02462820239519
653,x,13,4,-2,0.284941860157068
653,x,18,4,-4,-0.281359495195616
653,x,21,6,2,-0.00295110490366491
653,x,26,5,5,0.690689243289769
653,x,29,6,-4,0.127168501088168
653,x,31,7,-3,0.563881546748415
653,x,39,7,5,-0.046432355935297
653,x,40,7,-5,0.383891674971744
653,x,50,7,7,0.148571547769573
653,y,1,0,0,-3.84524149493955
653,y,2,1,1,0.663093824708236
653,y,5,2,2,1.2941954369483
653,y,7,3,1,-2.00118997661408
653,y,9,4,0,0.182110328162518
653,y,15,5,-1,-0.941404683034265
653,y,17,4,4,0.885517713602241
653,y,19,5,3,0.558935927441579
653,y,20,5,-3,-0.665551915147377
653,y,21,6,2,0.343823964302867
653,y,26,5,5,0.462627315719464
653,y,29,6,-4,0.137960814043049
653,y,30,7,3,-0.394584310749604
653,y,31,7,-3,0.444475582877089
653,y,37,6,6,-0.873529300110428
653,y,38,6,-6,-0.435442363526245
653,y,51,7,-7,-0.0983466787469244
654,x,2,1,1,1.58059152553406
654,x,4,2,0,0.460291233593069
654,x,5,2,2,-0.515824433872375
654,x,7,3,1,1.33894084819388
654,x,11,3,-3,-0.907341407917952
654,x,12,4,2,-1.49906443115855
654,x,13,4,-2,1.43227107392266
654,x,14,5,1,0.654260549521912
654,x,18,4,-4,1.24651135867427
654,x,19,5,3,0.117682475620239
654,x,23,7,1,0.209585615727114
654,x,24,7,-1,1.3181059108677
654,x,30,7,3,0.217249735810154
654,x,31,7,-3,-0.316367676497155
654,x,37,6,6,0.708000335318298
654,x,38,6,-6,-0.622758398440626
654,x,50,7,7,-0.121477529276686
654,x,51,7,-7,0.574148391880169
654,y,1,0,0,0.775112981860666
654,y,5,2,2,-1.8453198294049
654,y,7,3,1,1.16529154386712
654,y,8,3,-1,1.56604425081191
654,y,9,4,0,-0.764534704069068
654,y,12,4,2,-0.0615506049951068
654,y,13,4,-2,0.0465925742928178
654,y,16,6,0,-0.454130426408697
654,y,19,5,3,-0.723046701755097
654,y,20,5,-3,-0.0167852896996217
654,y,23,7,1,0.236168517786061
654,y,27,5,-5,-0.94137626670286
654,y,30,7,3,0.183710163570836
654,y,31,7,-3,0.330103530190451
654,y,40,7,-5,0.190845795586805
655,x,2,1,1,1.14012605832774
655,x,3,1,-1,1.10873735122013
655,x,8,3,-1,0.646901627188089
655,x,12,4,2,-1.18299590309473
655,x,16,6,0,0.136428748548326
655,x,19,5,3,-0.571081734600909
655,x,24,7,-1,0.376195846719197
655,x,27,5,-5,-1.2623554452567
655,x,29,6,-4,0.248815114624797
655,x,30,7,3,-1.24541343322025
655,x,37,6,6,-0.0965916737947316
655,x,39,7,5,-0.448836609362689
655,y,1,0,0,-5.81756095198376
655,y,6,2,-2,-0.157284046064368
655,y,11,3,-3,-1.28805040794164
655,y,16,6,0,-0.800014797162788
655,y,18,4,-4,-1.02946743803538
655,y,21,6,2,-0.0178454803389474
655,y,22,6,-2,0.181621023675744
655,y,23,7,1,0.273892145388101
655,y,26,5,5,0.595431728381743
655,y,28,6,4,0.401676801851032
655,y,37,6,6,0.416908097399455
655,y,50,7,7,-0.145931223179803
656,x,3,1,-1,2.37661644363032
656,x,8,3,-1,1.9702732229068
656,x,9,4,0,-0.274177874350611
656,x,10,3,3,-1.91912730168115
656,x,11,3,-3,0.698696795454654
656,x,13,4,-2,-0.561002996655811
656,x,14,5,1,-0.0604053834879141
656,x,15,5,-1,1.46646925644465
656,x,19,5,3,-0.997259396546899
656,x,21,6,2,-0.168990353145022
656,x,23,7,1,0.20742172617041
656,x,27,5,-5,-0.0958889564141144
656,x,28,6,4,0.943039121395048
656,x,29,6,-4,0.273304482644685
656,x,30,7,3,0.762097215986845
656,x,31,7,-3,0.195750729688379
656,x,38,6,-6,0.612066814056567
656,x,39,7,5,0.447217992984225
656,x,51,7,-7,-0.395685803814075
656,y,1,0,0,-1.24700005615059
656,y,3,1,-1,5.83304608909536
656,y,4,2,0,-1.63475372476599
656,y,6,2,-2,-0.744016267009185
656,y,8,3,-1,0.270227873028367
656,y,10,3,3,0.734599502698215
656,y,12,4,2,1.05062924615468
656,y,13,4,-2,-1.71622728689528
656,y,14,5,1,0.432015815638732
656,y,17,4,4,-0.505751987075336
656,y,18,4,-4,0.397399276634841
656,y,19,5,3,-0.206238050758208
656,y,21,6,2,-0.124231635169015
656,y,24,7,-1,0.0589566889160181
656,y,26,5,5,-1.01858252380317
656,y,27,5,-5,0.33883191046192
656,y,29,6,-4,0.092540023644803
656,y,31,7,-3,-0.427213550751998
656,y,51,7,-7,1.07899531054215
657,x,6,2,-2,-0.350305267001349
657,x,9,4,0,0.0440028930575774
657,x,10,3,3,-0.296982478680933
657,x,12,4,2,2.480043195545
657,x,13,4,-2,1.18861022139988
657,x,17,4,4,0.844408594526964
657,x,20,5,-3,-0.593217889655619
657,x,24,7,-1,0.610706585276978
657,x,27,5,-5,0.91691644202347
657,x,28,6,4,-0.919059915509093
657,x,38,6,-6,-0.145524325709716
657,x,39,7,5,0.0806611895384111
657,x,51,7,-7,0.00168654802079125
657,y,2,1,1,4.21528522471711
657,y,6,2,-2,0.0315054123489976
657,y,14,5,1,-0.501231911278495
657,y,15,5,-1,-0.265409939253074
657,y,19,5,3,0.599016395385735
657,y,23,7,1,-0.0239691713754828
657,y,24,7,-1,-0.176994662920448
657,y,29,6,-4,0.707045668960464
657,y,39,7,5,-0.00940805483145233
657,y,40,7,-5,0.780607611575966
657,y,50,7,7,0.671617802937907
658,x,1,0,0,-2.72525661890962
658,x,6,2,-2,0.251496828089561
658,x,7,3,1,1.0016532155442
658,x,10,3,3,-0.104857292432354
658,x,11,3,-3,0.81258422602151
658,x,15,5,-1,0.186481569491692
658,x,16,6,0,-0.313286090654415
658,x,17,4,4,0.56370072657133
658,x,18,4,-4,-0.826717217405536
658,x,19,5,3,0.0400991386560587
658,x,21,6,2,0.531023181318563
658,x,24,7,-1,0.573351430247918
658,x,26,5,5,-0.330346976839967
658,x,29,6,-4,-0.202798979475555
658,x,40,7,-5,0.568282637999164
658,y,2,1,1,5.36751304167524
658,y,3,1,-1,2.47063180715697
658,y,4,2,0,-2.02536280157639
658,y,7,3,1,-0.314813540385886
658,y,11,3,-3,0.580739430351585
658,y,12,4,2,-0.467784601288062
658,y,13,4,-2,-0.67080775869613
658,y,14,5,1,0.0952682302045502
658,y,17,4,4,0.191830442801729
658,y,19,5,3,0.733875186421653
658,y,20,5,-3,0.24482874505922
658,y,23,7,1,-0.618799495707306
658,y,24,7,-1,0.133361910072379
658,y,27,5,-5,0.435757287736751
658,y,28,6,4,0.0925386393543011
658,y,30,7,3,0.203416531120351
658,y,37,6,6,-0.327177179256819
658,y,50,7,7,1.28598452544525
658,y,51,7,-7,0.130146755400481
659,x,2,1,1,0.973894696471252
659,x,3,1,-1,0.686302750012804
659,x,4,2,0,-0.0223768323364869
659,x,5,2,2,0.0926589981958724
659,x,6,2,-2,3.17995718937701
659,x,8,3,-1,-0.0582853114405027
659,x,9,4,0,-0.485289743801114
659,x,11,3,-3,0.0631806261813677
659,x,12,4,2,0.965241088288715
659,x,15,5,-1,-1.03066320325758
659,x,18,4,-4,0.84594608159833
659,x,19,5,3,-0.0793251955112681
659,x,20,5,-3,-0.0550528577493061
659,x,22,6,-2,0.327649966483562
659,x,24,7,-1,-0.419767805901786
659,x,28,6,4,0.0934818057040112
659,x,31,7,-3,-0.191020457762134
659,x,37,6,6,1.06882669808906
659,x,50,7,7,0.851339454372757
659,x,51,7,-7,-0.708703177560674
659,y,1,0,0,-1.71341852658135
659,y,2,1,1,-0.400678890688687
659,y,4,2,0,0.653016032512883
659,y,7,3,1,-0.261646042362153
659,y,9,4,0,-0.241308007461875
659,y,10,3,3,0.733647101067755
659,y,12,4,2,0.241498838300099
659,y,13,4,-2,1.97772244175484
659,y,15,5,-1,0.455396058356842
659,y,17,4,4,0.43417106630973
659,y,21,6,2,-0.452738201035093
659,y,22,6,-2,-0.124294010890048
659,y,26,5,5,-0.248294824817867
659,y,27,5,-5,-0.502904261002343
659,y,28,6,4,-0.539954762272175
659,y,29,6,-4,0.939455102603997
659,y,38,6,-6,0.347229641285113
659,y,40,7,-5,0.0466392823931852
659,y,50,7,7,0.124672448674369
660,x,1,0,0,6.58225577288321
660,x,2,1,1,3.88747289658167
660,x,6,2,-2,-2.04630880613281
660,x,7,3,1,-0.323802530257346
660,x,8,3,-1,0.111501269114861
660,x,9,4,0,0.437163740399329
660,x,10,3,3,-0.177580477268089
660,x,17,4,4,0.0496473654467633
660,x,18,4,-4,-0.130448039899954
660,x,21,6,2,0.411773510619711
660,x,22,6,-2,-0.696565755923105
660,x,27,5,-5,-0.760882015085679
660,x,38,6,-6,0.352278662977964
660,x,40,7,-5,0.346366182892167
660,x,51,7,-7,-0.442761208909385
660,y,2,1,1,1.46230270133026
660,y,4,2,0,1.1698031208003
660,y,6,2,-2,-1.77798871352463
660,y,10,3,3,-1.40484420337444
660,y,11,3,-3,2.09529571226325
660,y,12,4,2,-0.980390038847098
660,y,16,6,0,-0.0931538544849287
660,y,18,4,-4,-1.14266818394178
660,y,19,5,3,-0.33866034876737
660,y,20,5,-3,0.564038070937235
660,y,21,6,2,-0.0774316782467248
660,y,22,6,-2,0.0758075054291703
660,y,23,7,1,-0.0724308829244081
660,y,24,7,-1,-0.265819696702244
660,y,28,6,4,-0.948198076664998
660,y,31,7,-3,-0.475249544994088
660,y,38,6,-6,0.359897794209397
660,y,39,7,5,-0.350449260604642
660,y,50,7,7,-0.238016152160137
661,x,2,1,1,6.07166490304613
661,x,7,3,1,-0.908696703886491
661,x,9,4,0,-1.21517419021466
661,x,10,3,3,-0.538225173066188
661,x,11,3,-3,0.110950734952775
661,x,12,4,2,-0.103659773235282
661,x,18,4,-4,-0.571974662327103
661,x,19,5,3,0.701021169178652
661,x,20,5,-3,1.02397836035759
661,x,23,7,1,0.540965226823989
661,x,29,6,-4,0.106749650476016
661,x,37,6,6,0.670598841469093
661,x,40,7,-5,1.13942412722613
661,x,50,7,7,0.205280217356424
661,y,2,1,1,-2.10452039799549
661,y,3,1,-1,1.93097798373435
661,y,6,2,-2,-1.51782639553642
661,y,7,3,1,-0.808082012231797
661,y,8,3,-1,1.1292794884603
661,y,12,4,2,-0.28396882346993
661,y,13,4,-2,-0.521614865663761
661,y,17,4,4,0.408594738888196
661,y,18,4,-4,0.088775241770129
661,y,24,7,-1,-0.322387390595734
661,y,28,6,4,0.592545015285101
661,y,30,7,3,0.253539304343092
661,y,31,7,-3,0.120015337224796
661,y,40,7,-5,0.325337398939727
662,x,4,2,0,-0.791183149600255
662,x,8,3,-1,-0.178577004881369
662,x,9,4,0,-0.303290032660532
662,x,11,3,-3,-1.66817687633855
662,x,12,4,2,0.0387440689260724
662,x,15,5,-1,-1.83811251326891
662,x,19,5,3,1.28339534197381
662,x,22,6,-2,0.188369101087156
662,x,29,6,-4,-0.46578716473569
662,x,39,7,5,-0.962428357242342
662,y,8,3,-1,0.769560503874534
662,y,11,3,-3,1.86193863782676
662,y,12,4,2,0.174403129485263
662,y,17,4,4,0.252023427802472
662,y,20,5,-3,-0.276183330587506
662,y,22,6,-2,0.526065740655692
662,y,26,5,5,-0.316731897153834
662,y,27,5,-5,0.522156815160786
662,y,29,6,-4,1.71379864346761
662,y,30,7,3,-1.15341650867181
662,y,37,6,6,1.30580179251586
662,y,38,6,-6,-0.737586734054384
662,y,39,7,5,-0.0800791032284626
662,y,51,7,-7,-0.335907192074408
663,x,2,1,1,-4.18202867125808
663,x,3,1,-1,-5.01147674682125
663,x,5,2,2,3.96257624763744e-05
663,x,7,3,1,-0.18362910712289
663,x,9,4,0,2.27045305688518
663,x,13,4,-2,0.0790347323677232
663,x,15,5,-1,-0.155521605445304
663,x,16,6,0,0.788924652232418
663,x,19,5,3,0.681073807665066
663,x,20,5,-3,-0.769497574192842
663,x,21,6,2,0.12974753741385
663,x,26,5,5,-0.794923690248368
663,x,27,5,-5,-0.916220749061162
663,x,28,6,4,0.583527563976203
663,x,29,6,-4,-0.0301686396635555
663,x,30,7,3,0.017933845493391
663,x,31,7,-3,0.23059194332243
663,y,1,0,0,-3.53859195394222
663,y,2,1,1,-2.35148341067258
663,y,5,2,2,-0.567597697544838
663,y,6,2,-2,0.464667250289539
663,y,8,3,-1,-0.204134920505632
663,y,10,3,3,0.250432213325296
663,y,11,3,-3,0.427012354248027
663,y,12,4,2,-0.326685203071349
663,y,13,4,-2,-0.354702464573658
663,y,16,6,0,0.529188025659188
663,y,19,5,3,1.38042482998702
663,y,23,7,1,-0.192376172356479
663,y,26,5,5,-0.00601424488345937
663,y,27,5,-5,1.48161459362816
663,y,29,6,-4,0.339427557687035
663,y,37,6,6,-0.138463841172347
663,y,38,6,-6,0.694704808282504
663,y,39,7,5,0.526114430163162
663,y,50,7,7,-0.52622689743862
664,x,1,0,0,-3.81026345326429
664,x,4,2,0,-0.398419227379646
664,x,6,2,-2,-1.17573320281522
664,x,12,4,2,-1.66991432344647
664,x,13,4,-2,1.18048061264629
664,x,14,5,1,0.861271708609581
664,x,15,5,-1,0.316469850419638
664,x,17,4,4,-0.0789083941004702
664,x,19,5,3,-0.727215672509317
664,x,22,6,-2,0.170175858160768
664,x,24,7,-1,-0.142104235607726
664,x,26,5,5,-0.319508128814754
664,x,28,6,4,-0.093103122794893
664,x,29,6,-4,0.126659020121407
664,x,39,7,5,0.61481253342965
664,x,40,7,-5,0.07564399064637
664,x,51,7,-7,0.717928151723313
664,y,3,1,-1,-0.807998454880761
664,y,4,2,0,-0.457493726965629
664,y,6,2,-2,-0.192894645743507
664,y,8,3,-1,-0.362642846310944
664,y,9,4,0,-0.500120452163492
664,y,11,3,-3,-1.60846620374802
664,y,13,4,-2,-1.49464791110807
664,y,15,5,-1,-0.72368643787017
664,y,17,4,4,-0.541703933004499
664,y,24,7,-1,0.0674316260655238
664,y,30,7,3,-0.156003422754513
664,y,31,7,-3,0.785208524702608
664,y,39,7,5,0.676037948080317
664,y,50,7,7,0.204285991339477
664,y,51,7,-7,0.511502286578745
665,x,1,0,0,4.26074742144124
665,x,10,3,3,1.93268099290301
665,x,12,4,2,0.276290337652937
665,x,16,6,0,0.461619753944024
665,x,18,4,-4,-0.919501489228949
665,x,21,6,2,0.20161767657415
665,x,37,6,6,-0.0615341297819146
665,x,39,7,5,-0.333020191336735
665,x,40,7,-5,0.0591896903848826
665,x,50,7,7,-0.335883604473106
665,x,51,7,-7,-0.374651811730212
665,y,1,0,0,-1.33950502072108
665,y,2,1,1,1.37429022132006
665,y,6,2,-2,0.450924172757669
665,y,7,3,1,-0.161012165173753
665,y,10,3,3,-1.35981694042095
665,y,13,4,-2,-0.106761851723668
665,y,14,5,1,-0.762981580486527
665,y,17,4,4,-0.682354510308151
665,y,18,4,-4,1.32184756431131
665,y,19,5,3,1.28017014760317
665,y,20,5,-3,0.492483271649384
665,y,26,5,5,0.365416494001754
665,y,31,7,-3,0.900272963169584
665,y,39,7,5,0.335372623205861
665,y,51,7,-7,0.265091029661141
666,x,2,1,1,-2.29864598303021
666,x,3,1,-1,-1.72996558355039
666,x,7,3,1,0.0628782460253628
666,x,12,4,2,-1.10689867201588
666,x,13,4,-2,-0.75099417561563
666,x,14,5,1,-0.17427871153946
666,x,15,5,-1,0.258610980516205
666,x,19,5,3,1.17859142683266
666,x,20,5,-3,0.652280433453205
666,x,27,5,-5,0.5656489385373
666,x,37,6,6,-0.110080277100722
666,x,39,7,5,-0.61140339092034
666,x,50,7,7,0.0457997444194025
666,y,2,1,1,-4.83285450034845
666,y,5,2,2,-2.0946470886368
666,y,6,2,-2,0.374568736088714
666,y,8,3,-1,0.144023452967795
666,y,14,5,1,0.504741513135441
666,y,19,5,3,-0.296398671785656
666,y,20,5,-3,0.491261063879652
666,y,21,6,2,0.279722392800878
666,y,26,5,5,0.916684617963209
666,y,29,6,-4,-0.479042161803427
666,y,30,7,3,0.0988309667247375
666,y,31,7,-3,0.456637000925144
666,y,37,6,6,-0.164323136054122
666,y,39,7,5,0.065312509798434
666,y,40,7,-5,0.195866978616951
667,x,1,0,0,-0.466286868132653
667,x,2,1,1,-3.28592732690039
667,x,6,2,-2,-0.542023942140944
667,x,8,3,-1,-0.0611730330588957
667,x,9,4,0,0.911706022461017
667,x,12,4,2,0.708894290115158
667,x,18,4,-4,-0.437883074540555
667,x,21,6,2,0.156206131717208
667,x,23,7,1,0.290707575722297
667,x,27,5,-5,0.84660950103032
667,x,30,7,3,-0.0461234466387863
667,x,40,7,-5,-0.34507852131663
667,x,50,7,7,-0.219008026683148
667,y,1,0,0,-7.46838264039018
667,y,6,2,-2,1.22453454263968
667,y,7,3,1,-0.0876459065589936
667,y,8,3,-1,-1.08693164372533
667,y,9,4,0,0.301368371487505
667,y,11,3,-3,-0.806245046861979
667,y,14,5,1,0.361557954146682
667,y,19,5,3,-0.224894671710333
667,y,21,6,2,-0.180020241495628
667,y,22,6,-2,0.523752515737443
667,y,26,5,5,-0.437105581252105
667,y,27,5,-5,1.11398004537006
667,y,30,7,3,-0.0999003796140711
667,y,31,7,-3,0.180045905058798
667,y,37,6,6,0.294159104805495
667,y,38,6,-6,0.290267556598058
667,y,40,7,-5,0.616193056051115
667,y,51,7,-7,-0.113822710940731
668,x,1,0,0,-5.32147882012062
668,x,3,1,-1,0.35430370849807
668,x,4,2,0,0.471601106390885
668,x,5,2,2,-0.596932986574373
668,x,7,3,1,-1.51087030212197
668,x,8,3,-1,-1.50431653254385
668,x,15,5,-1,-1.73946800302719
668,x,17,4,4,1.40228261586579
668,x,37,6,6,-0.447036804535185
668,x,50,7,7,-0.762687135602103
668,y,3,1,-1,4.39151458826318
668,y,5,2,2,2.18590112322152
668,y,8,3,-1,-0.875062362127697
668,y,12,4,2,0.157822679443182
668,y,19,5,3,0.220906800341014
668,y,22,6,-2,-0.0829054558615096
668,y,29,6,-4,0.081039832089733
668,y,30,7,3,-0.0570503702977016
668,y,31,7,-3,-0.540933862018513
668,y,38,6,-6,0.192340334965377
668,y,51,7,-7,-0.405680758511705
669,x,1,0,0,0.106773079732863
669,x,4,2,0,1.18234980194971
669,x,8,3,-1,0.67587820643335
669,x,11,3,-3,-0.957547023040735
669,x,13,4,-2,-0.0463377664928292
669,x,15,5,-1,0.52659297180633
669,x,17,4,4,0.372968265216979
669,x,18,4,-4,1.97122969091778
669,x,21,6,2,-0.39377307281204
669,x,22,6,-2,0.22308235105856
669,x,23,7,1,-0.43848192075912
669,x,28,6,4,-0.201878121937356
669,x,29,6,-4,-1.00899629487537
669,x,30,7,3,0.156743901992319
669,x,40,7,-5,-0.081631805334098
669,x,50,7,7,-0.119305155870843
669,x,51,7,-7,0.419954794589023
669,y,2,1,1,1.08676059153587
669,y,5,2,2,2.2136855968013
669,y,6,2,-2,-2.16418328007983
669,y,7,3,1,-1.10371112293865
669,y,8,3,-1,-0.9390834408718
669,y,9,4,0,-0.262447790495458
669,y,14,5,1,-0.00718595974692827
669,y,16,6,0,0.319037083854927
669,y,19,5,3,-0.469827969041645
669,y,22,6,-2,-0.297077438506534
669,y,23,7,1,0.200108024755104
669,y,24,7,-1,0.323742521376846
669,y,26,5,5,0.478976053352474
669,y,29,6,-4,0.182354060549446
669,y,37,6,6,0.311824148798242
669,y,39,7,5,0.338186170536403
669,y,40,7,-5,-0.112160466472492
669,y,51,7,-7,-0.171325172853078
670,x,5,2,2,3.14550031238472
670,x,6,2,-2,-2.82139894068876
670,x,7,3,1,0.673163095092034
670,x,8,3,-1,0.126527571155041
670,x,15,5,-1,-0.0966038552334766
670,x,16,6,0,-0.720595288497536
670,x,17,4,4,-0.520362826249022
670,x,18,4,-4,0.00137698867699149
670,x,21,6,2,-1.23340731295927
670,x,22,6,-2,-0.417719054244779
670,x,23,7,1,0.124633196073902
670,x,31,7,-3,-0.911918232386189
670,x,39,7,5,-0.462605469225855
670,x,50,7,7,0.338109181437041
670,y,1,0,0,-1.77451157159742
670,y,2,1,1,6.57910085887383
670,y,4,2,0,-0.0537244440095505
670,y,5,2,2,-0.615419733500625
670,y,6,2,-2,-0.121803673691843
670,y,9,4,0,-0.163314649221027
670,y,10,3,3,-0.165021181828972
670,y,11,3,-3,-2.57671642666038
670,y,15,5,-1,-0.0316664267209193
670,y,19,5,3,-0.231856943355995
670,y,22,6,-2,0.0652551215728375
670,y,24,7,-1,0.50695686995748
670,y,26,5,5,-0.00990962303938648
670,y,27,5,-5,-0.778198273528095
670,y,31,7,-3,-0.558217959923024
670,y,38,6,-6,0.974983843286738
670,y,50,7,7,0.175553587625404
670,y,51,7,-7,0.357007099616876
671,x,3,1,-1,0.206882961928767
671,x,7,3,1,-1.40060246408133
671,x,9,4,0,1.78805176063403
671,x,11,3,-3,-0.0535563744539569
671,x,13,4,-2,0.667530880012912
671,x,15,5,-1,-0.648168984832136
671,x,19,5,3,-0.0637452455536417
671,x,27,5,-5,-0.859919842530205
671,x,30,7,3,0.413741074191747
671,x,40,7,-5,0.0779190267877353
671,x,50,7,7,0.206606493399524
671,y,1,0,0,1.04880510163978
671,y,4,2,0,-0.110829344887655
671,y,5,2,2,0.1628118093931
671,y,8,3,-1,1.08741710657162
671,y,12,4,2,0.481337680431096
671,y,13,4,-2,-0.209670113267983
671,y,28,6,4,0.295532775250135
671,y,30,7,3,-0.00618698144647551
671,y,37,6,6,-0.138933278540811
671,y,40,7,-5,0.55738153356069
672,x,2,1,1,3.28494148826325
672,x,8,3,-1,1.59548245618742
672,x,10,3,3,0.956118784998927
672,x,13,4,-2,-0.690091416854586
672,x,14,5,1,0.54481866295365
672,x,16,6,0,0.0697799802262867
672,x,19,5,3,-0.10545172003383
672,x,20,5,-3,-0.322713349077175
672,x,24,7,-1,0.264962993405457
672,x,30,7,3,0.574074605554712
672,x,37,6,6,-0.441217488905095
672,x,38,6,-6,0.0527716155635926
672,x,39,7,5,-0.560760343784919
672,y,4,2,0,0.634975068156082
672,y,5,2,2,-2.55865389885993
672,y,6,2,-2,-1.15194547828621
672,y,7,3,1,2.02654216700202
672,y,10,3,3,-1.16948498547157
672,y,11,3,-3,-0.241519886693722
672,y,13,4,-2,0.660409329060488
672,y,18,4,-4,-1.03312434860912
672,y,23,7,1,-0.345675796192331
672,y,28,6,4,-0.598676636245405
672,y,29,6,-4,0.324750649532703
672,y,30,7,3,0.0890369226461763
672,y,37,6,6,0.166881274101716
672,y,38,6,-6,0.865515066340178
672,y,50,7,7,-0.467985973038325
673,x,1,0,0,2.33623491032177
673,x,2,1,1,-0.711364138572803
673,x,3,1,-1,1.43897393488373
673,x,8,3,-1,1.04830824866761
673,x,11,3,-3,1.39437418164814
673,x,13,4,-2,0.563749298813447
673,x,14,5,1,-0.973228081077566
673,x,15,5,-1,-0.781208586613104
673,x,16,6,0,0.525898206116901
673,x,18,4,-4,0.202187464577715
673,x,20,5,-3,0.13894094513386
673,x,22,6,-2,-0.695763265612179
673,x,23,7,1,0.01731879223293
673,x,24,7,-1,-0.133838025972157
673,x,27,5,-5,-0.755418046027989
673,x,29,6,-4,-0.679820116532793
673,x,37,6,6,-1.46036718343983
673,x,38,6,-6,-0.770001067767639
673,x,39,7,5,0.519703792555866
673,y,1,0,0,-2.53484888835028
673,y,2,1,1,2.86374405018751
673,y,4,2,0,0.681127741336737
673,y,5,2,2,-0.340035411979902
673,y,8,3,-1,-1.94050278420739
673,y,9,4,0,0.109433000247485
673,y,11,3,-3,0.128176017019625
673,y,14,5,1,-0.195699108756563
673,y,15,5,-1,0.337708017261679
673,y,16,6,0,0.182268173898811
673,y,24,7,-1,-0.198792488166647
673,y,26,5,5,-0.462203770174935
673,y,28,6,4,-0.0822823574378288
673,y,29,6,-4,0.406336370314789
673,y,38,6,-6,0.580707746413594
673,y,39,7,5,-0.536198154098833
673,y,40,7,-5,1.10050879414405
674,x,3,1,-1,-1.7394361114254
674,x,4,2,0,1.16757553094095
674,x,5,2,2,-0.310517612541561
674,x,7,3,1,0.248320112807785
674,x,11,3,-3,-0.63385530408138
674,x,12,4,2,-0.432308603599859
674,x,13,4,-2,-0.846280292227539
674,x,15,5,-1,-0.661976226726049
674,x,16,6,0,-0.690099469880267
674,x,19,5,3,0.171739510022633
674,x,20,5,-3,-0.157095984389989
674,x,21,6,2,0.0197866863901966
674,x,23,7,1,0.333133208934397
674,x,26,5,5,0.896690821241343
674,x,28,6,4,0.652212368665871
674,x,29,6,-4,0.326394392032312
674,x,38,6,-6,-0.0117737460915859
674,x,40,7,-5,0.217589003799707
674,x,50,7,7,-0.0602559125129637
674,x,51,7,-7,-0.27020685006045
674,y,3,1,-1,-3.01395672719865
674,y,5,2,2,0.020144697111639
674,y,6,2,-2,-1.38161168413091
674,y,7,3,1,1.52453844796446
674,y,8,3,-1,0.462201254827038
674,y,9,4,0,0.842790235230044
674,y,14,5,1,-0.82086474161542
674,y,15,5,-1,-0.198966447560002
674,y,16,6,0,-0.428390836597251
674,y,17,4,4,-0.677479925945499
674,y,19,5,3,-0.69799248366269
674,y,22,6,-2,0.0383676770716788
674,y,23,7,1,-0.400455709453648
674,y,24,7,-1,-0.15233686429856
674,y,26,5,5,-0.208844576703491
674,y,27,5,-5,-0.214943426113788
674,y,28,6,4,0.0992559016579057
674,y,30,7,3,0.345131090538304
674,y,31,7,-3,-0.0340194902213042
674,y,40,7,-5,-0.366456839417883
675,x,1,0,0,-2.68387670643202
675,x,3,1,-1,-1.98233726773193
675,x,4,2,0,-0.330035231058795
675,x,5,2,2,-1.23547760104078
675,x,7,3,1,0.91341357586484
675,x,8,3,-1,0.505701540711048
675,x,12,4,2,1.28336745680024
675,x,13,4,-2,-0.395106378946552
675,x,14,5,1,0.284931290084128
675,x,17,4,4,0.704891188385334
675,x,18,4,-4,1.04106779831551
675,x,22,6,-2,0.036364326884245
675,x,24,7,-1,0.196112379219252
675,x,26,5,5,-0.796231607020685
675,x,28,6,4,0.874904774915445
675,x,30,7,3,-0.573044028604542
675,x,38,6,-6,-0.578514013101925
675,x,39,7,5,-0.183525296903841
675,x,51,7,-7,0.75169829929046
675,y,8,3,-1,-1.8163777951708
675,y,13,4,-2,-0.0456874238817555
675,y,15,5,-1,0.701669787182934
675,y,19,5,3,0.461932193282537
675,y,22,6,-2,-0.814642742910491
675,y,23,7,1,-0.716099646354965
675,y,24,7,-1,-1.37197806588385
675,y,26,5,5,2.28391616482596
675,y,28,6,4,-0.205653862081355
675,y,37,6,6,0.0608163732895339
675,y,50,7,7,-1.54466148704822
676,x,4,2,0,-1.9325090389044
676,x,5,2,2,-1.45395865994642
676,x,6,2,-2,1.74485393779307
676,x,17,4,4,0.607131996473801
676,x,22,6,-2,-0.130888971320453
676,x,24,7,-1,0.0679196618253089
676,x,26,5,5,0.635029616175186
676,x,30,7,3,-0.30291053558987
676,x,31,7,-3,0.112458077426262
676,x,51,7,-7,-0.199795676304448
676,y,1,0,0,6.17690037736247
676,y,2,1,1,2.09965699589476
676,y,4,2,0,1.26384808345976
676,y,5,2,2,3.63391313533375
676,y,9,4,0,0.0799906163097792
676,y,11,3,-3,0.16266937365403
676,y,13,4,-2,0.219927097117738
676,y,14,5,1,0.961317802702351
676,y,15,5,-1,-0.530855913676212
676,y,16,6,0,0.0661168222979777
676,y,19,5,3,0.472010466100014
676,y,21,6,2,0.344453317515746
676,y,23,7,1,-0.0128678877895564
676,y,26,5,5,0.794292869098756
676,y,27,5,-5,0.782761921413451
676,y,29,6,-4,0.635847077134924
676,y,30,7,3,0.509097658440596
676,y,38,6,-6,0.475460309305581
676,y,40,7,-5,0.697725649564993
676,y,50,7,7,-0.125794729026709
677,x,4,2,0,0.981757227195252
677,x,5,2,2,-1.1114195795915
677,x,6,2,-2,-1.20118399115584
677,x,8,3,-1,0.592638966828169
677,x,10,3,3,1.53241024732376
677,x,13,4,-2,0.0265879201343159
677,x,14,5,1,-0.24803010836678
677,x,15,5,-1,-0.481911492703902
677,x,17,4,4,0.6054665708314
677,x,19,5,3,-0.242450985543777
677,x,20,5,-3,0.203321108517012
677,x,21,6,2,-0.256756487583474
677,x,29,6,-4,0.673549392020273
677,x,31,7,-3,-0.38758443981737
677,x,37,6,6,0.257325482350295
677,x,40,7,-5,-0.472586349919161
677,y,2,1,1,-5.82440461841817
677,y,3,1,-1,0.131435174680841
677,y,5,2,2,-0.933692324319093
677,y,8,3,-1,1.93332907315203
677,y,11,3,-3,-0.243482230658884
677,y,12,4,2,0.0560470794882453
677,y,19,5,3,-0.189183800321232
677,y,20,5,-3,-0.785204135109574
677,y,24,7,-1,0.196704697089696
677,y,26,5,5,-0.00901955831021951
677,y,28,6,4,0.00431800436011078
677,y,29,6,-4,-0.0860630380991406
677,y,31,7,-3,-0.390727806035257
677,y,37,6,6,0.0521709239221325
677,y,38,6,-6,-0.207767256048355
677,y,39,7,5,-0.629455709164778
678,x,2,1,1,3.6102791380438
678,x,3,1,-1,-0.110038350862318
678,x,6,2,-2,0.393500425420266
678,x,9,4,0,-0.0973875775259598
678,x,10,3,3,-0.411955665863523
678,x,11,3,-3,0.433298308905357
678,x,12,4,2,-0.518160018910763
678,x,13,4,-2,-0.540596650044851
678,x,18,4,-4,-1.14304557131132
678,x,19,5,3,-0.294440043833709
678,x,20,5,-3,-1.23269566614634
678,x,21,6,2,-0.532620463633375
678,x,23,7,1,0.0991369215342306
678,x,29,6,-4,0.0471284518337773
678,x,31,7,-3,0.391920009874061
678,x,38,6,-6,-0.138220412507342
678,x,39,7,5,0.230596558481749
678,x,40,7,-5,-0.19459406200667
678,x,50,7,7,-0.142890811205043
678,y,1,0,0,-1.24271483070178
678,y,3,1,-1,-3.47590219721473
678,y,7,3,1,0.117676599639212
678,y,8,3,-1,0.0650581158713835
678,y,9,4,0,-0.301838316205029
678,y,11,3,-3,0.631594033601793
678,y,14,5,1,-0.606286222911542
678,y,15,5,-1,0.257725110272144
678,y,16,6,0,0.0366721514227214
678,y,18,4,-4,0.300667537820397
678,y,21,6,2,0.863986466056662
678,y,28,6,4,0.702387949084441
678,y,29,6,-4,-0.623449165101938
678,y,30,7,3,-0.31670271504215
678,y,31,7,-3,0.160322491972592
678,y,37,6,6,-0.137782899097319
678,y,40,7,-5,-0.0835585730036231
678,y,50,7,7,1.00693711406318
678,y,51,7,-7,0.247323752840324
679,x,3,1,-1,1.13157243474417
679,x,6,2,-2,2.16166342354838
679,x,10,3,3,-0.921765630794763
679,x,11,3,-3,1.29296915512952
679,x,13,4,-2,0.0421762187371347
679,x,14,5,1,0.352906813684309
679,x,15,5,-1,-0.0894103655290034
679,x,16,6,0,0.0449791365474657
679,x,18,4,-4,0.085867418311498
679,x,20,5,-3,-0.848625842331828
679,x,22,6,-2,-0.743920860152531
679,x,26,5,5,0.698468087767829
679,x,29,6,-4,-0.482631961822431
679,x,30,7,3,-0.463544160438834
679,x,31,7,-3,-0.433681504238053
679,x,38,6,-6,-0.96152832236022
679,x,40,7,-5,-0.335383830208221
679,x,51,7,-7,-0.453465918922078
679,y,2,1,1,-0.771046788046947
679,y,3,1,-1,2.29136582537359
679,y,5,2,2,0.0181649331627711
679,y,7,3,1,1.36853910892983
679,y,10,3,3,-0.512220551257705
679,y,11,3,-3,0.722001774775164
679,y,12,4,2,0.159996759995659
679,y,15,5,-1,0.726469865166334
679,y,16,6,0,0.768360770074926
679,y,19,5,3,0.481610989127533
679,y,23,7,1,0.0113194871403019
679,y,26,5,5,0.0160321225623507
679,y,28,6,4,0.222318111451284
679,y,29,6,-4,-0.248539042080523
679,y,30,7,3,-0.445646571047874
679,y,37,6,6,-0.236830620060713
679,y,38,6,-6,-0.0911767233626057
680,x,2,1,1,-0.796413190443996
680,x,7,3,1,-0.180988365753162
680,x,9,4,0,0.225549593833773
680,x,17,4,4,-1.25592863391082
680,x,19,5,3,1.15850321965916
680,x,20,5,-3,-1.6741621944653
680,x,22,6,-2,-0.202318185094622
680,x,23,7,1,1.38584174444675
680,x,28,6,4,1.58651102380691
680,x,29,6,-4,-1.04525479852782
680,x,30,7,3,0.0245217969364129
680,x,31,7,-3,0.329262656265331
680,y,8,3,-1,-2.0789254537745
680,y,10,3,3,-1.28668630057944
680,y,12,4,2,0.292312862066527
680,y,13,4,-2,1.66346986345382
680,y,14,5,1,0.00675569114254446
680,y,15,5,-1,-1.2224673697734
680,y,17,4,4,-0.100790635281485
680,y,22,6,-2,-0.803008600906587
680,y,26,5,5,0.937065038356666
680,y,28,6,4,-0.642803665512081
680,y,29,6,-4,0.36485783804939
680,y,31,7,-3,0.201132433547906
680,y,39,7,5,0.715016035221419
680,y,40,7,-5,-0.0925429385188839
681,x,2,1,1,-2.01054223126368
681,x,5,2,2,0.827444454332748
681,x,10,3,3,0.882128200562762
681,x,12,4,2,0.195828505807848
681,x,14,5,1,-0.18570302042516
681,x,15,5,-1,1.156631218711
681,x,16,6,0,-0.636334283632347
681,x,20,5,-3,-0.941685385493407
681,x,22,6,-2,-0.31360365451186
681,x,23,7,1,-0.267545808791458
681,x,26,5,5,-0.173187037298671
681,x,27,5,-5,-0.417771842518272
681,x,29,6,-4,-0.310666703575286
681,x,31,7,-3,-0.203039110664591
681,x,37,6,6,-0.11798626500264
681,x,51,7,-7,-0.466508763276072
681,y,5,2,2,-1.1874101963201
681,y,15,5,-1,-0.2527672937945
681,y,19,5,3,0.473494522527926
681,y,20,5,-3,-0.0768761632587035
681,y,21,6,2,-0.614440716726851
681,y,24,7,-1,-1.26553225719712
681,y,28,6,4,-0.90750875418883
681,y,29,6,-4,2.08925836611272
681,y,37,6,6,-1.75389390975663
681,y,38,6,-6,0.537414665741942
681,y,50,7,7,-0.562761565222488
682,x,4,2,0,-0.922800952950852
682,x,11,3,-3,1.67857145713315
682,x,13,4,-2,0.942776255369124
682,x,14,5,1,-0.88184312879948
682,x,15,5,-1,0.435496943428685
682,x,17,4,4,0.513778995701119
682,x,19,5,3,0.866843521157982
682,x,21,6,2,0.243301796412894
682,x,22,6,-2,0.495329784525917
682,x,26,5,5,0.121825346457121
682,x,27,5,-5,1.06440230255887
682,x,28,6,4,-0.119433549924115
682,x,30,7,3,0.502342886241482
682,x,31,7,-3,0.996304723239725
682,x,37,6,6,0.0234554868194346
682,x,38,6,-6,-0.399158541352513
682,x,39,7,5,0.511197761911122
682,x,40,7,-5,0.572852136433823
682,x,50,7,7,0.0779855575312263
682,x,51,7,-7,-0.07051194516161
682,y,3,1,-1,-7.06657243362763
682,y,9,4,0,-0.722638058505157
682,y,17,4,4,0.461067821422225
682,y,19,5,3,0.209477733505148
682,y,21,6,2,-0.27862843847295
682,y,26,5,5,-0.359566870385407
682,y,27,5,-5,0.118379040125714
682,y,30,7,3,-0.955427330428001
682,y,40,7,-5,0.59431320340424
682,y,51,7,-7,0.392634274422194
683,x,1,0,0,3.26658814112369
683,x,3,1,-1,1.98814978269917
683,x,4,2,0,-0.501331310000655
683,x,5,2,2,-0.165335365733227
683,x,6,2,-2,0.554829453281315
683,x,7,3,1,-0.420329325076726
683,x,10,3,3,0.267963635030015
683,x,11,3,-3,-0.911987377286096
683,x,12,4,2,-1.33964272579633
683,x,17,4,4,0.243781245928213
683,x,22,6,-2,0.449459645524231
683,x,23,7,1,0.257715634861064
683,x,28,6,4,0.622135289312067
683,x,29,6,-4,0.15650727431556
683,x,31,7,-3,0.133582276372684
683,x,37,6,6,0.0560066170114535
683,x,50,7,7,0.404170393131733
683,x,51,7,-7,0.763685607954558
683,y,2,1,1,-3.33711810446876
683,y,13,4,-2,1.36697811415038
683,y,14,5,1,0.0499672890991737
683,y,20,5,-3,0.522489252862482
683,y,23,7,1,0.627164464071677
683,y,24,7,-1,0.64760998188345
683,y,27,5,-5,1.65090734335646
683,y,29,6,-4,-0.325820270024202
683,y,38,6,-6,-1.04033785181724
683,y,50,7,7,-0.922696608331119
684,x,1,0,0,-4.64929784591718
684,x,2,1,1,-0.569978127001719
684,x,6,2,-2,-2.7616052899298
684,x,7,3,1,-0.174671681438305
684,x,13,4,-2,-0.966425678966213
684,x,15,5,-1,-0.942751542291575
684,x,19,5,3,-0.42976884460845
684,x,23,7,1,0.388523639987612
684,x,26,5,5,-0.139408353058263
684,x,28,6,4,-1.41105206908962
684,x,29,6,-4,-0.39855908355528
684,x,40,7,-5,0.842954548327379
684,y,3,1,-1,-0.233753771489197
684,y,4,2,0,-2.96962943686624
684,y,9,4,0,0.449365313821998
684,y,10,3,3,-0.0345476258593113
684,y,14,5,1,0.403562005908391
684,y,18,4,-4,-0.152213165065929
684,y,19,5,3,-0.154508204598786
684,y,20,5,-3,0.658697867203303
684,y,21,6,2,-0.11668152777314
684,y,24,7,-1,0.227134471162118
684,y,27,5,-5,-0.649532518235627
684,y,30,7,3,-0.14322769156163
684,y,37,6,6,0.469888693853592
684,y,39,7,5,-0.414546740513597
684,y,40,7,-5,0.03590989522404
685,x,1,0,0,-6.24545452000087
685,x,10,3,3,0.898836304921463
685,x,11,3,-3,0.160098029949533
685,x,16,6,0,-0.15616184544084
685,x,22,6,-2,-0.547511325074863
685,x,24,7,-1,-0.000957412420750164
685,x,27,5,-5,-0.0554415793208739
685,x,29,6,-4,0.501554572682984
685,x,31,7,-3,0.550383894615488
685,x,38,6,-6,-0.60508591712995
685,x,39,7,5,-0.772630013165039
685,x,51,7,-7,-0.218709511396282
685,y,2,1,1,-1.21888706544724
685,y,3,1,-1,-1.13427199093677
685,y,4,2,0,-0.71814869698539
685,y,6,2,-2,3.69308797410374
685,y,12,4,2,-0.157356135771999
685,y,15,5,-1,0.102866933146939
685,y,16,6,0,0.176469978023743
685,y,18,4,-4,-0.366650496209961
685,y,19,5,3,-1.28922399121766
685,y,22,6,-2,-0.420748141964142
685,y,23,7,1,-0.330403895720769
685,y,28,6,4,-0.0155613877868252
685,y,51,7,-7,0.41599087139141
686,x,2,1,1,2.12109805171241
686,x,4,2,0,-1.36488799489872
686,x,5,2,2,2.16204547302015
686,x,7,3,1,0.798010608812126
686,x,9,4,0,0.62748958283981
686,x,10,3,3,-1.90144719522752
686,x,11,3,-3,-0.837420977700176
686,x,12,4,2,-0.160468573723674
686,x,16,6,0,-1.00264463875317
686,x,17,4,4,0.296924091800885
686,x,19,5,3,0.290311201441732
686,x,20,5,-3,0.209470233628956
686,x,21,6,2,-0.070520974213477
686,x,22,6,-2,-0.193413381527057
686,x,23,7,1,-0.130481916837609
686,x,26,5,5,0.402315841364025
686,x,30,7,3,-0.0343521856435432
686,x,37,6,6,-0.445905822734445
686,x,51,7,-7,0.529419225413571
686,y,1,0,0,0.313620290894332
686,y,2,1,1,0.957582703586866
686,y,3,1,-1,0.781282099450253
686,y,5,2,2,-2.38138447970847
686,y,9,4,0,-0.0918760464651027
686,y,13,4,-2,0.154623233243951
686,y,20,5,-3,0.797881859830711
686,y,30,7,3,0.072461906248874
686,y,37,6,6,-0.00201869133649853
686,y,50,7,7,0.116471363997882
687,x,4,2,0,-0.525417986185232
687,x,9,4,0,0.200034477377686
687,x,10,3,3,0.921683737767319
687,x,11,3,-3,-1.28460425374758
687,x,14,5,1,1.93129609254705
687,x,20,5,-3,-0.21260671883955
687,x,24,7,-1,-1.35658572632252
687,x,27,5,-5,-0.539591236107177
687,x,28,6,4,-0.212687240104763
687,x,30,7,3,0.105103304570962
687,x,31,7,-3,1.02863773308093
687,x,38,6,-6,0.953736910926168
687,x,39,7,5,0.66933578005016
687,y,1,0,0,3.25961201750086
687,y,9,4,0,-0.266266742050292
687,y,10,3,3,-0.813146877483911
687,y,11,3,-3,0.567774128113123
687,y,12,4,2,-0.319528264418543
687,y,21,6,2,-0.416522327443117
687,y,23,7,1,-0.362830047389822
687,y,29,6,-4,-0.803639340274204
687,y,31,7,-3,0.320772309692463
687,y,37,6,6,0.123417317844332
687,y,39,7,5,-0.257110127215942
687,y,51,7,-7,-0.4509029535472
688,x,2,1,1,-0.682366074210777
688,x,4,2,0,-1.13307610929826
688,x,5,2,2,0.53230670198659
688,x,7,3,1,-0.256883971222577
688,x,8,3,-1,0.95767431702683
688,x,10,3,3,-0.217480415277519
688,x,12,4,2,0.781857235084986
688,x,14,5,1,-0.295914615548589
688,x,15,5,-1,-0.163043358950573
688,x,16,6,0,-0.678409869464999
688,x,17,4,4,0.366273382527836
688,x,21,6,2,0.901972410997883
688,x,22,6,-2,-2.00810033679207
688,x,28,6,4,-0.272896646194766
688,x,37,6,6,-0.710305275102971
688,y,2,1,1,4.07050697476627
688,y,9,4,0,0.155833549336353
688,y,10,3,3,0.885294970276873
688,y,11,3,-3,1.15458780320665
688,y,12,4,2,-0.706332003753814
688,y,13,4,-2,0.662070078335918
688,y,14,5,1,0.34281368309955
688,y,15,5,-1,-0.234006650729908
688,y,16,6,0,0.920245981848629
688,y,18,4,-4,0.622689461346452
688,y,22,6,-2,0.41580515693001
688,y,29,6,-4,0.112596360036458
688,y,31,7,-3,-0.310569127957077
688,y,39,7,5,0.135580572588513
689,x,1,0,0,4.97827832240962
689,x,15,5,-1,0.442652407508972
689,x,18,4,-4,-0.513543951218372
689,x,19,5,3,-0.395030153914585
689,x,20,5,-3,0.505503414459833
689,x,22,6,-2,0.213535665577471
689,x,26,5,5,-0.649168328523034
689,x,29,6,-4,0.142510616544181
689,x,30,7,3,-0.167161872479672
689,x,31,7,-3,0.578298583143786
689,x,50,7,7,0.184404042111807
689,y,6,2,-2,-0.415102300117303
689,y,9,4,0,1.27087343216645
689,y,10,3,3,-1.9689211419683
689,y,12,4,2,-0.146297339322937
689,y,14,5,1,0.524546350029767
689,y,23,7,1,-0.378089556215
689,y,24,7,-1,-0.0164731752226426
689,y,29,6,-4,-1.50208887473039
689,y,30,7,3,0.205802982359956
689,y,37,6,6,-0.0343865950318789
689,y,38,6,-6,0.266466360731646
689,y,40,7,-5,0.00874597037813901
689,y,51,7,-7,0.706571446931747
690,x,1,0,0,-0.00425680863515918
690,x,2,1,1,-3.66038110775301
690,x,9,4,0,0.867477363235938
690,x,13,4,-2,0.987364620668145
690,x,14,5,1,0.664716459826656
690,x,15,5,-1,0.345819317940601
690,x,18,4,-4,0.597029502806262
690,x,20,5,-3,-1.22849731647225
690,x,21,6,2,0.269959878221155
690,x,22,6,-2,0.659007707598855
690,x,23,7,1,0.547293068482917
690,x,24,7,-1,-0.799542987274083
690,x,26,5,5,0.545698933435245
690,x,29,6,-4,0.237403667835014
690,x,37,6,6,-0.293777066847958
690,x,39,7,5,-0.636564737412941
690,y,1,0,0,-1.94417725482295
690,y,5,2,2,-2.59291143498066
690,y,6,2,-2,1.53805851904047
690,y,10,3,3,0.409661829870012
690,y,11,3,-3,-0.609699575708038
690,y,14,5,1,-0.793535074383095
690,y,18,4,-4,-1.47151346487318
690,y,19,5,3,-0.103636999559228
690,y,20,5,-3,0.376675456614455
690,y,21,6,2,0.470419634401067
690,y,26,5,5,0.245450990077321
690,y,30,7,3,-0.931665074545602
690,y,37,6,6,0.105030091429789
690,y,40,7,-5,0.576986587665449
690,y,50,7,7,0.528191084022973
691,x,7,3,1,-0.119922671124342
691,x,9,4,0,-1.1177336960136
691,x,14,5,1,-0.713668805930284
691,x,20,5,-3,-1.67400780900608
691,x,21,6,2,0.0430777417660377
691,x,22,6,-2,-0.708421978202637
691,x,23,7,1,2.48031022287185
691,x,26,5,5,0.804046206776346
691,x,31,7,-3,-0.432525580587281
691,x,37,6,6,0.946076205694712
691,x,40,7,-5,-0.966160477594595
691,y,1,0,0,1.68097081987218
691,y,2,1,1,-2.42929562837613
691,y,3,1,-1,3.13578332915008
691,y,4,2,0,-2.58745932609437
691,y,6,2,-2,0.441552299738956
691,y,7,3,1,-0.494942855977754
691,y,9,4,0,0.373713099635281
691,y,10,3,3,0.715484274435837
691,y,12,4,2,0.260105709346549
691,y,15,5,-1,-0.372288183135249
691,y,17,4,4,0.484791203417756
691,y,18,4,-4,0.160095295029379
691,y,24,7,-1,-0.0506700387614186
691,y,26,5,5,-0.0420317440346457
691,y,29,6,-4,-0.0610113740340506
691,y,37,6,6,-0.401564568824812
691,y,38,6,-6,0.666457670071536
692,x,1,0,0,-6.96276812657216
692,x,2,1,1,-1.43134278625311
692,x,3,1,-1,2.86708555359495
692,x,4,2,0,-0.40619996289569
692,x,8,3,-1,-0.615667629898989
692,x,10,3,3,-0.184322819051108
692,x,13,4,-2,-0.401301808944795
692,x,19,5,3,-0.124884678452326
692,x,21,6,2,-0.444508581270774
692,x,26,5,5,0.352434715548794
692,x,28,6,4,-0.0452926785931278
692,x,30,7,3,0.428049198141114
692,x,50,7,7,-0.540442724023878
692,x,51,7,-7,0.102102086778281
692,y,1,0,0,1.08650124004817
692,y,6,2,-2,-0.269336734617373
692,y,11,3,-3,-0.373518482212358
692,y,14,5,1,0.525633709664631
692,y,15,5,-1,0.535537957388228
692,y,16,6,0,0.755943968378674
692,y,17,4,4,-1.05229218389722
692,y,19,5,3,0.616476274961303
692,y,22,6,-2,-0.24530966537322
692,y,28,6,4,-0.52294481674637
692,y,30,7,3,0.242669796390505
692,y,38,6,-6,0.0110420286055033
693,x,4,2,0,-0.310490586943436
693,x,5,2,2,2.52075629828836
693,x,6,2,-2,0.00681205404692536
693,x,7,3,1,-0.240902202387994
693,x,10,3,3,0.695680482250234
693,x,16,6,0,-0.606624293355325
693,x,17,4,4,0.349213592949123
693,x,22,6,-2,0.309152324569932
693,x,30,7,3,0.381608167825031
693,x,38,6,-6,-0.172350749330838
693,y,1,0,0,-3.10082667216507
693,y,2,1,1,1.64600870932225
693,y,3,1,-1,-7.76152101467156
693,y,8,3,-1,-0.374578653293396
693,y,9,4,0,0.591993439900979
693,y,11,3,-3,0.787675254934842
693,y,12,4,2,-0.505138972777474
693,y,16,6,0,-0.604809204156986
693,y,17,4,4,0.559560431878168
693,y,19,5,3,1.49529028128922
693,y,20,5,-3,-0.102459330871875
693,y,21,6,2,0.0871333658263318
693,y,23,7,1,0.258586843477447
693,y,26,5,5,-1.07208690383895
693,y,27,5,-5,0.2057330759404
693,y,29,6,-4,-0.0368716568654479
693,y,30,7,3,0.603926632559305
693,y,38,6,-6,-1.09940854601915
693,y,50,7,7,-0.114151808853533
693,y,51,7,-7,0.113588228774561
694,x,3,1,-1,1.30536378467943
694,x,5,2,2,0.557709251459482
694,x,6,2,-2,-2.367839234936
694,x,7,3,1,-0.029130428342381
694,x,8,3,-1,0.00139405768509363
694,x,9,4,0,0.157038603974544
694,x,11,3,-3,0.438931546193298
694,x,13,4,-2,0.860716392871062
694,x,14,5,1,-0.966331148387085
694,x,18,4,-4,-0.0533574688153173
694,x,19,5,3,0.190108926035255
694,x,20,5,-3,0.0645321008305836
694,x,22,6,-2,-0.522455743199184
694,x,28,6,4,0.295210239750646
694,x,29,6,-4,0.513825608906762
694,x,31,7,-3,-0.21210974994449
694,x,38,6,-6,0.635772169437978
694,x,39,7,5,-1.01982150241631
694,x,50,7,7,-0.37154166256658
694,y,1,0,0,0.444840494322923
694,y,2,1,1,-8.17912902343366
694,y,4,2,0,-1.5307585184867
694,y,7,3,1,-1.52959640116136
694,y,9,4,0,-0.0670133827577449
694,y,11,3,-3,-1.6867276203887
694,y,13,4,-2,0.484661305300252
694,y,15,5,-1,-0.244251940080901
694,y,16,6,0,0.213449926479949
694,y,19,5,3,-0.325502401206893
694,y,21,6,2,0.107207557946482
694,y,22,6,-2,0.269931816819181
694,y,23,7,1,-0.101690913255168
694,y,27,5,-5,-0.0808727198212031
694,y,39,7,5,-0.23495766407678
695,x,4,2,0,2.68689723069073
695,x,7,3,1,-0.311721265798488
695,x,11,3,-3,-0.540150293024076
695,x,12,4,2,0.186621299523166
695,x,13,4,-2,0.928765314202706
695,x,15,5,-1,0.646826187614782
695,x,16,6,0,-0.569657022566017
695,x,17,4,4,0.570423181784876
695,x,20,5,-3,0.414104894386917
695,x,21,6,2,0.0359140902136617
695,x,24,7,-1,-0.122256489063149
695,x,26,5,5,-0.39376368378927
695,x,28,6,4,-0.468355487923159
695,x,30,7,3,0.218488265668188
695,x,31,7,-3,-0.0646003911953474
695,x,37,6,6,-0.6592656015925
695,x,38,6,-6,-0.403222646805506
695,x,39,7,5,-0.194457773851479
695,x,51,7,-7,0.328211491234825
695,y,1,0,0,-0.563908921831653
695,y,3,1,-1,1.27053027266018
695,y,4,2,0,-0.687776341572535
695,y,5,2,2,1.90197084418425
695,y,8,3,-1,0.196220382754176
695,y,12,4,2,-0.749091530982421
695,y,14,5,1,-0.510392605382328
695,y,18,4,-4,-0.0891789000401732
695,y,19,5,3,-0.916252188478797
695,y,20,5,-3,0.191482658284178
695,y,27,5,-5,0.0353306409336817
695,y,28,6,4,0.0496661761186338
695,y,29,6,-4,0.283077577514746
696,x,1,0,0,8.01646819031351
696,x,4,2,0,1.50670192179997
696,x,10,3,3,-0.355538394784412
696,x,11,3,-3,-1.16436078069275
696,x,13,4,-2,-0.540126269913246
696,x,15,5,-1,0.366383508643212
696,x,16,6,0,-0.012951323583403
696,x,18,4,-4,-0.537977376277807
696,x,20,5,-3,-0.428983869381913
696,x,23,7,1,0.345861245961472
696,x,26,5,5,-0.160300708191523
696,x,27,5,-5,0.0706217779326017
696,x,29,6,-4,-0.301788304732792
696,x,31,7,-3,0.219518369713171
696,y,1,0,0,-1.8179676146297
696,y,4,2,0,0.674001788614018
696,y,5,2,2,-0.00923219670172941
696,y,6,2,-2,-0.498881978447003
696,y,10,3,3,-1.25440447255994
696,y,14,5,1,0.266188487589893
696,y,19,5,3,0.501897346329636
696,y,20,5,-3,0.287366457388591
696,y,21,6,2,0.179718519036798
696,y,24,7,-1,-0.117963755081374
696,y,26,5,5,-0.211593404340309
696,y,28,6,4,1.0108822411707
696,y,29,6,-4,0.113660242793446
696,y,30,7,3,-0.0706880032822319
696,y,31,7,-3,0.291678015406986
696,y,37,6,6,0.197213754069483
696,y,39,7,5,-0.139689464847283
696,y,50,7,7,-0.0392350223481636
696,y,51,7,-7,0.0193484887779928
697,x,2,1,1,-0.00521265023897496
697,x,4,2,0,-1.24789842402286
697,x,8,3,-1,1.54699439478319
697,x,12,4,2,-0.486159538078525
697,x,14,5,1,-0.14970051135666
697,x,18,4,-4,1.14301363784503
697,x,19,5,3,-0.401350267441413
697,x,20,5,-3,-0.00724556571390333
697,x,22,6,-2,-0.113922870511395
697,x,26,5,5,-0.856249686053372
697,x,27,5,-5,0.643599694572608
697,x,37,6,6,0.972639408274303
697,x,40,7,-5,-0.557177789612706
697,x,50,7,7,0.13696593669628
697,y,2,1,1,-1.15885021901783
697,y,5,2,2,0.696839198228548
697,y,7,3,1,0.210234178428039
697,y,8,3,-1,-1.56089905217937
697,y,10,3,3,-0.151342396728691
697,y,11,3,-3,-0.926615947917916
697,y,19,5,3,-0.032563128583831
697,y,20,5,-3,-1.25839542357865
697,y,22,6,-2,0.314098078817118
697,y,24,7,-1,-0.464532667784087
697,y,28,6,4,-0.260642200060345
697,y,50,7,7,-0.366426520234531
698,x,2,1,1,3.5836439130393
698,x,5,2,2,-0.89388729401536
698,x,7,3,1,0.434329630011536
698,x,8,3,-1,0.683039499635434
698,x,9,4,0,-1.51698324319119
698,x,10,3,3,-0.472110700518286
698,x,11,3,-3,-0.926269610749288
698,x,12,4,2,-2.03340370314918
698,x,14,5,1,-0.126629928782857
698,x,15,5,-1,-0.21128381336323
698,x,19,5,3,0.458982629787871
698,x,22,6,-2,0.240995306078311
698,x,26,5,5,0.658969805041731
698,x,27,5,-5,-0.285746883405845
698,x,29,6,-4,0.0624445330591856
698,x,30,7,3,0.142891879041252
698,x,39,7,5,-0.346286600004686
698,x,51,7,-7,-0.0554620786832582
698,y,1,0,0,1.4541093203906
698,y,3,1,-1,-0.502919598406056
698,y,7,3,1,1.04603778412606
698,y,8,3,-1,-0.488623332231576
698,y,9,4,0,0.801833515283062
698,y,10,3,3,-1.55769901554027
698,y,14,5,1,0.210407391898212
698,y,15,5,-1,-0.440025924877958
698,y,16,6,0,-0.269377902368555
698,y,19,5,3,0.202436451623203
698,y,20,5,-3,0.0230707131745318
698,y,21,6,2,-0.73792062196046
698,y,22,6,-2,0.160711899691277
698,y,28,6,4,-0.0818411259487973
698,y,40,7,-5,0.436367679129455
698,y,50,7,7,0.0830222298123467
698,y,51,7,-7,-0.430053520498298
699,x,2,1,1,1.83132865703822
699,x,4,2,0,3.45946900099291
699,x,9,4,0,-0.959023053506023
699,x,11,3,-3,0.546094837733598
699,x,12,4,2,0.0084102522324421
699,x,13,4,-2,0.375179182390956
699,x,14,5,1,-0.474479929557294
699,x,15,5,-1,0.281791621297004
699,x,17,4,4,-0.379695239705925
699,x,18,4,-4,-0.733783434641464
699,x,23,7,1,0.299774576972718
699,x,24,7,-1,0.568826483073951
699,x,26,5,5,-1.11617117546356
699,x,29,6,-4,-0.22528718782615
699,x,30,7,3,0.468833460101427
699,x,37,6,6,0.517326423248115
699,x,38,6,-6,-0.616719605245466
699,x,40,7,-5,-0.117118534754962
699,x,51,7,-7,0.63339767709667
699,y,4,2,0,0.777669261107639
699,y,6,2,-2,-1.47498124234245
699,y,7,3,1,0.996749195872818
699,y,11,3,-3,-0.355634826673002
699,y,12,4,2,0.596521010019644
699,y,14,5,1,-0.982795718185448
699,y,15,5,-1,-0.0986585449831418
699,y,18,4,-4,0.428203757282254
699,y,19,5,3,0.550349791888693
699,y,20,5,-3,0.616458423204186
699,y,21,6,2,0.287286860895812
699,y,26,5,5,-0.446133467717688
699,y,27,5,-5,0.844967174834334
699,y,28,6,4,-0.401748229459478
699,y,30,7,3,-0.335006213911553
699,y,31,7,-3,-0.509885309827953
699,y,39,7,5,0.0946895422061849
699,y,40,7,-5,-0.161824896950847
700,x,2,1,1,1.78293577169523
700,x,3,1,-1,0.698095710203605
700,x,6,2,-2,1.81696946374961
700,x,7,3,1,-0.486397976407557
700,x,8,3,-1,-1.32600082869856
700,x,13,4,-2,-1.24272424530986
700,x,14,5,1,-0.248506426714258
700,x,19,5,3,-0.0574010376106049
700,x,21,6,2,0.123031091300561
700,x,24,7,-1,-0.187138492116182
700,x,26,5,5,-0.378956145807042
700,x,27,5,-5,0.867757903247972
700,x,28,6,4,-0.492347080140938
700,x,29,6,-4,-0.0767070625844368
700,x,37,6,6,-0.427931480994667
700,x,50,7,7,-0.106567302943687
700,x,51,7,-7,-0.427060246452235
700,y,1,0,0,-1.90509381394517
700,y,2,1,1,0.301616950728294
700,y,8,3,-1,-0.0476278102163459
700,y,11,3,-3,1.05271396691587
700,y,14,5,1,-0.379851712830112
700,y,16,6,0,0.210496699906174
700,y,19,5,3,-0.368582673342905
700,y,22,6,-2,-0.468206394879718
700,y,24,7,-1,0.21871834334763
700,y,26,5,5,-0.943251989772124
700,y,29,6,-4,0.66362497001188
700,y,37,6,6,-0.553827518800653
700,y,39,7,5,0.320960727979602
700,y,40,7,-5,-0.283350977670459
700,y,50,7,7,-1.08577824901975
700,y,51,7,-7,1.05863251263814
701,x,3,1,-1,-1.62569219075627
701,x,4,2,0,0.582371348542274
701,x,7,3,1,-0.668167085950664
701,x,8,3,-1,0.337552866971921
701,x,10,3,3,-0.193173711639911
701,x,12,4,2,0.973894647977692
701,x,14,5,1,0.765558839765943
701,x,15,5,-1,0.064737463121788
701,x,16,6,0,0.18821774181937
701,x,17,4,4,-0.586529440897568
701,x,28,6,4,0.445890564387087
701,x,38,6,-6,0.357589981917243
701,x,40,7,-5,0.419449431299434
701,x,50,7,7,-0.427666972363377
701,y,1,0,0,-1.13587173651395
701,y,3,1,-1,-1.21248553007489
701,y,8,3,-1,0.608729860253691
701,y,9,4,0,0.829137272947613
701,y,10,3,3,1.01003855062017
701,y,14,5,1,0.506514448955753
701,y,16,6,0,0.634742359489791
701,y,18,4,-4,0.240499490775853
701,y,24,7,-1,-0.238470057635259
701,y,26,5,5,0.25792618672626
701,y,30,7,3,-0.43919567688615
701,y,39,7,5,0.510874071075999
701,y,40,7,-5,-0.621656899546569
702,x,1,0,0,3.15854326398072
702,x,4,2,0,1.59580724100914
702,x,7,3,1,0.314620673111683
702,x,11,3,-3,-0.097459889415961
702,x,13,4,-2,-0.284206770963932
702,x,15,5,-1,-0.119137707353805
702,x,17,4,4,0.409239739072354
702,x,18,4,-4,0.429321134440519
702,x,20,5,-3,0.585551185163288
702,x,21,6,2,0.22395709906703
702,x,24,7,-1,0.263283526998194
702,x,28,6,4,0.133894837510741
702,x,30,7,3,0.02864119624973
702,x,31,7,-3,0.0684642705801002
702,x,38,6,-6,0.458906931800524
702,x,51,7,-7,-0.0812732952536449
702,y,2,1,1,2.0140090841623
702,y,3,1,-1,-0.755209953805176
702,y,5,2,2,-2.37716438278579
702,y,8,3,-1,2.25071923340229
702,y,11,3,-3,-0.940583035796743
702,y,16,6,0,-0.275221794999988
702,y,18,4,-4,-0.649936885126127
702,y,19,5,3,-0.979252163281652
702,y,20,5,-3,-0.189389242075429
702,y,21,6,2,0.0887333660479602
702,y,22,6,-2,0.191728105155138
702,y,24,7,-1,0.502217918507832
702,y,26,5,5,-0.463172755327132
702,y,31,7,-3,-0.156863654358069
702,y,40,7,-5,-0.0825655625765463
702,y,51,7,-7,-0.276167865995682
703,x,2,1,1,2.33566438590176
703,x,4,2,0,1.44121524661276
703,x,5,2,2,1.39056660504043
703,x,6,2,-2,-0.715125623611772
703,x,10,3,3,-0.178472887994947
703,x,13,4,-2,-0.690195578541894
703,x,20,5,-3,-1.31006843879892
703,x,21,6,2,0.142158304495109
703,x,24,7,-1,0.448198109370352
703,x,31,7,-3,0.164446169175373
703,x,38,6,-6,0.698818777633643
703,x,39,7,5,0.353401419717929
703,x,50,7,7,-0.408349696970401
703,x,51,7,-7,0.0169263935812307
703,y,1,0,0,-1.55938984386332
703,y,2,1,1,-3.72113392354489
703,y,7,3,1,-0.336356310179245
703,y,9,4,0,0.198049856189825
703,y,10,3,3,0.331886418909398
703,y,11,3,-3,-0.579751052699473
703,y,15,5,-1,-0.0150162161586059
703,y,20,5,-3,0.00366039294351999
703,y,22,6,-2,-0.0559047812029214
703,y,23,7,1,0.223781686639732
703,y,26,5,5,-0.364233155176921
703,y,27,5,-5,-0.675863701891425
703,y,29,6,-4,-0.350121588855563
703,y,37,6,6,-0.0492486754817545
703,y,39,7,5,0.0806833808157519
703,y,40,7,-5,-0.229633859319926
704,x,5,2,2,-0.0381254713701095
704,x,7,3,1,2.33731515890585
704,x,9,4,0,0.652318935748429
704,x,10,3,3,0.48380015856499
704,x,14,5,1,0.618214374810165
704,x,15,5,-1,-0.398948893074257
704,x,16,6,0,0.542691930102149
704,x,17,4,4,0.565060926291039
704,x,19,5,3,0.313573453409685
704,x,20,5,-3,-0.881097410029857
704,x,21,6,2,0.152245942546879
704,x,27,5,-5,-0.380089005941156
704,x,28,6,4,-0.250637605060217
704,x,39,7,5,-0.0855266022846754
704,x,50,7,7,-0.268539720254652
704,y,4,2,0,1.4302566706402
704,y,8,3,-1,0.729765537864489
704,y,10,3,3,-1.02698605373871
704,y,12,4,2,-0.395081884064333
704,y,13,4,-2,0.243900025060296
704,y,15,5,-1,0.889164313271303
704,y,20,5,-3,0.188776314435814
704,y,21,6,2,0.113998640157415
704,y,24,7,-1,-0.872798163216086
704,y,26,5,5,-0.474889365163708
704,y,29,6,-4,0.617839610863787
704,y,30,7,3,0.246859053879574
704,y,38,6,-6,-0.61144117894203
704,y,39,7,5,0.450074524417095
704,y,40,7,-5,0.0833946125721963
705,x,1,0,0,-4.48771583772292
705,x,2,1,1,-4.11635115021546
705,x,5,2,2,0.304607040186018
705,x,13,4,-2,0.955495411845681
705,x,14,5,1,-1.38738913339374
705,x,17,4,4,1.07701042598394
705,x,21,6,2,0.805248604242102
705,x,26,5,5,-0.217331214932917
705,x,31,7,-3,0.650215021578273
705,x,51,7,-7,1.20461221318328
705,y,8,3,-1,1.85916641914884
705,y,10,3,3,1.26074201459945
705,y,12,4,2,0.0506027366927022
705,y,14,5,1,0.621992285502467
705,y,15,5,-1,0.276451305647937
705,y,18,4,-4,-0.9024864227338
705,y,24,7,-1,2.23333876262953
705,y,27,5,-5,-0.662319129003441
705,y,28,6,4,-1.02788551884614
705,y,30,7,3,0.416904330621011
705,y,31,7,-3,0.369460785230112
706,x,2,1,1,-2.14941767184942
706,x,3,1,-1,8.45902884477692
706,x,4,2,0,0.00901714900544869
706,x,6,2,-2,0.400061875247365
706,x,9,4,0,-0.519731168599745
706,x,10,3,3,-0.242471016140561
706,x,11,3,-3,-1.26597808027106
706,x,12,4,2,0.242650209636116
706,x,14,5,1,-0.213832628889605
706,x,15,5,-1,-0.978857510652075
706,x,17,4,4,-2.06401199335849
706,x,18,4,-4,-0.170310391960995
706,x,19,5,3,-1.31795869483746
706,x,20,5,-3,-0.78136006656415
706,x,22,6,-2,0.597571060336679
706,x,24,7,-1,-0.268602262545292
706,x,29,6,-4,0.703930431714268
706,x,39,7,5,-0.707161240391274
706,x,40,7,-5,0.263869399736406
706,x,50,7,7,0.471446170054316
706,y,2,1,1,2.54193201903602
706,y,3,1,-1,0.620142345371272
706,y,6,2,-2,-2.79587545573013
706,y,7,3,1,-1.01366841127636
706,y,8,3,-1,0.241072590179621
706,y,10,3,3,1.35381273015891
706,y,11,3,-3,1.46246884870534
706,y,13,4,-2,0.112769004134642
706,y,14,5,1,-0.622904266118155
706,y,15,5,-1,0.155769029350226
706,y,19,5,3,0.13656435555211
706,y,20,5,-3,0.158528591684393
706,y,21,6,2,0.754345983743683
706,y,22,6,-2,-0.40532444490916
706,y,28,6,4,-0.603865844087946
706,y,31,7,-3,0.527236824173615
706,y,39,7,5,0.000898461439909053
706,y,40,7,-5,0.567881578124314
707,x,2,1,1,5.00477911941084
707,x,7,3,1,-0.376502347653589
707,x,8,3,-1,0.0981511978308185
707,x,10,3,3,1.01292636532859
707,x,11,3,-3,-0.0885587377927611
707,x,16,6,0,0.333743554842971
707,x,17,4,4,-0.36035381905297
707,x,18,4,-4,-0.498639105821815
707,x,21,6,2,-0.546076870407744
707,x,22,6,-2,0.664997451268992
707,x,28,6,4,1.4328465182318
707,x,29,6,-4,0.627668606551262
707,x,37,6,6,1.37953054587691
707,x,38,6,-6,0.81527752189821
707,x,51,7,-7,-0.00787140753688522
707,y,1,0,0,-1.62150818836412
707,y,2,1,1,1.89332664010966
707,y,3,1,-1,0.541515849594833
707,y,5,2,2,0.0255272224253193
707,y,6,2,-2,2.9721628459507
707,y,8,3,-1,1.14971122049475
707,y,10,3,3,1.37593311951116
707,y,13,4,-2,-0.219817969507193
707,y,14,5,1,0.130224153620189
707,y,15,5,-1,-0.488579846381439
707,y,16,6,0,-0.676877912522702
707,y,18,4,-4,-1.29558947968082
707,y,28,6,4,0.0027949785630796
707,y,30,7,3,-0.191786554117499
707,y,31,7,-3,-0.16182693842146
707,y,37,6,6,0.0819655443524105
707,y,39,7,5,-0.0378663777957281
707,y,50,7,7,-0.647603435099263
708,x,7,3,1,-2.06712127848027
708,x,9,4,0,-0.877829641629443
708,x,10,3,3,-0.506630875485101
708,x,14,5,1,0.680536973427545
708,x,15,5,-1,0.67850387409469
708,x,16,6,0,1.07113492113416
708,x,18,4,-4,-0.582629439757939
708,x,19,5,3,0.00393352225091514
708,x,20,5,-3,0.105412730866808
708,x,21,6,2,0.827663899712202
708,x,22,6,-2,-0.802429727294154
708,x,26,5,5,-0.228698774233935
708,x,28,6,4,0.417073222624403
708,x,29,6,-4,0.00862073645867739
708,x,37,6,6,-0.365923395369361
708,x,38,6,-6,0.346021870955343
708,x,39,7,5,-0.112573840521028
708,x,40,7,-5,0.342393972695271
708,x,50,7,7,0.553786258626249
708,x,51,7,-7,-0.0706832252320507
708,y,1,0,0,-0.250423602213754
708,y,3,1,-1,-0.74863784957737
708,y,4,2,0,2.34739894134941
708,y,5,2,2,-0.884580944906162
708,y,8,3,-1,1.10803572121902
708,y,9,4,0,-0.839826970277602
708,y,15,5,-1,0.0171708051824245
708,y,22,6,-2,0.0773721847425643
708,y,26,5,5,-0.69282157243843
708,y,30,7,3,-0.051617428314353
708,y,31,7,-3,-0.142458771866295
708,y,37,6,6,-0.0474160904649968
708,y,39,7,5,-0.553435712892013
709,x,4,2,0,1.25475927722896
709,x,5,2,2,-0.927860376351595
709,x,7,3,1,0.573704295686238
709,x,12,4,2,0.990415078201145
709,x,13,4,-2,-1.04253056674066
709,x,17,4,4,0.570797472441711
709,x,21,6,2,0.284729489359337
709,x,22,6,-2,1.00979606852756
709,x,29,6,-4,-0.197272460365269
709,x,31,7,-3,0.144173078260571
709,x,37,6,6,-0.0804544511797422
709,x,50,7,7,-0.957633004343784
709,x,51,7,-7,0.459068168341721
709,y,2,1,1,1.98075597239684
709,y,6,2,-2,-1.01348801695029
709,y,8,3,-1,0.410604082870983
709,y,10,3,3,-1.29787053887151
709,y,12,4,2,-0.129017375585558
709,y,15,5,-1,0.277888932441138
709,y,18,4,-4,0.0111706692381596
709,y,19,5,3,0.307225966725005
709,y,21,6,2,0.154141977658668
709,y,30,7,3,-0.456102323466751
709,y,38,6,-6,0.249046757406383
709,y,40,7,-5,0.382762791029144
709,y,50,7,7,-0.389027411024668
710,x,2,1,1,-1.83385910546686
710,x,3,1,-1,-1.29632373570107
710,x,4,2,0,-1.39059451203966
710,x,7,3,1,0.443317146583875
710,x,8,3,-1,0.345438853373174
710,x,9,4,0,0.197215809223116
710,x,11,3,-3,0.81434634795127
710,x,14,5,1,-0.733433345346257
710,x,15,5,-1,-0.210609253089849
710,x,16,6,0,0.456222736040331
710,x,18,4,-4,-0.554297203919731
710,x,19,5,3,-0.0895524869134725
710,x,20,5,-3,0.359631342610578
710,x,21,6,2,0.231438973846395
710,x,26,5,5,0.644350712221275
710,x,29,6,-4,-0.274356576825626
710,x,37,6,6,0.252203145101779
710,x,38,6,-6,0.649235918982054
710,x,39,7,5,-1.09813620547381
710,x,40,7,-5,0.0360533937261042
710,y,1,0,0,2.22349330112418
710,y,2,1,1,1.54008923730128
710,y,3,1,-1,-0.371011385466072
710,y,5,2,2,-1.46225137719129
710,y,8,3,-1,0.778143981332913
710,y,9,4,0,-1.10197279765272
710,y,10,3,3,-1.3824567563368
710,y,11,3,-3,-1.10056893512225
710,y,13,4,-2,0.635115484053579
710,y,15,5,-1,-0.26046065566226
710,y,18,4,-4,-0.0255245938708413
710,y,21,6,2,0.584952895786331
710,y,22,6,-2,-0.21146523102198
710,y,24,7,-1,0.198981101669273
710,y,27,5,-5,-1.42208318722981
710,y,28,6,4,-0.309757559805747
710,y,30,7,3,-0.665216089728319
710,y,38,6,-6,-0.175678346694069
710,y,39,7,5,0.693647941783003
710,y,40,7,-5,-0.24600525188732
711,x,2,1,1,0.320984470490242
711,x,4,2,0,2.01666991160695
711,x,7,3,1,0.918344403061777
711,x,8,3,-1,0.0721295843245457
711,x,9,4,0,-0.235943964623675
711,x,14,5,1,0.182411708385386
711,x,20,5,-3,0.271318420917147
711,x,23,7,1,-0.374584470501431
711,x,27,5,-5,-0.838634526240241
711,x,38,6,-6,0.560257463877989
711,x,51,7,-7,0.346857601822069
711,y,3,1,-1,-5.75678135056397
711,y,7,3,1,0.240157004065243
711,y,8,3,-1,-0.526114297829838
711,y,12,4,2,0.0669791424344636
711,y,14,5,1,-0.769839977553916
711,y,15,5,-1,-0.064023121346847
711,y,17,4,4,0.0371460714765756
711,y,21,6,2,0.301081210828438
711,y,26,5,5,0.0721912599397299
711,y,27,5,-5,0.626085825635864
711,y,28,6,4,0.356065023887193
711,y,30,7,3,0.217326640708818
711,y,31,7,-3,-0.765821674899085
711,y,37,6,6,0.099125056125842
711,y,38,6,-6,0.417825525299538
711,y,39,7,5,-0.228355463406485
711,y,50,7,7,0.473922917235949
711,y,51,7,-7,0.313673216969394
712,x,3,1,-1,-2.94392244201057
712,x,7,3,1,-0.0640626175183373
712,x,12,4,2,-0.346674867237526
712,x,14,5,1,0.151451383055893
712,x,19,5,3,-0.0447705198694467
712,x,21,6,2,-0.188982948077691
712,x,23,7,1,0.578233671953644
712,x,26,5,5,1.28371973887047
712,x,27,5,-5,-0.771271571799266
712,x,31,7,-3,-0.751758175065924
712,x,37,6,6,-0.341572299898389
712,x,40,7,-5,0.188038701441123
712,x,50,7,7,0.217745791756581
712,x,51,7,-7,-0.301105305240038
712,y,2,1,1,-0.576249813125914
712,y,3,1,-1,-0.328593444725486
712,y,5,2,2,-0.515822555865737
712,y,6,2,-2,1.18888531169912
712,y,10,3,3,1.89808242353438
712,y,17,4,4,0.706907395341486
712,y,19,5,3,-0.585949926316826
712,y,20,5,-3,-0.874416723239055
712,y,28,6,4,0.200073426320626
712,y,30,7,3,0.0243547016431022
712,y,31,7,-3,0.0413132974196698
712,y,39,7,5,0.0616917210095327
712,y,50,7,7,-0.906127743106341
713,x,2,1,1,0.400688477749034
713,x,6,2,-2,-1.33865376529515
713,x,11,3,-3,-1.49827790248435
713,x,15,5,-1,0.705745543700444
713,x,16,6,0,0.984991928674811
713,x,18,4,-4,-1.39850395100091
713,x,22,6,-2,0.752616938606769
713,x,23,7,1,-0.284167459297627
713,x,28,6,4,0.990313958480632
713,x,37,6,6,-0.941806299237241
713,y,8,3,-1,2.20584087194879
713,y,11,3,-3,-0.567175424310453
713,y,13,4,-2,1.34425915684235
713,y,16,6,0,0.227059535696526
713,y,17,4,4,0.0845657921923624
713,y,19,5,3,-0.350143749356696
713,y,20,5,-3,-2.32162812565477
713,y,21,6,2,-0.534602684307187
713,y,24,7,-1,-0.385413992810946
713,y,28,6,4,0.82573767755417
713,y,30,7,3,-0.271433818575474
713,y,37,6,6,0.126920713474963
713,y,38,6,-6,-0.806264828034582
714,x,3,1,-1,3.57616326195474
714,x,4,2,0,-0.238742360250001
714,x,5,2,2,0.910142204371358
714,x,7,3,1,-0.578133761616298
714,x,8,3,-1,0.874229372792296
714,x,9,4,0,0.756799874643043
714,x,10,3,3,0.404363705253326
714,x,13,4,-2,0.634190624579909
714,x,17,4,4,0.0746364317693289
714,x,19,5,3,0.878196098324144
714,x,21,6,2,-0.329538751560135
714,x,26,5,5,-0.163554213185893
714,x,29,6,-4,-0.733864274375629
714,x,30,7,3,0.0809701050259633
714,x,37,6,6,-0.529635925906581
714,x,38,6,-6,-0.313813848655018
714,y,4,2,0,2.50277430166604
714,y,5,2,2,2.09393803676821
714,y,7,3,1,0.0106298208516598
714,y,17,4,4,-1.55296414192589
714,y,21,6,2,0.59672574838185
714,y,22,6,-2,0.44872990667603
714,y,24,7,-1,0.0607054675724164
714,y,28,6,4,0.0596154433825716
714,y,29,6,-4,0.121607323279877
714,y,38,6,-6,-0.275817296719011
714,y,51,7,-7,0.215538060904948
715,x,1,0,0,-1.16519876507912
715,x,3,1,-1,-0.400534435379998
715,x,4,2,0,-0.984443036606233
715,x,5,2,2,-0.148873767833078
715,x,10,3,3,-0.381522168478496
715,x,13,4,-2,0.625114260061479
715,x,20,5,-3,1.00155853025756
715,x,21,6,2,0.110191859573074
715,x,27,5,-5,0.692103178787061
715,x,28,6,4,-0.5366842426286
715,x,29,6,-4,-0.175777443835734
715,x,38,6,-6,0.651840362470953
715,x,39,7,5,-0.0237303161054221
715,y,2,1,1,-5.16338419547157
715,y,6,2,-2,3.0151105402254
715,y,7,3,1,1.00985290401277
715,y,9,4,0,1.3947087103218
715,y,10,3,3,2.26797873322946
715,y,12,4,2,1.6079655147982
715,y,13,4,-2,0.0552551857621024
715,y,15,5,-1,0.301295446715068
715,y,20,5,-3,-0.371990311286674
715,y,22,6,-2,-0.426842508856549
715,y,23,7,1,0.400956973667185
715,y,24,7,-1,-0.322968482477433
715,y,30,7,3,0.547177573036052
715,y,37,6,6,-0.127516529052861
715,y,38,6,-6,-0.761009956051438
715,y,50,7,7,-0.487281606421788
715,y,51,7,-7,-0.0489026890270646
716,x,2,1,1,-2.71344354358957
716,x,3,1,-1,1.11065468916416
716,x,4,2,0,-3.18438690269444
716,x,5,2,2,0.127820087867763
716,x,8,3,-1,0.125656217787513
716,x,13,4,-2,-1.40419945897055
716,x,15,5,-1,-0.0331950170041864
716,x,16,6,0,0.333889012990451
716,x,17,4,4,-0.412625344943938
716,x,18,4,-4,0.985017635493747
716,x,21,6,2,-0.203308161734304
716,x,24,7,-1,-0.3210776520257
716,x,26,5,5,1.02222862118643
716,x,27,5,-5,-0.0313862181183594
716,x,28,6,4,-0.105462451044815
716,x,37,6,6,0.0463566496353332
716,x,38,6,-6,0.283383603131863
716,y,1,0,0,2.08954817821202
716,y,2,1,1,0.589905076212396
716,y,5,2,2,-1.95222652960957
716,y,6,2,-2,-2.49851386520669
716,y,7,3,1,1.26802720322684
716,y,9,4,0,1.47110197483889
716,y,11,3,-3,-0.634061328947394
716,y,12,4,2,1.03744622855581
716,y,13,4,-2,-1.06337188974961
716,y,14,5,1,0.231896886552819
716,y,23,7,1,0.550273491213119
716,y,27,5,-5,1.22021399749728
716,y,30,7,3,-0.543977218974143
716,y,31,7,-3,-0.223247562377425
716,y,38,6,-6,-0.189914135810924
716,y,40,7,-5,0.090796526072419
716,y,50,7,7,0.221840831724462
717,x,2,1,1,-2.75469907952501
717,x,5,2,2,-2.1973760088564
717,x,9,4,0,0.824388101122469
717,x,13,4,-2,-0.425159812771782
717,x,15,5,-1,-0.621142243189069
717,x,19,5,3,0.194282067959686
717,x,21,6,2,-0.424882129793715
717,x,22,6,-2,0.557126098435133
717,x,26,5,5,0.320653058622863
717,x,29,6,-4,0.10852183120306
717,x,30,7,3,-0.283996154674374
717,x,37,6,6,-0.366428598931215
717,x,39,7,5,-0.378751589309152
717,x,40,7,-5,0.0274712822972994
717,x,50,7,7,0.80965425022001
717,y,1,0,0,-5.9190592187722
717,y,2,1,1,-1.7249722739783
717,y,3,1,-1,-1.87533467778102
717,y,4,2,0,0.755553237682764
717,y,5,2,2,0.388966349554869
717,y,7,3,1,-0.380930038013288
717,y,9,4,0,0.74026841922331
717,y,13,4,-2,0.959112268658228
717,y,14,5,1,0.914671739675108
717,y,15,5,-1,-0.221490081808833
717,y,23,7,1,0.175572154355161
717,y,24,7,-1,0.401860161243288
717,y,26,5,5,-0.0202626022431552
717,y,29,6,-4,0.371614670975745
717,y,30,7,3,-0.254622493359103
717,y,37,6,6,0.357513371631616
717,y,39,7,5,-0.797537735917169
717,y,40,7,-5,0.661075307683936
717,y,51,7,-7,0.491517095570385
718,x,1,0,0,4.4051854901058
718,x,3,1,-1,-2.15638840283988
718,x,13,4,-2,-0.45786963329237
718,x,15,5,-1,-0.570048438331062
718,x,16,6,0,0.761129808037368
718,x,19,5,3,0.199476343489049
718,x,20,5,-3,0.664357850912349
718,x,21,6,2,0.246387616377721
718,x,23,7,1,-0.638897104743784
718,x,26,5,5,-1.02847631372142
718,x,28,6,4,0.616168850375371
718,x,30,7,3,-0.399231856488364
718,x,31,7,-3,0.592017065402426
718,x,37,6,6,-0.247578856845298
718,x,38,6,-6,0.959080747305815
718,x,40,7,-5,-0.08422261790493
718,x,50,7,7,-0.243658490325597
718,y,1,0,0,-0.0623696117057845
718,y,2,1,1,4.08979390609617
718,y,5,2,2,-1.71658536627146
718,y,6,2,-2,-1.01886710789473
718,y,8,3,-1,-2.3854635737339
718,y,9,4,0,-0.561177282058235
718,y,13,4,-2,-0.132808684252359
718,y,14,5,1,-0.837735208903409
718,y,16,6,0,0.0661216542113201
718,y,17,4,4,0.29814432698559
718,y,18,4,-4,-0.174441421782374
718,y,20,5,-3,-0.553457968898968
718,y,21,6,2,0.347067627849238
718,y,22,6,-2,0.58099401639591
718,y,26,5,5,0.891036830061226
718,y,31,7,-3,-0.0711840333310811
718,y,38,6,-6,-0.0260978964387
718,y,39,7,5,-0.558766332103501
719,x,4,2,0,1.72273939554471
719,x,7,3,1,-0.0681764720430325
719,x,8,3,-1,-1.25619408675789
719,x,9,4,0,0.3912137831109
719,x,10,3,3,-0.224947608321081
719,x,11,3,-3,-2.04755457291107
719,x,12,4,2,-0.746785834035298
719,x,20,5,-3,-0.549205382432348
719,x,28,6,4,-1.36005920402367
719,x,29,6,-4,-0.148690804889613
719,x,37,6,6,0.126145010040042
719,x,40,7,-5,0.515052817882749
719,x,51,7,-7,0.504331336018735
719,y,1,0,0,3.53305587160651
719,y,2,1,1,-2.76371283598474
719,y,3,1,-1,-3.36490093970453
719,y,4,2,0,-1.8228408026797
719,y,8,3,-1,0.336676630915688
719,y,9,4,0,-0.919955087568223
719,y,10,3,3,-0.515061966880733
719,y,12,4,2,0.273483755545779
719,y,14,5,1,-0.446002582909965
719,y,16,6,0,0.104628862837437
719,y,17,4,4,-1.38466244608036
719,y,22,6,-2,1.02608597518718
719,y,24,7,-1,0.384305738675901
719,y,27,5,-5,-0.693895166890997
719,y,28,6,4,0.1961172350759
719,y,29,6,-4,-0.483074762523266
719,y,31,7,-3,1.11345008447134
719,y,38,6,-6,-0.262127274889199
719,y,39,7,5,-0.504767315976558
719,y,51,7,-7,-0.51683906952213
720,x,1,0,0,-4.57175563472317
720,x,4,2,0,0.193102793498388
720,x,5,2,2,-1.10930744948252
720,x,6,2,-2,-0.27440022841107
720,x,9,4,0,-0.0307129279253169
720,x,10,3,3,-0.0488317831852551
720,x,12,4,2,0.12057609620063
720,x,13,4,-2,-0.265176772920205
720,x,16,6,0,0.418117226261931
720,x,18,4,-4,0.388771370518953
720,x,19,5,3,-0.0156500049317639
720,x,22,6,-2,1.02148657688401
720,x,23,7,1,0.407717242310373
720,x,27,5,-5,-0.115450350118174
720,x,29,6,-4,-0.0963201490800133
720,x,38,6,-6,-1.36769933237481
720,x,40,7,-5,0.444774357772437
720,x,51,7,-7,-0.445151693022326
720,y,1,0,0,1.82358455456928
720,y,2,1,1,4.41733764113186
720,y,3,1,-1,-0.655027915558473
720,y,9,4,0,1.06942124101205
720,y,10,3,3,1.82553435663742
720,y,15,5,-1,0.469332725810588
720,y,17,4,4,-1.63127022958604
720,y,18,4,-4,-1.18356321939834
720,y,19,5,3,-0.0437799540962966
720,y,20,5,-3,-0.543301280644244
720,y,22,6,-2,-1.26238157929481
720,y,23,7,1,-0.0291699901826355
720,y,26,5,5,-0.657722434314368
720,y,27,5,-5,0.844520516122
720,y,30,7,3,0.611441228479359
720,y,38,6,-6,0.663215735275999
720,y,39,7,5,-0.131254990071031
720,y,40,7,-5,0.736174418302355
720,y,50,7,7,-0.475185223532696
721,x,1,0,0,3.78676267793429
721,x,4,2,0,-0.0557076326089455
721,x,5,2,2,-0.952046223609506
721,x,9,4,0,0.317858853553915
721,x,13,4,-2,0.265963538383784
721,x,14,5,1,-0.371225959994176
721,x,17,4,4,0.650213670356331
721,x,20,5,-3,0.461465435350817
721,x,21,6,2,0.506225701138431
721,x,23,7,1,-0.539463002115588
721,x,26,5,5,0.14857064846821
721,x,28,6,4,-0.371865469368878
721,x,39,7,5,0.175250493411539
721,x,40,7,-5,-0.657603345764659
721,x,51,7,-7,-0.406974741145486
721,y,1,0,0,-1.56316267909893
721,y,3,1,-1,-3.06553794264299
721,y,4,2,0,-1.18626486302655
721,y,7,3,1,-0.110729181724652
721,y,8,3,-1,0.80978872145789
721,y,10,3,3,0.1497397342402
721,y,16,6,0,1.03325121059579
721,y,17,4,4,-0.310045583872988
721,y,19,5,3,-1.22156305870411
721,y,37,6,6,-0.423701083638509
721,y,39,7,5,0.00892714400297995
721,y,51,7,-7,-0.838080270736333
722,x,2,1,1,2.58537537218181
722,x,6,2,-2,-3.35650168263341
722,x,10,3,3,0.254562480497529
722,x,14,5,1,0.460374851103151
722,x,17,4,4,-0.068447284841788
722,x,18,4,-4,0.482553076256524
722,x,23,7,1,0.185249933199862
722,x,27,5,-5,0.115772764649155
722,x,30,7,3,-0.214645430767664
722,x,51,7,-7,-0.580631066298658
722,y,1,0,0,4.31466267645835
722,y,2,1,1,2.8289227889091
722,y,7,3,1,1.03392120003982
722,y,12,4,2,0.955202934225487
722,y,13,4,-2,0.452989441660109
722,y,16,6,0,-0.255589917060451
722,y,20,5,-3,-0.391287373773015
722,y,27,5,-5,-0.0691909156929923
722,y,28,6,4,-0.619453915438947
722,y,30,7,3,-0.538991344299043
723,x,1,0,0,1.88142927845843
723,x,3,1,-1,3.22496869045992
723,x,4,2,0,1.25502136846513
723,x,5,2,2,-0.518490875172669
723,x,6,2,-2,-0.449890144471732
723,x,7,3,1,1.52940743596286
723,x,9,4,0,0.0726903913487029
723,x,12,4,2,1.59709088797206
723,x,14,5,1,-0.70653927076417
723,x,15,5,-1,-0.681775492621894
723,x,17,4,4,0.760154279900212
723,x,19,5,3,0.379310533740246
723,x,22,6,-2,-0.0632571851423696
723,x,24,7,-1,0.389475402716957
723,x,26,5,5,-0.258265286827038
723,x,27,5,-5,0.0359091015084763
723,x,31,7,-3,-0.18284488907036
723,x,38,6,-6,0.216336543966461
723,x,40,7,-5,-0.291567494585509
723,x,51,7,-7,-0.978392811529453
723,y,1,0,0,-3.62631623389451
723,y,3,1,-1,3.85972884397606
723,y,4,2,0,2.46355936551477
723,y,9,4,0,-0.559332727818305
723,y,10,3,3,-0.7031981708
723,y,14,5,1,-0.563826565318346
723,y,15,5,-1,0.83846118197379
723,y,16,6,0,0.152696998202485
723,y,17,4,4,0.0911066269956031
723,y,21,6,2,-0.137073466276321
723,y,24,7,-1,-0.742233017187275
723,y,26,5,5,-0.361295733426866
723,y,27,5,-5,0.769427949034844
723,y,28,6,4,-1.41076333627461
723,y,31,7,-3,-0.00789396267251076
723,y,38,6,-6,0.207682207658072
723,y,40,7,-5,-0.328380750111065
723,y,51,7,-7,-0.0294955670255385
724,x,2,1,1,4.56674985413414
724,x,3,1,-1,1.10767020585116
724,x,4,2,0,-0.383303009801524
724,x,7,3,1,0.472945029039461
724,x,11,3,-3,1.75129203685747
724,x,12,4,2,1.17283869839763
724,x,14,5,1,0.598936072414239
724,x,15,5,-1,0.0334175885024234
724,x,16,6,0,-0.101710785007508
724,x,18,4,-4,-1.05196308719426
724,x,19,5,3,-0.452691773015055
724,x,21,6,2,-0.351623747092252
724,x,24,7,-1,-0.358714893759595
724,x,26,5,5,-0.209006537194696
724,x,27,5,-5,-0.307636876405726
724,x,28,6,4,1.19742118712091
724,x,30,7,3,0.934824444786329
724,x,37,6,6,-0.700457448457419
724,x,51,7,-7,0.106394122116054
724,y,11,3,-3,-0.539101101582355
724,y,14,5,1,-0.601313767849001
724,y,18,4,-4,-1.34904418248466
724,y,27,5,-5,-0.784185124494879
724,y,28,6,4,2.27125401978778
724,y,30,7,3,0.148062644298722
724,y,37,6,6,1.56727679215064
724,y,40,7,-5,0.905600441846815
724,y,50,7,7,-0.429479303683967
724,y,51,7,-7,0.408855436645082
725,x,2,1,1,1.42095188668169
725,x,4,2,0,-0.727024959931722
725,x,6,2,-2,-1.59510052619289
725,x,9,4,0,-0.939292420623929
725,x,12,4,2,1.01655206225656
725,x,14,5,1,0.0724451968353588
725,x,16,6,0,-0.417625642196265
725,x,24,7,-1,0.826340955965365
725,x,26,5,5,-0.42676802136162
725,x,31,7,-3,0.00188261989297256
725,y,1,0,0,0.708759911985723
725,y,2,1,1,1.03215898643038
725,y,7,3,1,0.606003185124554
725,y,8,3,-1,0.446285117023714
725,y,10,3,3,-1.3776072336377
725,y,13,4,-2,0.164955874259142
725,y,15,5,-1,0.174282257730554
725,y,16,6,0,-0.389390101297961
725,y,17,4,4,2.25157654398273
725,y,22,6,-2,0.121826273100615
725,y,24,7,-1,0.894504515192875
725,y,30,7,3,-0.358774547119301
725,y,37,6,6,0.431110213636436
725,y,39,7,5,0.144531110221955
725,y,50,7,7,-0.728746453619223
725,y,51,7,-7,0.587648375646461
726,x,4,2,0,0.295951710138946
726,x,10,3,3,-1.56987119903189
726,x,13,4,-2,-0.0202499987282089
726,x,15,5,-1,2.18413763017882
726,x,17,4,4,0.67000134100897
726,x,21,6,2,1.31456814660642
726,x,22,6,-2,0.832869220233647
726,x,23,7,1,-0.662021395806884
726,x,24,7,-1,-0.526092769087559
726,x,37,6,6,-1.09574138199891
726,x,38,6,-6,-0.484445321206351
726,y,2,1,1,1.24467854701376
726,y,7,3,1,0.374444683581304
726,y,8,3,-1,0.223758666245844
726,y,13,4,-2,0.314123627151149
726,y,14,5,1,0.0804796295409789
726,y,16,6,0,0.308242976014589
726,y,17,4,4,-0.569688623500023
726,y,18,4,-4,0.292681241428818
726,y,19,5,3,-0.692094894894928
726,y,20,5,-3,0.244338077230827
726,y,23,7,1,0.0414272553212067
726,y,26,5,5,2.18014746516825
726,y,27,5,-5,1.45811710952464
726,y,29,6,-4,0.282905975357625
726,y,31,7,-3,-0.264630538963021
726,y,37,6,6,-0.945246308779125
726,y,38,6,-6,-0.0467944875377279
726,y,39,7,5,0.979420865449213
726,y,50,7,7,-0.199569152893163
726,y,51,7,-7,0.095014856112678
727,x,1,0,0,-0.821747175413985
727,x,3,1,-1,6.21876545500975
727,x,4,2,0,2.65151976647925
727,x,5,2,2,1.40842091122588
727,x,10,3,3,0.669897872477363
727,x,11,3,-3,-1.09361367584723
727,x,12,4,2,0.634231825305026
727,x,13,4,-2,-0.312622785109155
727,x,15,5,-1,-0.211966192146971
727,x,16,6,0,-0.318042675485359
727,x,17,4,4,-0.851295401336041
727,x,20,5,-3,0.207354878213364
727,x,21,6,2,-0.764186378724715
727,x,23,7,1,0.183880017823365
727,x,28,6,4,1.11134974403634
727,x,29,6,-4,0.660812690280665
727,x,30,7,3,-0.366027842064611
727,x,50,7,7,-0.245534118503413
727,x,51,7,-7,0.0577544831841142
727,y,1,0,0,-1.56275567366204
727,y,2,1,1,-0.00269460556276855
727,y,7,3,1,-0.250700162087554
727,y,8,3,-1,0.167841282387589
727,y,9,4,0,0.21654137296624
727,y,13,4,-2,-0.0228267849153238
727,y,19,5,3,0.304096100644183
727,y,22,6,-2,-0.0984578562802606
727,y,24,7,-1,-0.275292052497182
727,y,26,5,5,0.00114535074325699
727,y,28,6,4,-0.249473969580811
727,y,31,7,-3,0.0892867022291994
727,y,37,6,6,0.271739452068952
727,y,38,6,-6,0.0396653753837308
728,x,1,0,0,0.12638186196403
728,x,2,1,1,-3.94640953439041
728,x,3,1,-1,-0.824546961026439
728,x,5,2,2,-3.36795398775632
728,x,11,3,-3,-2.03153982033355
728,x,12,4,2,0.47428598901428
728,x,13,4,-2,0.291860761119257
728,x,14,5,1,-0.076551005895838
728,x,16,6,0,-0.167507031670757
728,x,24,7,-1,0.392986969509028
728,x,27,5,-5,-0.943664843789237
728,x,28,6,4,0.251670898959357
728,x,30,7,3,-0.34751043645216
728,x,37,6,6,0.633357512075525
728,y,1,0,0,-1.7864558278957
728,y,5,2,2,-0.529920816855975
728,y,9,4,0,-0.918249491586855
728,y,13,4,-2,-0.813130416810838
728,y,20,5,-3,0.780974451266821
728,y,23,7,1,0.0514306513783477
728,y,24,7,-1,-0.494950849923691
728,y,27,5,-5,-0.026955666676126
728,y,30,7,3,-0.14221748507036
728,y,37,6,6,0.486134414063925
728,y,40,7,-5,-0.398375841553014
728,y,50,7,7,-0.710670208153493
728,y,51,7,-7,0.0789982781960962
729,x,2,1,1,0.921141611777728
729,x,3,1,-1,-2.17913373754559
729,x,5,2,2,-1.46599061243395
729,x,6,2,-2,-0.868998894233011
729,x,7,3,1,1.05342460890849
729,x,8,3,-1,0.242997529011449
729,x,10,3,3,0.766452684840353
729,x,11,3,-3,-0.245976890159497
729,x,12,4,2,-0.648826526033656
729,x,13,4,-2,-0.551158490842681
729,x,14,5,1,-0.266086302436146
729,x,17,4,4,0.155138073170354
729,x,19,5,3,-0.988779193106307
729,x,21,6,2,1.28038793260087
729,x,23,7,1,0.094157851242731
729,x,27,5,-5,0.43257905243885
729,x,28,6,4,0.327463908250206
729,x,31,7,-3,0.442680640743433
729,x,40,7,-5,0.480820426905856
729,x,50,7,7,-0.246397862090369
729,y,1,0,0,0.984941151769971
729,y,3,1,-1,-0.440219666111423
729,y,5,2,2,-1.09610382542033
729,y,9,4,0,0.297621784289382
729,y,12,4,2,-0.503425793760371
729,y,13,4,-2,0.229870762056345
729,y,15,5,-1,-0.0402042160343254
729,y,16,6,0,-0.85614963036442
729,y,18,4,-4,-0.724178355292625
729,y,19,5,3,0.385508585357784
729,y,21,6,2,-0.470897296608061
729,y,23,7,1,0.358249165288671
729,y,27,5,-5,0.384523636096006
729,y,28,6,4,0.317058129103813
729,y,29,6,-4,0.141530630351354
729,y,30,7,3,-0.777436804930373
729,y,39,7,5,-0.170973593919841
729,y,40,7,-5,1.12627549325613
729,y,50,7,7,-0.1090381006803
729,y,51,7,-7,0.211826863321355
730,x,4,2,0,-2.46191557336065
730,x,5,2,2,-2.83813962706763
730,x,7,3,1,-2.04523649022671
730,x,8,3,-1,1.2285285201443
730,x,9,4,0,-0.162909368104518
730,x,12,4,2,-0.552233106890395
730,x,13,4,-2,-0.320845918079972
730,x,16,6,0,0.0912307350652351
730,x,18,4,-4,0.12413755085972
730,x,19,5,3,-0.493040526039318
730,x,21,6,2,0.89201824174671
730,x,22,6,-2,-0.361456019273818
730,x,28,6,4,-0.26630831900906
730,x,29,6,-4,-0.276176539136525
730,x,31,7,-3,0.525990211571324
730,x,37,6,6,-1.02889925462811
730,x,38,6,-6,-0.68385318353656
730,y,3,1,-1,2.63111393088658
730,y,5,2,2,-2.04377124777063
730,y,9,4,0,-0.428853373240956
730,y,10,3,3,1.04436448442305
730,y,12,4,2,0.122059801406821
730,y,18,4,-4,0.44164844394545
730,y,26,5,5,0.414495170859491
730,y,30,7,3,-0.27601783445678
730,y,31,7,-3,0.197137202718215
730,y,37,6,6,-0.384622153442214
730,y,39,7,5,-0.308719110056827
730,y,40,7,-5,0.807704657002842
730,y,50,7,7,0.341281481156138
731,x,1,0,0,-6.92314456329459
731,x,2,1,1,7.11283907300062
731,x,6,2,-2,-2.12073061457791
731,x,7,3,1,-0.88670302479045
731,x,8,3,-1,1.07083282235339
731,x,9,4,0,-0.335149344455061
731,x,13,4,-2,0.126971434427886
731,x,14,5,1,-1.30921253173145
731,x,15,5,-1,-0.893560269603962
731,x,16,6,0,0.129959108324707
731,x,17,4,4,-1.53038456886659
731,x,18,4,-4,-0.241051670280549
731,x,22,6,-2,-0.31313635862578
731,x,24,7,-1,-0.00440925833294342
731,x,27,5,-5,0.221501875723722
731,x,31,7,-3,0.69810399858755
731,x,40,7,-5,-0.122418166369863
731,x,51,7,-7,-0.674058844241555
731,y,2,1,1,1.26322197806562
731,y,11,3,-3,0.0606249781533415
731,y,13,4,-2,1.5490631431796
731,y,16,6,0,0.514056528919867
731,y,19,5,3,0.968499957443036
731,y,21,6,2,-0.21228447134078
731,y,22,6,-2,0.213707234574915
731,y,29,6,-4,-1.34985309288262
731,y,31,7,-3,0.286326063876698
731,y,37,6,6,-0.294510329244298
731,y,40,7,-5,0.861003485822359
731,y,51,7,-7,1.15721155024876
732,x,1,0,0,1.1213589258339
732,x,4,2,0,-2.38167294144841
732,x,5,2,2,-0.661291765557046
732,x,6,2,-2,-2.45407938823641
732,x,7,3,1,-1.20780093201793
732,x,8,3,-1,-0.0804823669891854
732,x,11,3,-3,-0.7681358084119
732,x,15,5,-1,-0.440026872032659
732,x,17,4,4,0.931163622808189
732,x,19,5,3,-0.583913706193063
732,x,20,5,-3,-0.806688251886849
732,x,21,6,2,-0.392529493282136
732,x,23,7,1,-0.287770106060447
732,x,24,7,-1,-0.267888459736107
732,x,26,5,5,0.283301687103938
732,x,30,7,3,-0.817664359759669
732,x,37,6,6,1.09195665778701
732,x,38,6,-6,0.0521291049221284
732,x,39,7,5,0.0997399395164781
732,y,2,1,1,-3.34445355335658
732,y,3,1,-1,-2.90956402440289
732,y,4,2,0,0.98649497191385
732,y,8,3,-1,2.16359370675037
732,y,9,4,0,0.543145104514912
732,y,10,3,3,-1.87956329778527
732,y,11,3,-3,0.279585589335699
732,y,13,4,-2,0.690369859407648
732,y,16,6,0,-0.236210986708107
732,y,17,4,4,-0.284693575908914
732,y,18,4,-4,-1.23794749408639
732,y,20,5,-3,0.399366066027306
732,y,27,5,-5,0.0645415683772848
732,y,29,6,-4,-0.965202232322364
732,y,30,7,3,-0.024693916963116
732,y,39,7,5,0.298289747108728
732,y,50,7,7,-0.108771157285783
733,x,2,1,1,1.1968439468501
733,x,3,1,-1,4.46845852126735
733,x,5,2,2,-0.687926082994564
733,x,7,3,1,0.323653043491032
733,x,8,3,-1,0.745213177449044
733,x,11,3,-3,0.711726222941744
733,x,13,4,-2,-1.63975117014618
733,x,17,4,4,-0.52646224548213
733,x,18,4,-4,-0.657986757208324
733,x,19,5,3,0.229489023759499
733,x,23,7,1,-0.131709577829535
733,x,24,7,-1,0.115654005736174
733,x,26,5,5,-0.784618301321716
733,x,29,6,-4,-0.295765399830453
733,x,30,7,3,-0.578754502749727
733,x,38,6,-6,-0.064927821931146
733,x,40,7,-5,0.431750950577751
733,x,51,7,-7,0.452242625334733
733,y,2,1,1,-1.22853354050973
733,y,8,3,-1,1.55666617293467
733,y,10,3,3,-0.877111323488833
733,y,11,3,-3,-1.25798935857887
733,y,14,5,1,0.476562547374587
733,y,17,4,4,0.318846851501358
733,y,18,4,-4,0.743352328851935
733,y,22,6,-2,0.377626602650742
733,y,30,7,3,0.907921620978386
733,y,40,7,-5,-1.05992630132343
733,y,51,7,-7,-0.759473863915497
734,x,1,0,0,1.73450851395507
734,x,5,2,2,-1.36501398244615
734,x,11,3,-3,0.860362797491287
734,x,15,5,-1,0.32662955920735
734,x,17,4,4,-1.00361622141183
734,x,20,5,-3,-0.112818247730952
734,x,27,5,-5,0.365847447313678
734,x,29,6,-4,-0.53215143970594
734,x,37,6,6,-0.399951538777312
734,x,50,7,7,-8.15631210838186e-05
734,x,51,7,-7,-0.515785610771896
734,y,1,0,0,6.30599288399563
734,y,2,1,1,3.10837199009582
734,y,3,1,-1,-0.179222849078187
734,y,5,2,2,0.683686713983537
734,y,6,2,-2,2.23411164125533
734,y,7,3,1,-1.35263270802693
734,y,8,3,-1,-0.134160592695834
734,y,10,3,3,-1.80170117561286
734,y,14,5,1,0.932652537430382
734,y,15,5,-1,0.149366358689823
734,y,16,6,0,-0.164845987750697
734,y,17,4,4,-0.16634170605692
734,y,18,4,-4,-0.503023579276892
734,y,23,7,1,-0.493799020210265
734,y,28,6,4,-0.128084349019087
734,y,29,6,-4,-0.997834245845156
734,y,30,7,3,0.645391743518843
734,y,31,7,-3,0.823088723124763
734,y,39,7,5,0.179893974439414
734,y,40,7,-5,0.516745689712913
735,x,2,1,1,2.9940741716073
735,x,4,2,0,0.256556201040107
735,x,7,3,1,0.136353913614863
735,x,12,4,2,0.267979328870151
735,x,16,6,0,0.273498220984211
735,x,19,5,3,0.0428449231016622
735,x,22,6,-2,0.440795790667611
735,x,26,5,5,0.743661990148684
735,x,27,5,-5,-0.282615285142091
735,x,30,7,3,0.309506679087823
735,x,37,6,6,-0.290152107366131
735,x,40,7,-5,0.0297046949369495
735,x,51,7,-7,-0.483830804824729
735,y,2,1,1,5.23641023733843
735,y,4,2,0,-3.03077081423485
735,y,6,2,-2,-1.48717255442927
735,y,7,3,1,0.284380712663246
735,y,9,4,0,-0.927679641133472
735,y,12,4,2,0.45809142014342
735,y,14,5,1,0.211375098270871
735,y,15,5,-1,0.0303893029286486
735,y,17,4,4,-0.847907891707805
735,y,18,4,-4,0.217024953426836
735,y,20,5,-3,-0.239798866719381
735,y,22,6,-2,0.401867032426666
735,y,23,7,1,-0.465651270901199
735,y,24,7,-1,-0.377591761075759
735,y,28,6,4,-0.801312010165926
735,y,31,7,-3,-0.644170125768634
735,y,37,6,6,0.741825169883016
735,y,40,7,-5,-0.593804924351487
735,y,50,7,7,0.962520704264735
736,x,1,0,0,-6.21589316110843
736,x,3,1,-1,4.1514963230986
736,x,4,2,0,-0.643802558940103
736,x,5,2,2,-0.178128177427073
736,x,11,3,-3,0.418929850587898
736,x,12,4,2,0.984753956534955
736,x,13,4,-2,0.656373282424541
736,x,19,5,3,-0.144210898416156
736,x,23,7,1,0.28333579090965
736,x,24,7,-1,-0.5802559011398
736,x,27,5,-5,-0.382742110578152
736,x,28,6,4,0.413136618811147
736,x,31,7,-3,0.328894435789989
736,x,37,6,6,0.525223929980531
736,x,38,6,-6,-0.175030555252016
736,y,3,1,-1,-1.87626649871245
736,y,7,3,1,0.355711925638325
736,y,8,3,-1,0.669004602348716
736,y,11,3,-3,0.818468400393315
736,y,13,4,-2,0.105871906502659
736,y,23,7,1,0.104913219066333
736,y,26,5,5,-0.904586354806587
736,y,31,7,-3,-0.42773282141372
736,y,37,6,6,-0.425527577575494
736,y,38,6,-6,0.147064868977303
737,x,2,1,1,-2.75356544080194
737,x,4,2,0,-2.22190374218461
737,x,7,3,1,-0.473099178042362
737,x,11,3,-3,-0.263904964498757
737,x,12,4,2,0.221552705737453
737,x,14,5,1,0.317372871551405
737,x,17,4,4,-0.152612974728241
737,x,22,6,-2,-0.43443342982437
737,x,23,7,1,0.147692104487258
737,x,26,5,5,0.775831651936665
737,x,28,6,4,0.180788423508809
737,x,30,7,3,-0.132575553030447
737,x,31,7,-3,0.327969296005632
737,x,37,6,6,0.378626036198299
737,x,38,6,-6,-0.91569281488213
737,x,51,7,-7,-0.118051407012456
737,y,6,2,-2,2.9222552250563
737,y,7,3,1,0.716494672097845
737,y,9,4,0,0.624247848596061
737,y,10,3,3,-0.671476372571819
737,y,11,3,-3,0.349178522617148
737,y,15,5,-1,0.662139319853926
737,y,16,6,0,-0.0445638732653384
737,y,18,4,-4,0.67326407270515
737,y,19,5,3,-0.712694586298376
737,y,22,6,-2,-0.610270114242866
737,y,23,7,1,1.18324382915936
737,y,26,5,5,-0.463780860919808
737,y,28,6,4,0.0814193966858262
737,y,30,7,3,-1.21633308047291
737,y,51,7,-7,-0.247635522433782
738,x,1,0,0,1.72963016142456
738,x,5,2,2,-0.746565873703119
738,x,8,3,-1,-1.57303884830847
738,x,10,3,3,0.258785546357812
738,x,11,3,-3,-1.32198668056989
738,x,12,4,2,0.944929971561316
738,x,15,5,-1,-0.176007640789686
738,x,16,6,0,0.0533467570270228
738,x,22,6,-2,-0.6826808475962
738,x,23,7,1,-0.202052223697534
738,x,24,7,-1,0.354164355412302
738,x,26,5,5,-0.151976061517823
738,x,31,7,-3,-0.407811805591366
738,x,39,7,5,0.31408255803404
738,x,40,7,-5,0.0880041044873237
738,y,1,0,0,1.77972382367105
738,y,2,1,1,3.67881228786659
738,y,5,2,2,1.65955255258807
738,y,7,3,1,0.14344606108209
738,y,9,4,0,0.793133757896641
738,y,10,3,3,-0.279070359928594
738,y,11,3,-3,-0.807458283814664
738,y,13,4,-2,0.713749117821729
738,y,17,4,4,-0.883071146563451
738,y,19,5,3,1.08629702452421
738,y,20,5,-3,-0.695165923203494
738,y,21,6,2,0.683568181132729
738,y,24,7,-1,0.363247598585642
738,y,26,5,5,0.308548278783598
738,y,28,6,4,-0.525065876404189
738,y,29,6,-4,0.188581851146719
738,y,38,6,-6,0.504639435416128
738,y,39,7,5,-0.440231427579255
738,y,40,7,-5,0.0456239328962434
739,x,2,1,1,1.11465754986545
739,x,4,2,0,-1.19380163603957
739,x,7,3,1,0.236562511246439
739,x,9,4,0,0.532335060514144
739,x,10,3,3,1.2991537607807
739,x,11,3,-3,-0.745107072638519
739,x,15,5,-1,-0.429434704411438
739,x,16,6,0,-0.546715559088609
739,x,17,4,4,1.10260091273671
739,x,18,4,-4,0.0150984116808827
739,x,23,7,1,-0.0808054610064762
739,x,26,5,5,0.995562416234817
739,x,28,6,4,0.287948321186887
739,x,30,7,3,-0.548820849878091
739,x,37,6,6,-0.277181218556282
739,x,50,7,7,0.329793558112473
739,x,51,7,-7,-0.650695777770653
739,y,2,1,1,1.36595320252284
739,y,3,1,-1,3.02039601737915
739,y,4,2,0,3.1422580890554
739,y,7,3,1,1.2601481360307
739,y,9,4,0,-0.0584238902205079
739,y,11,3,-3,1.73087013614389
739,y,20,5,-3,0.00764842022839083
739,y,21,6,2,-0.313400924933774
739,y,22,6,-2,0.329482853393042
739,y,23,7,1,-0.0368913820224243
739,y,24,7,-1,0.41089209386127
739,y,26,5,5,-0.196260477207979
739,y,27,5,-5,0.475602926326019
739,y,29,6,-4,0.832749283636047
739,y,31,7,-3,0.0154864929069922
739,y,38,6,-6,0.839273210600435
739,y,51,7,-7,0.323981050108757
740,x,2,1,1,-2.29146551041818
740,x,4,2,0,-2.13991370086547
740,x,6,2,-2,0.956442202511945
740,x,11,3,-3,0.76730609906929
740,x,15,5,-1,0.27234383661608
740,x,17,4,4,0.294138949590476
740,x,19,5,3,0.298228709400258
740,x,29,6,-4,-0.171372169501214
740,x,38,6,-6,1.01779566970331
740,x,40,7,-5,-1.03152350683368
740,x,50,7,7,0.718122070234245
740,y,1,0,0,-1.32429121784965
740,y,2,1,1,2.49905994316057
740,y,8,3,-1,-0.447268176646533
740,y,9,4,0,-0.244934086655406
740,y,10,3,3,0.294382838013767
740,y,11,3,-3,-0.139356586960616
740,y,12,4,2,0.345973766204314
740,y,13,4,-2,-0.0610052427442736
740,y,14,5,1,0.601216584576755
740,y,16,6,0,0.439954718347352
740,y,19,5,3,-0.47426278607304
740,y,26,5,5,0.250424013891302
740,y,27,5,-5,0.382318507098017
740,y,29,6,-4,-0.497085502519218
740,y,30,7,3,-0.201594981116526
740,y,38,6,-6,-0.315904618525062
740,y,39,7,5,-0.132606054882069
741,x,2,1,1,-3.26206702258086
741,x,3,1,-1,2.16150632055886
741,x,5,2,2,-0.00160342789051307
741,x,8,3,-1,-0.570030548771711
741,x,9,4,0,0.994571514889045
741,x,12,4,2,0.70043032195857
741,x,13,4,-2,1.31359157755158
741,x,15,5,-1,-0.781326606558995
741,x,17,4,4,-0.0183956347486214
741,x,19,5,3,-0.309357199521734
741,x,21,6,2,0.600222807234845
741,x,26,5,5,-0.0680984415788372
741,x,27,5,-5,0.324569115845701
741,x,28,6,4,-0.305771590323071
741,x,29,6,-4,0.0941720848993914
741,x,31,7,-3,-0.0378482552319036
741,x,37,6,6,0.108780896992844
741,x,50,7,7,-0.0792922686478601
741,x,51,7,-7,-0.891835086154264
741,y,1,0,0,-4.14747044257066
741,y,3,1,-1,3.32526711060955
741,y,7,3,1,0.106049584589675
741,y,8,3,-1,0.423458387273866
741,y,10,3,3,0.579327707573866
741,y,13,4,-2,0.206924185044926
741,y,21,6,2,0.604263762709107
741,y,24,7,-1,-0.365721166417506
741,y,28,6,4,0.661642805358969
741,y,29,6,-4,0.38924152150124
741,y,37,6,6,-0.260230535392046
742,x,1,0,0,-6.48762826514963
742,x,4,2,0,0.339610703222403
742,x,6,2,-2,-2.42072436609501
742,x,7,3,1,-0.267927534033413
742,x,10,3,3,-0.591946813370162
742,x,17,4,4,1.28939864175719
742,x,22,6,-2,0.393768777446321
742,x,27,5,-5,0.442438338423382
742,x,29,6,-4,-0.0985834476650566
742,x,37,6,6,-0.391603739486423
742,x,50,7,7,-0.558290885070238
742,x,51,7,-7,0.214039933475717
742,y,3,1,-1,-1.96664168680865
742,y,6,2,-2,0.105351911958566
742,y,7,3,1,-0.404114646758475
742,y,8,3,-1,-0.381491253582481
742,y,13,4,-2,-0.166536225380301
742,y,16,6,0,-0.601739629442605
742,y,17,4,4,-0.746262947714054
742,y,18,4,-4,-0.785049874875145
742,y,24,7,-1,-0.0462142049438958
742,y,26,5,5,0.645151626980302
742,y,28,6,4,0.517497685312346
742,y,31,7,-3,0.203622024519042
742,y,40,7,-5,-0.454974655972835
742,y,51,7,-7,-0.0415291693335215
743,x,3,1,-1,0.208207620718464
743,x,4,2,0,1.31304529121824
743,x,6,2,-2,-0.237166673041255
743,x,12,4,2,0.695918916110117
743,x,13,4,-2,1.26513957905477
743,x,14,5,1,0.653981984271062
743,x,15,5,-1,0.850805909038053
743,x,18,4,-4,-1.14180755718181
743,x,23,7,1,-0.139872916773203
743,x,24,7,-1,0.040301188207158
743,x,26,5,5,0.339169439076319
743,x,28,6,4,-0.325629439859104
743,x,29,6,-4,0.0192621265449904
743,x,30,7,3,-0.228406440486338
743,x,38,6,-6,-0.0589273483416018
743,y,1,0,0,-0.623742473559645
743,y,3,1,-1,-0.842631863698295
743,y,7,3,1,0.055952785816133
743,y,9,4,0,-0.307372847290685
743,y,11,3,-3,-0.442931229077776
743,y,12,4,2,-1.23860772523854
743,y,15,5,-1,-0.69955459419886
743,y,16,6,0,0.0349719300836826
743,y,18,4,-4,0.951297016611482
743,y,19,5,3,-0.368226069227253
743,y,22,6,-2,-1.0223185301525
743,y,23,7,1,-0.391393956707942
743,y,26,5,5,-0.173959593116901
743,y,30,7,3,-0.315053668429962
743,y,31,7,-3,0.655529013842794
743,y,37,6,6,0.520102654640685
743,y,39,7,5,-0.125003449485552
743,y,51,7,-7,0.345397593710709
744,x,2,1,1,-2.64278619609514
744,x,3,1,-1,2.07841819339289
744,x,4,2,0,0.423477190369911
744,x,7,3,1,-0.378151621534776
744,x,9,4,0,0.0524854775119244
744,x,14,5,1,0.189854762554968
744,x,17,4,4,0.184207663551689
744,x,21,6,2,0.164408819332074
744,x,23,7,1,-1.0812936453483
744,x,27,5,-5,0.346712198108456
744,x,28,6,4,0.0322355793684646
744,x,29,6,-4,-0.332475781457493
744,x,39,7,5,-0.115195205521076
744,y,3,1,-1,0.265947868372966
744,y,5,2,2,1.96980041013432
744,y,7,3,1,0.306782396080413
744,y,8,3,-1,-0.830232313626299
744,y,11,3,-3,0.15096290160751
744,y,12,4,2,-0.0803720515686031
744,y,14,5,1,0.807009770850494
744,y,15,5,-1,0.539801951247337
744,y,17,4,4,-1.61715939247801
744,y,21,6,2,0.687608480217411
744,y,23,7,1,0.816805716021837
744,y,24,7,-1,0.198283341336729
744,y,26,5,5,-0.0175838722526072
744,y,28,6,4,-0.0350264137877127
744,y,31,7,-3,0.129155436970728
744,y,38,6,-6,1.76586439745674
744,y,39,7,5,0.692538414273031
744,y,51,7,-7,-0.464771681620408
745,x,1,0,0,4.83034891032979
745,x,5,2,2,0.899359822615986
745,x,13,4,-2,0.590383425061257
745,x,16,6,0,0.381429110352482
745,x,22,6,-2,0.414760503822521
745,x,27,5,-5,-0.0111117984964016
745,x,28,6,4,0.777770072490363
745,x,29,6,-4,0.213476314587775
745,x,30,7,3,-0.461399707983839
745,x,51,7,-7,0.22176698112476
745,y,4,2,0,0.846971170701444
745,y,8,3,-1,1.1060736391072
745,y,9,4,0,-1.53247611149396
745,y,10,3,3,-0.241181935396764
745,y,13,4,-2,1.16559695644621
745,y,15,5,-1,0.956501833646253
745,y,16,6,0,-0.492545602385327
745,y,17,4,4,0.865184600182026
745,y,19,5,3,-0.733960144416725
745,y,20,5,-3,0.709203339065055
745,y,21,6,2,0.0960026125861224
745,y,22,6,-2,0.33121489421421
745,y,23,7,1,0.121277507812524
745,y,28,6,4,-0.428091521143841
745,y,29,6,-4,0.112502225743688
745,y,37,6,6,-0.017880675627306
745,y,38,6,-6,-1.25565191517543
745,y,39,7,5,0.161901505804288
745,y,40,7,-5,-0.119951825983247
745,y,50,7,7,0.237048576157174
746,x,3,1,-1,1.20008482064305
746,x,5,2,2,-0.885457621490602
746,x,6,2,-2,-0.335550724682693
746,x,7,3,1,-0.411690046730257
746,x,10,3,3,2.54314675474105
746,x,12,4,2,0.443306919331554
746,x,13,4,-2,1.24784222580787
746,x,16,6,0,1.02755627821973
746,x,17,4,4,0.14100434033626
746,x,19,5,3,0.291511662351923
746,x,20,5,-3,-0.562685910580921
746,x,23,7,1,0.319957286115002
746,x,24,7,-1,-0.722671208868037
746,x,26,5,5,-0.081269431656462
746,x,27,5,-5,0.140102072850636
746,x,31,7,-3,-0.233353794724743
746,x,37,6,6,0.0580206606520136
746,x,38,6,-6,-0.0343493401371048
746,y,2,1,1,0.0834586512548543
746,y,4,2,0,1.12445999187947
746,y,5,2,2,-2.88562778146192
746,y,7,3,1,-0.647498612536147
746,y,9,4,0,-0.766600164292313
746,y,11,3,-3,-0.827461062402921
746,y,12,4,2,-0.265468515406018
746,y,13,4,-2,0.404802618957829
746,y,14,5,1,0.797275817590711
746,y,16,6,0,-0.916867396759038
746,y,22,6,-2,0.09510623029924
746,y,28,6,4,0.764532182129973
746,y,30,7,3,0.110352194704106
746,y,39,7,5,-0.313642877305407
747,x,1,0,0,2.24956580262187
747,x,2,1,1,-3.67064400175013
747,x,4,2,0,1.65800204928066
747,x,5,2,2,-1.8127590671183
747,x,7,3,1,-1.38151081528083
747,x,9,4,0,-0.107564480493966
747,x,10,3,3,-0.0994124156961886
747,x,13,4,-2,-0.090376701009995
747,x,14,5,1,-0.984691526955124
747,x,18,4,-4,0.0524224907729984
747,x,20,5,-3,0.631223041037236
747,x,22,6,-2,-1.35836499484132
747,x,24,7,-1,-0.77923326630147
747,x,27,5,-5,-0.0836905446469925
747,x,28,6,4,0.719860911293892
747,x,29,6,-4,-0.365027720259283
747,x,30,7,3,0.488079914705352
747,x,51,7,-7,-0.699442682842213
747,y,1,0,0,-3.3256604463495
747,y,3,1,-1,0.847158461222771
747,y,9,4,0,-0.0492202428668086
747,y,10,3,3,-0.093022900308124
747,y,13,4,-2,-0.189674023568644
747,y,18,4,-4,-0.402134270786863
747,y,20,5,-3,0.951987859697958
747,y,21,6,2,-0.499261132914394
747,y,23,7,1,0.0497251907353892
747,y,27,5,-5,0.166573889406063
747,y,30,7,3,0.1898763191339
747,y,37,6,6,-0.298205106195902
747,y,40,7,-5,0.110681232500082
747,y,50,7,7,-0.0456721475875302
748,x,3,1,-1,-1.31955988140729
748,x,6,2,-2,1.35705369785882
748,x,11,3,-3,-0.161804534931143
748,x,12,4,2,-0.542407429086944
748,x,13,4,-2,0.586318189444816
748,x,15,5,-1,-0.275040825112084
748,x,17,4,4,-1.34390067521825
748,x,20,5,-3,0.562010085841001
748,x,21,6,2,-0.102789392850315
748,x,22,6,-2,0.440617554123496
748,x,29,6,-4,1.04139901247025
748,x,37,6,6,0.558951738885468
748,x,38,6,-6,-0.0061255524461973
748,x,39,7,5,-0.0548123673678174
748,x,40,7,-5,-0.557210220111076
748,y,1,0,0,-5.05154008151783
748,y,6,2,-2,0.987257529206729
748,y,8,3,-1,-0.96217527589525
748,y,24,7,-1,0.272964203952463
748,y,29,6,-4,0.613303964032318
748,y,31,7,-3,0.649171003999768
748,y,38,6,-6,0.337649565596226
748,y,39,7,5,0.170370886333588
748,y,40,7,-5,0.480427195626858
748,y,51,7,-7,-0.282053835559094
749,x,3,1,-1,1.2926720779626
749,x,5,2,2,-0.740150187709018
749,x,6,2,-2,-0.188262983988203
749,x,7,3,1,-1.39396963661132
749,x,8,3,-1,0.679803530653749
749,x,11,3,-3,-0.935199703026497
749,x,14,5,1,0.573357180514426
749,x,15,5,-1,-0.43214413946482
749,x,18,4,-4,-1.62682800537835
749,x,20,5,-3,-0.752612013784364
749,x,26,5,5,0.151842621501388
749,x,28,6,4,-0.211970007237174
749,x,29,6,-4,0.314048711586855
749,x,31,7,-3,-0.248132517238749
749,x,37,6,6,-1.05878762441342
749,x,40,7,-5,-0.106538254426521
749,x,50,7,7,0.147333415386033
749,x,51,7,-7,-0.442050537598081
749,y,2,1,1,-6.14568555383593
749,y,5,2,2,1.03750167404415
749,y,7,3,1,1.1338932354083
749,y,9,4,0,0.536997931095813
749,y,10,3,3,0.549771086536591
749,y,12,4,2,0.386654300706195
749,y,13,4,-2,-0.493497249152996
749,y,18,4,-4,-0.903437176162244
749,y,23,7,1,-0.0397245919072422
749,y,24,7,-1,-0.2759897260406
749,y,26,5,5,-0.568647483047226
749,y,27,5,-5,0.490048537007341
749,y,38,6,-6,0.0360836108696122
750,x,2,1,1,0.213070703697333
750,x,11,3,-3,-2.95373743750954
750,x,16,6,0,-0.139120017140752
750,x,18,4,-4,0.465333469979188
750,x,21,6,2,-0.254068596588404
750,x,23,7,1,-1.17959736830701
750,x,24,7,-1,-0.106700050236282
750,x,27,5,-5,-0.471113228536384
750,x,28,6,4,0.159181499221377
750,x,50,7,7,-0.332707454075459
750,y,2,1,1,0.476592136703461
750,y,6,2,-2,-0.51222090544409
750,y,8,3,-1,0.0196027009091016
750,y,9,4,0,0.958664920214713
750,y,10,3,3,1.59155430207362
750,y,13,4,-2,-1.78810302977902
750,y,15,5,-1,0.311147982459068
750,y,20,5,-3,0.659884469106412
750,y,22,6,-2,-0.660133193524292
750,y,24,7,-1,-0.231699202557863
750,y,26,5,5,-0.450745149117108
750,y,29,6,-4,-0.810596647589934
750,y,31,7,-3,0.0259073835026802
750,y,37,6,6,-0.439400698742218
750,y,40,7,-5,0.214739794471794
750,y,50,7,7,-0.704261372341198
751,x,2,1,1,3.87372875794008
751,x,3,1,-1,4.83158090654686
751,x,4,2,0,-0.542885906088748
751,x,5,2,2,0.528321829805475
751,x,8,3,-1,-0.124050147480754
751,x,11,3,-3,-0.304110221393023
751,x,12,4,2,0.0719879458337363
751,x,13,4,-2,-0.259471246227306
751,x,14,5,1,-0.133941894537254
751,x,15,5,-1,0.186937207584881
751,x,17,4,4,-0.00751132772024566
751,x,18,4,-4,0.604316967907314
751,x,21,6,2,-0.434158603316835
751,x,23,7,1,0.0278599189401937
751,x,24,7,-1,0.382928862780621
751,x,27,5,-5,0.278815071481923
751,x,30,7,3,0.505701964648274
751,x,39,7,5,0.210314990875274
751,y,2,1,1,0.41471146899802
751,y,3,1,-1,-0.796959906503733
751,y,4,2,0,-2.02223226201814
751,y,5,2,2,1.43651314000877
751,y,8,3,-1,1.86503281894724
751,y,9,4,0,0.0466820617064055
751,y,10,3,3,-1.19414695409613
751,y,13,4,-2,-0.786905974678621
751,y,14,5,1,0.652740851786171
751,y,15,5,-1,-0.469551088934141
751,y,16,6,0,1.10005451351867
751,y,17,4,4,-0.464537796461087
751,y,26,5,5,-0.377423188005569
751,y,29,6,-4,0.446395991213342
751,y,38,6,-6,0.517212327848863
752,x,4,2,0,-0.405859975933951
752,x,15,5,-1,2.12020662469344
752,x,17,4,4,-0.766209732997815
752,x,18,4,-4,-1.08917178677013
752,x,20,5,-3,-0.0309614252434058
752,x,21,6,2,-2.05022072320225
752,x,22,6,-2,0.0495065941482144
752,x,23,7,1,0.34573006533143
752,x,24,7,-1,-0.217729012471521
752,x,26,5,5,-1.36290202898745
752,x,37,6,6,0.918456218043705
752,x,39,7,5,0.365389504925805
752,y,5,2,2,-2.61549013647195
752,y,8,3,-1,-0.830369783047221
752,y,10,3,3,0.636312498838292
752,y,13,4,-2,-0.490129435925752
752,y,15,5,-1,-1.33118017714059
752,y,16,6,0,-0.153847723942041
752,y,18,4,-4,-1.0841898635447
752,y,20,5,-3,0.437895119768982
752,y,22,6,-2,-0.336061930773425
752,y,26,5,5,0.225899516341026
752,y,31,7,-3,-0.261390362558158
752,y,50,7,7,0.145166513377525
753,x,6,2,-2,-0.736220900928915
753,x,9,4,0,-1.33703052501384
753,x,10,3,3,1.20025450587213
753,x,11,3,-3,-1.33958223236177
753,x,16,6,0,1.0548849150197
753,x,17,4,4,0.225412058364479
753,x,24,7,-1,0.772934364349608
753,x,26,5,5,-0.249024778034833
753,x,38,6,-6,-1.08442535294981
753,x,51,7,-7,-0.184983069180572
753,y,4,2,0,0.0365781826082213
753,y,6,2,-2,-0.601265750355862
753,y,9,4,0,0.184311899689934
753,y,12,4,2,0.459944842311824
753,y,13,4,-2,-0.362557726206092
753,y,15,5,-1,-0.179493362085731
753,y,16,6,0,-0.585612974678848
753,y,17,4,4,-2.00570429985037
753,y,18,4,-4,-2.11084562787086
753,y,21,6,2,1.20904983558816
753,y,24,7,-1,0.478321514951243
753,y,26,5,5,0.089465821520629
753,y,28,6,4,0.918657901946994
753,y,39,7,5,-0.523767058067132
753,y,51,7,-7,-0.129576780904575
754,x,1,0,0,4.85370357519623
754,x,4,2,0,2.21918854779135
754,x,5,2,2,2.04806525876372
754,x,6,2,-2,2.5402779248079
754,x,7,3,1,0.927849051412118
754,x,10,3,3,-0.888838733076035
754,x,13,4,-2,-0.333953957153279
754,x,14,5,1,0.147185805548509
754,x,15,5,-1,0.787952283680231
754,x,18,4,-4,-0.332631227050955
754,x,20,5,-3,-0.318523130590943
754,x,27,5,-5,0.478027249150485
754,x,28,6,4,0.670137090539015
754,x,29,6,-4,-0.0447124163804513
754,x,31,7,-3,-0.8473414077169
754,x,37,6,6,0.174425632753447
754,x,40,7,-5,-0.58834003311067
754,x,51,7,-7,0.0741266573447439
754,y,4,2,0,-1.46611261505268
754,y,7,3,1,0.423352186181108
754,y,8,3,-1,-0.852817978554517
754,y,10,3,3,-0.470657712491292
754,y,11,3,-3,-0.378142245595631
754,y,13,4,-2,-0.0660455287649844
754,y,14,5,1,-0.85753290064765
754,y,19,5,3,-0.025402458891372
754,y,20,5,-3,0.706009839223874
754,y,22,6,-2,-0.709457207394932
754,y,23,7,1,0.112451033396134
754,y,24,7,-1,0.260282276943843
754,y,29,6,-4,-0.635516365243878
754,y,30,7,3,-0.465569096440365
754,y,39,7,5,-0.132691574115719
754,y,51,7,-7,-0.328944146654934
755,x,2,1,1,1.82932257746297
755,x,3,1,-1,-3.85504994270059
755,x,4,2,0,-1.63195634190505
755,x,6,2,-2,3.05749344235622
755,x,9,4,0,1.73637838840993
755,x,10,3,3,-2.5688527325778
755,x,11,3,-3,0.142659179880856
755,x,15,5,-1,-0.964526958426003
755,x,18,4,-4,-0.971645372863383
755,x,20,5,-3,1.20478895174964
755,x,26,5,5,0.158450098648781
755,x,27,5,-5,-1.04836057715203
755,x,29,6,-4,-0.426003309448921
755,x,31,7,-3,-0.218222938456086
755,x,37,6,6,0.0364321131565129
755,x,39,7,5,-0.716971876241245
755,x,40,7,-5,0.0601288299253783
755,x,50,7,7,-0.0869378421654767
755,x,51,7,-7,-0.337720741393126
755,y,1,0,0,-4.87649886910833
755,y,4,2,0,-0.0277139327344911
755,y,5,2,2,-0.335803898918754
755,y,6,2,-2,-0.558109752698474
755,y,12,4,2,0.217121509030907
755,y,14,5,1,0.239153190533723
755,y,16,6,0,-0.177312030902405
755,y,20,5,-3,-0.70543707285477
755,y,24,7,-1,0.654343070640174
755,y,26,5,5,0.300035894089304
755,y,28,6,4,0.399737792421305
755,y,29,6,-4,-0.0168694489636805
755,y,30,7,3,0.011269119104771
755,y,31,7,-3,-0.755761814411391
755,y,50,7,7,-0.997478496844353
756,x,5,2,2,0.351962992705366
756,x,6,2,-2,0.663012563043209
756,x,7,3,1,-0.00344044482111237
756,x,8,3,-1,-2.92963770134322
756,x,9,4,0,0.565876731947604
756,x,11,3,-3,-0.728861914024537
756,x,14,5,1,-0.40853697037755
756,x,16,6,0,-0.452571810941275
756,x,26,5,5,-0.93754730932633
756,x,28,6,4,0.298194982616656
756,x,31,7,-3,0.0674708334392597
756,x,37,6,6,-0.77168199169903
756,x,51,7,-7,0.836133077271471
756,y,5,2,2,2.25884162651848
756,y,6,2,-2,0.286082259124427
756,y,11,3,-3,0.231289731591141
756,y,15,5,-1,-1.01268135041833
756,y,19,5,3,-0.914420784490217
756,y,27,5,-5,-0.883838844716387
756,y,29,6,-4,0.99591151127835
756,y,37,6,6,0.430452509373867
756,y,38,6,-6,-0.69696564694263
756,y,40,7,-5,0.00956568797693486
757,x,4,2,0,-0.797099650430431
757,x,7,3,1,1.02588687179116
757,x,8,3,-1,-0.756940646891294
757,x,9,4,0,-0.235565411196693
757,x,13,4,-2,0.281472685742389
757,x,14,5,1,1.07756762053396
757,x,16,6,0,-1.65979378521664
757,x,19,5,3,-0.474354627989723
757,x,24,7,-1,0.268057373197369
757,x,28,6,4,0.32284789808779
757,x,29,6,-4,-0.401007489080262
757,x,38,6,-6,-0.437045347845377
757,x,40,7,-5,0.332059965909143
757,x,50,7,7,0.983765333149843
757,x,51,7,-7,0.231184757887469
757,y,2,1,1,-1.34295986702726
757,y,4,2,0,-3.28349387019804
757,y,5,2,2,-0.702140129812196
757,y,6,2,-2,1.84037281513987
757,y,8,3,-1,-0.811189972879237
757,y,9,4,0,0.60291080972751
757,y,10,3,3,1.67207449151462
757,y,13,4,-2,0.582269408110838
757,y,14,5,1,1.32393396370225
757,y,15,5,-1,-0.4008977414452
757,y,17,4,4,-0.147695726573025
757,y,18,4,-4,0.00924594551347965
757,y,19,5,3,-0.253991799309064
757,y,20,5,-3,0.882983739193473
757,y,21,6,2,0.0400178684554085
757,y,22,6,-2,-0.256062060006365
757,y,29,6,-4,0.0669444590633196
757,y,31,7,-3,-0.404862906819673
757,y,39,7,5,-0.0297156358017325
757,y,51,7,-7,0.0305512522200731
758,x,1,0,0,2.4930331860876
758,x,7,3,1,0.985980069902594
758,x,11,3,-3,-1.54761492195962
758,x,13,4,-2,-0.551101919909043
758,x,16,6,0,-0.0410961509375495
758,x,19,5,3,-1.63906763850923
758,x,20,5,-3,0.446291375604127
758,x,21,6,2,0.482080112141451
758,x,27,5,-5,-0.0218124625040177
758,x,30,7,3,0.104436809658063
758,x,38,6,-6,-0.0154386400405998
758,x,40,7,-5,0.114305774885272
758,x,50,7,7,-0.0276419867334393
758,y,1,0,0,3.85941431460118
758,y,3,1,-1,-0.528203953650177
758,y,4,2,0,-1.56203290091821
758,y,10,3,3,0.265686051659599
758,y,14,5,1,-0.0984263990859509
758,y,15,5,-1,0.755976227491141
758,y,16,6,0,-0.582876705839258
758,y,17,4,4,-0.4316215896942
758,y,18,4,-4,0.847883655593939
758,y,22,6,-2,0.312990456153152
758,y,23,7,1,-0.0529048668104405
758,y,28,6,4,-0.981116199561289
758,y,30,7,3,0.0900972483645995
758,y,31,7,-3,0.663647913018258
758,y,37,6,6,-0.786322878849201
758,y,38,6,-6,-0.0676852618163062
758,y,39,7,5,-0.318097489584292
758,y,51,7,-7,-0.126251583753089
759,x,3,1,-1,5.03873010932091
759,x,5,2,2,-1.40091229378709
759,x,11,3,-3,1.46414451164816
759,x,12,4,2,-0.585462913981078
759,x,23,7,1,0.577413306421012
759,x,28,6,4,0.119013853454093
759,x,29,6,-4,0.313555986389975
759,x,30,7,3,0.00717082805958454
759,x,39,7,5,-0.225709055189525
759,x,50,7,7,-0.256347240762809
759,x,51,7,-7,-0.153759431988026
759,y,5,2,2,1.94617311919492
759,y,8,3,-1,-0.100915407750285
759,y,13,4,-2,1.32365360807728
759,y,16,6,0,0.692145720260813
759,y,26,5,5,-0.0539917929633104
759,y,30,7,3,0.0665239432105017
759,y,31,7,-3,0.673302004291766
759,y,37,6,6,-1.67904183116737
759,y,40,7,-5,-0.32198823369698
759,y,50,7,7,0.346293894547216
760,x,3,1,-1,4.07532114186622
760,x,4,2,0,-0.448325531121542
760,x,5,2,2,-2.53886909793785
760,x,7,3,1,0.232926530841493
760,x,9,4,0,-0.627380352960249
760,x,12,4,2,0.175443053310014
760,x,14,5,1,0.06811304534998
760,x,16,6,0,0.00823833037966543
760,x,18,4,-4,0.385898174357691
760,x,19,5,3,0.552380775349221
760,x,22,6,-2,-0.736351799408846
760,x,23,7,1,-0.306548098489731
760,x,27,5,-5,-0.935643486029165
760,x,28,6,4,0.480588217973019
760,x,29,6,-4,0.214528519929544
760,x,38,6,-6,-0.743134569897184
760,x,39,7,5,0.209071203481216
760,x,50,7,7,-0.183050288630874
760,x,51,7,-7,-0.51416283505695
760,y,1,0,0,-4.18724024956084
760,y,2,1,1,-2.46483965232645
760,y,4,2,0,-2.74216610213069
760,y,5,2,2,1.1924093272083
760,y,12,4,2,0.630420040137753
760,y,13,4,-2,-0.326674412212915
760,y,14,5,1,0.307931448198011
760,y,15,5,-1,-0.360491258012671
760,y,18,4,-4,0.458320741156147
760,y,21,6,2,0.139100369136795
760,y,26,5,5,0.172828820350306
760,y,27,5,-5,0.359731551964209
760,y,30,7,3,0.00716422110823361
760,y,31,7,-3,0.821647596326449
760,y,38,6,-6,-0.180730182639874
760,y,40,7,-5,-0.240533739189084
761,x,5,2,2,0.931738065498687
761,x,9,4,0,-0.18791626665594
761,x,10,3,3,1.92025487263717
761,x,13,4,-2,0.185144955999024
761,x,14,5,1,-1.21909350005103
761,x,16,6,0,0.770772477972365
761,x,17,4,4,-0.870578785943422
761,x,18,4,-4,0.231344190688621
761,x,19,5,3,-1.3436391568208
761,x,22,6,-2,-0.1719156979588
761,x,23,7,1,0.00331335958485829
761,x,24,7,-1,-0.197533496561345
761,x,27,5,-5,-0.400854133002168
761,x,31,7,-3,-0.341651484699564
761,x,37,6,6,0.610599151609897
761,x,38,6,-6,0.0930038998673455
761,x,39,7,5,-0.653799264012511
761,x,50,7,7,-0.0617586363955235
761,y,3,1,-1,-2.02274063262877
761,y,9,4,0,0.99738567235943
761,y,10,3,3,1.14223338797643
761,y,11,3,-3,0.6366253345258
761,y,18,4,-4,0.390631582448335
761,y,22,6,-2,0.651522977663387
761,y,27,5,-5,-0.336437635862904
761,y,29,6,-4,0.122710656720845
761,y,31,7,-3,0.0500206902454506
761,y,37,6,6,0.0920265788695362
761,y,38,6,-6,-0.178281639418467
762,x,1,0,0,1.24883453852052
762,x,3,1,-1,-0.227025729625104
762,x,5,2,2,-2.72005962890369
762,x,6,2,-2,2.60056680460812
762,x,8,3,-1,0.532341099763401
762,x,12,4,2,1.0889565415783
762,x,14,5,1,-0.768657380012853
762,x,16,6,0,0.360972626164538
762,x,19,5,3,-0.381778167478351
762,x,20,5,-3,-0.465589478471106
762,x,23,7,1,0.894150519487156
762,x,27,5,-5,-0.300165513755293
762,x,30,7,3,-0.0810565840352252
762,x,31,7,-3,-0.178196541543827
762,x,39,7,5,-0.0720413660939346
762,y,2,1,1,-3.01776327663162
762,y,6,2,-2,-1.82396220838922
762,y,11,3,-3,-0.375925555762082
762,y,12,4,2,0.179001937400331
762,y,15,5,-1,0.137817865817053
762,y,16,6,0,-0.0440507910325282
762,y,18,4,-4,0.767361015902001
762,y,26,5,5,0.792990565833008
762,y,28,6,4,0.226443856363401
762,y,30,7,3,-0.0557072130497229
762,y,31,7,-3,0.287398871443343
762,y,37,6,6,-0.646505815073363
762,y,38,6,-6,0.0665925209640604
762,y,51,7,-7,0.164123696981057
763,x,1,0,0,0.966210221482633
763,x,3,1,-1,-4.62139576585318
763,x,5,2,2,-1.72658409948238
763,x,8,3,-1,0.409841146312936
763,x,10,3,3,-1.64949087099744
763,x,11,3,-3,0.485926057463823
763,x,12,4,2,0.784749013085633
763,x,13,4,-2,-1.03311765902897
763,x,19,5,3,0.192160820369077
763,x,20,5,-3,0.121058138219495
763,x,26,5,5,-0.703653517608602
763,x,28,6,4,-0.13630091033661
763,x,29,6,-4,-0.148420187031734
763,x,37,6,6,-1.58690271022922
763,x,39,7,5,-0.669470667718044
763,x,40,7,-5,0.859259257138227
763,y,10,3,3,1.94220935250913
763,y,11,3,-3,-0.248618587285071
763,y,18,4,-4,-1.01186315066215
763,y,19,5,3,1.64687842285956
763,y,22,6,-2,0.0865201667821267
763,y,23,7,1,-0.137335247482723
763,y,26,5,5,-1.80811262496252
763,y,31,7,-3,-0.798070907215436
763,y,37,6,6,0.397134764646171
763,y,38,6,-6,1.92173871292389
763,y,50,7,7,-1.45003038251267
764,x,1,0,0,0.430007317866003
764,x,3,1,-1,1.14544449182858
764,x,6,2,-2,-0.723113997047084
764,x,7,3,1,-0.289365943876228
764,x,8,3,-1,-1.487511878848
764,x,15,5,-1,0.541295540578877
764,x,19,5,3,0.399827966209734
764,x,21,6,2,0.538540009786042
764,x,22,6,-2,-0.169936270689318
764,x,29,6,-4,0.422629805115044
764,x,30,7,3,-0.353660322568899
764,x,51,7,-7,-0.0580385368596964
764,y,1,0,0,-0.490278014565075
764,y,7,3,1,-0.505769935878315
764,y,8,3,-1,-0.829223306161684
764,y,9,4,0,1.70412336569221
764,y,13,4,-2,-0.0868569669210129
764,y,15,5,-1,0.076392376170832
764,y,16,6,0,0.293807532621436
764,y,18,4,-4,0.350890392627253
764,y,24,7,-1,0.250690850879857
764,y,28,6,4,-0.16159741462593
764,y,37,6,6,0.0295955194446715
764,y,38,6,-6,-0.589535731918636
764,y,40,7,-5,0.379386696977396
765,x,2,1,1,-6.02455673939841
765,x,5,2,2,-0.892930090914214
765,x,8,3,-1,0.77077701191513
765,x,10,3,3,-0.943640804352927
765,x,11,3,-3,0.788048276676252
765,x,14,5,1,0.420682618144642
765,x,16,6,0,0.0462795036585591
765,x,17,4,4,-0.891296406427365
765,x,21,6,2,-0.504677785486952
765,x,24,7,-1,-0.547177976623971
765,x,26,5,5,-1.3829348356819
765,x,30,7,3,-0.147093088687075
765,x,40,7,-5,-0.537083029244876
765,y,2,1,1,1.20039726613837
765,y,3,1,-1,1.07675915137539
765,y,4,2,0,-1.03852000854808
765,y,5,2,2,-1.84831756553128
765,y,6,2,-2,-1.21350948160607
765,y,9,4,0,-0.780923199136263
765,y,13,4,-2,0.010234374253605
765,y,14,5,1,0.257498140494885
765,y,15,5,-1,-0.277113673735147
765,y,18,4,-4,1.0606718209772
765,y,20,5,-3,0.328789453412826
765,y,22,6,-2,0.510190678930937
765,y,24,7,-1,0.926165220011392
765,y,26,5,5,-0.546990606664278
765,y,37,6,6,-0.20306832996289
765,y,38,6,-6,-0.30499462752885
765,y,39,7,5,0.204097606434991
765,y,40,7,-5,0.00126646390442956
765,y,51,7,-7,-0.211134128861792
766,x,1,0,0,-1.02178015436893
766,x,2,1,1,1.8032007968403
766,x,4,2,0,1.13416174707275
766,x,5,2,2,0.754351906613242
766,x,6,2,-2,0.229127026402137
766,x,7,3,1,-0.36333923604205
766,x,8,3,-1,0.469192644598741
766,x,9,4,0,-0.156522713813048
766,x,10,3,3,1.55611328124536
766,x,12,4,2,-0.791411722277593
766,x,15,5,-1,0.408951798419495
766,x,16,6,0,0.256530826449893
766,x,18,4,-4,0.0994666563672369
766,x,23,7,1,-0.956182660738963
766,x,24,7,-1,0.197918138515131
766,x,31,7,-3,-0.376272978106407
766,x,37,6,6,0.932786883812414
766,x,39,7,5,0.454381479061332
766,x,40,7,-5,-0.72248196052145
766,x,50,7,7,0.073443801696396
766,y,1,0,0,2.24919530531898
766,y,3,1,-1,1.00247846637478
766,y,7,3,1,-1.6346152501317
766,y,8,3,-1,0.139974812254567
766,y,21,6,2,1.2738707625624
766,y,23,7,1,0.396799268123769
766,y,24,7,-1,0.648318249775651
766,y,26,5,5,-0.440624673877275
766,y,31,7,-3,0.25602091701622
766,y,51,7,-7,-0.824468485156514
767,x,1,0,0,-2.28341377850838
767,x,2,1,1,-3.52747145079343
767,x,3,1,-1,-3.97329736825793
767,x,7,3,1,0.789091481082813
767,x,8,3,-1,-0.653153156809955
767,x,9,4,0,0.241837563263127
767,x,10,3,3,0.83181941793707
767,x,19,5,3,0.0346897868308709
767,x,20,5,-3,0.477343763068029
767,x,21,6,2,0.82340299179806
767,x,23,7,1,0.012165508880013
767,x,24,7,-1,-0.0278349208537015
767,x,26,5,5,0.541170212792113
767,x,29,6,-4,0.77633281576547
767,x,30,7,3,0.369833188765936
767,x,38,6,-6,1.74424363302933
767,x,39,7,5,0.208841578115118
767,y,1,0,0,1.6209335091381
767,y,6,2,-2,0.926850933575921
767,y,7,3,1,-0.844699587100446
767,y,8,3,-1,0.930736727972982
767,y,9,4,0,0.425243784862767
767,y,10,3,3,-1.25476477965189
767,y,15,5,-1,0.645760125979617
767,y,17,4,4,0.593362040746165
767,y,22,6,-2,-0.0849895540058913
767,y,26,5,5,0.176363710283265
767,y,27,5,-5,0.219724358275926
767,y,28,6,4,-0.183232066887071
767,y,37,6,6,-0.0539511860882966
767,y,38,6,-6,-0.145088479076857
767,y,39,7,5,-0.371147930945653
768,x,1,0,0,0.174356699663979
768,x,2,1,1,3.39055295673431
768,x,3,1,-1,0.856209387145163
768,x,4,2,0,-1.45711832261311
768,x,6,2,-2,1.29645143719033
768,x,9,4,0,-0.783083001782461
768,x,11,3,-3,-1.58989954981952
768,x,13,4,-2,0.0216042703949432
768,x,14,5,1,-0.565588517248621
768,x,16,6,0,-0.181601454941857
768,x,17,4,4,-0.198183455198072
768,x,19,5,3,-0.340529764995071
768,x,22,6,-2,-0.242527676995404
768,x,23,7,1,-0.184097947083363
768,x,27,5,-5,1.74757435594082
768,x,30,7,3,-0.016900712121363
768,x,40,7,-5,0.452900652663273
768,x,51,7,-7,0.115983924863318
768,y,1,0,0,1.14008790766741
768,y,2,1,1,0.864648441870324
768,y,5,2,2,1.44562089470539
768,y,6,2,-2,-0.288678698806726
768,y,7,3,1,0.118361275402489
768,y,9,4,0,0.00177372530632216
768,y,11,3,-3,-0.430492454099367
768,y,12,4,2,0.237616377093892
768,y,13,4,-2,0.295185601768842
768,y,20,5,-3,-0.0704615905362071
768,y,21,6,2,-0.221257065399833
768,y,26,5,5,0.372881021588531
768,y,28,6,4,1.00373800214363
768,y,30,7,3,0.260614930286906
768,y,37,6,6,0.00277884824145168
768,y,38,6,-6,0.709666945846463
768,y,50,7,7,-0.306791757466515
769,x,1,0,0,3.41790913857157
769,x,2,1,1,-2.51399094977287
769,x,3,1,-1,-2.91325990204852
769,x,5,2,2,-3.86351987251695
769,x,6,2,-2,1.75796460008678
769,x,11,3,-3,-0.267046738367659
769,x,13,4,-2,-1.04787054743492
769,x,17,4,4,0.15242401548346
769,x,18,4,-4,-0.401355734124176
769,x,19,5,3,-0.0190504391546429
769,x,21,6,2,0.457562840982205
769,x,22,6,-2,-0.736655592274445
769,x,28,6,4,0.0951196172886177
769,x,30,7,3,-1.03131198125933
769,x,37,6,6,0.225304678542345
769,x,38,6,-6,-0.95740192451968
769,y,1,0,0,2.34725526142465
769,y,2,1,1,0.170533309952058
769,y,3,1,-1,0.343745645213681
769,y,4,2,0,2.97406438584101
769,y,5,2,2,-0.910301626927506
769,y,7,3,1,-0.438752847045281
769,y,9,4,0,-0.488750490914389
769,y,10,3,3,0.846109369112385
769,y,13,4,-2,0.968364946172437
769,y,15,5,-1,0.75907647313207
769,y,22,6,-2,0.0143661041822127
769,y,23,7,1,0.171843549270747
769,y,24,7,-1,0.143720886585639
769,y,27,5,-5,0.752891640587152
769,y,29,6,-4,-0.24938749566247
769,y,30,7,3,0.892957103055261
769,y,31,7,-3,0.339788785882936
769,y,37,6,6,-0.342160321131368
769,y,51,7,-7,-0.46031441736193
770,x,1,0,0,-0.0575035295585047
770,x,2,1,1,-4.69831819941609
770,x,3,1,-1,-0.020999809222341
770,x,4,2,0,0.804763575882915
770,x,8,3,-1,1.94053824056695
770,x,9,4,0,-0.389984360645933
770,x,11,3,-3,-1.51110117195852
770,x,13,4,-2,-0.272338736582174
770,x,14,5,1,0.798020660641883
770,x,17,4,4,-1.4166935844648
770,x,18,4,-4,0.522839896079432
770,x,22,6,-2,0.255684778789226
770,x,24,7,-1,-0.340927817644512
770,x,30,7,3,-0.365465166681363
770,x,38,6,-6,0.176618795621682
770,x,39,7,5,0.0891140217018884
770,x,40,7,-5,0.565450329979718
770,x,51,7,-7,-0.347143418125077
770,y,1,0,0,-0.779597956147263
770,y,3,1,-1,5.79950697002752
770,y,8,3,-1,0.461919216597801
770,y,13,4,-2,-0.732759917663827
770,y,16,6,0,0.239549953890662
770,y,19,5,3,0.139590773790334
770,y,22,6,-2,0.961697922882094
770,y,24,7,-1,-0.4944814086634
770,y,38,6,-6,-0.539307665446365
770,y,39,7,5,-0.379192542399153
770,y,40,7,-5,0.749496961172379
771,x,3,1,-1,3.14799706671313
771,x,6,2,-2,-2.01551108182774
771,x,9,4,0,-0.00812377526147616
771,x,12,4,2,1.1293882989314
771,x,16,6,0,-0.675430284233996
771,x,18,4,-4,0.323854216357533
771,x,28,6,4,-0.609086936921691
771,x,30,7,3,0.491319829333865
771,x,39,7,5,0.236394743709154
771,x,50,7,7,-0.309798617831906
771,y,3,1,-1,1.20729049621545
771,y,5,2,2,2.03059639054231
771,y,7,3,1,0.141729109598025
771,y,11,3,-3,-0.265747421033657
771,y,12,4,2,0.119484163869119
771,y,13,4,-2,-0.0654947547816913
771,y,16,6,0,-0.234074806676703
771,y,21,6,2,-0.326128754443263
771,y,23,7,1,-0.720866664237193
771,y,31,7,-3,1.05105160939353
771,y,38,6,-6,0.570691214956448
771,y,40,7,-5,0.227366345027082
772,x,2,1,1,-5.67638384388289
772,x,5,2,2,-1.42735104098878
772,x,7,3,1,-0.126978093420277
772,x,12,4,2,0.186197048827323
772,x,13,4,-2,-0.383013045730257
772,x,14,5,1,0.23678731349606
772,x,20,5,-3,0.243520258555924
772,x,26,5,5,0.646501626247789
772,x,30,7,3,-0.0816280901696293
772,x,39,7,5,0.092626163960329
772,x,51,7,-7,0.316573361569536
772,y,1,0,0,2.58035639639416
772,y,2,1,1,-1.12464723215702
772,y,3,1,-1,2.26018563766456
772,y,5,2,2,1.4110206980134
772,y,7,3,1,-0.0995159467367542
772,y,10,3,3,0.595731934386322
772,y,11,3,-3,0.409151599168398
772,y,12,4,2,-0.268772005908942
772,y,13,4,-2,-1.21518440601037
772,y,17,4,4,-1.60046306822672
772,y,19,5,3,0.0453397801975718
772,y,24,7,-1,-0.129567209602976
772,y,39,7,5,-0.59315076914153
772,y,40,7,-5,0.71274069770435
772,y,50,7,7,0.277822213141981
773,x,1,0,0,3.76314813959341
773,x,3,1,-1,1.16811111700075
773,x,4,2,0,-1.47283503803583
773,x,5,2,2,1.34974732691774
773,x,8,3,-1,-0.527368850849444
773,x,9,4,0,0.292430695596044
773,x,10,3,3,-0.878450589029254
773,x,11,3,-3,0.557819680345026
773,x,13,4,-2,0.506646321324855
773,x,15,5,-1,-0.0113993166526851
773,x,16,6,0,1.57835261710387
773,x,17,4,4,0.903881008398072
773,x,19,5,3,0.96835782181816
773,x,20,5,-3,0.493402683944474
773,x,21,6,2,-1.24327701917264
773,x,24,7,-1,0.132760867881299
773,x,30,7,3,-0.435526753800136
773,x,37,6,6,-0.34248554728799
773,x,38,6,-6,0.00809349119806056
773,y,3,1,-1,-2.26339250927737
773,y,4,2,0,-0.950078355261272
773,y,6,2,-2,-1.19413381199677
773,y,11,3,-3,0.525553436854231
773,y,12,4,2,-0.867239368656058
773,y,13,4,-2,-0.720612641694605
773,y,14,5,1,1.01172036808751
773,y,15,5,-1,-0.027527092926587
773,y,16,6,0,-0.0901387784672973
773,y,17,4,4,-0.758316745449956
773,y,18,4,-4,0.157113332173885
773,y,19,5,3,-0.430568056860371
773,y,21,6,2,0.254648594657515
773,y,22,6,-2,0.177746696574833
773,y,23,7,1,-0.370021523933164
773,y,30,7,3,0.203549050359758
773,y,37,6,6,0.628631418855343
773,y,38,6,-6,0.755357467481
773,y,39,7,5,0.945504701441984
774,x,1,0,0,-1.95084278006186
774,x,2,1,1,2.94370520832273
774,x,5,2,2,0.760298282662758
774,x,9,4,0,1.0945518459734
774,x,11,3,-3,-0.0211085558688822
774,x,12,4,2,-0.934770473517759
774,x,13,4,-2,-1.81490605176738
774,x,14,5,1,1.21252103415002
774,x,15,5,-1,-0.339922852527244
774,x,17,4,4,-1.20136193453302
774,x,18,4,-4,1.26012086246518
774,x,19,5,3,0.414686793853728
774,x,22,6,-2,0.48080838192836
774,x,23,7,1,-0.072883321327848
774,x,29,6,-4,-1.01689857743913
774,x,39,7,5,-0.0646563678758915
774,y,3,1,-1,-3.91178379594714
774,y,5,2,2,-0.899807180966206
774,y,9,4,0,0.475245806521185
774,y,10,3,3,-1.01908952827162
774,y,13,4,-2,-0.261902278078107
774,y,17,4,4,0.434240440103745
774,y,20,5,-3,-0.0479342959102208
774,y,23,7,1,0.0401945649354763
774,y,27,5,-5,-0.402261460437059
774,y,30,7,3,0.425413349996895
774,y,31,7,-3,0.299328894012851
774,y,39,7,5,0.0706805555134404
775,x,1,0,0,1.18248568868508
775,x,3,1,-1,-0.165834440953131
775,x,4,2,0,-1.68383891463453
775,x,5,2,2,3.21244696880593
775,x,8,3,-1,-0.448481627885469
775,x,9,4,0,0.345187939789136
775,x,12,4,2,0.511497141254418
775,x,16,6,0,0.608553550185342
775,x,17,4,4,0.0516377424674087
775,x,18,4,-4,0.42913896650672
775,x,19,5,3,-0.0103145735000886
775,x,20,5,-3,-1.07405916128333
775,x,23,7,1,-0.0329737343109881
775,x,24,7,-1,-0.714425077083974
775,x,26,5,5,0.134804664143194
775,x,27,5,-5,-1.29879196736239
775,x,29,6,-4,-0.0978060942466632
775,x,31,7,-3,0.252160982759298
775,x,39,7,5,-0.0171325845809474
775,x,50,7,7,-0.330921549925594
775,y,1,0,0,7.24807277823045
775,y,8,3,-1,-0.644196736197651
775,y,9,4,0,0.361219173853946
775,y,10,3,3,1.11166964576157
775,y,12,4,2,0.81165463137529
775,y,13,4,-2,-0.159918554510705
775,y,15,5,-1,0.283994838020575
775,y,16,6,0,-0.492827494975841
775,y,18,4,-4,-0.0348403506917026
775,y,19,5,3,0.385428638265338
775,y,20,5,-3,0.238929336925893
775,y,22,6,-2,-0.272549035725109
775,y,27,5,-5,-0.576890556593681
775,y,30,7,3,0.41958371414212
775,y,38,6,-6,0.672270375576846
775,y,39,7,5,-0.166123966087646
775,y,50,7,7,-0.70277022675908
776,x,3,1,-1,-4.21846349411275
776,x,6,2,-2,0.788832794414727
776,x,9,4,0,-0.0139381006818474
776,x,10,3,3,1.0527860488861
776,x,16,6,0,0.244605623054297
776,x,21,6,2,-0.0313327365318549
776,x,22,6,-2,-0.428077267046058
776,x,27,5,-5,0.533317633279015
776,x,39,7,5,0.074575328752553
776,x,40,7,-5,-0.0158709130026496
776,y,1,0,0,1.01338225511113
776,y,2,1,1,2.92146188122349
776,y,3,1,-1,0.180644138267087
776,y,5,2,2,-0.960937444152407
776,y,6,2,-2,1.95376988496253
776,y,7,3,1,-0.973615909250175
776,y,10,3,3,0.873297845512142
776,y,13,4,-2,0.401215574612726
776,y,14,5,1,-0.395409503165937
776,y,15,5,-1,0.010652723766195
776,y,22,6,-2,0.13530730612242
776,y,23,7,1,0.76653003619887
776,y,27,5,-5,0.196010443681046
776,y,29,6,-4,0.912044275104292
776,y,30,7,3,0.184363357572934
776,y,31,7,-3,0.0227106997885818
776,y,39,7,5,-0.452585054659343
776,y,40,7,-5,0.0397642228188761
776,y,51,7,-7,0.166929948853053
777,x,1,0,0,-2.27165446578091
777,x,10,3,3,-0.669406920775456
777,x,21,6,2,-0.366852244817513
777,x,23,7,1,-0.549719225462194
777,x,24,7,-1,0.351859039034712
777,x,26,5,5,-0.359293551237096
777,x,27,5,-5,0.0461063090180872
777,x,28,6,4,-0.540762596337365
777,x,30,7,3,-0.282105978577333
777,x,31,7,-3,-0.319458007819292
777,x,39,7,5,-0.0322629601474105
777,x,50,7,7,0.281298495562761
777,y,1,0,0,-5.32909569992211
777,y,3,1,-1,-1.71876307968568
777,y,9,4,0,0.837806819739331
777,y,11,3,-3,0.258313589508273
777,y,12,4,2,0.100234274373813
777,y,16,6,0,-0.393172178740277
777,y,17,4,4,1.24365578186139
777,y,18,4,-4,0.796584473020461
777,y,20,5,-3,0.908499694145437
777,y,21,6,2,-0.447817179504728
777,y,22,6,-2,-0.132778664691463
777,y,24,7,-1,-0.417454650509779
777,y,28,6,4,0.0111729874906734
778,x,1,0,0,1.6551994700379
778,x,2,1,1,-0.0229213071531558
778,x,5,2,2,1.5149973299079
778,x,6,2,-2,0.735111275043452
778,x,11,3,-3,-0.106824522782029
778,x,13,4,-2,-0.421204865173535
778,x,17,4,4,1.43517466799572
778,x,18,4,-4,-0.232602431072732
778,x,19,5,3,0.374715786106887
778,x,22,6,-2,0.363531325611678
778,x,24,7,-1,0.332905863746988
778,x,26,5,5,-0.153947337010367
778,x,29,6,-4,-0.695751082607149
778,x,30,7,3,-0.381177438526721
778,x,37,6,6,0.325863369724794
778,x,39,7,5,0.168899414005209
778,x,50,7,7,0.108093471743438
778,x,51,7,-7,-0.453394552249305
778,y,2,1,1,-0.119444501541259
778,y,3,1,-1,1.39368795198568
778,y,4,2,0,-3.55187144051888
778,y,7,3,1,0.547930610515717
778,y,9,4,0,0.615105362787716
778,y,15,5,-1,0.539152638577003
778,y,16,6,0,0.46212209400402
778,y,19,5,3,1.0373916515847
778,y,22,6,-2,-0.226940470532312
778,y,26,5,5,-0.661806039774105
778,y,28,6,4,-0.817252108115584
778,y,29,6,-4,-0.66357491193121
778,y,30,7,3,-0.170169160840526
778,y,31,7,-3,-0.802886328938426
779,x,1,0,0,0.102261519994088
779,x,3,1,-1,-1.69877552671313
779,x,6,2,-2,-1.0489622534016
779,x,14,5,1,0.406445827779398
779,x,17,4,4,-1.97746014636813
779,x,20,5,-3,-0.476206551920775
779,x,21,6,2,0.295712391966948
779,x,22,6,-2,0.425861947519101
779,x,26,5,5,-0.0295296325879599
779,x,29,6,-4,0.41515368989738
779,x,30,7,3,0.015705527105909
779,x,40,7,-5,0.449828766561825
779,x,50,7,7,0.41563285702815
779,y,1,0,0,2.51068941224986
779,y,3,1,-1,-0.0378666686512
779,y,6,2,-2,0.900806598205917
779,y,7,3,1,-0.76514762323042
779,y,10,3,3,0.402818612957347
779,y,13,4,-2,-0.276192547820655
779,y,16,6,0,-0.103304303611752
779,y,19,5,3,0.475504553085561
779,y,20,5,-3,0.187547409254624
779,y,21,6,2,-0.246825244626366
779,y,26,5,5,-0.624278867871962
779,y,30,7,3,0.212764561529149
779,y,31,7,-3,-0.142008288313181
779,y,38,6,-6,-0.123877799320137
779,y,50,7,7,0.497328029139778
779,y,51,7,-7,0.672049507091289
780,x,5,2,2,1.5091486794387
780,x,6,2,-2,0.392483923004011
780,x,8,3,-1,-0.499851534825711
780,x,10,3,3,0.335077566785988
780,x,11,3,-3,-0.396155876678941
780,x,12,4,2,-1.94222179172686
780,x,13,4,-2,-0.593912938574405
780,x,14,5,1,-0.777704213965403
780,x,15,5,-1,0.270387104318286
780,x,17,4,4,-0.158271331690439
780,x,18,4,-4,0.201587538351773
780,x,21,6,2,0.278953775630315
780,x,24,7,-1,-0.596965858462185
780,x,26,5,5,0.841183729882391
780,x,31,7,-3,-0.348790047009344
780,x,38,6,-6,-0.543151352232924
780,x,50,7,7,0.324129253858969
780,y,2,1,1,3.33671154304311
780,y,4,2,0,-0.244514078645787
780,y,6,2,-2,0.35858985324863
780,y,8,3,-1,-1.52894622428332
780,y,10,3,3,-0.948159771172406
780,y,11,3,-3,0.554738171709354
780,y,18,4,-4,-0.127937962445384
780,y,20,5,-3,-0.307462298481265
780,y,22,6,-2,-0.219551782964148
780,y,26,5,5,0.130109092514907
780,y,27,5,-5,-0.346706085704361
780,y,28,6,4,1.05841801016209
780,y,30,7,3,0.0298001564730422
780,y,39,7,5,0.247648420707826
780,y,40,7,-5,-0.167765615104296
780,y,50,7,7,-0.269279373445162
781,x,2,1,1,-0.220332085113776
781,x,5,2,2,0.790767123789254
781,x,6,2,-2,-0.748612623487142
781,x,7,3,1,0.616633563634899
781,x,10,3,3,-2.17263870912003
781,x,11,3,-3,0.189352005987114
781,x,12,4,2,-0.0986371016307107
781,x,16,6,0,0.941632162501704
781,x,18,4,-4,-0.61351398350292
781,x,19,5,3,0.168794373479249
781,x,20,5,-3,-0.107099550204151
781,x,21,6,2,-0.18000822367283
781,x,23,7,1,-0.00682399220499815
781,x,24,7,-1,-0.299767500370994
781,x,30,7,3,0.517570927609104
781,x,31,7,-3,-0.0979247049692171
781,x,40,7,-5,-0.282845580488342
781,y,1,0,0,1.8192552369505
781,y,3,1,-1,0.591477916883432
781,y,4,2,0,-1.58071797661493
781,y,5,2,2,1.59343499694425
781,y,6,2,-2,-0.569425202826329
781,y,8,3,-1,0.588960814937497
781,y,10,3,3,0.612404738162048
781,y,11,3,-3,-0.291655320305363
781,y,13,4,-2,0.506904757468471
781,y,14,5,1,0.68690690718648
781,y,15,5,-1,0.799455934729832
781,y,17,4,4,-0.972626353417241
781,y,22,6,-2,-0.236449855461591
781,y,23,7,1,0.505355541363965
781,y,24,7,-1,-0.44386825790609
781,y,27,5,-5,-0.00748778994215001
781,y,28,6,4,0.0789676369123848
781,y,30,7,3,-0.279570204702615
781,y,38,6,-6,-0.199133285613465
781,y,40,7,-5,0.317688900678462
782,x,2,1,1,-0.0388334981155893
782,x,7,3,1,-0.384622699555332
782,x,8,3,-1,1.76257823185391
782,x,9,4,0,1.64827353918438
782,x,13,4,-2,0.328279284674742
782,x,14,5,1,0.0188379417865398
782,x,15,5,-1,0.0978663523198936
782,x,17,4,4,-0.255692133907221
782,x,24,7,-1,0.577718793123738
782,x,26,5,5,0.540169988347156
782,x,28,6,4,-0.471954590058591
782,x,30,7,3,0.404269672114886
782,x,38,6,-6,-0.383042248975315
782,x,39,7,5,-0.388201657190103
782,x,51,7,-7,-0.617516504889203
782,y,5,2,2,0.0950455922815467
782,y,7,3,1,-2.02309546485709
782,y,8,3,-1,-0.237987431064327
782,y,9,4,0,0.249506752806829
782,y,10,3,3,-0.443574404854209
782,y,12,4,2,0.653403114339364
782,y,14,5,1,1.17100609338981
782,y,17,4,4,0.295990914104817
782,y,18,4,-4,-0.865118346058701
782,y,21,6,2,0.824733819398773
782,y,28,6,4,0.688493402845495
782,y,30,7,3,-0.829352820756916
782,y,51,7,-7,0.809533005351686
783,x,4,2,0,0.469635379137508
783,x,5,2,2,2.47412851175049
783,x,6,2,-2,-1.56524653718173
783,x,10,3,3,-0.569745802759868
783,x,11,3,-3,0.144968580325862
783,x,12,4,2,-1.10054190146156
783,x,16,6,0,-0.938782518574063
783,x,17,4,4,0.126859739940972
783,x,18,4,-4,0.322586284841829
783,x,19,5,3,-1.20959091291107
783,x,22,6,-2,-0.441363977223176
783,x,26,5,5,1.23219669794153
783,x,27,5,-5,-0.462601876160638
783,x,28,6,4,-0.285718251206167
783,x,31,7,-3,-0.162923184882556
783,x,37,6,6,-0.328514050941797
783,x,40,7,-5,0.253248672392104
783,x,51,7,-7,0.234184726440807
783,y,1,0,0,3.99944991728347
783,y,10,3,3,-0.703430979919225
783,y,12,4,2,0.289262090758809
783,y,15,5,-1,-0.0633492510504625
783,y,19,5,3,0.699235077972915
783,y,21,6,2,-1.11591382806585
783,y,22,6,-2,0.0272607130515205
783,y,26,5,5,0.263548357719242
783,y,30,7,3,-0.200188616910588
783,y,37,6,6,-0.37318595808274
783,y,51,7,-7,-0.0778201962897025
784,x,3,1,-1,1.79291279846019
784,x,4,2,0,-0.114738319967176
784,x,5,2,2,-0.575373886172656
784,x,8,3,-1,-0.174186083535823
784,x,9,4,0,-0.0168573505229488
784,x,12,4,2,1.28623980273123
784,x,18,4,-4,-0.672322483155119
784,x,19,5,3,-0.58745359263681
784,x,20,5,-3,-0.853956255544081
784,x,26,5,5,-0.153115950105458
784,x,27,5,-5,1.1268051524897
784,x,39,7,5,-0.0723504141302296
784,y,4,2,0,-0.276115790479286
784,y,7,3,1,0.752118096632036
784,y,11,3,-3,-2.0748969659976
784,y,12,4,2,0.647616070346411
784,y,14,5,1,0.105830289695842
784,y,19,5,3,1.91458713443629
784,y,23,7,1,1.24517037669628
784,y,24,7,-1,0.883702200109948
784,y,39,7,5,0.626719669486409
784,y,51,7,-7,-0.707625496195412
785,x,2,1,1,-6.36615627918062
785,x,7,3,1,-2.13379610050032
785,x,9,4,0,-1.02719059267068
785,x,10,3,3,1.22857864085949
785,x,20,5,-3,0.683823569022338
785,x,21,6,2,0.726634793427634
785,x,23,7,1,0.485651013446584
785,x,26,5,5,-0.162128856734626
785,x,37,6,6,-0.732556632417795
785,x,38,6,-6,0.118341976695699
785,x,50,7,7,0.395958499181486
785,y,1,0,0,-1.22719492797808
785,y,3,1,-1,3.09848161512384
785,y,5,2,2,1.0226278086641
785,y,7,3,1,-1.24626751880728
785,y,8,3,-1,-1.1252658532511
785,y,15,5,-1,1.0390481612308
785,y,16,6,0,-0.0188812039940706
785,y,20,5,-3,0.446101439986371
785,y,22,6,-2,0.141505850316169
785,y,26,5,5,1.23420032405569
785,y,28,6,4,0.0966591851846618
785,y,29,6,-4,0.762773638867558
785,y,30,7,3,-0.368802059451225
785,y,31,7,-3,0.357816580265634
785,y,37,6,6,-0.129598553380105
785,y,38,6,-6,-0.326390601891566
785,y,39,7,5,-0.18704663812021
785,y,40,7,-5,0.159404766047429
785,y,50,7,7,0.0806494006973541
785,y,51,7,-7,0.171735392531752
786,x,1,0,0,-4.14755096600529
786,x,5,2,2,-0.118439335481909
786,x,6,2,-2,-0.585777209033886
786,x,10,3,3,-0.358165774388422
786,x,13,4,-2,-0.16329735020724
786,x,14,5,1,-0.643078371245876
786,x,18,4,-4,0.490631819418932
786,x,21,6,2,-0.211582179104459
786,x,24,7,-1,0.694438272613905
786,x,29,6,-4,-0.573989870885087
786,x,30,7,3,-0.02996323027512
786,x,31,7,-3,-0.0573992553841215
786,x,37,6,6,-0.361498743030744
786,x,39,7,5,0.526719016128795
786,x,40,7,-5,0.29916006867803
786,x,50,7,7,0.528975378332302
786,x,51,7,-7,0.390589111470375
786,y,7,3,1,-0.409558167031176
786,y,8,3,-1,1.92368500841072
786,y,17,4,4,1.78934438347579
786,y,23,7,1,0.0568375175407648
786,y,28,6,4,0.270457347185216
786,y,30,7,3,-1.49903692981465
786,y,37,6,6,0.593191640593614
786,y,39,7,5,0.116647381937306
786,y,40,7,-5,0.0772901356285092
786,y,50,7,7,-0.922262865142531
786,y,51,7,-7,-0.281550244726643
787,x,1,0,0,-3.83271154951596
787,x,3,1,-1,-1.76239373188154
787,x,5,2,2,0.0225955427545048
787,x,6,2,-2,0.783399771110878
787,x,9,4,0,1.03298668805245
787,x,11,3,-3,-0.894962780575374
787,x,13,4,-2,-1.16779045156524
787,x,14,5,1,-0.795066554421459
787,x,16,6,0,0.123093113404658
787,x,17,4,4,0.240393330722928
787,x,21,6,2,-0.115181336941902
787,x,23,7,1,0.407341010574593
787,x,26,5,5,0.0960167984684995
787,x,27,5,-5,-0.353692508383376
787,x,29,6,-4,-0.786687868163062
787,x,31,7,-3,-0.0403692985814322
787,x,37,6,6,-0.046663628040374
787,x,38,6,-6,-0.102475781271153
787,x,39,7,5,0.249023975769356
787,y,2,1,1,3.42683632906815
787,y,3,1,-1,-1.59442066547795
787,y,5,2,2,0.983766874344849
787,y,6,2,-2,-1.54243149404992
787,y,10,3,3,1.83719461530998
787,y,13,4,-2,0.104821289413438
787,y,18,4,-4,-0.796771173398313
787,y,20,5,-3,1.09467114705674
787,y,21,6,2,0.0100318895472023
787,y,23,7,1,0.345833497505363
787,y,28,6,4,-0.0167520697763375
787,y,39,7,5,0.397455491874451
787,y,50,7,7,-0.0468674795083506
788,x,1,0,0,1.99364555313278
788,x,2,1,1,-1.52115249490603
788,x,14,5,1,-1.05070628481712
788,x,15,5,-1,0.427467677363047
788,x,18,4,-4,0.114649326372637
788,x,27,5,-5,0.0395783308331506
788,x,30,7,3,0.426885360492862
788,x,31,7,-3,0.627448606810455
788,x,38,6,-6,0.119660216324362
788,x,40,7,-5,-0.106830713247293
788,y,1,0,0,3.1876825659103
788,y,4,2,0,0.177097207834916
788,y,6,2,-2,0.47365532099298
788,y,7,3,1,-0.316050035901239
788,y,8,3,-1,-1.04760602170975
788,y,11,3,-3,1.20646412072709
788,y,13,4,-2,1.005621369436
788,y,14,5,1,1.94265055534993
788,y,15,5,-1,0.8779034915925
788,y,16,6,0,-0.0253178087510403
788,y,17,4,4,-0.624444820405056
788,y,21,6,2,0.595456184285025
788,y,22,6,-2,-0.110779665018018
788,y,23,7,1,0.413903628880347
788,y,29,6,-4,1.00542405749527
788,y,30,7,3,0.16314354161333
788,y,31,7,-3,-0.481845694050046
789,x,3,1,-1,1.32151530002669
789,x,4,2,0,-2.27503550065593
789,x,7,3,1,0.285714049810916
789,x,8,3,-1,-0.442933772863417
789,x,9,4,0,1.14014550052114
789,x,10,3,3,0.000633646124635069
789,x,11,3,-3,1.46036159220296
789,x,12,4,2,-0.534397940056318
789,x,13,4,-2,0.748838379007928
789,x,15,5,-1,-0.257202246514834
789,x,16,6,0,-0.257619577014632
789,x,26,5,5,0.214330486709456
789,x,29,6,-4,-0.167312498377865
789,x,30,7,3,-0.0707987875872564
789,x,31,7,-3,0.66984939935828
789,x,37,6,6,-0.342674273917685
789,x,40,7,-5,0.475512630029729
789,x,50,7,7,-0.821389053286327
789,y,2,1,1,5.34605713531306
789,y,7,3,1,0.837319494165461
789,y,8,3,-1,1.51096494965837
789,y,9,4,0,-1.28853789368331
789,y,10,3,3,0.216111515628571
789,y,11,3,-3,-0.132259974283727
789,y,13,4,-2,0.822647210049318
789,y,18,4,-4,-0.886858288105457
789,y,20,5,-3,0.273725736091134
789,y,21,6,2,-0.725583002600549
789,y,22,6,-2,0.170092603826188
789,y,26,5,5,0.628940767233801
789,y,31,7,-3,0.244091871293106
789,y,37,6,6,-0.626905642346301
789,y,40,7,-5,0.0519591289064
789,y,51,7,-7,-0.0479646564523746
790,x,1,0,0,-1.64192749219977
790,x,3,1,-1,-6.99187709110242
790,x,10,3,3,-0.489582194885342
790,x,14,5,1,-0.578055036208876
790,x,16,6,0,-0.162505149726768
790,x,17,4,4,0.333972056233192
790,x,20,5,-3,-0.810363304975651
790,x,22,6,-2,-0.300187255887933
790,x,23,7,1,0.133421388941768
790,x,24,7,-1,-0.645452426776811
790,x,26,5,5,0.590786660777275
790,x,30,7,3,-0.413160433470266
790,x,50,7,7,0.577262564269028
790,y,1,0,0,0.803360567076413
790,y,2,1,1,0.522772184901371
790,y,10,3,3,0.40677680045943
790,y,12,4,2,0.179907393123718
790,y,13,4,-2,-0.104953340003744
790,y,14,5,1,-0.89483170157981
790,y,16,6,0,1.24266515445686
790,y,17,4,4,-0.554994278690994
790,y,19,5,3,0.0819388117783742
790,y,21,6,2,-0.177054730022175
790,y,22,6,-2,-0.149325403419419
790,y,26,5,5,-0.316764827213163
790,y,50,7,7,-0.0636355024566896
791,x,1,0,0,0.123915194970611
791,x,3,1,-1,-2.53928761501541
791,x,5,2,2,1.63818423783985
791,x,7,3,1,0.907649736309988
791,x,8,3,-1,0.853036752094743
791,x,16,6,0,0.316516452798588
791,x,19,5,3,0.240627783281509
791,x,21,6,2,-0.356439086412606
791,x,22,6,-2,-0.551152863686113
791,x,28,6,4,-0.621070145531112
791,x,31,7,-3,-0.130504491502306
791,x,39,7,5,0.156860073026118
791,x,50,7,7,0.188076530685693
791,y,1,0,0,-2.19220415425266
791,y,3,1,-1,-0.732400509174166
791,y,4,2,0,1.09417985052617
791,y,7,3,1,-0.400242059039541
791,y,8,3,-1,-0.0118834912731666
791,y,10,3,3,-0.13692019401444
791,y,11,3,-3,1.19601388190747
791,y,12,4,2,-0.192023421850926
791,y,13,4,-2,0.473296799730659
791,y,14,5,1,0.422935570401339
791,y,16,6,0,0.0899692713083558
791,y,17,4,4,-0.145861931858761
791,y,18,4,-4,-0.221236013784028
791,y,19,5,3,-1.24400109094024
791,y,22,6,-2,-0.509541851078916
791,y,27,5,-5,1.13711383569495
791,y,28,6,4,0.42548624341647
791,y,37,6,6,-0.059671942098626
791,y,51,7,-7,-0.306347703194534
792,x,7,3,1,-2.06537912134104
792,x,10,3,3,0.153848961415393
792,x,11,3,-3,0.129976111480663
792,x,15,5,-1,0.688021621132257
792,x,17,4,4,-1.09243413832813
792,x,20,5,-3,1.0188775727782
792,x,24,7,-1,1.11605534870751
792,x,28,6,4,-1.20794153421141
792,x,31,7,-3,0.0687416702348867
792,x,37,6,6,-0.299998402738577
792,y,1,0,0,1.67867629947404
792,y,5,2,2,-0.457598489723595
792,y,9,4,0,0.606192958062852
792,y,10,3,3,0.642778800735844
792,y,11,3,-3,1.46252158060676
792,y,16,6,0,-0.213214231659666
792,y,24,7,-1,0.46689885500566
792,y,28,6,4,-0.0546575833162923
792,y,29,6,-4,0.419862411452831
792,y,30,7,3,0.216640948110672
792,y,38,6,-6,0.806219860614297
792,y,40,7,-5,-0.101306607519855
793,x,3,1,-1,-3.62537908350932
793,x,4,2,0,-0.931924345766907
793,x,6,2,-2,-1.80111888722438
793,x,11,3,-3,1.01382721090303
793,x,12,4,2,0.09013991105409
793,x,13,4,-2,1.53748402264033
793,x,14,5,1,0.6785202286903
793,x,21,6,2,-0.718673313783144
793,x,23,7,1,-0.795772610864298
793,x,24,7,-1,-0.212812613666338
793,x,26,5,5,0.540205724371777
793,x,27,5,-5,1.3181962100303
793,x,38,6,-6,-0.49403324582536
793,x,39,7,5,0.287459224362585
793,x,40,7,-5,-0.258760571235909
793,x,50,7,7,0.345010999823844
793,x,51,7,-7,0.180507831921558
793,y,7,3,1,-1.69488522069998
793,y,11,3,-3,-1.51340766954649
793,y,15,5,-1,-1.59582060363616
793,y,18,4,-4,0.0611355069175672
793,y,19,5,3,0.178595978082698
793,y,20,5,-3,-0.63253558367732
793,y,21,6,2,0.990528704229448
793,y,27,5,-5,-1.07609091491832
793,y,50,7,7,-0.189386841054559
793,y,51,7,-7,-0.0777469796943104
794,x,1,0,0,7.56341510161917
794,x,4,2,0,0.247432761757401
794,x,9,4,0,0.186277417290785
794,x,15,5,-1,-1.66644715854096
794,x,16,6,0,0.139890119663942
794,x,17,4,4,-0.356009148138562
794,x,20,5,-3,0.767633736413841
794,x,24,7,-1,-0.342047016483911
794,x,26,5,5,-0.568829026318152
794,x,39,7,5,0.422938638238681
794,x,40,7,-5,-0.145092534944299
794,y,1,0,0,-1.47389926343176
794,y,6,2,-2,0.175399519307485
794,y,9,4,0,-1.0332104913895
794,y,11,3,-3,0.378130858127379
794,y,14,5,1,-0.871492500942462
794,y,16,6,0,0.264360693385187
794,y,17,4,4,-0.342101376849514
794,y,23,7,1,0.183653173211415
794,y,30,7,3,0.627419635826069
794,y,40,7,-5,0.00653044058658589
794,y,51,7,-7,-0.483717102573728
795,x,3,1,-1,-3.16481612165068
795,x,4,2,0,-0.596907147465085
795,x,7,3,1,1.32245633551597
795,x,11,3,-3,0.933523372282945
795,x,12,4,2,0.550894126862381
795,x,13,4,-2,-0.626884318187464
795,x,15,5,-1,-0.0731842500693716
795,x,16,6,0,-0.648966549935327
795,x,18,4,-4,-1.7101465564541
795,x,20,5,-3,0.542067154023248
795,x,21,6,2,0.182232381528371
795,x,37,6,6,-0.485767729589609
795,x,38,6,-6,0.770739642954305
795,x,40,7,-5,-0.00427071916755932
795,y,2,1,1,-2.95485688224455
795,y,6,2,-2,-0.642578774621964
795,y,9,4,0,-1.44258305198768
795,y,13,4,-2,-0.0384297540763894
795,y,17,4,4,-0.60823127100128
795,y,18,4,-4,-0.807562129840875
795,y,21,6,2,0.817548698918419
795,y,22,6,-2,-0.276961571469904
795,y,28,6,4,-0.384007260732332
795,y,31,7,-3,0.0672338362008919
795,y,38,6,-6,-0.292684187250159
795,y,39,7,5,-0.724470615594552
795,y,50,7,7,-0.485559530491523
796,x,6,2,-2,0.946035623421083
796,x,9,4,0,-0.943729304520835
796,x,12,4,2,-0.592744915553909
796,x,13,4,-2,-0.216740470725157
796,x,16,6,0,-1.79809376592538
796,x,19,5,3,0.742254722972038
796,x,27,5,-5,0.935853813265087
796,x,30,7,3,-1.3162690143437
796,x,37,6,6,-0.137463771957617
796,x,38,6,-6,0.525232743454416
796,x,39,7,5,0.0571577196457429
796,x,40,7,-5,-0.178640713790228
796,x,50,7,7,0.4592651241231
796,y,1,0,0,-1.58199869246475
796,y,2,1,1,-4.85353643106968
796,y,3,1,-1,2.16816338067611
796,y,4,2,0,0.362438563594259
796,y,6,2,-2,1.6647908613829
796,y,14,5,1,-0.350325604269123
796,y,16,6,0,0.232134254935452
796,y,19,5,3,-1.12532876879862
796,y,22,6,-2,0.285082978501418
796,y,23,7,1,0.076861994575502
796,y,24,7,-1,0.373158894696356
796,y,28,6,4,-0.268245355355527
796,y,30,7,3,-0.0335970722698877
796,y,39,7,5,-0.230347189350686
796,y,50,7,7,0.265333131257314
796,y,51,7,-7,0.32445525385374
797,x,1,0,0,4.22769337538759
797,x,6,2,-2,2.50094225506535
797,x,8,3,-1,0.084094964620937
797,x,13,4,-2,-0.756809645155644
797,x,21,6,2,-0.675735750452137
797,x,23,7,1,-0.0414688633339733
797,x,24,7,-1,0.320339147229035
797,x,40,7,-5,-0.240095467468005
797,x,50,7,7,-0.854065951501531
797,x,51,7,-7,0.0661913869376503
797,y,4,2,0,-1.01846083109916
797,y,5,2,2,1.22178456266309
797,y,6,2,-2,-0.421829903113508
797,y,7,3,1,-0.430302236107231
797,y,8,3,-1,1.59926934499034
797,y,9,4,0,0.0504038543849368
797,y,10,3,3,-0.699972932930171
797,y,11,3,-3,0.324495139346471
797,y,12,4,2,-0.595125423561533
797,y,13,4,-2,-0.298422980488014
797,y,14,5,1,0.38429163903455
797,y,16,6,0,0.162921556727101
797,y,19,5,3,0.645787458670553
797,y,23,7,1,-0.188129871548311
797,y,27,5,-5,0.497031634908168
797,y,28,6,4,0.201225153311997
797,y,29,6,-4,-0.211418041682117
797,y,38,6,-6,-0.198037082348293
797,y,51,7,-7,0.32088974438376
798,x,4,2,0,-2.67342193597594
798,x,6,2,-2,1.07605643461112
798,x,8,3,-1,-0.936632298534604
798,x,11,3,-3,-0.277013185338139
798,x,14,5,1,-0.00672227315277581
798,x,15,5,-1,0.447224678555392
798,x,17,4,4,0.768610450637152
798,x,21,6,2,0.132520238429522
798,x,22,6,-2,0.492610106887769
798,x,24,7,-1,-0.424511426369219
798,x,26,5,5,-0.00500551560002329
798,x,30,7,3,0.269640265552722
798,x,39,7,5,-0.393543578357757
798,x,40,7,-5,-0.371432194483448
798,y,2,1,1,-3.12368570654304
798,y,8,3,-1,0.95385639172772
798,y,9,4,0,-1.72133877361775
798,y,10,3,3,1.16220752038928
798,y,11,3,-3,0.505903653573016
798,y,21,6,2,0.358920887284558
798,y,23,7,1,0.312632335225757
798,y,24,7,-1,0.0294075178687293
798,y,26,5,5,-0.114385181532971
798,y,50,7,7,0.27472522269956
799,x,3,1,-1,-4.00008578886044
799,x,8,3,-1,-0.126500208994092
799,x,11,3,-3,-2.11676014882523
799,x,12,4,2,-0.0328244418625093
799,x,13,4,-2,-0.21102303283074
799,x,14,5,1,-0.371408765765077
799,x,16,6,0,-0.237422881571078
799,x,17,4,4,0.792751357581104
799,x,18,4,-4,0.650179325710854
799,x,19,5,3,0.222959710902588
799,x,20,5,-3,0.845473506478879
799,x,22,6,-2,0.841810314838725
799,x,28,6,4,-0.95388535049745
799,x,31,7,-3,-0.236267794877346
799,x,38,6,-6,-0.185551410149348
799,x,40,7,-5,0.647271322771919
799,y,1,0,0,1.82701223548398
799,y,5,2,2,0.0518976500711579
799,y,9,4,0,0.389726033948383
799,y,10,3,3,-0.356942397583705
799,y,11,3,-3,-0.422454064860066
799,y,12,4,2,-0.633379231937362
799,y,14,5,1,0.154223054273185
799,y,16,6,0,0.0367080618691255
799,y,19,5,3,0.0128461899606382
799,y,20,5,-3,-0.803107500635756
799,y,23,7,1,-0.880942312648017
799,y,24,7,-1,-0.0218116978248685
799,y,30,7,3,-0.0151269044014718
799,y,38,6,-6,-0.376133461847562
799,y,39,7,5,0.0159822897168964
800,x,6,2,-2,1.27182515683389
800,x,8,3,-1,-1.49224047000074
800,x,12,4,2,-0.00268979533976063
800,x,13,4,-2,1.23421374029433
800,x,15,5,-1,0.634264215740704
800,x,18,4,-4,0.873785314479318
800,x,20,5,-3,-0.0838233765578184
800,x,21,6,2,1.37637084680949
800,x,22,6,-2,-0.611272604900837
800,x,23,7,1,-0.811193638470024
800,x,31,7,-3,-0.696855076270962
800,x,40,7,-5,0.103493456407005
800,x,51,7,-7,0.129844974056859
800,y,1,0,0,-0.661543762457663
800,y,3,1,-1,6.33652366284104
800,y,5,2,2,2.24121845429346
800,y,6,2,-2,0.214916632421847
800,y,10,3,3,0.1013813601108
800,y,11,3,-3,0.153960865995954
800,y,12,4,2,-0.660004868999304
800,y,15,5,-1,1.08038881755368
800,y,26,5,5,-0.0590275970873207
800,y,28,6,4,-0.527057566076311
800,y,30,7,3,0.254375559060162
800,y,31,7,-3,0.212311386107791
800,y,37,6,6,0.0147527374816577
800,y,39,7,5,-0.0577765518897079
800,y,50,7,7,0.117395856203142
800,y,51,7,-7,0.0130052751541807
801,x,1,0,0,0.900580689165577
801,x,4,2,0,-1.50636740236346
801,x,5,2,2,0.649450868726484
801,x,7,3,1,1.60755960205729
801,x,8,3,-1,-2.13397195196843
801,x,9,4,0,0.686799946428539
801,x,10,3,3,-1.47163127056626
801,x,11,3,-3,-0.964992004650055
801,x,12,4,2,0.299413560800571
801,x,13,4,-2,0.715856093161453
801,x,18,4,-4,-0.756374325609681
801,x,19,5,3,-0.226982197865626
801,x,22,6,-2,-0.207581670432536
801,x,24,7,-1,-0.15725530390186
801,x,27,5,-5,0.652930089088591
801,x,28,6,4,-0.245153357816302
801,x,29,6,-4,-0.0668223340142521
801,x,30,7,3,0.0650196395852766
801,x,40,7,-5,-0.268737559543459
801,x,51,7,-7,-0.575025914383361
801,y,2,1,1,2.84124797503996
801,y,3,1,-1,2.25532917097321
801,y,5,2,2,-0.857601057599702
801,y,12,4,2,0.838392588831774
801,y,14,5,1,-0.161059600887617
801,y,17,4,4,-0.277462179157493
801,y,18,4,-4,-0.611878926750108
801,y,20,5,-3,-0.362202308347283
801,y,21,6,2,0.19572535781585
801,y,22,6,-2,0.134693762647509
801,y,24,7,-1,-0.712767091438844
801,y,28,6,4,-0.340588144344228
801,y,29,6,-4,-0.162118287288403
801,y,30,7,3,-0.0064974886234674
801,y,31,7,-3,0.174952369857192
801,y,39,7,5,-0.0149141498228442
801,y,40,7,-5,0.635211543275358
801,y,51,7,-7,1.29285650970977
802,x,1,0,0,-2.67522489871345
802,x,2,1,1,-0.348815824986877
802,x,6,2,-2,1.34958311097186
802,x,7,3,1,-0.474025955740869
802,x,12,4,2,0.79389362327297
802,x,13,4,-2,0.239994474392854
802,x,14,5,1,0.329767980226498
802,x,16,6,0,-0.829351680182444
802,x,17,4,4,0.0346071714153999
802,x,19,5,3,0.394966503753795
802,x,22,6,-2,0.678960753956005
802,x,23,7,1,-0.281533129771764
802,x,28,6,4,0.346697780799104
802,x,31,7,-3,0.125590691679205
802,x,39,7,5,0.131828850872451
802,y,5,2,2,0.3575928492699
802,y,8,3,-1,-1.84027215285187
802,y,13,4,-2,-0.089054008917196
802,y,17,4,4,0.970521894047527
802,y,20,5,-3,0.880222218261924
802,y,21,6,2,0.428654371252243
802,y,26,5,5,-1.28468234807325
802,y,27,5,-5,0.451027377490965
802,y,28,6,4,-0.627542266903891
802,y,29,6,-4,0.843021915113545
802,y,37,6,6,0.151425793458418
802,y,38,6,-6,1.40413858892519
802,y,39,7,5,0.965324155160073
802,y,50,7,7,-0.736078109367568
802,y,51,7,-7,0.591701144889774
803,x,1,0,0,-4.17035163803785
803,x,4,2,0,1.16862115125944
803,x,8,3,-1,0.701336069693542
803,x,9,4,0,0.0910196952096738
803,x,11,3,-3,0.784329738285104
803,x,13,4,-2,-0.240305307789545
803,x,21,6,2,-0.571865178724863
803,x,23,7,1,0.282611262570045
803,x,37,6,6,0.856589614070489
803,x,51,7,-7,-0.164972467556614
803,y,2,1,1,-5.24734405987239
803,y,4,2,0,-2.55096859802689
803,y,6,2,-2,-1.6259604383034
803,y,12,4,2,-1.14510952411383
803,y,13,4,-2,-0.00702366449673512
803,y,14,5,1,-0.464033996842712
803,y,15,5,-1,-0.844186758657354
803,y,17,4,4,-0.783763610852691
803,y,19,5,3,-0.30075639549337
803,y,22,6,-2,-0.334287299656801
803,y,24,7,-1,-0.491228601433177
803,y,27,5,-5,-0.0083108256208722
803,y,31,7,-3,-0.17134598144077
803,y,38,6,-6,-0.460561181494682
803,y,50,7,7,-0.109483862721687
803,y,51,7,-7,-0.94222647325708
804,x,1,0,0,1.39794067305073
804,x,10,3,3,0.465596783964014
804,x,11,3,-3,-1.63712191986945
804,x,12,4,2,0.984866081190674
804,x,13,4,-2,-0.621739108938432
804,x,15,5,-1,-0.152078783767338
804,x,19,5,3,0.531822309518003
804,x,20,5,-3,0.281099340055689
804,x,23,7,1,-0.430915830059472
804,x,24,7,-1,0.0404170256224752
804,x,37,6,6,-0.193997928269522
804,x,38,6,-6,-0.0963816490576389
804,x,40,7,-5,0.214429605504668
804,x,50,7,7,-0.212284577369244
804,y,3,1,-1,5.09385454774351
804,y,4,2,0,-0.573944326092983
804,y,6,2,-2,-0.24623010031129
804,y,9,4,0,0.30650903947856
804,y,10,3,3,-0.501488677578359
804,y,11,3,-3,-1.20166937721916
804,y,12,4,2,1.23847580183057
804,y,13,4,-2,-0.00846197659344395
804,y,14,5,1,-0.306387012900205
804,y,15,5,-1,0.169215442901391
804,y,19,5,3,1.06371089022786
804,y,20,5,-3,0.102627783826932
804,y,28,6,4,-0.357662821774737
804,y,29,6,-4,-0.0624901876650146
804,y,37,6,6,0.221455414999423
804,y,38,6,-6,0.324964515314481
804,y,39,7,5,-0.588214888742256
804,y,50,7,7,-0.66136939486563
805,x,1,0,0,-1.05365579928832
805,x,2,1,1,-0.130674788554943
805,x,3,1,-1,1.75859899117605
805,x,5,2,2,2.5686989189326
805,x,9,4,0,0.0754021744560893
805,x,11,3,-3,-2.52103934292758
805,x,13,4,-2,1.73737546513055
805,x,21,6,2,0.174344286761045
805,x,23,7,1,0.652499804674534
805,x,28,6,4,-0.248651616936179
805,x,38,6,-6,0.595587982096376
805,x,51,7,-7,0.0258665012600032
805,y,2,1,1,-0.146932884716974
805,y,3,1,-1,-0.512645475545337
805,y,5,2,2,-0.601308931803458
805,y,6,2,-2,0.243870151504415
805,y,7,3,1,-0.420151837961988
805,y,8,3,-1,1.51655235530267
805,y,9,4,0,-0.369345827017236
805,y,11,3,-3,-0.827660106981364
805,y,13,4,-2,1.55708381082475
805,y,15,5,-1,0.776203018988986
805,y,16,6,0,-1.14266791934157
805,y,17,4,4,0.279681577955564
805,y,18,4,-4,0.0815136196429244
805,y,21,6,2,0.205846599407415
805,y,22,6,-2,-0.45688094715427
805,y,30,7,3,0.215377540014862
805,y,40,7,-5,0.599502727127694
805,y,50,7,7,0.135732408956115
805,y,51,7,-7,-0.929304989665613
806,x,1,0,0,-1.40383044413258
806,x,3,1,-1,-5.18914992578986
806,x,6,2,-2,-1.29550200684049
806,x,13,4,-2,-0.540232424874012
806,x,14,5,1,0.413986442889937
806,x,17,4,4,0.266595321988135
806,x,18,4,-4,-0.273426297954462
806,x,20,5,-3,-0.71022508432686
806,x,21,6,2,-0.646391740612838
806,x,22,6,-2,0.125407703027363
806,x,23,7,1,-0.0292302972602851
806,x,29,6,-4,-0.528953065865324
806,x,40,7,-5,-0.00290080171296016
806,y,3,1,-1,2.20086329843258
806,y,4,2,0,0.020385042829735
806,y,7,3,1,-0.263066390685623
806,y,16,6,0,0.0674156231496262
806,y,20,5,-3,-0.280119344157585
806,y,21,6,2,-0.45190577913968
806,y,24,7,-1,1.13383129844709
806,y,28,6,4,-0.605937694044654
806,y,31,7,-3,-0.14641028177934
806,y,37,6,6,-0.239444974745602
806,y,38,6,-6,-0.476629630841178
806,y,50,7,7,0.00745920302059634
807,x,1,0,0,-0.84873362418344
807,x,7,3,1,0.105518835949681
807,x,8,3,-1,1.56429053985646
807,x,16,6,0,0.17567508732199
807,x,27,5,-5,0.769214513717257
807,x,28,6,4,0.105819660873592
807,x,39,7,5,0.311404864840981
807,x,40,7,-5,0.565902118564385
807,x,50,7,7,0.592735693053292
807,x,51,7,-7,0.20233720086009
807,y,1,0,0,-4.87527241922609
807,y,5,2,2,-2.53543258091751
807,y,7,3,1,0.925848628235336
807,y,9,4,0,-0.0238039303428333
807,y,11,3,-3,-1.10317583752686
807,y,15,5,-1,-0.939438228343926
807,y,16,6,0,0.61331115663163
807,y,23,7,1,0.253476882902888
807,y,26,5,5,-0.216032388257999
807,y,40,7,-5,-0.46112973712817
808,x,3,1,-1,2.13443705932697
808,x,5,2,2,0.745327220779766
808,x,7,3,1,0.289369040427976
808,x,10,3,3,1.63503700071909
808,x,11,3,-3,-0.721771358465553
808,x,12,4,2,0.304170600372153
808,x,14,5,1,0.112311418138843
808,x,15,5,-1,0.982385822887978
808,x,22,6,-2,0.0987560789008899
808,x,23,7,1,0.662428624631987
808,x,24,7,-1,-0.223870526602971
808,x,26,5,5,0.509603500922005
808,x,28,6,4,-0.124213622169495
808,x,31,7,-3,-0.277017252983974
808,y,3,1,-1,-0.609910308645325
808,y,6,2,-2,3.80252968835639
808,y,7,3,1,-1.68074173138999
808,y,8,3,-1,1.11565667805023
808,y,11,3,-3,0.826969082000402
808,y,13,4,-2,-0.868125082817996
808,y,18,4,-4,0.301693935759369
808,y,19,5,3,-0.526412255199799
808,y,21,6,2,-0.408175821768687
808,y,22,6,-2,-0.460149731161037
808,y,23,7,1,0.100022442879705
808,y,27,5,-5,-1.05425621728667
808,y,30,7,3,-0.00725546760300446
808,y,31,7,-3,0.296995893079912
808,y,37,6,6,0.0142565240868274
808,y,38,6,-6,0.248838596931873
808,y,40,7,-5,0.595420066699327
808,y,51,7,-7,-0.0748708282310436
809,x,1,0,0,-3.99654554160249
809,x,3,1,-1,4.50305546215848
809,x,5,2,2,-0.820131893539471
809,x,6,2,-2,-0.945897725199936
809,x,7,3,1,0.605352976841346
809,x,10,3,3,1.06112460993595
809,x,12,4,2,-0.767939921332236
809,x,16,6,0,0.971011318189667
809,x,20,5,-3,0.186188695605942
809,x,26,5,5,-0.300659385377903
809,x,31,7,-3,-0.0346416261027557
809,y,4,2,0,-1.4369173499901
809,y,5,2,2,-0.728990837797225
809,y,6,2,-2,0.578874287667202
809,y,8,3,-1,0.0168971650607752
809,y,16,6,0,0.0841771792719731
809,y,17,4,4,0.776952616594162
809,y,19,5,3,0.953288950427451
809,y,20,5,-3,0.0968794936645604
809,y,24,7,-1,0.416306890476019
809,y,26,5,5,-0.567590534079801
809,y,37,6,6,-0.481678022608239
809,y,38,6,-6,0.370650025772902
809,y,39,7,5,0.285453054171795
809,y,50,7,7,0.572611123785989
810,x,1,0,0,-2.68629201303386
810,x,6,2,-2,1.27429442457636
810,x,10,3,3,-0.906683571052933
810,x,20,5,-3,-0.644807083503768
810,x,21,6,2,-0.905347911143742
810,x,29,6,-4,-0.273505062042916
810,x,30,7,3,0.0489095665160135
810,x,31,7,-3,0.119636959501799
810,x,38,6,-6,0.207106031760855
810,x,50,7,7,-0.345048553306162
810,x,51,7,-7,-0.0797022311658654
810,y,3,1,-1,1.20001146511688
810,y,4,2,0,1.5660709521926
810,y,6,2,-2,0.408424557582647
810,y,13,4,-2,0.03470339527117
810,y,14,5,1,0.472872760782538
810,y,17,4,4,0.730541425864688
810,y,18,4,-4,-0.460918446384239
810,y,19,5,3,-0.427626887460805
810,y,28,6,4,0.644215433755995
810,y,38,6,-6,0.558732379073893
810,y,40,7,-5,-0.763808504756486
810,y,51,7,-7,0.00507102044320789
811,x,3,1,-1,5.09593951945707
811,x,6,2,-2,0.403692767643076
811,x,7,3,1,0.613976382885093
811,x,8,3,-1,-0.383403855803561
811,x,9,4,0,0.268283995691698
811,x,11,3,-3,-2.83703196888302
811,x,12,4,2,0.783327977719343
811,x,13,4,-2,0.356040687143756
811,x,14,5,1,-0.75134921935428
811,x,16,6,0,-0.759088954573279
811,x,17,4,4,0.319584408006197
811,x,19,5,3,1.06228966943429
811,x,20,5,-3,-0.090865673385593
811,x,21,6,2,-0.0479022818597035
811,x,23,7,1,-1.14743465795585
811,x,26,5,5,-0.265479649530618
811,x,37,6,6,0.246515505794473
811,x,50,7,7,0.110496056886652
811,y,1,0,0,0.781302706170267
811,y,2,1,1,-2.8549629523063
811,y,3,1,-1,-2.32177597250735
811,y,5,2,2,-0.105868012682159
811,y,6,2,-2,0.0204193179055721
811,y,8,3,-1,0.229969687288403
811,y,11,3,-3,-0.540552997536402
811,y,12,4,2,-0.0832889776868402
811,y,16,6,0,0.402538227135666
811,y,17,4,4,-0.426892573384278
811,y,18,4,-4,0.934889653942612
811,y,20,5,-3,0.235261851897453
811,y,21,6,2,0.463495353566542
811,y,26,5,5,-0.566962370476754
811,y,29,6,-4,0.12978452829076
811,y,31,7,-3,0.353826776088388
811,y,38,6,-6,-0.890322701196314
811,y,39,7,5,-0.385658202661222
811,y,40,7,-5,0.0843477101191504
811,y,50,7,7,0.784662924908366
812,x,1,0,0,5.97522099415499
812,x,4,2,0,-1.9011643387299
812,x,11,3,-3,-0.805534454307513
812,x,12,4,2,1.0542097282089
812,x,13,4,-2,-0.198017871894577
812,x,15,5,-1,-0.786618495243264
812,x,16,6,0,-0.557226376188314
812,x,19,5,3,0.559287592921975
812,x,28,6,4,-0.224380983929899
812,x,29,6,-4,0.589284021483904
812,x,31,7,-3,0.569042201113308
812,x,39,7,5,-0.250254990553946
812,x,40,7,-5,-0.370371570768046
812,y,4,2,0,-1.31534746058229
812,y,5,2,2,1.37482103230693
812,y,9,4,0,-0.427963425473816
812,y,15,5,-1,1.08041430958717
812,y,17,4,4,0.606542351557553
812,y,18,4,-4,0.901074233490152
812,y,20,5,-3,0.178013121139707
812,y,21,6,2,-0.62627439276039
812,y,24,7,-1,-0.110281979665598
812,y,26,5,5,0.00229098623305458
812,y,39,7,5,-0.360653160455704
812,y,40,7,-5,-0.560132061945198
813,x,1,0,0,-0.0327352282296924
813,x,2,1,1,3.75624620204285
813,x,3,1,-1,-2.14973620697348
813,x,7,3,1,0.191772331050377
813,x,8,3,-1,-0.00612692719280888
813,x,12,4,2,0.56637977700969
813,x,13,4,-2,0.127350381046657
813,x,15,5,-1,0.900694119763542
813,x,16,6,0,-0.224804672829893
813,x,24,7,-1,-0.213665602759773
813,x,26,5,5,-0.0644511798974703
813,x,27,5,-5,-0.590185891329706
813,x,29,6,-4,-0.505187213310035
813,x,39,7,5,0.0992633621844266
813,x,40,7,-5,0.131137632792846
813,y,3,1,-1,6.01899109958301
813,y,4,2,0,0.886061876180868
813,y,5,2,2,0.126417276517545
813,y,10,3,3,0.374032328259933
813,y,11,3,-3,2.7512830700976
813,y,12,4,2,-0.13111846101442
813,y,13,4,-2,0.832636786899677
813,y,14,5,1,0.303058612323768
813,y,15,5,-1,-0.361577477120703
813,y,17,4,4,0.162168746768678
813,y,18,4,-4,-0.786337149079587
813,y,20,5,-3,0.542906929842593
813,y,23,7,1,-0.246138684192735
813,y,29,6,-4,0.890840096221333
813,y,31,7,-3,-0.0562356256523722
813,y,37,6,6,0.289430843450468
813,y,38,6,-6,-0.680635599977865
813,y,51,7,-7,0.266138685446959
814,x,1,0,0,2.90080541823941
814,x,3,1,-1,1.31521113749456
814,x,4,2,0,-1.05055894071965
814,x,5,2,2,-1.24322650362422
814,x,6,2,-2,-0.0339992235984772
814,x,7,3,1,-0.088869177097818
814,x,9,4,0,0.271710255282522
814,x,11,3,-3,0.100842427545506
814,x,14,5,1,-0.374772435826384
814,x,16,6,0,0.749280758267355
814,x,20,5,-3,0.33445755963683
814,x,22,6,-2,-1.07088777502697
814,x,23,7,1,-0.332954571417018
814,x,27,5,-5,-1.05077700137351
814,x,28,6,4,0.693150638875321
814,x,31,7,-3,0.0685649766682616
814,x,37,6,6,0.159666959429581
814,x,38,6,-6,0.797752351257756
814,x,40,7,-5,-0.0940867285056867
814,x,51,7,-7,0.799617946772106
814,y,3,1,-1,-4.64427746770511
814,y,6,2,-2,0.95889967938344
814,y,14,5,1,-0.17547262083004
814,y,19,5,3,-1.16418977541499
814,y,20,5,-3,0.228659734954435
814,y,21,6,2,0.605868710397215
814,y,26,5,5,0.403574294033907
814,y,38,6,-6,0.786729917800222
814,y,40,7,-5,0.484334965978677
814,y,50,7,7,0.527893301847418
814,y,51,7,-7,0.435656686060103
815,x,1,0,0,1.05631335961629
815,x,4,2,0,-0.590480515381314
815,x,8,3,-1,0.765664301669393
815,x,9,4,0,0.799075516129567
815,x,11,3,-3,1.31297836732026
815,x,13,4,-2,-1.04142928327791
815,x,15,5,-1,0.240170493636172
815,x,19,5,3,0.071701770281086
815,x,20,5,-3,0.120872636797924
815,x,21,6,2,-0.235429573167084
815,x,23,7,1,-0.0116592234389243
815,x,24,7,-1,0.569926540220936
815,x,50,7,7,0.240315099148161
815,y,1,0,0,-0.224018665742442
815,y,2,1,1,0.899628829243074
815,y,4,2,0,1.87454980662574
815,y,8,3,-1,0.0765946282595419
815,y,10,3,3,0.45362853541522
815,y,11,3,-3,-2.6483791964356
815,y,13,4,-2,0.400684432326466
815,y,17,4,4,-1.20100575128545
815,y,18,4,-4,0.339133781561248
815,y,19,5,3,-0.222970159424622
815,y,22,6,-2,0.20742164248885
815,y,23,7,1,0.0475025783384572
815,y,24,7,-1,-0.732606096019272
815,y,26,5,5,0.183576457652438
815,y,28,6,4,0.397492818258574
815,y,29,6,-4,0.301889530934539
815,y,30,7,3,-0.273803284697774
815,y,39,7,5,0.164561456994595
815,y,51,7,-7,-0.145845830731018
816,x,1,0,0,-7.45005180043353
816,x,2,1,1,3.99955456218145
816,x,3,1,-1,3.73324327842572
816,x,9,4,0,-0.799694968023641
816,x,11,3,-3,2.27805764889249
816,x,13,4,-2,0.90562329843292
816,x,15,5,-1,1.25072964885954
816,x,18,4,-4,0.0835854253725373
816,x,19,5,3,-0.246118119789651
816,x,22,6,-2,0.772408079061368
816,x,23,7,1,-0.341386442238059
816,x,27,5,-5,0.155164174588878
816,x,30,7,3,0.592908334681455
816,x,39,7,5,0.123313783534276
816,x,50,7,7,0.234247701657703
816,x,51,7,-7,0.518577596732952
816,y,7,3,1,-1.95661340585713
816,y,8,3,-1,-1.13118316974849
816,y,9,4,0,0.242161281734577
816,y,10,3,3,-1.12605332564179
816,y,11,3,-3,0.945644158722285
816,y,14,5,1,-0.699628591104725
816,y,16,6,0,-0.0679922651465765
816,y,19,5,3,0.211545500129885
816,y,21,6,2,-0.94263596965163
816,y,23,7,1,-0.46677189881258
816,y,27,5,-5,0.415654849325674
816,y,40,7,-5,0.0941158165504855
816,y,50,7,7,0.0139094006279412
817,x,3,1,-1,1.48512204763566
817,x,4,2,0,0.588662361840061
817,x,5,2,2,1.95652671788539
817,x,9,4,0,0.150330909017386
817,x,11,3,-3,-2.97837869846245
817,x,12,4,2,-0.384585632788617
817,x,17,4,4,1.49500877607239
817,x,18,4,-4,0.768283733511837
817,x,19,5,3,-0.746408188998265
817,x,24,7,-1,1.00895853404018
817,x,26,5,5,-0.385791141982265
817,x,37,6,6,-0.457833307082435
817,x,38,6,-6,-1.18901809823846
817,x,39,7,5,0.332188295423771
817,x,50,7,7,0.00219136659775399
817,y,9,4,0,-1.0751360774405
817,y,10,3,3,0.153620703635173
817,y,14,5,1,-0.375273909146711
817,y,15,5,-1,0.628948037727699
817,y,16,6,0,-1.60776792230703
817,y,18,4,-4,-0.125765593759495
817,y,19,5,3,2.20961210555242
817,y,26,5,5,-0.265819900853105
817,y,30,7,3,1.37152614125017
817,y,37,6,6,-0.26022326096566
818,x,1,0,0,-5.81647860143088
818,x,2,1,1,-0.738529282426112
818,x,5,2,2,-0.298559973866576
818,x,7,3,1,0.249994300808106
818,x,9,4,0,0.292127788642681
818,x,11,3,-3,1.20878520000797
818,x,16,6,0,0.282163776764311
818,x,17,4,4,-0.48481018619555
818,x,20,5,-3,-0.161951405834783
818,x,21,6,2,-0.080122844409941
818,x,23,7,1,-0.0840844337875476
818,x,24,7,-1,0.160092431721566
818,x,27,5,-5,-0.459168538957236
818,x,29,6,-4,-0.872200853418145
818,x,30,7,3,0.485813742132088
818,x,37,6,6,0.923732735422992
818,x,39,7,5,0.259872210260487
818,x,50,7,7,-0.735398027741791
818,x,51,7,-7,-0.514771058128342
818,y,2,1,1,1.48965244033553
818,y,4,2,0,-2.61205320445327
818,y,5,2,2,0.237367677262192
818,y,6,2,-2,0.956351683675851
818,y,8,3,-1,-1.45103618591395
818,y,11,3,-3,-0.973525856411989
818,y,13,4,-2,0.0833888647801762
818,y,16,6,0,0.686927617450911
818,y,17,4,4,-0.70477221838047
818,y,18,4,-4,-0.322677229609217
818,y,20,5,-3,0.701666839424976
818,y,23,7,1,0.101353486876971
819,x,1,0,0,0.846792347925596
819,x,7,3,1,0.482344774114678
819,x,8,3,-1,-0.304033302640492
819,x,10,3,3,0.6573650201738
819,x,11,3,-3,1.30694766899793
819,x,14,5,1,0.213289926916869
819,x,19,5,3,-0.332254503872523
819,x,26,5,5,-0.387831442187324
819,x,28,6,4,-0.185882670482569
819,x,40,7,-5,0.430292823210556
819,x,50,7,7,-0.518757664784145
819,y,1,0,0,-0.396208023772069
819,y,2,1,1,6.45555161348045
819,y,3,1,-1,-6.35131248511016
819,y,4,2,0,-0.124072322727155
819,y,7,3,1,-0.122200783074561
819,y,9,4,0,-0.676345063575234
819,y,11,3,-3,0.676590500010161
819,y,15,5,-1,0.252938614725494
819,y,18,4,-4,-1.09748961921789
819,y,20,5,-3,-0.306974334298297
819,y,21,6,2,-1.09587524569263
819,y,24,7,-1,-0.64628905663551
819,y,26,5,5,0.804755149547481
819,y,28,6,4,0.731292840495437
819,y,29,6,-4,-0.0260029299418077
819,y,31,7,-3,-0.25650608709822
819,y,37,6,6,-0.619085946712959
819,y,39,7,5,-0.373931127946252
819,y,50,7,7,0.178695115406753
819,y,51,7,-7,0.365800868044721
820,x,1,0,0,-0.280020690341487
820,x,5,2,2,-1.62709055418208
820,x,7,3,1,0.277808700610432
820,x,10,3,3,0.436782028676826
820,x,11,3,-3,1.29231724598669
820,x,12,4,2,-1.02042807339682
820,x,17,4,4,-0.722521788227146
820,x,18,4,-4,0.685713874482002
820,x,19,5,3,0.36625093710127
820,x,23,7,1,-0.106776611990559
820,x,27,5,-5,-0.648412104860705
820,x,30,7,3,-0.248848214345073
820,x,31,7,-3,-0.618788662750624
820,x,37,6,6,-0.077237713859603
820,x,40,7,-5,0.424581540386796
820,x,50,7,7,-1.03672431516252
820,x,51,7,-7,0.225663866736272
820,y,4,2,0,1.64376668368728
820,y,5,2,2,-1.55131003126073
820,y,13,4,-2,0.223224777382832
820,y,14,5,1,-0.126177017509112
820,y,16,6,0,0.311673426121712
820,y,17,4,4,-0.0960808011751771
820,y,21,6,2,0.155272646540954
820,y,23,7,1,0.0283497629294003
820,y,38,6,-6,-0.355075954509345
820,y,40,7,-5,0.0956685301817144
821,x,3,1,-1,1.74535569718736
821,x,5,2,2,1.55092447010911
821,x,6,2,-2,1.81221787979738
821,x,8,3,-1,0.864822039098355
821,x,11,3,-3,1.68942979426808
821,x,15,5,-1,0.156227120705756
821,x,18,4,-4,0.605977560188573
821,x,20,5,-3,0.147854544383734
821,x,27,5,-5,0.114406669113539
821,x,30,7,3,0.0213523536715459
821,x,38,6,-6,-0.122126181297368
821,x,40,7,-5,-0.936711536716915
821,y,3,1,-1,0.463613850761012
821,y,4,2,0,-1.44344710269401
821,y,8,3,-1,0.413920833407495
821,y,9,4,0,-0.461914771760414
821,y,10,3,3,-0.106951558511416
821,y,11,3,-3,-1.18365876303496
821,y,12,4,2,-0.218392238018874
821,y,14,5,1,-0.794611682486118
821,y,15,5,-1,-0.153890119934551
821,y,18,4,-4,-1.08152483561696
821,y,22,6,-2,-0.244724630260216
821,y,28,6,4,0.0133935013025622
821,y,37,6,6,0.0346889926150852
821,y,38,6,-6,-0.773004661693389
821,y,50,7,7,-0.298553194704008
821,y,51,7,-7,-0.0145164401108719
822,x,2,1,1,1.80432034582479
822,x,6,2,-2,-1.90147748658976
822,x,13,4,-2,-0.805119730933247
822,x,14,5,1,-0.887871166334053
822,x,15,5,-1,-0.556304935490896
822,x,30,7,3,-0.155992893112727
822,x,37,6,6,0.703653114991954
822,x,38,6,-6,0.375757154640605
822,x,39,7,5,-0.409046732071582
822,x,40,7,-5,-0.058963086128144
822,x,50,7,7,-0.288131095810502
822,y,2,1,1,0.00702260136690709
822,y,12,4,2,-0.753498182174025
822,y,15,5,-1,-0.619193731870573
822,y,16,6,0,1.6797093541127
822,y,17,4,4,2.03419300255289
822,y,23,7,1,-0.507534492575675
822,y,31,7,-3,1.10750841329882
822,y,39,7,5,-0.833179803354395
822,y,40,7,-5,-0.0676344676648775
822,y,51,7,-7,1.55050682482547
823,x,1,0,0,-2.8604587638582
823,x,2,1,1,0.0067285482738888
823,x,5,2,2,-0.28383787180527
823,x,7,3,1,2.62235954010026
823,x,8,3,-1,-0.969498647285835
823,x,10,3,3,0.616452320756852
823,x,12,4,2,0.504341795698403
823,x,14,5,1,-0.678601339989294
823,x,18,4,-4,-0.362638397283411
823,x,20,5,-3,-0.0428956431828987
823,x,22,6,-2,0.112722864651961
823,x,26,5,5,0.974075253577442
823,x,27,5,-5,-1.0510946439217
823,x,31,7,-3,-0.499030238750963
823,x,38,6,-6,0.299895117172345
823,y,1,0,0,0.829401707129565
823,y,2,1,1,2.99857951130516
823,y,7,3,1,-0.706972740088097
823,y,8,3,-1,-0.551741426607725
823,y,9,4,0,-1.13242437619839
823,y,11,3,-3,-0.646448712857917
823,y,12,4,2,-0.147323856510745
823,y,16,6,0,-0.621945880645525
823,y,18,4,-4,0.175199497363555
823,y,19,5,3,0.386501312418265
823,y,21,6,2,-0.424667382346548
823,y,22,6,-2,-0.235654739383218
823,y,23,7,1,0.180702184575885
823,y,28,6,4,-0.363555827731863
823,y,31,7,-3,0.0732616338398752
823,y,39,7,5,0.226445526430292
823,y,40,7,-5,-0.194277270709143
824,x,6,2,-2,-1.73448247847984
824,x,8,3,-1,-0.967892871985029
824,x,9,4,0,-0.0297617816720103
824,x,10,3,3,-1.07020138172792
824,x,11,3,-3,-0.284971549593975
824,x,17,4,4,-0.652051469887775
824,x,19,5,3,0.355272734095165
824,x,20,5,-3,-0.73613233936151
824,x,21,6,2,0.222869570820959
824,x,23,7,1,0.792890884679642
824,x,26,5,5,-0.182335368848137
824,x,28,6,4,0.0641025317383462
824,x,30,7,3,-0.594912690471571
824,x,31,7,-3,-0.244071738944464
824,x,38,6,-6,0.585062334189841
824,x,40,7,-5,-0.167993068444026
824,x,50,7,7,-0.460285974362565
824,x,51,7,-7,0.157350243982325
824,y,2,1,1,-6.18307404711985
824,y,3,1,-1,-4.78012492393597
824,y,7,3,1,1.07016742890916
824,y,8,3,-1,1.00521567202241
824,y,9,4,0,-0.827217350384925
824,y,12,4,2,-0.235029516454108
824,y,15,5,-1,-0.199059850751107
824,y,18,4,-4,-1.58302480746163
824,y,20,5,-3,-1.3214538287307
824,y,21,6,2,-0.0384964983008002
824,y,26,5,5,-0.330774130819416
824,y,38,6,-6,0.241024241871202
824,y,50,7,7,0.831565491431226
825,x,3,1,-1,1.55467760094924
825,x,6,2,-2,0.028716029346902
825,x,12,4,2,-0.498912112307438
825,x,13,4,-2,0.654471720353274
825,x,16,6,0,-0.0854157949099409
825,x,17,4,4,2.00474227443448
825,x,19,5,3,0.833108362984734
825,x,20,5,-3,-0.123092442257979
825,x,21,6,2,-0.0880778666034096
825,x,24,7,-1,-0.422908648777843
825,x,26,5,5,-0.771015065329121
825,x,27,5,-5,-1.39926860372587
825,x,28,6,4,0.312317641909708
825,x,29,6,-4,0.0807873319057304
825,x,31,7,-3,0.0577674715993628
825,x,38,6,-6,0.248221384927319
825,x,40,7,-5,-0.371398363035285
825,x,50,7,7,0.486171091198486
825,y,2,1,1,1.21597285382669
825,y,3,1,-1,-1.0408448303672
825,y,6,2,-2,2.04971066603626
825,y,9,4,0,-0.464528262085737
825,y,15,5,-1,0.761238852419668
825,y,16,6,0,-0.542063788732997
825,y,17,4,4,-0.142056625945179
825,y,19,5,3,0.348558787962192
825,y,20,5,-3,0.399734403250792
825,y,23,7,1,0.0627612385320523
825,y,27,5,-5,0.161848670434212
825,y,29,6,-4,-0.07131874521766
825,y,30,7,3,-0.0349091482341211
825,y,31,7,-3,-0.175549693492392
825,y,39,7,5,-0.661278002185649
825,y,40,7,-5,-0.346412234141282
826,x,1,0,0,2.83519743006756
826,x,2,1,1,2.33943156368228
826,x,4,2,0,-0.0562314976597786
826,x,7,3,1,-0.219429466841157
826,x,8,3,-1,-0.0283664910564321
826,x,12,4,2,0.446217643315995
826,x,13,4,-2,-0.519205288374242
826,x,15,5,-1,0.548477004690577
826,x,16,6,0,0.195024672848878
826,x,18,4,-4,0.275618862552019
826,x,20,5,-3,-0.901206147190393
826,x,21,6,2,-0.418997528007187
826,x,23,7,1,-0.670312808940141
826,x,24,7,-1,-0.542609148078032
826,x,26,5,5,-0.433808448809887
826,x,28,6,4,-0.364126696981262
826,x,30,7,3,-0.0591136113420018
826,x,37,6,6,-0.673365058267142
826,x,40,7,-5,0.0242293523644426
826,x,50,7,7,0.460348410853031
826,y,3,1,-1,6.9429705891972
826,y,5,2,2,1.67830976502132
826,y,11,3,-3,1.89287867702214
826,y,12,4,2,-0.701567403770851
826,y,14,5,1,-0.260616609912555
826,y,18,4,-4,-0.0059598737651661
826,y,19,5,3,0.220288513723685
826,y,21,6,2,0.183531555713776
826,y,24,7,-1,0.120969343557046
826,y,28,6,4,-0.0875506159260914
826,y,29,6,-4,-0.148811590235286
826,y,31,7,-3,0.320694369564563
827,x,1,0,0,4.25834163262294
827,x,2,1,1,-2.97418481092459
827,x,4,2,0,-0.949539827045892
827,x,5,2,2,0.180011954291501
827,x,12,4,2,-0.223577937581923
827,x,13,4,-2,1.33420775223656
827,x,14,5,1,-0.255257467980382
827,x,16,6,0,-0.150933267014338
827,x,17,4,4,0.851972729663877
827,x,19,5,3,0.326033384600593
827,x,20,5,-3,0.824769532656864
827,x,23,7,1,0.401107957719618
827,x,40,7,-5,0.476235324110049
827,x,50,7,7,0.119565274563806
827,y,1,0,0,2.32098726019711
827,y,2,1,1,-4.69955010714001
827,y,3,1,-1,4.31699988912779
827,y,4,2,0,0.712711450542422
827,y,6,2,-2,-0.728170521946652
827,y,7,3,1,0.747628080152565
827,y,9,4,0,-0.520284116630307
827,y,13,4,-2,0.254331069753252
827,y,16,6,0,0.273795356628563
827,y,18,4,-4,0.377480603271427
827,y,19,5,3,-0.143227653020455
827,y,21,6,2,0.177004355796377
827,y,24,7,-1,-0.0585689703997147
827,y,26,5,5,-0.204328123011599
827,y,31,7,-3,0.772993511474037
827,y,38,6,-6,-0.55653485794202
827,y,39,7,5,0.0498183323264499
827,y,50,7,7,0.536150673722707
827,y,51,7,-7,-0.331254228641475
828,x,2,1,1,-0.951500844385745
828,x,7,3,1,-1.29635618646928
828,x,10,3,3,-1.05604296231002
828,x,13,4,-2,1.31557349839606
828,x,15,5,-1,0.677624456549545
828,x,18,4,-4,-0.223761187303652
828,x,20,5,-3,-0.341745599237313
828,x,21,6,2,0.361578613677471
828,x,24,7,-1,-0.644584673667732
828,x,26,5,5,-0.362084454076224
828,x,27,5,-5,-0.187777564497774
828,x,37,6,6,0.659626201387767
828,x,38,6,-6,-0.197729980847588
828,x,39,7,5,0.291233118275958
828,x,40,7,-5,0.785416090922147
828,x,50,7,7,-0.380570430435919
828,y,6,2,-2,-1.43404662551291
828,y,7,3,1,-1.5157822432688
828,y,11,3,-3,0.862645557259382
828,y,14,5,1,0.931243496059571
828,y,15,5,-1,1.02457134331243
828,y,17,4,4,-0.750287900846899
828,y,19,5,3,0.0340299511159023
828,y,20,5,-3,0.853125630512774
828,y,23,7,1,0.589688178392335
828,y,24,7,-1,-0.535549033492147
828,y,38,6,-6,-0.424168819130215
829,x,1,0,0,0.0458853208002287
829,x,2,1,1,4.15887157650657
829,x,3,1,-1,0.420255907945872
829,x,6,2,-2,-0.456839874489577
829,x,7,3,1,1.06981389705276
829,x,8,3,-1,0.380159512116261
829,x,10,3,3,0.0696913848768545
829,x,12,4,2,0.504824740958658
829,x,15,5,-1,0.949765952850439
829,x,20,5,-3,0.156084970744377
829,x,21,6,2,-0.212299348845483
829,x,26,5,5,-0.344162979909198
829,x,29,6,-4,0.00762617347901658
829,x,31,7,-3,-0.671331577943867
829,x,37,6,6,0.439052939949074
829,y,6,2,-2,-2.22030248352659
829,y,7,3,1,0.209666837504517
829,y,8,3,-1,0.353140811404348
829,y,10,3,3,1.05056949289736
829,y,11,3,-3,0.0183280810447289
829,y,13,4,-2,1.94896997933092
829,y,14,5,1,-0.690617153807935
829,y,17,4,4,0.637676243965721
829,y,19,5,3,0.931904093855116
829,y,22,6,-2,0.918264561414488
829,y,26,5,5,1.99789665969966
829,y,27,5,-5,-0.221109624164253
829,y,29,6,-4,-0.496559272378106
829,y,30,7,3,-0.105639800270854
829,y,31,7,-3,-0.0200103568047791
829,y,38,6,-6,0.10525307972707
829,y,39,7,5,0.254502418112254
829,y,50,7,7,0.474190737276499
830,x,5,2,2,1.4600779837916
830,x,7,3,1,-0.906083261851618
830,x,8,3,-1,0.940617398720154
830,x,9,4,0,-0.584111660291979
830,x,10,3,3,-0.158033921976385
830,x,11,3,-3,-0.735943619234454
830,x,13,4,-2,0.80868805439843
830,x,14,5,1,-1.19386408538889
830,x,18,4,-4,1.09334456922545
830,x,21,6,2,1.46485494970883
830,x,23,7,1,-0.312500972318619
830,x,24,7,-1,-0.210206539458938
830,x,26,5,5,0.967814207489144
830,x,28,6,4,0.427750095717517
830,x,31,7,-3,0.178119025818794
830,x,40,7,-5,0.264483704955109
830,x,50,7,7,0.326431453463051
830,x,51,7,-7,-0.0720394848561457
830,y,2,1,1,2.9443111820293
830,y,5,2,2,0.990324790566367
830,y,10,3,3,0.465550500983064
830,y,11,3,-3,1.07490365193477
830,y,16,6,0,-0.581706569036961
830,y,17,4,4,-0.216570857364341
830,y,18,4,-4,-0.824692977556622
830,y,23,7,1,-0.250837388455224
830,y,26,5,5,-0.0415353190760687
830,y,28,6,4,-0.0910666201551384
830,y,30,7,3,0.217346891933542
830,y,37,6,6,0.477173648846089
830,y,38,6,-6,-0.428060918911797
830,y,39,7,5,0.234869127761083
830,y,40,7,-5,0.778325142764914
831,x,2,1,1,-0.452320045192912
831,x,4,2,0,-2.47118616957683
831,x,6,2,-2,-2.52999185221007
831,x,7,3,1,-0.485660065766754
831,x,9,4,0,-0.449007523334195
831,x,10,3,3,-1.51654580648708
831,x,12,4,2,-0.405909977034285
831,x,15,5,-1,0.0132709227279373
831,x,17,4,4,0.607792371417601
831,x,18,4,-4,1.55101783928726
831,x,22,6,-2,-0.706471029051402
831,x,24,7,-1,0.195124046138428
831,x,29,6,-4,-0.215256104677529
831,x,30,7,3,-0.153960061988886
831,x,31,7,-3,-0.284605780846321
831,y,2,1,1,-5.00849467988819
831,y,3,1,-1,-4.50071373876264
831,y,6,2,-2,-3.14752033329695
831,y,8,3,-1,-0.820943715591288
831,y,10,3,3,0.615268677149753
831,y,12,4,2,-0.0481099242736686
831,y,14,5,1,-1.07473144780188
831,y,15,5,-1,-0.507698944072019
831,y,24,7,-1,-0.0546550788609413
831,y,27,5,-5,0.373017285977278
831,y,28,6,4,-0.302235636322231
831,y,37,6,6,-0.234058639034845
831,y,39,7,5,0.446467109291248
831,y,50,7,7,0.0381497868309939
831,y,51,7,-7,-0.404751800844207
832,x,1,0,0,-4.76268543637131
832,x,7,3,1,0.09264113457987
832,x,10,3,3,0.337671857316461
832,x,11,3,-3,0.195925396415428
832,x,12,4,2,1.82551855016981
832,x,20,5,-3,0.413581559676003
832,x,22,6,-2,-0.147794286949037
832,x,24,7,-1,-0.608228313949142
832,x,27,5,-5,-0.577669551598365
832,x,28,6,4,0.204569576534042
832,x,29,6,-4,-0.220288402744146
832,x,37,6,6,-0.00441228851469285
832,x,38,6,-6,-0.12433147127408
832,x,40,7,-5,-0.206349847666167
832,x,51,7,-7,0.354550429044418
832,y,1,0,0,2.89374984996157
832,y,4,2,0,0.395545959597646
832,y,10,3,3,0.142107989444712
832,y,11,3,-3,0.914493911564214
832,y,16,6,0,-0.0889377782086522
832,y,17,4,4,0.180317459268421
832,y,18,4,-4,-0.608694469884572
832,y,22,6,-2,-0.693601858992115
832,y,23,7,1,0.480464911375831
832,y,24,7,-1,0.440530937958529
832,y,26,5,5,-0.38270515617821
832,y,28,6,4,-0.694256037971549
832,y,29,6,-4,-0.912264150526023
832,y,30,7,3,1.48210918707005
832,y,37,6,6,0.179380009862485
832,y,39,7,5,0.146861432219816
833,x,2,1,1,-0.336898632873604
833,x,4,2,0,1.00277831461861
833,x,5,2,2,2.2608677436093
833,x,7,3,1,-2.25359442623995
833,x,11,3,-3,1.25209122461043
833,x,14,5,1,-0.122007302214366
833,x,17,4,4,0.247162557822171
833,x,18,4,-4,-0.685758381720464
833,x,20,5,-3,-0.838195262613769
833,x,22,6,-2,0.560228557528157
833,x,24,7,-1,-0.00424923225233337
833,x,26,5,5,-0.104405730440027
833,x,28,6,4,-0.512402490842148
833,x,29,6,-4,0.834986849900995
833,x,30,7,3,-0.31585123427325
833,x,31,7,-3,0.00902041887799968
833,x,38,6,-6,0.477149847160064
833,x,40,7,-5,-0.54347152129975
833,x,50,7,7,0.348101422638777
833,x,51,7,-7,-0.74390743649374
833,y,1,0,0,2.4427649845424
833,y,5,2,2,2.18051725385156
833,y,8,3,-1,0.774532883537366
833,y,9,4,0,-0.393534955188506
833,y,12,4,2,-0.390387038565361
833,y,15,5,-1,-0.669713664159617
833,y,16,6,0,0.222487843636419
833,y,19,5,3,1.14212642530121
833,y,20,5,-3,0.457358210631029
833,y,22,6,-2,-0.508494061536225
833,y,24,7,-1,-0.0262674891619962
833,y,27,5,-5,0.430200163212717
833,y,30,7,3,0.062107098596781
833,y,31,7,-3,0.0121956796202341
833,y,37,6,6,0.325943668090171
833,y,38,6,-6,0.00376919266385072
833,y,39,7,5,0.466984448405059
833,y,40,7,-5,0.396081212760056
833,y,51,7,-7,0.123260766707298
834,x,8,3,-1,-2.17841319106027
834,x,11,3,-3,1.26822866808158
834,x,14,5,1,1.00796070770453
834,x,15,5,-1,-1.15250346763751
834,x,16,6,0,-0.320003386445601
834,x,18,4,-4,2.39272744090764
834,x,31,7,-3,0.211569655702687
834,x,37,6,6,-0.579908855856774
834,x,38,6,-6,0.265073598414061
834,x,39,7,5,-0.422080034297745
834,x,51,7,-7,0.308745221879569
834,y,2,1,1,-7.05256537857727
834,y,6,2,-2,-0.515843654812606
834,y,13,4,-2,-0.842668366173038
834,y,15,5,-1,0.301617189386452
834,y,16,6,0,-0.0131254994893004
834,y,21,6,2,-0.106243984177613
834,y,23,7,1,-0.411880054133002
834,y,27,5,-5,-0.637593768296111
834,y,28,6,4,0.518879316751599
834,y,30,7,3,-1.18724897920846
834,y,31,7,-3,-0.586459146998138
834,y,50,7,7,-0.249495205888935
835,x,3,1,-1,-2.09936530993862
835,x,8,3,-1,-1.25367016182262
835,x,10,3,3,0.291790641502996
835,x,17,4,4,-0.764600820339835
835,x,22,6,-2,0.137927701388556
835,x,24,7,-1,-0.363244788634279
835,x,26,5,5,0.00272716815283201
835,x,28,6,4,0.32632725753937
835,x,29,6,-4,0.57922672972526
835,x,39,7,5,0.567443775336329
835,x,40,7,-5,0.220576042784187
835,y,4,2,0,0.687094927718777
835,y,6,2,-2,-1.8434398163379
835,y,9,4,0,-2.06051786301343
835,y,10,3,3,-0.106467979038815
835,y,12,4,2,-0.321369446638387
835,y,14,5,1,-0.477362647927196
835,y,15,5,-1,-1.07542811146649
835,y,17,4,4,1.45842982958246
835,y,24,7,-1,0.737833152510607
835,y,27,5,-5,-0.122492250394558
835,y,28,6,4,0.0262482865481369
835,y,29,6,-4,-0.202523123348162
835,y,30,7,3,0.191347826123462
835,y,37,6,6,0.231761316487229
836,x,7,3,1,1.35789467837743
836,x,12,4,2,-1.25546812718265
836,x,14,5,1,1.79190816855465
836,x,15,5,-1,0.173198632088877
836,x,16,6,0,1.25466032539474
836,x,17,4,4,-0.560114775980717
836,x,22,6,-2,1.15482641625887
836,x,23,7,1,0.0934650122191617
836,x,24,7,-1,-0.498708145838542
836,x,38,6,-6,0.0403195148767238
836,x,39,7,5,-0.257274933944871
836,x,50,7,7,-0.0235139360033711
836,y,1,0,0,-6.55163340809554
836,y,5,2,2,-0.168627419379784
836,y,8,3,-1,-0.466595469201258
836,y,10,3,3,0.359890300246503
836,y,12,4,2,0.735040527665031
836,y,14,5,1,-0.108719549863696
836,y,15,5,-1,-0.108536687839245
836,y,16,6,0,-0.0734042439554224
836,y,18,4,-4,0.997608921511214
836,y,20,5,-3,-0.771081323614127
836,y,23,7,1,0.214864271438557
836,y,24,7,-1,-0.086604958650792
836,y,26,5,5,-0.395890694611118
836,y,28,6,4,-0.157117983559762
836,y,29,6,-4,-0.86118563259811
836,y,31,7,-3,0.414095251199045
836,y,38,6,-6,-0.245319363949251
836,y,50,7,7,-0.47511770775145
837,x,1,0,0,2.28102089595825
837,x,3,1,-1,-1.6723997840326
837,x,6,2,-2,2.00595444993025
837,x,7,3,1,0.617059073435449
837,x,11,3,-3,-0.743871996929443
837,x,16,6,0,0.0190098639901605
837,x,18,4,-4,0.0442431733465337
837,x,19,5,3,-0.254503007534984
837,x,24,7,-1,0.848583010673633
837,x,27,5,-5,-0.0997270372690824
837,x,31,7,-3,-0.0873397351757311
837,x,38,6,-6,-0.494884282847501
837,x,51,7,-7,-0.747353112716607
837,y,6,2,-2,1.47476234948566
837,y,9,4,0,-0.791923748155102
837,y,13,4,-2,0.4832942214254
837,y,16,6,0,1.21340655678051
837,y,18,4,-4,-1.01435671973299
837,y,21,6,2,0.137139693239495
837,y,24,7,-1,-0.806244984328929
837,y,27,5,-5,1.1748468489407
837,y,28,6,4,-0.449444794643144
837,y,31,7,-3,-1.05803747851029
837,y,37,6,6,-0.0636219942552798
837,y,40,7,-5,0.0969174207618375
837,y,51,7,-7,0.735890466811817
838,x,1,0,0,2.31740032783789
838,x,3,1,-1,0.407469549910674
838,x,6,2,-2,-1.26191121609442
838,x,7,3,1,-1.21977181680831
838,x,10,3,3,0.00243653262601453
838,x,12,4,2,-0.500600472313142
838,x,14,5,1,0.391463106014993
838,x,16,6,0,0.0777506800201315
838,x,27,5,-5,0.253563735316098
838,x,30,7,3,-0.168699715363289
838,x,31,7,-3,0.114553905898106
838,x,39,7,5,0.166431013070568
838,x,40,7,-5,-1.49996991960514
838,x,51,7,-7,0.158356064194907
838,y,1,0,0,1.24629708705098
838,y,3,1,-1,0.682396859459752
838,y,5,2,2,-0.497186575674952
838,y,17,4,4,-0.756966157555425
838,y,20,5,-3,-0.320248210583521
838,y,23,7,1,0.537397278203898
838,y,26,5,5,0.10042063889972
838,y,27,5,-5,0.520033186682252
838,y,31,7,-3,0.254751545196333
838,y,38,6,-6,-0.126713602010119
838,y,40,7,-5,-0.405066693338788
839,x,1,0,0,-3.69729925417385
839,x,11,3,-3,-0.847948605204342
839,x,12,4,2,0.440613608322905
839,x,14,5,1,-0.352972337291015
839,x,15,5,-1,-0.0273517525931943
839,x,17,4,4,0.277801423206276
839,x,18,4,-4,-0.494383914235228
839,x,22,6,-2,0.317550864900182
839,x,23,7,1,0.0206110798094309
839,x,24,7,-1,-0.317596524652413
839,x,29,6,-4,-0.820526733795085
839,x,31,7,-3,0.284846568464629
839,x,38,6,-6,-0.110206091469673
839,x,50,7,7,-0.180686209600272
839,x,51,7,-7,0.796262032965309
839,y,1,0,0,0.923768876916862
839,y,3,1,-1,7.65864659739602
839,y,5,2,2,-0.4269266531132
839,y,8,3,-1,-0.718948500112042
839,y,9,4,0,-0.595832982613836
839,y,12,4,2,-0.475022036957519
839,y,13,4,-2,0.462822759796763
839,y,14,5,1,0.0473422150048304
839,y,20,5,-3,0.0609011516537944
839,y,21,6,2,-0.757595865012995
839,y,23,7,1,0.232059831132939
839,y,26,5,5,0.607009885209987
839,y,29,6,-4,0.0235522996184885
839,y,30,7,3,-0.348818506088004
839,y,38,6,-6,-0.111659330833567
839,y,39,7,5,-0.0159168055067594
839,y,51,7,-7,0.158746072737613
840,x,1,0,0,-3.17831503366448
840,x,3,1,-1,1.08104785190638
840,x,4,2,0,-1.52947663992319
840,x,5,2,2,-1.58536122254409
840,x,6,2,-2,-0.255142532694295
840,x,10,3,3,-0.717747458868097
840,x,11,3,-3,-1.13828673979003
840,x,12,4,2,-0.649889803853227
840,x,13,4,-2,-0.11729269608329
840,x,14,5,1,-0.343610497539981
840,x,15,5,-1,-0.0820834079403359
840,x,17,4,4,-2.35454024638675
840,x,19,5,3,0.086340929227283
840,x,20,5,-3,-0.210346345097843
840,x,21,6,2,-0.745578133000381
840,x,26,5,5,0.0323389713393309
840,x,28,6,4,0.121989683328126
840,x,31,7,-3,0.0129579354968341
840,x,38,6,-6,-0.266074965371052
840,x,40,7,-5,-0.0922682751736488
840,y,3,1,-1,-0.755066051500777
840,y,4,2,0,0.748931898886543
840,y,5,2,2,-0.295465978199453
840,y,8,3,-1,1.12623727007436
840,y,9,4,0,-0.387885366055023
840,y,12,4,2,0.617756648411874
840,y,15,5,-1,-0.236255912502104
840,y,16,6,0,0.239223459151115
840,y,18,4,-4,0.31502599109623
840,y,19,5,3,0.866741363222958
840,y,21,6,2,-0.574826458366902
840,y,22,6,-2,-0.663354855102006
840,y,24,7,-1,-0.657825461509821
840,y,27,5,-5,0.610580475944198
840,y,28,6,4,1.23943141275795
840,y,31,7,-3,-0.941504548482991
840,y,38,6,-6,0.0797921697212947
840,y,40,7,-5,-0.767784232952885
840,y,50,7,7,-0.862567231899858
841,x,2,1,1,-5.95698593140928
841,x,3,1,-1,-3.29921393976518
841,x,5,2,2,-0.449788829789419
841,x,6,2,-2,0.671940284359102
841,x,7,3,1,-0.579944833834937
841,x,8,3,-1,0.227453964204346
841,x,9,4,0,-0.0695981308005107
841,x,10,3,3,-1.51791269679313
841,x,11,3,-3,0.285024843638157
841,x,16,6,0,0.406089271731233
841,x,17,4,4,1.32917304397191
841,x,20,5,-3,0.518776435747572
841,x,21,6,2,0.955082632435013
841,x,22,6,-2,0.308932444960582
841,x,26,5,5,0.235205846456417
841,x,29,6,-4,0.323200081801952
841,x,38,6,-6,-0.77146251510494
841,x,39,7,5,0.0733529279098493
841,x,50,7,7,-0.65937741640988
841,y,2,1,1,1.67788948594853
841,y,4,2,0,-0.590839580640283
841,y,9,4,0,0.0904420829608831
841,y,10,3,3,-0.0258025744084487
841,y,12,4,2,-1.02245212578324
841,y,18,4,-4,-0.14776872894333
841,y,19,5,3,-0.0576007953360199
841,y,21,6,2,0.17260622873959
841,y,28,6,4,-0.44412618642945
841,y,30,7,3,0.182125885098546
841,y,38,6,-6,0.177210626961308
842,x,1,0,0,-1.6723676682712
842,x,3,1,-1,0.179771399265249
842,x,6,2,-2,-0.589899755384873
842,x,11,3,-3,-0.51477078112569
842,x,13,4,-2,-0.477445954108067
842,x,14,5,1,0.95886241608169
842,x,16,6,0,-0.240588895831403
842,x,20,5,-3,0.038463769858137
842,x,23,7,1,-0.362713324817626
842,x,27,5,-5,0.149853044283829
842,x,28,6,4,0.318204153946642
842,x,38,6,-6,0.602601566989172
842,y,2,1,1,-0.986047992947459
842,y,3,1,-1,3.03691565646733
842,y,5,2,2,-0.42383115840281
842,y,7,3,1,0.941208331940266
842,y,10,3,3,0.728463171651224
842,y,11,3,-3,0.703102965659898
842,y,13,4,-2,0.344665681887004
842,y,17,4,4,-0.328751858409316
842,y,18,4,-4,-1.34708219282981
842,y,19,5,3,-0.588804637048613
842,y,20,5,-3,-0.526474337299552
842,y,21,6,2,0.472536164456673
842,y,28,6,4,0.0994205655745713
842,y,29,6,-4,0.0385775941526635
842,y,37,6,6,-0.75103808358027
842,y,38,6,-6,0.852665701971032
842,y,39,7,5,-0.14713006325789
842,y,50,7,7,-0.528215043623404
842,y,51,7,-7,-0.472635478598145
843,x,1,0,0,-4.9636181311109
843,x,6,2,-2,3.79393434166726
843,x,7,3,1,-0.591166071148287
843,x,8,3,-1,0.0970836043990223
843,x,11,3,-3,1.29435330924238
843,x,14,5,1,1.06200402852488
843,x,17,4,4,-0.742365081219873
843,x,18,4,-4,0.422628068302496
843,x,24,7,-1,-0.0609713242673316
843,x,26,5,5,0.358631130990524
843,x,28,6,4,-0.169997143657254
843,x,30,7,3,-0.572182005144109
843,x,38,6,-6,-0.586801875699562
843,x,50,7,7,-0.741305042668246
843,x,51,7,-7,-0.1619895553273
843,y,3,1,-1,0.286969672040685
843,y,6,2,-2,-3.0877021162439
843,y,7,3,1,-0.248894320444143
843,y,9,4,0,-0.685706927133976
843,y,11,3,-3,-1.76786575589369
843,y,22,6,-2,0.254405361801106
843,y,23,7,1,0.314009956854359
843,y,24,7,-1,-0.665585324098369
843,y,26,5,5,0.559143991664175
843,y,27,5,-5,-0.0411507920758647
843,y,28,6,4,-0.492269766556245
843,y,30,7,3,-0.54936991201899
843,y,39,7,5,0.542743947565913
843,y,40,7,-5,-0.417300996305395
844,x,3,1,-1,-2.14091794992769
844,x,6,2,-2,0.744232838926987
844,x,7,3,1,1.33831875626829
844,x,10,3,3,-0.34107828895495
844,x,13,4,-2,1.24406771142224
844,x,17,4,4,2.51421703689943
844,x,21,6,2,0.0875279445024241
844,x,24,7,-1,-0.196454409656616
844,x,27,5,-5,0.223956744891157
844,x,28,6,4,-0.746705141167068
844,x,31,7,-3,-0.103688039028366
844,x,39,7,5,1.08284795057661
844,x,40,7,-5,0.371447994632456
844,x,50,7,7,-0.225578720692803
844,y,5,2,2,-1.5752233284719
844,y,7,3,1,-1.05978543328522
844,y,11,3,-3,-1.19444732066944
844,y,12,4,2,0.415698717829222
844,y,13,4,-2,0.300215231855754
844,y,15,5,-1,0.125199344847796
844,y,17,4,4,-0.890016885509207
844,y,27,5,-5,1.55413645693239
844,y,29,6,-4,-0.241003044034499
844,y,31,7,-3,-0.966110621637687
845,x,3,1,-1,-1.98280046513497
845,x,12,4,2,-0.4873648419572
845,x,16,6,0,-0.306152457977717
845,x,17,4,4,0.769128848192535
845,x,18,4,-4,-0.37388831543974
845,x,19,5,3,0.0855020489604913
845,x,20,5,-3,0.810940951830463
845,x,22,6,-2,-1.07502487250507
845,x,23,7,1,0.0734528785615778
845,x,29,6,-4,-0.313634091158922
845,x,50,7,7,-0.321569624385882
845,y,2,1,1,0.128156190339299
845,y,5,2,2,2.89770467051457
845,y,10,3,3,-0.819458713199935
845,y,11,3,-3,0.157178105863365
845,y,12,4,2,-0.641814440767892
845,y,15,5,-1,0.402080081410138
845,y,16,6,0,-0.490649798659287
845,y,18,4,-4,-1.71270319768669
845,y,20,5,-3,0.310476991812363
845,y,22,6,-2,0.423529893170784
845,y,23,7,1,-0.217496242544191
845,y,27,5,-5,-0.140754024237573
845,y,28,6,4,0.00271725053606808
845,y,31,7,-3,0.156537474051075
845,y,51,7,-7,-0.710140911792372
846,x,2,1,1,-1.79626086641086
846,x,3,1,-1,-2.40063557501842
846,x,4,2,0,-0.0923219500717014
846,x,5,2,2,0.168466113586664
846,x,6,2,-2,1.72265243356194
846,x,12,4,2,0.750961298258783
846,x,16,6,0,-0.319541847666381
846,x,19,5,3,-0.250561134943765
846,x,27,5,-5,0.723665617417083
846,x,28,6,4,-0.306573179270325
846,x,29,6,-4,-0.976131413528859
846,x,39,7,5,-0.0619880352961474
846,x,40,7,-5,0.306625064697446
846,x,51,7,-7,0.307687318091712
846,y,2,1,1,0.0910862298244165
846,y,3,1,-1,0.844925211040013
846,y,4,2,0,0.0476072950721027
846,y,6,2,-2,0.442475671578814
846,y,9,4,0,-1.64127590309299
846,y,13,4,-2,0.294992735502629
846,y,14,5,1,-0.617826578833533
846,y,18,4,-4,-0.695668852246112
846,y,19,5,3,0.816090668854305
846,y,21,6,2,-0.336083134276054
846,y,22,6,-2,-0.87459716799257
846,y,23,7,1,0.434662904464461
846,y,24,7,-1,-0.232668467518205
846,y,27,5,-5,0.610251953756555
846,y,28,6,4,0.831774634147793
846,y,30,7,3,0.0939800224711219
846,y,40,7,-5,0.86661768564873
847,x,1,0,0,-2.90244374832548
847,x,2,1,1,-4.75919018902792
847,x,5,2,2,1.27795132896702
847,x,8,3,-1,-0.0331314264454399
847,x,12,4,2,-0.719984153648185
847,x,13,4,-2,1.48249571538155
847,x,14,5,1,-0.544782740700534
847,x,16,6,0,-0.367560876106673
847,x,22,6,-2,0.219073952607709
847,x,24,7,-1,0.0592041922074647
847,x,27,5,-5,-0.859843979873608
847,x,40,7,-5,-0.55385729143622
847,x,51,7,-7,0.757123836745779
847,y,3,1,-1,-1.74954611795456
847,y,6,2,-2,-1.27119529859656
847,y,7,3,1,0.0403217927131988
847,y,11,3,-3,0.514530570836511
847,y,13,4,-2,-1.09440351117043
847,y,16,6,0,0.150724038311525
847,y,17,4,4,0.416057302752157
847,y,19,5,3,0.0477105247338641
847,y,22,6,-2,-0.116363538235955
847,y,26,5,5,0.0981134371665376
847,y,30,7,3,0.10134619275276
848,x,1,0,0,1.46621751779088
848,x,4,2,0,0.687362394234076
848,x,6,2,-2,0.925944145920597
848,x,11,3,-3,-0.632725709169341
848,x,21,6,2,0.191442212553142
848,x,23,7,1,0.497471316415388
848,x,27,5,-5,-0.106377667607941
848,x,29,6,-4,-0.22268762139377
848,x,31,7,-3,-0.209574012171626
848,x,37,6,6,0.2373812891019
848,x,39,7,5,0.422849561700233
848,x,40,7,-5,-0.32981481099561
848,y,2,1,1,4.08854390595824
848,y,4,2,0,-1.1568855161361
848,y,5,2,2,0.829152690042325
848,y,6,2,-2,0.257310922135917
848,y,8,3,-1,0.216988083335738
848,y,15,5,-1,-0.65278035186189
848,y,22,6,-2,0.366675819133688
848,y,24,7,-1,0.206393999960449
848,y,26,5,5,0.188426662126949
848,y,28,6,4,-0.0964822463022224
848,y,37,6,6,-0.031716724464791
848,y,38,6,-6,-0.945137970499308
849,x,3,1,-1,0.372017104744269
849,x,9,4,0,-1.7784165936789
849,x,10,3,3,-0.233928030995047
849,x,12,4,2,-0.564605814653472
849,x,13,4,-2,-0.35427996815124
849,x,16,6,0,-0.753521025553796
849,x,24,7,-1,-0.109105168712746
849,x,28,6,4,-0.511287138867379
849,x,30,7,3,-1.19823921444789
849,x,37,6,6,-0.75738148155928
849,x,38,6,-6,0.143982646779063
849,x,40,7,-5,-0.110230205209334
849,x,51,7,-7,-0.830196758666365
849,y,2,1,1,-2.15993782514945
849,y,3,1,-1,-2.92424200491927
849,y,5,2,2,-1.49916910394391
849,y,8,3,-1,-0.146966984768845
849,y,11,3,-3,-0.104915548163717
849,y,12,4,2,-1.27715300622334
849,y,14,5,1,-0.388351578042513
849,y,17,4,4,0.724377479104929
849,y,18,4,-4,-0.819096637567137
849,y,19,5,3,-0.235467722644781
849,y,20,5,-3,-0.0370037339831603
849,y,22,6,-2,-0.203749312073486
849,y,27,5,-5,0.184301826907664
849,y,29,6,-4,0.807348455645502
849,y,30,7,3,-0.301032683032574
849,y,37,6,6,0.272091372778643
849,y,39,7,5,0.385270118412148
849,y,40,7,-5,-0.492090746488795
849,y,51,7,-7,0.0385098510088649
850,x,1,0,0,-1.17955743883658
850,x,7,3,1,1.21430751756899
850,x,8,3,-1,-1.23769265290368
850,x,9,4,0,0.887769294470074
850,x,10,3,3,2.88014628984363
850,x,11,3,-3,-0.20871599616901
850,x,15,5,-1,0.294162433234688
850,x,16,6,0,-0.48603647765686
850,x,17,4,4,-0.801016809060855
850,x,20,5,-3,-0.417236364482428
850,x,21,6,2,0.105970758468243
850,x,23,7,1,0.41310179454445
850,x,28,6,4,-0.0441711936105621
850,x,31,7,-3,0.278556245806444
850,x,38,6,-6,0.469258592805196
850,x,39,7,5,-0.446172259311787
850,x,40,7,-5,0.46958455529899
850,y,9,4,0,-0.477448156635664
850,y,10,3,3,-1.02966101491983
850,y,13,4,-2,2.45372716750361
850,y,14,5,1,0.5066711727459
850,y,20,5,-3,0.558381379441806
850,y,21,6,2,-0.672361989168915
850,y,23,7,1,1.2066609394102
850,y,30,7,3,0.922149204824027
850,y,31,7,-3,0.552145133849288
850,y,37,6,6,0.194275662105085
850,y,38,6,-6,0.709807758636223
850,y,50,7,7,1.19599750076606
851,x,1,0,0,0.439647508753766
851,x,2,1,1,-2.28591362482611
851,x,3,1,-1,0.233873706650855
851,x,4,2,0,-0.3020826172378
851,x,7,3,1,1.44020827759443
851,x,12,4,2,-0.430892364782242
851,x,14,5,1,1.29926657286504
851,x,21,6,2,-0.578571342364091
851,x,22,6,-2,-0.644241426743474
851,x,23,7,1,-0.183905220717043
851,x,24,7,-1,0.202030704318014
851,x,26,5,5,0.249742043767016
851,x,30,7,3,-0.785966108934107
851,x,31,7,-3,0.284310466523497
851,x,37,6,6,-0.104886539679107
851,x,40,7,-5,-0.0427543503119065
851,x,51,7,-7,-0.317640698462691
851,y,1,0,0,2.38617439498326
851,y,3,1,-1,4.06812934321146
851,y,5,2,2,-0.978852280722973
851,y,6,2,-2,-1.43050621480891
851,y,21,6,2,-0.632581942382886
851,y,22,6,-2,0.0364083651729918
851,y,23,7,1,-0.225976956033473
851,y,24,7,-1,-0.4016327174911
851,y,39,7,5,0.0033706986818067
851,y,50,7,7,0.390858064383245
852,x,1,0,0,2.26532477594445
852,x,2,1,1,-0.023917837876589
852,x,4,2,0,0.996652900953892
852,x,16,6,0,1.28692133334624
852,x,17,4,4,-0.0669825010935716
852,x,18,4,-4,1.34331310727117
852,x,19,5,3,0.160157488443713
852,x,20,5,-3,0.838970402902557
852,x,24,7,-1,-1.4778908118059
852,x,26,5,5,-0.864091284718087
852,x,27,5,-5,0.426873699449743
852,x,28,6,4,-0.511950056481659
852,x,29,6,-4,0.530622311942565
852,x,30,7,3,0.351226629511354
852,x,37,6,6,1.73750325288608
852,x,39,7,5,0.2916058411825
852,x,40,7,-5,-0.255965891897216
852,x,50,7,7,0.45806143927827
852,y,1,0,0,-0.759993457524969
852,y,2,1,1,-0.559805226584198
852,y,4,2,0,1.15162761747114
852,y,14,5,1,0.784933930532706
852,y,15,5,-1,0.887247104878099
852,y,18,4,-4,-0.446473036857699
852,y,19,5,3,-0.333768014673147
852,y,23,7,1,-0.259961826186388
852,y,24,7,-1,0.208131832314233
852,y,26,5,5,0.255781323127924
852,y,40,7,-5,0.113186714249162
852,y,50,7,7,-0.581327303196016
853,x,3,1,-1,3.61824352899512
853,x,4,2,0,0.378348779511027
853,x,16,6,0,0.0176227231754361
853,x,20,5,-3,1.02955416863825
853,x,21,6,2,-0.373843308263562
853,x,22,6,-2,-0.00948674267112596
853,x,23,7,1,-0.00279277089333281
853,x,24,7,-1,0.380440246510391
853,x,26,5,5,0.0646680097467625
853,x,37,6,6,0.333333040472473
853,x,38,6,-6,0.0598194602602358
853,x,40,7,-5,-1.03463309840405
853,y,1,0,0,4.65824445742746
853,y,3,1,-1,-1.15150329179632
853,y,7,3,1,-0.862670892587408
853,y,8,3,-1,1.18951877286692
853,y,9,4,0,-0.488514043277252
853,y,11,3,-3,0.906982168271438
853,y,12,4,2,0.826375472406532
853,y,15,5,-1,0.603310746212733
853,y,16,6,0,-0.674669132070532
853,y,18,4,-4,0.77104318588446
853,y,21,6,2,-0.0728622542170266
853,y,23,7,1,-0.123330683252006
853,y,24,7,-1,0.195594454831195
853,y,27,5,-5,-0.995208617961478
853,y,37,6,6,0.59755806293651
853,y,39,7,5,0.239217686231819
853,y,40,7,-5,-0.780086006700084
853,y,50,7,7,0.0163239344709288
854,x,1,0,0,-2.1100280942465
854,x,3,1,-1,0.168755538053935
854,x,5,2,2,-0.42901275286945
854,x,7,3,1,-0.121988483498343
854,x,10,3,3,0.600946221326936
854,x,14,5,1,0.56168239249392
854,x,16,6,0,-0.182806794567043
854,x,17,4,4,-0.169001561682634
854,x,18,4,-4,0.577616722597135
854,x,19,5,3,0.583000478516846
854,x,23,7,1,0.0849507957931246
854,x,24,7,-1,0.148167117989764
854,x,26,5,5,-0.505110373515765
854,x,27,5,-5,-0.301887811243678
854,x,31,7,-3,0.12692829408647
854,x,37,6,6,-0.0810479376222376
854,x,38,6,-6,-0.00481957895029308
854,x,39,7,5,0.0627154514684342
854,y,1,0,0,-2.13573377037819
854,y,2,1,1,-2.8783020637456
854,y,4,2,0,1.75041414541759
854,y,5,2,2,-1.5237457727792
854,y,11,3,-3,-3.19948279826507
854,y,16,6,0,0.412904059202027
854,y,18,4,-4,-0.956952916398189
854,y,19,5,3,-0.118733933534859
854,y,21,6,2,0.619195244882495
854,y,22,6,-2,0.0451774623720376
854,y,28,6,4,0.179215870866765
854,y,30,7,3,-0.226937751510857
854,y,31,7,-3,0.692933136061386
854,y,38,6,-6,-0.165372271995451
854,y,39,7,5,0.0229173081248502
854,y,40,7,-5,-0.160678544357208
854,y,50,7,7,0.0180400754774934
855,x,1,0,0,-1.38539449816348
855,x,6,2,-2,2.57329780354255
855,x,7,3,1,-1.24949054235493
855,x,8,3,-1,0.708030863486912
855,x,9,4,0,-0.263173281129084
855,x,15,5,-1,0.0520196858244601
855,x,17,4,4,-0.496815846561779
855,x,18,4,-4,0.378620474292547
855,x,19,5,3,0.213432843018726
855,x,20,5,-3,0.877478551280066
855,x,21,6,2,0.589769888021615
855,x,24,7,-1,-1.36578151342739
855,x,29,6,-4,0.179829117903571
855,y,5,2,2,-2.56679750468229
855,y,9,4,0,-0.126342001082155
855,y,10,3,3,0.0469726684783833
855,y,12,4,2,-0.688881718707752
855,y,13,4,-2,0.00888401531098361
855,y,14,5,1,-0.937629959027805
855,y,17,4,4,-0.671952920287689
855,y,19,5,3,-0.339093099512868
855,y,26,5,5,-1.21005430408341
855,y,27,5,-5,0.564515632760297
855,y,28,6,4,0.121990204911261
855,y,37,6,6,0.108174575901396
855,y,50,7,7,0.17933322815858
855,y,51,7,-7,-0.545043290300183
856,x,2,1,1,1.97140521435185
856,x,5,2,2,1.72710053607826
856,x,7,3,1,-1.33069047509938
856,x,8,3,-1,-0.445775402840517
856,x,10,3,3,-0.195950204412651
856,x,11,3,-3,-0.943491355938668
856,x,13,4,-2,0.877469570575136
856,x,17,4,4,-0.190526726821874
856,x,18,4,-4,0.807398795350657
856,x,19,5,3,-0.731761479059241
856,x,20,5,-3,-0.466589404163068
856,x,21,6,2,-0.204380914148275
856,x,24,7,-1,-1.04262512914039
856,x,26,5,5,-0.937321460087768
856,x,28,6,4,0.469724444133417
856,x,30,7,3,0.176916820429669
856,x,37,6,6,0.398726267447747
856,x,38,6,-6,-0.524029882227047
856,x,39,7,5,-0.729693299942256
856,x,40,7,-5,0.0381398642100295
856,y,3,1,-1,-3.59619264099725
856,y,4,2,0,-1.97858911066904
856,y,10,3,3,0.547448878476837
856,y,12,4,2,-0.161215551452245
856,y,18,4,-4,-0.0646973071889324
856,y,19,5,3,-0.730594347067059
856,y,38,6,-6,1.08689891854547
856,y,39,7,5,-0.213065660718355
856,y,40,7,-5,0.1096764535185
856,y,51,7,-7,0.165513343408806
857,x,2,1,1,2.72812532361342
857,x,5,2,2,-2.01758854684699
857,x,7,3,1,-1.83238519170913
857,x,8,3,-1,-2.42062177747344
857,x,11,3,-3,0.474068443770853
857,x,13,4,-2,-0.12029359299909
857,x,14,5,1,-0.707229529312134
857,x,15,5,-1,1.21219883347571
857,x,18,4,-4,-0.815226684487315
857,x,20,5,-3,0.534230727661184
857,x,22,6,-2,-0.0110571092594512
857,x,24,7,-1,-0.524379316509261
857,x,28,6,4,-0.182288931631419
857,y,1,0,0,0.986540498235946
857,y,4,2,0,1.72889818583964
857,y,5,2,2,1.60717281228984
857,y,13,4,-2,0.0194161522943005
857,y,18,4,-4,-1.40901953996011
857,y,19,5,3,-0.492134838004732
857,y,22,6,-2,0.142877724401671
857,y,30,7,3,-0.302903503941777
857,y,37,6,6,0.510641540669574
857,y,50,7,7,-0.432819570078106
857,y,51,7,-7,-0.118349576993301
858,x,2,1,1,-1.30383779429687
858,x,3,1,-1,4.02853289162658
858,x,5,2,2,1.05951298674717
858,x,13,4,-2,-0.607344104326364
858,x,16,6,0,-0.0901402110555357
858,x,21,6,2,0.571588047085754
858,x,27,5,-5,-0.866189972399589
858,x,38,6,-6,-0.37370581760477
858,x,39,7,5,0.610577752503036
858,x,40,7,-5,0.312793421476512
858,x,50,7,7,0.111912168925159
858,y,1,0,0,-6.97070447254641
858,y,4,2,0,0.981480991878468
858,y,5,2,2,1.04148794738411
858,y,7,3,1,-0.451333114357303
858,y,8,3,-1,0.832238029343478
858,y,9,4,0,0.821743404116781
858,y,10,3,3,-0.69443653106626
858,y,12,4,2,0.125445129396233
858,y,14,5,1,-0.556473646211039
858,y,15,5,-1,1.22782742082003
858,y,19,5,3,0.674424567799518
858,y,22,6,-2,0.706978156272129
858,y,31,7,-3,0.265250103551335
858,y,38,6,-6,-0.712373608916978
858,y,40,7,-5,-0.951835488392722
858,y,50,7,7,0.646237330924434
859,x,3,1,-1,1.5485612719735
859,x,7,3,1,-0.173542547989286
859,x,8,3,-1,1.24418635117025
859,x,11,3,-3,-1.98459379580091
859,x,14,5,1,-1.98473667956893
859,x,20,5,-3,-0.728884019748391
859,x,21,6,2,0.115314432714865
859,x,28,6,4,0.69183398917751
859,x,30,7,3,-1.35594894295783
859,x,31,7,-3,0.776371664061035
859,x,37,6,6,-0.203445429984176
859,x,38,6,-6,0.0313363779500754
859,x,39,7,5,-0.186033042110451
859,x,50,7,7,0.883393212622906
859,y,1,0,0,-2.33839733215485
859,y,2,1,1,1.04389757723453
859,y,4,2,0,0.786173526922261
859,y,6,2,-2,1.2287645449886
859,y,9,4,0,0.262225854740767
859,y,12,4,2,0.177233226987006
859,y,13,4,-2,0.274270444372267
859,y,15,5,-1,-0.108998862850057
859,y,17,4,4,-0.476446232205579
859,y,20,5,-3,0.946625729526476
859,y,22,6,-2,0.0724963438407917
859,y,24,7,-1,-0.404397053790739
859,y,29,6,-4,0.7850651857328
859,y,31,7,-3,-0.307789718028276
859,y,38,6,-6,0.42796945994234
859,y,39,7,5,0.464972219937249
859,y,50,7,7,-0.353161848586358
860,x,1,0,0,-0.00705781950234821
860,x,3,1,-1,4.42205470446884
860,x,9,4,0,0.376678739508854
860,x,14,5,1,-0.247365709541404
860,x,16,6,0,0.89987936557315
860,x,21,6,2,0.664037760788058
860,x,28,6,4,0.705047208919343
860,x,37,6,6,0.47050375981317
860,x,40,7,-5,0.32699435769726
860,x,50,7,7,-0.915442786254549
860,x,51,7,-7,0.58968102159502
860,y,5,2,2,2.0652474447323
860,y,9,4,0,1.00845781447259
860,y,13,4,-2,0.132522744857351
860,y,14,5,1,-0.890057233436515
860,y,19,5,3,0.31053953483101
860,y,20,5,-3,0.166429160532971
860,y,21,6,2,-0.146312547845966
860,y,28,6,4,-0.834379943640088
860,y,39,7,5,0.152700407327051
860,y,50,7,7,-0.135819334127344
861,x,3,1,-1,2.82634080505263
861,x,4,2,0,-0.216988637760568
861,x,6,2,-2,0.594665728602982
861,x,10,3,3,0.137116727542096
861,x,13,4,-2,-0.150687514773738
861,x,14,5,1,-0.465113265745715
861,x,17,4,4,-0.326816049414222
861,x,20,5,-3,0.412298928065023
861,x,21,6,2,0.185889313637494
861,x,22,6,-2,-0.553506883721251
861,x,28,6,4,0.157398380147203
861,x,29,6,-4,-0.190275743601887
861,x,31,7,-3,-0.329867634355437
861,x,50,7,7,-0.173798666039396
861,y,2,1,1,-3.83887824551244
861,y,3,1,-1,0.444403318252034
861,y,5,2,2,0.267468818083733
861,y,6,2,-2,-1.30323972678063
861,y,23,7,1,0.527556350555832
861,y,24,7,-1,-0.045629925327916
861,y,26,5,5,0.414294349582329
861,y,27,5,-5,-1.25535686942796
861,y,29,6,-4,0.846780488428625
861,y,39,7,5,0.0805652573126341
861,y,50,7,7,0.114866988461217
861,y,51,7,-7,-0.562294974270572
862,x,4,2,0,2.42731903571976
862,x,7,3,1,0.773521529184779
862,x,8,3,-1,-0.41388431798442
862,x,10,3,3,0.382643837411698
862,x,12,4,2,-0.785236535613197
862,x,16,6,0,-0.305804542639339
862,x,17,4,4,-0.21353193729682
862,x,20,5,-3,0.182933801299871
862,x,23,7,1,0.136157103117582
862,x,24,7,-1,0.208926669975325
862,x,28,6,4,-0.0038058549499122
862,x,30,7,3,0.780271065525889
862,x,31,7,-3,-0.113875402334111
862,x,39,7,5,-0.103596378308186
862,x,50,7,7,-0.0796611744021809
862,x,51,7,-7,-0.423177775594175
862,y,1,0,0,1.87054433032329
862,y,2,1,1,-1.16227486151456
862,y,5,2,2,0.343980821663042
862,y,7,3,1,0.675647209806534
862,y,8,3,-1,-0.448250571227575
862,y,9,4,0,-0.50391504771991
862,y,10,3,3,0.129963313256217
862,y,12,4,2,-1.69772156110402
862,y,20,5,-3,-0.144640199569787
862,y,21,6,2,0.0175326252515788
862,y,22,6,-2,0.57606337299431
862,y,24,7,-1,-0.526674900419739
862,y,27,5,-5,-0.457377777395433
862,y,28,6,4,0.510993831541231
862,y,29,6,-4,-0.0463988780905668
862,y,30,7,3,0.257315703813276
862,y,37,6,6,0.219322262515586
862,y,39,7,5,0.248807357739974
862,y,50,7,7,0.698912777882463
862,y,51,7,-7,0.25479311262383
863,x,1,0,0,2.65509083622206
863,x,3,1,-1,-0.77398348309412
863,x,4,2,0,1.01975852556576
863,x,6,2,-2,1.81381993978108
863,x,7,3,1,0.475642972449439
863,x,8,3,-1,1.68766176418648
863,x,9,4,0,-0.888060837728935
863,x,11,3,-3,-0.544405268428711
863,x,13,4,-2,1.17540839746583
863,x,14,5,1,0.400069656874431
863,x,20,5,-3,0.394350951885305
863,x,24,7,-1,-0.0585997518487203
863,x,26,5,5,-0.0151414152020674
863,x,28,6,4,-0.157351478209694
863,x,29,6,-4,0.40439604538179
863,x,37,6,6,0.123605194840615
863,x,39,7,5,0.129729680122638
863,x,50,7,7,0.194124523908159
863,y,1,0,0,-2.31137336790283
863,y,5,2,2,-0.140463982510208
863,y,11,3,-3,0.426296091888869
863,y,13,4,-2,-1.19339145105084
863,y,19,5,3,0.175250217033987
863,y,21,6,2,-0.14340960962142
863,y,29,6,-4,0.339304986266762
863,y,31,7,-3,0.488549304511468
863,y,38,6,-6,-0.368435141446016
863,y,39,7,5,-0.52393591670237
863,y,51,7,-7,0.550758740574988
864,x,8,3,-1,-1.38159559962549
864,x,9,4,0,0.364801942947764
864,x,11,3,-3,1.68977403111476
864,x,12,4,2,1.66447647411229
864,x,15,5,-1,0.253366728029967
864,x,16,6,0,0.723398228773272
864,x,17,4,4,-0.264018141547647
864,x,19,5,3,-0.221356817366499
864,x,24,7,-1,0.409921721427598
864,x,27,5,-5,-0.966815232757015
864,x,29,6,-4,0.28257312743972
864,x,30,7,3,-1.40258432397918
864,x,31,7,-3,0.240792625136533
864,x,37,6,6,1.08516860399083
864,x,38,6,-6,-0.0996366862066539
864,x,39,7,5,0.559095671168934
864,x,40,7,-5,0.11524170416749
864,x,50,7,7,0.232487043878162
864,y,2,1,1,-2.40115656321879
864,y,3,1,-1,2.64162883409802
864,y,4,2,0,1.07417034987986
864,y,6,2,-2,3.02133718385671
864,y,11,3,-3,-0.51675553561145
864,y,19,5,3,1.15972496496838
864,y,20,5,-3,-0.0509598870328409
864,y,22,6,-2,-0.724168929529246
864,y,31,7,-3,-0.0772903255070836
864,y,38,6,-6,-0.580072617313643
865,x,4,2,0,-0.512133331302085
865,x,11,3,-3,-1.48281161029396
865,x,15,5,-1,-0.0356017290972941
865,x,22,6,-2,-0.3006955986127
865,x,23,7,1,-0.160879433904044
865,x,26,5,5,1.80436751173037
865,x,28,6,4,-1.89390844247287
865,x,29,6,-4,-0.700976259908343
865,x,38,6,-6,1.7260663492665
865,x,51,7,-7,0.164239286217526
865,y,1,0,0,-1.67829547877099
865,y,3,1,-1,-1.7111123929316
865,y,5,2,2,-0.0339382246572681
865,y,6,2,-2,0.505370437760099
865,y,9,4,0,0.429311685369233
865,y,11,3,-3,-0.787232654176138
865,y,13,4,-2,-0.0449577454041504
865,y,14,5,1,0.71170854020602
865,y,16,6,0,-0.162278929804498
865,y,19,5,3,-1.9940785525662
865,y,21,6,2,-0.119772975037982
865,y,24,7,-1,-0.412203180767198
865,y,29,6,-4,0.388666632232475
865,y,37,6,6,0.318615122931866
865,y,39,7,5,0.175019313151921
865,y,40,7,-5,-0.539394522888665
866,x,3,1,-1,2.38444362387695
866,x,5,2,2,0.871995746690807
866,x,9,4,0,-0.173839033611686
866,x,13,4,-2,0.843822853184505
866,x,14,5,1,1.23900024928544
866,x,17,4,4,-1.69539156603393
866,x,19,5,3,-0.555372476830193
866,x,21,6,2,0.0478075461791889
866,x,22,6,-2,0.517395493927536
866,x,23,7,1,0.712099400044057
866,x,26,5,5,-0.513982405472153
866,x,27,5,-5,0.50473713326215
866,x,30,7,3,-0.582424387711054
866,x,38,6,-6,0.656700250917622
866,x,39,7,5,0.870816989983282
866,y,1,0,0,-3.5533233297086
866,y,4,2,0,2.26904711149405
866,y,7,3,1,0.89211341002061
866,y,12,4,2,-1.31472177105998
866,y,15,5,-1,-0.33182174268203
866,y,17,4,4,-0.313596002675137
866,y,20,5,-3,0.00104412106841685
866,y,23,7,1,-0.409507465799024
866,y,24,7,-1,0.217974648804486
866,y,26,5,5,-0.488803036401407
866,y,29,6,-4,0.263743722533494
866,y,31,7,-3,0.283244680124355
866,y,37,6,6,0.508656637761164
866,y,40,7,-5,0.258543823008417
866,y,50,7,7,-0.327478413305873
867,x,4,2,0,-2.59384738358141
867,x,5,2,2,1.02572363352284
867,x,6,2,-2,1.90999991853844
867,x,14,5,1,0.101361593246032
867,x,15,5,-1,-1.21186417607649
867,x,16,6,0,0.487835766455685
867,x,19,5,3,0.587930625436196
867,x,23,7,1,-0.0760080284399959
867,x,29,6,-4,-0.500738413309146
867,x,50,7,7,0.622839404703339
867,x,51,7,-7,1.37205984634982
867,y,2,1,1,4.89311207982914
867,y,3,1,-1,2.90959443055609
867,y,4,2,0,1.83949159050505
867,y,5,2,2,0.728465181184571
867,y,7,3,1,-0.570592075314393
867,y,9,4,0,0.821349594854117
867,y,11,3,-3,-0.0145932053322164
867,y,14,5,1,-0.197744856597543
867,y,15,5,-1,-0.0663246008844698
867,y,16,6,0,-0.985627049966264
867,y,17,4,4,1.19937000865584
867,y,22,6,-2,-1.27678740894144
867,y,23,7,1,-0.239291888123979
867,y,24,7,-1,-0.276410048430323
867,y,26,5,5,-0.260479057799012
867,y,27,5,-5,0.127451467122207
867,y,31,7,-3,-0.189421359044537
867,y,38,6,-6,-0.580936634459453
867,y,40,7,-5,1.03882020213875
868,x,3,1,-1,2.52289263055542
868,x,5,2,2,2.16844162695896
868,x,6,2,-2,-0.253235796275089
868,x,7,3,1,1.01217252761786
868,x,11,3,-3,0.283815152228045
868,x,15,5,-1,-0.206288255227098
868,x,17,4,4,0.978206944555856
868,x,22,6,-2,0.342440543108795
868,x,28,6,4,0.294167112768466
868,x,29,6,-4,-0.301406765974066
868,x,30,7,3,0.147592054114235
868,x,38,6,-6,0.00102466578865466
868,x,39,7,5,-0.854140710186498
868,x,50,7,7,-0.265526403899316
868,y,3,1,-1,0.447627286045137
868,y,4,2,0,2.8073025952097
868,y,5,2,2,0.196156564212807
868,y,8,3,-1,-0.30903165013712
868,y,11,3,-3,-0.876257277842122
868,y,16,6,0,0.523973297181163
868,y,17,4,4,1.15282356271588
868,y,18,4,-4,-0.0563800506611144
868,y,19,5,3,-0.0159537852770893
868,y,24,7,-1,-0.509313866716461
868,y,26,5,5,0.68463242252279
868,y,27,5,-5,-0.327354587330546
868,y,29,6,-4,-0.708714528925598
868,y,31,7,-3,0.742800460858076
868,y,37,6,6,-0.413214511423457
868,y,51,7,-7,-0.914506671515272
869,x,1,0,0,0.649617212118885
869,x,4,2,0,1.65890583306478
869,x,7,3,1,0.527781030913964
869,x,13,4,-2,0.207799707840123
869,x,14,5,1,0.3167491503843
869,x,15,5,-1,0.216026307749885
869,x,17,4,4,-0.951513319127935
869,x,18,4,-4,0.11202932756798
869,x,19,5,3,0.243366462287332
869,x,20,5,-3,-0.757556081102974
869,x,28,6,4,-0.339491374835664
869,x,38,6,-6,0.00667638929126013
869,x,50,7,7,0.348570063860447
869,y,4,2,0,2.34456145968992
869,y,5,2,2,-2.19663590524932
869,y,7,3,1,0.777723961297091
869,y,8,3,-1,0.259095837366742
869,y,10,3,3,0.873700062449874
869,y,11,3,-3,-0.388259419280333
869,y,14,5,1,-0.992596647470845
869,y,20,5,-3,0.000817220032908578
869,y,22,6,-2,0.243460805794759
869,y,29,6,-4,0.995038807587728
869,y,31,7,-3,0.332426085906557
870,x,3,1,-1,-1.87785561436068
870,x,6,2,-2,-1.01145330520753
870,x,18,4,-4,0.932135287214174
870,x,21,6,2,-0.0114246310006111
870,x,23,7,1,0.161788748756283
870,x,24,7,-1,0.0671121965699824
870,x,28,6,4,-0.272585887814731
870,x,29,6,-4,0.281425020260578
870,x,30,7,3,0.162388788292001
870,x,39,7,5,-0.141520081869778
870,x,50,7,7,-0.149526031115124
870,x,51,7,-7,0.646608743754796
870,y,4,2,0,1.44493597295051
870,y,5,2,2,-2.69275995862098
870,y,6,2,-2,-0.187903956594979
870,y,8,3,-1,0.879618717962602
870,y,11,3,-3,0.759564908340717
870,y,18,4,-4,0.274107063465128
870,y,20,5,-3,-0.50263431372117
870,y,24,7,-1,-0.198528514778096
870,y,27,5,-5,0.740706807806412
870,y,30,7,3,-0.030235649107829
870,y,37,6,6,-0.0448970886124557
870,y,38,6,-6,0.616112329719947
870,y,50,7,7,0.0166114052998043
870,y,51,7,-7,0.288616647694073
871,x,4,2,0,3.12257237927187
871,x,5,2,2,-0.115457996370286
871,x,7,3,1,0.671193041499068
871,x,10,3,3,-0.621206411700569
871,x,11,3,-3,0.367036239138152
871,x,12,4,2,-1.6656997015195
871,x,13,4,-2,1.34886313564483
871,x,14,5,1,-0.827112139829085
871,x,23,7,1,0.391738679282969
871,x,24,7,-1,-0.102757792129718
871,x,27,5,-5,-0.308275502544639
871,x,30,7,3,-0.541822972415695
871,x,37,6,6,0.548131471973687
871,x,38,6,-6,-0.533067411913032
871,x,40,7,-5,-0.248400821353299
871,x,50,7,7,-0.766635759390973
871,y,2,1,1,3.85445694497769
871,y,4,2,0,0.17813147787119
871,y,6,2,-2,0.331929463592896
871,y,8,3,-1,0.200660138393036
871,y,15,5,-1,0.405802383849303
871,y,17,4,4,1.06399670862309
871,y,19,5,3,-0.788538641345361
871,y,21,6,2,0.667072324325807
871,y,22,6,-2,0.466230226285779
871,y,27,5,-5,0.220641701934742
871,y,28,6,4,0.128757488703343
871,y,37,6,6,1.041716143319
871,y,40,7,-5,0.57601277682943
871,y,51,7,-7,0.229803903735667
872,x,1,0,0,0.15018982901844
872,x,5,2,2,-0.78796393816384
872,x,6,2,-2,-2.18285236918085
872,x,9,4,0,1.91040519558536
872,x,11,3,-3,0.181882292440719
872,x,13,4,-2,1.1080972279132
872,x,14,5,1,-1.19595834786113
872,x,16,6,0,-0.482890935933124
872,x,17,4,4,0.044900351919677
872,x,18,4,-4,0.132858389196327
872,x,21,6,2,0.295761627898329
872,x,22,6,-2,0.193844360340316
872,x,23,7,1,-0.370070495979752
872,x,27,5,-5,-0.0248777684755155
872,x,30,7,3,-0.479694409661452
872,x,37,6,6,-0.360265579881897
872,x,39,7,5,-0.299357454351443
872,x,40,7,-5,-0.235789736126894
872,x,51,7,-7,0.308213110361556
872,y,2,1,1,-0.00103116474578875
872,y,5,2,2,0.60853111147506
872,y,6,2,-2,1.57466232587231
872,y,7,3,1,-0.975199477358914
872,y,8,3,-1,-0.552626340814969
872,y,9,4,0,-0.128161731334948
872,y,10,3,3,-0.868623134222379
872,y,15,5,-1,0.489184530150953
872,y,16,6,0,0.969534739039368
872,y,17,4,4,-0.99688566261385
872,y,21,6,2,-0.898988499066525
872,y,23,7,1,-0.57135536685092
872,y,26,5,5,-0.820350111754253
872,y,27,5,-5,-0.875963392324487
872,y,28,6,4,-0.241695683811117
872,y,29,6,-4,-0.197859121083003
872,y,39,7,5,-0.0208238598774792
872,y,40,7,-5,0.000471932961079006
872,y,51,7,-7,0.5003777019054
873,x,2,1,1,-0.0808613032423325
873,x,3,1,-1,-2.21586572816687
873,x,6,2,-2,0.494156942984998
873,x,9,4,0,0.179420310217276
873,x,10,3,3,-0.0399405836479306
873,x,11,3,-3,-1.9462302857055
873,x,13,4,-2,0.975275073393537
873,x,14,5,1,0.0287555398235008
873,x,17,4,4,-2.07220139026718
873,x,21,6,2,0.0390371515121378
873,x,29,6,-4,-0.137214100642775
873,x,31,7,-3,0.123845427274991
873,x,40,7,-5,0.257605819747123
873,x,51,7,-7,-1.03807702817308
873,y,1,0,0,-0.410028620465658
873,y,2,1,1,-0.296149061210276
873,y,5,2,2,0.874822765835925
873,y,6,2,-2,-0.934713422714313
873,y,9,4,0,-1.19931933221319
873,y,13,4,-2,0.329671843350602
873,y,15,5,-1,-0.925387722541985
873,y,20,5,-3,0.861499667539968
873,y,22,6,-2,0.580971634881586
873,y,23,7,1,0.398134822793584
873,y,24,7,-1,-0.0363968609813695
873,y,26,5,5,-0.0202113539971821
873,y,30,7,3,0.00133223604545859
873,y,31,7,-3,1.14985016148692
873,y,38,6,-6,1.36254675225462
873,y,39,7,5,-1.05757301727228
873,y,40,7,-5,0.128015380636405
873,y,50,7,7,-0.58160906513736
873,y,51,7,-7,0.174569057815601
874,x,2,1,1,-2.17200009416228
874,x,7,3,1,0.964903725287058
874,x,11,3,-3,1.54032502589388
874,x,12,4,2,0.206634771689332
874,x,14,5,1,0.663574355518061
874,x,16,6,0,0.173641659107945
874,x,19,5,3,-0.061822458823474
874,x,22,6,-2,-0.603890934002429
874,x,39,7,5,0.241569104932105
874,x,50,7,7,-0.37439760487233
874,y,3,1,-1,7.66745783801292
874,y,6,2,-2,2.26852413580948
874,y,7,3,1,-0.471384538786512
874,y,8,3,-1,0.818432925520552
874,y,9,4,0,-0.53933567737525
874,y,10,3,3,-2.10494511409159
874,y,13,4,-2,-0.649470447837272
874,y,15,5,-1,0.485097113500952
874,y,17,4,4,-0.161817013766924
874,y,20,5,-3,-0.948145245121355
874,y,22,6,-2,0.0444203126831711
874,y,28,6,4,-0.290915949747425
874,y,38,6,-6,-0.789517715947673
875,x,1,0,0,1.19852083975909
875,x,2,1,1,5.11319531465874
875,x,9,4,0,0.390650417669555
875,x,10,3,3,0.649204712871357
875,x,11,3,-3,0.644048012787105
875,x,12,4,2,0.680123281572717
875,x,14,5,1,-1.4367749409696
875,x,15,5,-1,-0.456222244686327
875,x,17,4,4,-0.487705758113281
875,x,18,4,-4,-0.492085968140752
875,x,19,5,3,-0.757222361981339
875,x,20,5,-3,0.928237444173019
875,x,21,6,2,0.470790553226515
875,x,22,6,-2,-0.946295604899912
875,x,28,6,4,0.187107637681495
875,x,31,7,-3,-0.156126198645052
875,x,39,7,5,-0.268489810245539
875,y,2,1,1,1.51873655801328
875,y,3,1,-1,-1.17875172438471
875,y,5,2,2,-1.65597468204916
875,y,6,2,-2,1.59766752924994
875,y,8,3,-1,-1.1300206842518
875,y,9,4,0,0.766141885513949
875,y,10,3,3,-0.549194888477739
875,y,12,4,2,-0.0772659361944491
875,y,21,6,2,-0.0562962449775495
875,y,23,7,1,0.0174343086633044
875,y,28,6,4,-0.0596987475821983
875,y,38,6,-6,0.50029049967529
875,y,39,7,5,-0.29876934285851
875,y,40,7,-5,-0.376551755416611
876,x,1,0,0,3.39532232635067
876,x,2,1,1,2.23075927598928
876,x,5,2,2,0.220634067343525
876,x,7,3,1,0.884661111180457
876,x,8,3,-1,0.502335544072106
876,x,10,3,3,-0.646686604594498
876,x,11,3,-3,-0.318282984083145
876,x,12,4,2,-0.562337304453265
876,x,13,4,-2,0.188743105786727
876,x,14,5,1,-0.330479392267187
876,x,17,4,4,0.0174682497610432
876,x,18,4,-4,0.491046631350143
876,x,23,7,1,-0.325756809554357
876,x,26,5,5,0.477220910259652
876,x,29,6,-4,0.222163999176938
876,x,30,7,3,-0.657524798642762
876,x,31,7,-3,0.392601845418639
876,x,37,6,6,-0.837701268025188
876,x,38,6,-6,-0.275737111293548
876,x,39,7,5,-0.702398375199573
876,y,6,2,-2,-0.587428679195612
876,y,7,3,1,-0.149558212865279
876,y,11,3,-3,2.35591494130076
876,y,13,4,-2,1.01530615077975
876,y,16,6,0,0.689647736126903
876,y,17,4,4,0.339475905298374
876,y,20,5,-3,-0.407179994231095
876,y,22,6,-2,1.2435997407342
876,y,23,7,1,0.464693415369592
876,y,37,6,6,0.825872028412073
876,y,38,6,-6,0.436631029988392
876,y,51,7,-7,0.0993769735677614
877,x,5,2,2,-0.0816058253682072
877,x,6,2,-2,2.02230103646618
877,x,7,3,1,-0.0967693398710552
877,x,9,4,0,-0.189949707226136
877,x,11,3,-3,-0.522804564216164
877,x,13,4,-2,-1.39261499248922
877,x,15,5,-1,0.575665409343237
877,x,23,7,1,0.0110062633753673
877,x,30,7,3,-0.333001631880357
877,x,31,7,-3,-0.163448305996891
877,x,38,6,-6,1.29036293137402
877,x,40,7,-5,-0.0491507913612577
877,x,51,7,-7,-0.0353612312490531
877,y,1,0,0,-1.81865903726948
877,y,2,1,1,-0.785590895076015
877,y,5,2,2,2.51736221029448
877,y,7,3,1,-1.66059390550383
877,y,10,3,3,0.18900082583718
877,y,11,3,-3,-0.245544368720203
877,y,12,4,2,-0.180231266102464
877,y,16,6,0,0.199102735264209
877,y,17,4,4,-1.30451645643854
877,y,20,5,-3,0.0619155410095771
877,y,21,6,2,-0.168107688704943
877,y,22,6,-2,0.286557829496564
877,y,24,7,-1,0.311676374759731
877,y,28,6,4,0.144317033214613
877,y,30,7,3,0.42142854558626
877,y,37,6,6,0.359124422713968
877,y,39,7,5,-0.391982234733851
877,y,51,7,-7,-0.321628036536743
878,x,3,1,-1,-1.44503149599802
878,x,4,2,0,3.95753991641468
878,x,8,3,-1,-1.51466442504521
878,x,10,3,3,-0.479312190647538
878,x,12,4,2,-0.316495515642473
878,x,13,4,-2,0.470132123744698
878,x,14,5,1,-1.35970161362866
878,x,17,4,4,-0.480069221341973
878,x,22,6,-2,-0.616472152778947
878,x,24,7,-1,0.360423319970442
878,x,28,6,4,1.0586931919181
878,x,29,6,-4,-0.355669826076706
878,x,31,7,-3,0.111152655603282
878,x,37,6,6,0.459534580237654
878,x,38,6,-6,-0.168582909728687
878,x,51,7,-7,0.421465889117966
878,y,5,2,2,0.432586384271789
878,y,6,2,-2,0.091449416391323
878,y,7,3,1,0.524360814834685
878,y,8,3,-1,-0.470629361463376
878,y,9,4,0,0.308639212255402
878,y,10,3,3,1.47927903879707
878,y,11,3,-3,-1.75875872919684
878,y,13,4,-2,0.591450119066086
878,y,18,4,-4,-0.886113165948512
878,y,21,6,2,-0.90859015915724
878,y,22,6,-2,0.032702237263874
878,y,40,7,-5,-1.1548816534487
878,y,50,7,7,0.954818346906409
879,x,1,0,0,-4.27529376856563
879,x,2,1,1,-3.81687899636688
879,x,4,2,0,-0.855172156731429
879,x,6,2,-2,-0.406124198603451
879,x,8,3,-1,0.889790594651157
879,x,12,4,2,-0.140514189924042
879,x,14,5,1,0.233364848531044
879,x,19,5,3,0.684459737923985
879,x,24,7,-1,0.666512964534248
879,x,26,5,5,-0.624519352250459
879,x,28,6,4,-0.840844196424758
879,x,30,7,3,0.0175535818902807
879,x,38,6,-6,0.202311550176561
879,x,39,7,5,-0.706405185391182
879,x,40,7,-5,-0.278834426315983
879,y,6,2,-2,2.2587044879389
879,y,7,3,1,-0.58005766861002
879,y,8,3,-1,-0.921586775201416
879,y,9,4,0,2.12698095268802
879,y,11,3,-3,-1.20211260012028
879,y,12,4,2,-0.634248383075425
879,y,13,4,-2,-2.13654942271112
879,y,14,5,1,0.00604265345228601
879,y,17,4,4,0.325265353659943
879,y,20,5,-3,0.200744154875798
879,y,22,6,-2,-0.587681966821807
879,y,24,7,-1,0.6308842877025
879,y,26,5,5,0.372330045846323
879,y,29,6,-4,0.5160138444389
879,y,37,6,6,0.181581989133275
879,y,38,6,-6,-0.517585927569266
879,y,39,7,5,0.579147364645197
879,y,40,7,-5,-0.0308125228796899
879,y,50,7,7,-0.0708142832363824
879,y,51,7,-7,-0.168488191951953
880,x,2,1,1,1.29614113681036
880,x,4,2,0,0.100625396719406
880,x,5,2,2,-2.1731307816428
880,x,9,4,0,-0.538254933736569
880,x,10,3,3,0.987996337081535
880,x,12,4,2,1.43411053209169
880,x,15,5,-1,0.286595055724423
880,x,17,4,4,0.185764837936458
880,x,20,5,-3,0.157972037496888
880,x,22,6,-2,-0.37898750732897
880,x,23,7,1,-1.00350510090055
880,x,24,7,-1,-0.573098104590262
880,x,29,6,-4,-0.297282617682306
880,x,38,6,-6,-0.178190611333675
880,x,39,7,5,0.473930794328393
880,x,40,7,-5,0.199665529347652
880,x,51,7,-7,0.357782152761006
880,y,1,0,0,-2.93845065529309
880,y,2,1,1,-3.25402643970373
880,y,5,2,2,0.0513667441667345
880,y,6,2,-2,0.838011747655579
880,y,8,3,-1,0.826968277580477
880,y,9,4,0,0.501255922233386
880,y,11,3,-3,-0.832522090502105
880,y,12,4,2,0.747477897049657
880,y,13,4,-2,0.460333334750123
880,y,14,5,1,0.00424400488963993
880,y,19,5,3,0.00844405755934403
880,y,20,5,-3,-0.55668792113387
880,y,21,6,2,0.281105939531604
880,y,22,6,-2,-0.0676330524378328
880,y,26,5,5,0.376302543623883
880,y,31,7,-3,-0.269844139106066
880,y,37,6,6,0.563859393335
880,y,50,7,7,-0.535718653109617
881,x,1,0,0,2.67241938497325
881,x,2,1,1,-2.51069953002887
881,x,4,2,0,-0.348994526526755
881,x,8,3,-1,-0.205545458678833
881,x,10,3,3,0.190059166043319
881,x,14,5,1,-1.08385813372747
881,x,18,4,-4,1.59556765434931
881,x,21,6,2,0.0737027310756128
881,x,24,7,-1,0.161727595656487
881,x,38,6,-6,0.232468974297834
881,y,2,1,1,-2.40441277359228
881,y,3,1,-1,0.150591068388601
881,y,13,4,-2,-0.17022997405057
881,y,14,5,1,-0.339427543825604
881,y,17,4,4,-0.821185199625811
881,y,21,6,2,0.507012893210549
881,y,23,7,1,-0.198734743653852
881,y,24,7,-1,-0.0234844389391722
881,y,27,5,-5,-0.640081515472408
881,y,28,6,4,-0.613645786912862
881,y,37,6,6,-0.167533933027237
882,x,1,0,0,0.365985957103974
882,x,2,1,1,-3.07869300155856
882,x,6,2,-2,-0.300290423884349
882,x,8,3,-1,-0.478876704783725
882,x,10,3,3,1.55076658097815
882,x,13,4,-2,-0.487714903347821
882,x,14,5,1,0.724379698962011
882,x,17,4,4,-0.44566614288835
882,x,19,5,3,-0.952385077184734
882,x,23,7,1,0.20219241473945
882,x,28,6,4,0.242352042058908
882,x,29,6,-4,0.331602918328233
882,x,31,7,-3,-0.2445186949614
882,x,40,7,-5,0.436377039498214
882,y,1,0,0,-0.898612619810586
882,y,2,1,1,-2.65745422775423
882,y,5,2,2,-1.15294010727019
882,y,8,3,-1,1.86368503132444
882,y,10,3,3,-0.889686604446069
882,y,11,3,-3,-0.108927906629232
882,y,14,5,1,0.550962847410453
882,y,15,5,-1,0.390272333073232
882,y,16,6,0,0.20794910773901
882,y,18,4,-4,0.361868070087249
882,y,20,5,-3,-0.754341440110504
882,y,23,7,1,-0.407297162371393
882,y,26,5,5,-0.386558576769361
882,y,30,7,3,-0.130496114427165
882,y,31,7,-3,0.454957838262313
882,y,37,6,6,0.681421041575122
882,y,38,6,-6,-0.270342843914871
882,y,39,7,5,0.222611640988906
882,y,50,7,7,0.138352032334179
882,y,51,7,-7,-0.394861244158599
883,x,1,0,0,2.57403601372474
883,x,6,2,-2,4.11101569564192
883,x,8,3,-1,-0.415697394509194
883,x,10,3,3,-1.16124165595784
883,x,14,5,1,0.769729276844322
883,x,16,6,0,0.176758165241808
883,x,20,5,-3,-0.967041961252913
883,x,21,6,2,-0.197085766290977
883,x,27,5,-5,0.669177351487708
883,x,28,6,4,0.490651468963028
883,x,30,7,3,-0.144894147274119
883,x,37,6,6,-0.101554977778272
883,x,51,7,-7,0.566357909163565
883,y,2,1,1,3.18548408539133
883,y,12,4,2,-1.43614116502241
883,y,18,4,-4,0.219154135545025
883,y,19,5,3,-0.473131955842438
883,y,20,5,-3,-0.622670863733465
883,y,26,5,5,0.290970268930506
883,y,27,5,-5,-0.818892486985374
883,y,30,7,3,0.999864225328127
883,y,40,7,-5,0.459898968166279
883,y,51,7,-7,0.0202481229341233
884,x,2,1,1,0.186604228864531
884,x,3,1,-1,2.62303156200607
884,x,5,2,2,0.122938208736517
884,x,12,4,2,-0.198018028838489
884,x,15,5,-1,-0.450603646824861
884,x,16,6,0,-0.214017067171841
884,x,23,7,1,-0.303334197554593
884,x,24,7,-1,-0.523799455296997
884,x,26,5,5,-0.555579650891112
884,x,28,6,4,-0.104985806317995
884,x,29,6,-4,0.0685898186967623
884,y,3,1,-1,0.165827134485479
884,y,6,2,-2,1.73487955376226
884,y,7,3,1,-1.29144715695985
884,y,10,3,3,-0.523423846536401
884,y,11,3,-3,0.934935975616503
884,y,15,5,-1,-0.267771365583752
884,y,21,6,2,-1.31670005406377
884,y,22,6,-2,0.0304274823040596
884,y,28,6,4,0.653291743232874
884,y,31,7,-3,0.449735943516987
885,x,1,0,0,-3.08486754251694
885,x,2,1,1,-1.08634421608962
885,x,3,1,-1,3.25899605384093
885,x,6,2,-2,3.8972948729587
885,x,9,4,0,-0.185332454340283
885,x,10,3,3,1.47761869911848
885,x,16,6,0,-0.580305800123339
885,x,18,4,-4,-0.329670749014395
885,x,21,6,2,0.0687237759925929
885,x,30,7,3,0.00268182746189784
885,x,38,6,-6,0.484941008957513
885,x,40,7,-5,-0.11840376843514
885,x,50,7,7,-0.190801580275876
885,y,3,1,-1,2.00472955251332
885,y,4,2,0,-1.18047474257197
885,y,5,2,2,-1.807910051515
885,y,8,3,-1,1.90142890083859
885,y,9,4,0,-0.493728482586621
885,y,10,3,3,-1.3439736255029
885,y,16,6,0,0.846231131589459
885,y,17,4,4,1.05031302819365
885,y,18,4,-4,-0.239660257151626
885,y,19,5,3,0.582913867554801
885,y,20,5,-3,1.04504947112033
885,y,21,6,2,-0.744318060291422
885,y,26,5,5,0.321490236530883
885,y,27,5,-5,-0.338084420668868
885,y,28,6,4,-0.279958830651322
885,y,31,7,-3,-0.230689134898648
885,y,37,6,6,-0.277564320751854
885,y,39,7,5,-0.626518202846835
885,y,50,7,7,0.0789892623529644
886,x,1,0,0,1.46462795326121
886,x,3,1,-1,3.20169579921408
886,x,4,2,0,1.33814544265418
886,x,5,2,2,-2.17884422608177
886,x,6,2,-2,-1.20554891227981
886,x,8,3,-1,0.664745454010107
886,x,11,3,-3,1.35072242857565
886,x,18,4,-4,0.367455443820311
886,x,20,5,-3,0.209714296544342
886,x,21,6,2,-1.31404923969184
886,x,22,6,-2,-0.315503451299936
886,x,27,5,-5,0.0594327132229829
886,x,28,6,4,0.427897561798349
886,x,29,6,-4,1.20275223957714
886,x,31,7,-3,-0.353864847729815
886,x,37,6,6,-0.235093877614559
886,x,39,7,5,-0.577274269336038
886,x,50,7,7,0.213502919819003
886,y,2,1,1,3.92483941330371
886,y,3,1,-1,3.09209910987758
886,y,9,4,0,-0.165476516668668
886,y,11,3,-3,1.38177298607808
886,y,13,4,-2,1.15888469162393
886,y,15,5,-1,0.47883995883412
886,y,17,4,4,-0.540031246347188
886,y,18,4,-4,-0.424696696981485
886,y,19,5,3,-0.0635650075203484
886,y,23,7,1,-0.450095889576886
886,y,24,7,-1,0.742105664435883
886,y,26,5,5,0.0635685175676025
886,y,28,6,4,0.538786521536238
886,y,30,7,3,0.555888994204701
886,y,31,7,-3,-0.097087090633702
886,y,37,6,6,-0.121718257644129
886,y,39,7,5,-0.702251123001652
887,x,1,0,0,-1.300756627324
887,x,2,1,1,1.31745726794486
887,x,5,2,2,-1.71889008693959
887,x,7,3,1,-1.77271014351956
887,x,8,3,-1,-0.388392982366096
887,x,12,4,2,-0.401095091161876
887,x,13,4,-2,-0.766978816933406
887,x,15,5,-1,-0.228432371403155
887,x,17,4,4,-0.335047324222582
887,x,19,5,3,1.19013763376378
887,x,22,6,-2,0.0557589681192476
887,x,27,5,-5,0.588544353083779
887,x,30,7,3,-0.0476697164536187
887,x,31,7,-3,-0.199477797323206
887,x,38,6,-6,0.969717915588705
887,y,5,2,2,-2.2171312793361
887,y,9,4,0,-0.642743155339484
887,y,10,3,3,-0.0160970250665061
887,y,12,4,2,-1.09274214822293
887,y,15,5,-1,0.637525298975423
887,y,19,5,3,-0.806962290441383
887,y,22,6,-2,0.91047335709353
887,y,23,7,1,0.108614426271116
887,y,27,5,-5,0.0225114946506828
887,y,29,6,-4,0.0515466862128008
887,y,31,7,-3,0.14130867189326
887,y,38,6,-6,0.432669799401817
887,y,40,7,-5,-0.677430440117784
887,y,50,7,7,-0.319147422964681
887,y,51,7,-7,-0.657502389891318
888,x,1,0,0,0.461650446924832
888,x,4,2,0,0.969151607486805
888,x,8,3,-1,-1.57581594741504
888,x,9,4,0,-1.00899428660438
888,x,10,3,3,0.590988517010553
888,x,16,6,0,-0.0326735222222034
888,x,22,6,-2,-0.647190226073174
888,x,24,7,-1,0.182965676476475
888,x,26,5,5,-1.39960396516735
888,x,29,6,-4,0.144720418578103
888,y,2,1,1,4.87951290642859
888,y,3,1,-1,3.90599299460636
888,y,5,2,2,0.278821351419659
888,y,8,3,-1,-1.64039688106746
888,y,9,4,0,-1.12501975337969
888,y,10,3,3,0.286416699086044
888,y,11,3,-3,0.847741298184426
888,y,12,4,2,0.751108745010121
888,y,15,5,-1,0.405155840887582
888,y,18,4,-4,-0.204786561175209
888,y,19,5,3,-0.16782684188866
888,y,21,6,2,0.10308962244978
888,y,22,6,-2,-1.15104456739592
888,y,27,5,-5,-0.663390279155895
888,y,29,6,-4,0.312715091885481
888,y,31,7,-3,0.817427800456003
888,y,40,7,-5,-0.320859889304475
888,y,50,7,7,-0.275421562525852
889,x,1,0,0,-7.86690825048393
889,x,2,1,1,-2.51939000704961
889,x,3,1,-1,-0.548676838874799
889,x,5,2,2,-0.493792119769027
889,x,6,2,-2,0.231721851413868
889,x,7,3,1,-0.251546236094667
889,x,10,3,3,-0.731152640970107
889,x,12,4,2,0.950412719619275
889,x,17,4,4,-0.0385245326663073
889,x,18,4,-4,0.73569914416785
889,x,19,5,3,0.271072106440512
889,x,20,5,-3,0.542204584558895
889,x,28,6,4,0.368614381594298
889,x,29,6,-4,-0.369613518710932
889,x,30,7,3,-0.857348558221957
889,x,31,7,-3,0.153758096779679
889,x,37,6,6,-0.112205308663221
889,x,38,6,-6,0.34573039064532
889,x,39,7,5,-0.896259661678008
889,x,40,7,-5,0.211077065612715
889,y,3,1,-1,4.09333292845153
889,y,5,2,2,-0.687413810442058
889,y,6,2,-2,0.377516746360244
889,y,7,3,1,-0.933508481807222
889,y,8,3,-1,-1.44754853971001
889,y,10,3,3,-1.17702966137881
889,y,16,6,0,0.111372413350423
889,y,19,5,3,0.0450256507101643
889,y,20,5,-3,0.596799330931149
889,y,21,6,2,-0.0173858564268538
889,y,22,6,-2,0.224286726059784
889,y,24,7,-1,-0.201610153617461
889,y,27,5,-5,0.439646792375856
889,y,29,6,-4,0.533747735783386
889,y,30,7,3,0.00354806885223859
889,y,37,6,6,0.0902387586736635
889,y,38,6,-6,-0.0246044472535204
889,y,39,7,5,-0.1179221061732
889,y,40,7,-5,0.368939440742702
889,y,50,7,7,-1.2074983367623
890,x,3,1,-1,-5.21244987187992
890,x,5,2,2,0.375213111212417
890,x,6,2,-2,-0.736894714891031
890,x,9,4,0,-1.03405133313944
890,x,12,4,2,-0.323327886850279
890,x,13,4,-2,0.114150724057572
890,x,15,5,-1,0.541354991888015
890,x,16,6,0,-0.109099604143027
890,x,18,4,-4,-0.734368407301132
890,x,20,5,-3,0.438421567378816
890,x,21,6,2,0.474610452116835
890,x,22,6,-2,0.258354231051821
890,x,23,7,1,0.46356137319962
890,x,29,6,-4,-0.152889187388354
890,x,39,7,5,0.571578188961444
890,x,40,7,-5,-0.406616951846627
890,x,50,7,7,0.217273688431759
890,y,2,1,1,-2.2324594911423
890,y,5,2,2,-0.601062871321842
890,y,7,3,1,-1.37333080147222
890,y,9,4,0,-1.14108196183552
890,y,12,4,2,0.374850330058142
890,y,13,4,-2,0.0464311251392722
890,y,14,5,1,-0.357459106355142
890,y,16,6,0,0.317681089557421
890,y,21,6,2,0.274633910436054
890,y,23,7,1,-0.529436910046218
890,y,30,7,3,-0.211696996858296
890,y,38,6,-6,0.0138933780032518
890,y,39,7,5,-0.406287118052647
890,y,40,7,-5,0.29570160595523
890,y,50,7,7,0.440325495375564
890,y,51,7,-7,0.79970041701871
891,x,2,1,1,0.910451358078445
891,x,3,1,-1,-3.81673707912296
891,x,4,2,0,0.238575445735911
891,x,6,2,-2,-0.226199751132008
891,x,8,3,-1,-0.662628026854583
891,x,9,4,0,1.54104472929799
891,x,10,3,3,2.15039491695073
891,x,11,3,-3,1.25324651684986
891,x,12,4,2,-0.797896001591046
891,x,14,5,1,-0.619617871136581
891,x,15,5,-1,-0.226470454243242
891,x,19,5,3,-0.00291357910465774
891,x,20,5,-3,0.991311867850943
891,x,21,6,2,-0.0883363419143982
891,x,24,7,-1,0.365504559030948
891,x,29,6,-4,-0.276584457085046
891,x,30,7,3,0.643225095331787
891,x,39,7,5,0.0702335885454794
891,x,40,7,-5,-0.369062023642867
891,x,50,7,7,-0.474128459371417
891,y,2,1,1,0.0506988453355785
891,y,3,1,-1,-7.92321462832118
891,y,6,2,-2,0.956274792005297
891,y,9,4,0,-0.239237434552844
891,y,11,3,-3,0.204351184202529
891,y,13,4,-2,1.24815086905764
891,y,16,6,0,0.776151730476363
891,y,17,4,4,-0.667284031815046
891,y,18,4,-4,-0.640693988448662
891,y,19,5,3,0.789081387225254
891,y,22,6,-2,0.213645835237769
891,y,27,5,-5,0.162796159941068
891,y,29,6,-4,-0.103486666480686
891,y,30,7,3,-0.110146017577561
891,y,38,6,-6,0.149104009538967
891,y,50,7,7,0.545344427697717
892,x,2,1,1,-3.51184385735986
892,x,3,1,-1,-3.1636618076122
892,x,4,2,0,-0.191765969655701
892,x,6,2,-2,-2.37279396907733
892,x,8,3,-1,0.0512812112338712
892,x,11,3,-3,-1.07413405707664
892,x,12,4,2,1.04401965646245
892,x,20,5,-3,-0.683221352561361
892,x,24,7,-1,-0.313447646534924
892,x,28,6,4,0.145617803501253
892,x,29,6,-4,0.304311800414618
892,x,30,7,3,-0.0504346235466887
892,x,31,7,-3,-0.157985975174575
892,x,39,7,5,0.299456124117152
892,x,50,7,7,0.59144057372808
892,x,51,7,-7,-0.102615175411706
892,y,1,0,0,2.18382462093025
892,y,4,2,0,-0.53956354845276
892,y,5,2,2,0.301051106999702
892,y,9,4,0,1.51983837735735
892,y,11,3,-3,1.00320888759851e-05
892,y,14,5,1,0.722018300034134
892,y,15,5,-1,0.158676466016341
892,y,20,5,-3,-0.904218378550037
892,y,24,7,-1,0.0273228854110886
892,y,26,5,5,0.824832183101146
892,y,31,7,-3,-0.489440096629652
892,y,37,6,6,-0.206965472461001
892,y,40,7,-5,0.0250110782556552
893,x,1,0,0,3.87253557712712
893,x,2,1,1,3.34114010968582
893,x,5,2,2,-1.41197071790471
893,x,6,2,-2,3.2053125794381
893,x,8,3,-1,0.22553719900345
893,x,10,3,3,1.12605714921771
893,x,12,4,2,0.676683500853136
893,x,14,5,1,0.0481225872121299
893,x,15,5,-1,1.1664676009693
893,x,16,6,0,0.284505873886868
893,x,21,6,2,-0.430490629692352
893,x,24,7,-1,-0.345713661202456
893,x,26,5,5,0.64342404928608
893,x,27,5,-5,-0.880645747465227
893,x,28,6,4,-0.44471395269851
893,x,37,6,6,-0.383383180240924
893,x,51,7,-7,-0.221454698087702
893,y,1,0,0,-4.68608356279764
893,y,2,1,1,3.48889591636697
893,y,4,2,0,3.74286581938417
893,y,5,2,2,-0.722546403672464
893,y,6,2,-2,-1.56044429205004
893,y,9,4,0,-0.870232186082638
893,y,17,4,4,-0.543066110013098
893,y,18,4,-4,-0.527507124566733
893,y,21,6,2,-0.970926509405229
893,y,37,6,6,0.668887155073727
893,y,39,7,5,-0.243335029790286
893,y,51,7,-7,-0.725345451383522
894,x,10,3,3,-0.854531355906294
894,x,11,3,-3,0.88431903124814
894,x,12,4,2,-1.92682058832768
894,x,13,4,-2,-0.906572680887053
894,x,17,4,4,-1.66255564495332
894,x,22,6,-2,-0.0953314029248021
894,x,24,7,-1,0.074603802721613
894,x,29,6,-4,-0.0387380372617561
894,x,30,7,3,-0.348970093778559
894,x,31,7,-3,-0.18151330260931
894,y,2,1,1,-2.76146257630233
894,y,4,2,0,0.0594022510677654
894,y,6,2,-2,-2.9878378217462
894,y,8,3,-1,-2.5066048978635
894,y,10,3,3,-0.751339325799936
894,y,11,3,-3,1.67586182514655
894,y,12,4,2,0.448838194072994
894,y,13,4,-2,-0.400003176328946
894,y,16,6,0,0.278697750495362
894,y,26,5,5,-0.147415432317617
894,y,27,5,-5,-0.504778814215863
894,y,28,6,4,-0.142731212953901
894,y,31,7,-3,0.213467931176661
894,y,38,6,-6,-0.6314601328857
894,y,40,7,-5,-0.251558916904006
894,y,51,7,-7,-0.938467953394882
895,x,2,1,1,0.210702762428594
895,x,3,1,-1,1.23521488058752
895,x,6,2,-2,-1.52431087338466
895,x,7,3,1,-0.016126742753159
895,x,8,3,-1,0.291364169737078
895,x,9,4,0,0.743738010683003
895,x,10,3,3,0.893247608849639
895,x,11,3,-3,-1.32449437519859
895,x,12,4,2,1.04188326856074
895,x,14,5,1,0.36650626758353
895,x,15,5,-1,-0.326338109634554
895,x,16,6,0,0.0231988877285878
895,x,18,4,-4,1.05691977937924
895,x,19,5,3,-0.956801506875315
895,x,24,7,-1,-0.438911265133504
895,x,26,5,5,0.206265286586159
895,x,28,6,4,-0.343205350820975
895,x,31,7,-3,-0.110397646563365
895,x,38,6,-6,0.635790790844912
895,x,39,7,5,0.307958983246871
895,y,1,0,0,-7.97089690889404
895,y,4,2,0,-0.0362373843146767
895,y,5,2,2,0.861778403560225
895,y,6,2,-2,1.82822055415441
895,y,8,3,-1,-0.284063029760622
895,y,9,4,0,0.0373315851211521
895,y,10,3,3,-0.497029714692657
895,y,11,3,-3,-0.281999434553132
895,y,14,5,1,0.442311371462965
895,y,16,6,0,0.222442414663037
895,y,18,4,-4,0.474316733123523
895,y,20,5,-3,-0.140388145216524
895,y,21,6,2,-0.536835886486768
895,y,24,7,-1,0.739452589669835
895,y,28,6,4,-0.722794645187076
895,y,38,6,-6,-1.00806113954476
895,y,50,7,7,0.48767370051404
895,y,51,7,-7,0.436914365651781
896,x,2,1,1,0.964758720657118
896,x,3,1,-1,-1.79145174282882
896,x,5,2,2,0.635720380411398
896,x,9,4,0,1.13315478258897
896,x,17,4,4,-0.624109060219615
896,x,19,5,3,0.0628880509637143
896,x,21,6,2,0.760057514968105
896,x,22,6,-2,0.941495982714871
896,x,23,7,1,-0.0749279841272368
896,x,24,7,-1,-0.230066420971745
896,x,27,5,-5,-0.502559316099524
896,x,30,7,3,-0.194220758714824
896,x,31,7,-3,0.360254992917182
896,x,50,7,7,-0.582443365460966
896,x,51,7,-7,0.183790404070657
896,y,4,2,0,-0.674337226951541
896,y,5,2,2,0.524901125832066
896,y,6,2,-2,-2.58658796240097
896,y,8,3,-1,-1.09431024403849
896,y,11,3,-3,0.096067048746213
896,y,15,5,-1,-0.38535278729632
896,y,21,6,2,-0.0868496120875999
896,y,31,7,-3,0.22843060559357
896,y,37,6,6,-0.281209151452565
896,y,39,7,5,-0.609602673265591
897,x,5,2,2,1.01943622198159
897,x,11,3,-3,-2.37974952048967
897,x,20,5,-3,0.213784563464248
897,x,21,6,2,-0.470487990890475
897,x,23,7,1,0.128806353602377
897,x,27,5,-5,-0.211366993013404
897,x,30,7,3,-0.628869380770826
897,x,37,6,6,-0.0122622087707502
897,x,38,6,-6,2.11956909863277
897,x,40,7,-5,0.247813692718751
897,y,1,0,0,-5.18875160080065
897,y,3,1,-1,-1.1993202758406
897,y,4,2,0,0.836897976386948
897,y,8,3,-1,0.0142068081676952
897,y,11,3,-3,1.17958020626556
897,y,13,4,-2,-0.428367115104984
897,y,15,5,-1,0.162908879241806
897,y,16,6,0,0.137567413658734
897,y,19,5,3,-0.330200371048143
897,y,20,5,-3,0.51460514478065
897,y,23,7,1,-0.158176598969072
897,y,26,5,5,0.0246124505441403
897,y,27,5,-5,-0.380142560532791
897,y,29,6,-4,0.533810482510576
897,y,30,7,3,-0.145230542389258
897,y,38,6,-6,0.97050490501078
897,y,39,7,5,-0.329756005666192
897,y,40,7,-5,0.126302479344651
898,x,7,3,1,-1.57336379207298
898,x,14,5,1,-1.34141116182891
898,x,17,4,4,1.23278396226442
898,x,18,4,-4,-1.8939750775085
898,x,19,5,3,0.251233225134927
898,x,23,7,1,-0.481300997588632
898,x,27,5,-5,1.01229685380323
898,x,39,7,5,1.14822722532143
898,x,40,7,-5,1.13765650720914
898,x,50,7,7,1.02332052380786
898,x,51,7,-7,-0.488241769184791
898,y,2,1,1,0.908015900674472
898,y,3,1,-1,-4.678660139515
898,y,4,2,0,1.35974315797282
898,y,6,2,-2,1.69090405777736
898,y,8,3,-1,-1.0099879030041
898,y,9,4,0,0.0636175946506964
898,y,10,3,3,0.122128704975097
898,y,11,3,-3,-0.817677800400836
898,y,14,5,1,0.423209945488889
898,y,15,5,-1,0.2962387381058
898,y,16,6,0,0.668674147879122
898,y,17,4,4,-1.05637599074368
898,y,21,6,2,-0.597948339039275
898,y,23,7,1,-0.156218509609424
898,y,31,7,-3,-0.101816981958822
898,y,37,6,6,-0.182119513413481
898,y,40,7,-5,-0.178401096013046
898,y,50,7,7,0.697326454784672
899,x,2,1,1,-0.893076726778172
899,x,3,1,-1,0.484962238211028
899,x,6,2,-2,-2.06821534977633
899,x,7,3,1,-0.157469506272883
899,x,8,3,-1,-2.04698176258563
899,x,16,6,0,-0.840598036097873
899,x,21,6,2,0.176388307344296
899,x,24,7,-1,-0.170990728803248
899,x,27,5,-5,-0.473844056682285
899,x,31,7,-3,-0.781993088525799
899,x,38,6,-6,-0.256855784730105
899,y,2,1,1,-2.34816185755805
899,y,6,2,-2,0.0346942307683516
899,y,10,3,3,0.0189837402098502
899,y,13,4,-2,0.0629588490577596
899,y,14,5,1,0.561097112757998
899,y,16,6,0,1.80283168830093
899,y,21,6,2,-0.295548675812854
899,y,24,7,-1,0.00410034782199881
899,y,38,6,-6,0.252640905963374
899,y,39,7,5,0.232459217675658
900,x,2,1,1,1.34926898859011
900,x,9,4,0,-0.323691168638456
900,x,10,3,3,-0.527266823199066
900,x,13,4,-2,0.721767918188544
900,x,17,4,4,-0.673772931712306
900,x,18,4,-4,1.91392911526079
900,x,20,5,-3,-1.06317115085746
900,x,24,7,-1,0.00599561652902181
900,x,31,7,-3,-0.760995929901527
900,x,38,6,-6,-0.508543001453323
900,x,39,7,5,0.141997763740027
900,x,40,7,-5,-0.1963005258894
900,y,2,1,1,1.81768620901494
900,y,5,2,2,-0.833184140688207
900,y,8,3,-1,-0.130581943838686
900,y,9,4,0,-0.7436337033814
900,y,10,3,3,-2.00524641451829
900,y,11,3,-3,0.387830742288172
900,y,12,4,2,0.144278634884778
900,y,14,5,1,0.147678492753825
900,y,19,5,3,0.375589853119902
900,y,30,7,3,-0.220872292053765
900,y,40,7,-5,0.365385476510708
900,y,50,7,7,-0.244983338767022
900,y,51,7,-7,-0.530827667144659
901,x,2,1,1,0.65716157961086
901,x,4,2,0,-0.583878656377952
901,x,5,2,2,-0.45432481101701
901,x,8,3,-1,-2.18644659675423
901,x,11,3,-3,0.0312357890707075
901,x,14,5,1,-0.454535075499375
901,x,15,5,-1,0.071353234839295
901,x,16,6,0,0.335164954104804
901,x,17,4,4,-1.29617739533824
901,x,18,4,-4,0.178145333718352
901,x,21,6,2,0.0173493463222419
901,x,22,6,-2,-0.134526042051305
901,x,23,7,1,0.634341316522097
901,x,26,5,5,-1.15279996418107
901,x,28,6,4,-0.580947742971105
901,x,29,6,-4,-0.266124324260728
901,x,30,7,3,-0.186173101251962
901,x,31,7,-3,-0.22525793516901
901,x,40,7,-5,-0.55533068583043
901,x,50,7,7,-0.570443579706019
901,y,1,0,0,5.58967728199723
901,y,2,1,1,1.62202458302828
901,y,4,2,0,-3.13698625707275
901,y,7,3,1,-1.00412068686223
901,y,8,3,-1,1.28681238987629
901,y,9,4,0,1.07674733339812
901,y,11,3,-3,0.121136767658121
901,y,12,4,2,-0.146155543992908
901,y,14,5,1,-0.342087984977937
901,y,15,5,-1,-0.0796180622590857
901,y,18,4,-4,0.191463743610689
901,y,23,7,1,0.229626014393512
901,y,30,7,3,0.0261109394070246
901,y,40,7,-5,0.220498399864943
901,y,50,7,7,-0.530211377813285
902,x,1,0,0,1.31747410872674
902,x,3,1,-1,3.69019404798056
902,x,7,3,1,0.669633196424633
902,x,12,4,2,0.142681426770053
902,x,19,5,3,0.0184472543962012
902,x,21,6,2,0.720929466424174
902,x,22,6,-2,0.464202238271034
902,x,23,7,1,0.526098619239652
902,x,24,7,-1,-0.468313676629115
902,x,28,6,4,0.98656074934933
902,x,29,6,-4,0.038842864103825
902,x,40,7,-5,0.379311754051809
902,x,51,7,-7,0.204475965735196
902,y,1,0,0,-0.30283505297148
902,y,2,1,1,1.79937057666734
902,y,3,1,-1,-0.54546059124936
902,y,5,2,2,-1.00019373172506
902,y,7,3,1,0.402503253893723
902,y,8,3,-1,0.749017106311932
902,y,15,5,-1,-0.146367555510067
902,y,17,4,4,0.775404479423609
902,y,20,5,-3,0.776907727193791
902,y,21,6,2,-1.17908623403937
902,y,22,6,-2,-0.435299189978773
902,y,23,7,1,0.171355306827984
902,y,26,5,5,-0.161407762702125
902,y,27,5,-5,0.209212785772014
902,y,30,7,3,0.452298647202864
902,y,31,7,-3,0.150443933211374
902,y,38,6,-6,-0.00633983855290393
902,y,39,7,5,0.0237160273136225
903,x,1,0,0,1.17798806712944
903,x,4,2,0,-1.61481691546278
903,x,6,2,-2,-0.772269179321229
903,x,9,4,0,-0.912715313480491
903,x,11,3,-3,0.348477296199623
903,x,13,4,-2,1.18751595300284
903,x,15,5,-1,0.384771222181951
903,x,19,5,3,-0.316155183758933
903,x,20,5,-3,0.0883623330873955
903,x,27,5,-5,0.459109858598962
903,x,31,7,-3,-0.378302715135828
903,x,50,7,7,-0.320461082373964
903,y,4,2,0,-1.4589313340313
903,y,5,2,2,0.529823682063784
903,y,7,3,1,-0.627835751676985
903,y,9,4,0,0.120968392907425
903,y,11,3,-3,0.369704531056255
903,y,14,5,1,-0.10581579330524
903,y,17,4,4,0.75017307540215
903,y,21,6,2,-0.432074883492786
903,y,27,5,-5,-1.3167916807925
903,y,39,7,5,-0.793212960523721
903,y,40,7,-5,-0.476376651482739
903,y,51,7,-7,0.68623420558655
904,x,2,1,1,-3.39785020427798
904,x,3,1,-1,0.650243361131435
904,x,7,3,1,1.10461212797646
904,x,10,3,3,-0.5422613732512
904,x,12,4,2,0.879529383575488
904,x,13,4,-2,-0.493739120008341
904,x,14,5,1,0.331477435521355
904,x,19,5,3,-0.0622628594788589
904,x,20,5,-3,-0.983755843135963
904,x,21,6,2,-0.656307351806548
904,x,22,6,-2,0.00740200121530627
904,x,26,5,5,0.240280461418182
904,x,29,6,-4,0.38886709862394
904,x,31,7,-3,-0.357587968015512
904,x,38,6,-6,0.0125729128390201
904,x,40,7,-5,0.295994048419034
904,x,51,7,-7,0.00979302519744672
904,y,1,0,0,0.0392596826639169
904,y,2,1,1,10.6698733044062
904,y,3,1,-1,-4.12157220286133
904,y,9,4,0,-0.243493900715225
904,y,12,4,2,0.131369184104772
904,y,14,5,1,-0.449790562673131
904,y,16,6,0,0.304312409730797
904,y,18,4,-4,1.4772321880626
904,y,20,5,-3,0.263606683304168
904,y,23,7,1,-0.0887506220615501
904,y,26,5,5,0.763871603834951
904,y,27,5,-5,0.539833152633614
904,y,38,6,-6,0.119344287569002
904,y,51,7,-7,-0.222712690001799
905,x,5,2,2,-2.87871223274681
905,x,8,3,-1,-0.730925562814408
905,x,9,4,0,-0.664509802720233
905,x,24,7,-1,-0.423983473396498
905,x,27,5,-5,0.24770907024969
905,x,29,6,-4,-0.704581254983789
905,x,37,6,6,0.491120061483609
905,x,38,6,-6,-0.514702053752019
905,x,50,7,7,0.193783090868759
905,x,51,7,-7,0.429624247061789
905,y,2,1,1,-5.34111933664055
905,y,8,3,-1,-0.711072920731539
905,y,10,3,3,0.633988815257895
905,y,16,6,0,-1.18983701878615
905,y,18,4,-4,0.059809113381084
905,y,19,5,3,-0.464305303608306
905,y,22,6,-2,-0.473182949605245
905,y,23,7,1,-0.322026588874485
905,y,26,5,5,0.287869387313695
905,y,27,5,-5,-0.0747248240653726
905,y,28,6,4,1.04054102593619
905,y,37,6,6,0.228549450124565
905,y,38,6,-6,0.00832739647735819
905,y,39,7,5,0.556423669155435
905,y,51,7,-7,-0.662299030621045
906,x,2,1,1,-3.85913165520092
906,x,4,2,0,-1.31364421644354
906,x,7,3,1,0.777033986381556
906,x,8,3,-1,-0.0570163419382077
906,x,10,3,3,-0.531320154476238
906,x,11,3,-3,0.613125617344936
906,x,12,4,2,2.28306174830153
906,x,15,5,-1,0.413862734524294
906,x,19,5,3,-0.727140869851366
906,x,21,6,2,0.288028788627732
906,x,23,7,1,0.155021459101458
906,x,28,6,4,0.0710628203796547
906,x,29,6,-4,0.798904289385477
906,x,31,7,-3,-0.338856456504538
906,x,39,7,5,0.248050252743391
906,x,51,7,-7,-0.764834936391223
906,y,6,2,-2,2.64306519980189
906,y,7,3,1,-0.954075433919363
906,y,8,3,-1,-0.190142757513448
906,y,11,3,-3,-0.403444170897548
906,y,12,4,2,-1.06324635256649
906,y,14,5,1,-0.437026395252623
906,y,15,5,-1,0.33331161754212
906,y,16,6,0,0.0398144185958617
906,y,18,4,-4,0.120748442597858
906,y,22,6,-2,-0.265627564028202
906,y,26,5,5,-0.957093366216435
906,y,27,5,-5,0.319578863647165
906,y,29,6,-4,-0.500937568936949
906,y,37,6,6,0.140731422785227
906,y,50,7,7,-0.274609511107826
907,x,1,0,0,4.72818404401398
907,x,3,1,-1,0.288326909188526
907,x,4,2,0,-0.816948993845608
907,x,9,4,0,0.660045044943261
907,x,12,4,2,-0.134550383503684
907,x,16,6,0,0.0383447931176376
907,x,19,5,3,0.0984062086835521
907,x,20,5,-3,0.294835518151313
907,x,22,6,-2,-0.485492070855624
907,x,23,7,1,-0.275311751807181
907,x,26,5,5,-0.743241979144172
907,x,27,5,-5,0.414182629277199
907,x,28,6,4,-0.0863979768378325
907,x,29,6,-4,0.00229918389459763
907,y,1,0,0,2.12154483019014
907,y,3,1,-1,3.94006741440241
907,y,7,3,1,-0.00778363058839584
907,y,9,4,0,-0.498192611691694
907,y,13,4,-2,0.444338054184611
907,y,15,5,-1,0.58329536221368
907,y,16,6,0,-0.79037654489017
907,y,20,5,-3,-0.519159765808635
907,y,21,6,2,-0.0521867358382451
907,y,27,5,-5,0.0942181171988784
907,y,37,6,6,-0.778434213476708
908,x,5,2,2,-1.21596969538212
908,x,10,3,3,0.592785859595977
908,x,11,3,-3,-1.69207130272452
908,x,12,4,2,-0.911930681667415
908,x,14,5,1,-0.0539217598425496
908,x,16,6,0,-0.170299571935179
908,x,17,4,4,-1.42593557156854
908,x,19,5,3,-0.0804120517199427
908,x,22,6,-2,-1.05915605281598
908,x,24,7,-1,0.429508697118282
908,x,28,6,4,0.352887424497623
908,x,30,7,3,-0.0501211866774103
908,x,39,7,5,-0.118543349113992
908,x,40,7,-5,0.521993995301043
908,x,50,7,7,-0.00566969805197211
908,x,51,7,-7,-0.190291249712816
908,y,3,1,-1,4.35116936452955
908,y,14,5,1,1.14549486325333
908,y,17,4,4,-0.718867148867449
908,y,20,5,-3,0.267876957761041
908,y,22,6,-2,1.07409988211336
908,y,23,7,1,0.00123651719881924
908,y,24,7,-1,-0.62360208195595
908,y,26,5,5,-0.0971651166363273
908,y,28,6,4,-0.019955752242421
908,y,30,7,3,0.382368922900427
908,y,38,6,-6,1.07484929681334
908,y,40,7,-5,0.260580904672516
908,y,50,7,7,-0.175288106003638
909,x,2,1,1,-0.828023451976035
909,x,7,3,1,0.696750821943938
909,x,10,3,3,2.30067518365449
909,x,18,4,-4,-0.159887353999201
909,x,22,6,-2,-0.157396010417856
909,x,27,5,-5,-0.695399185814699
909,x,30,7,3,-0.0820754353946401
909,x,31,7,-3,0.101602573218345
909,x,39,7,5,0.557570205600022
909,x,40,7,-5,0.241657057696266
909,y,5,2,2,0.246954626251156
909,y,9,4,0,1.59228783498804
909,y,15,5,-1,-1.17647403903719
909,y,19,5,3,-0.173334711205631
909,y,22,6,-2,-0.385111049229171
909,y,23,7,1,-0.425570674193488
909,y,26,5,5,1.34266288372914
909,y,27,5,-5,1.52151067735512
909,y,29,6,-4,0.569703915108956
909,y,51,7,-7,0.652078784414296
910,x,1,0,0,1.08318488911268
910,x,6,2,-2,2.33665060523681
910,x,10,3,3,-0.48652138019602
910,x,11,3,-3,0.730303716814829
910,x,12,4,2,-0.606962036865138
910,x,15,5,-1,0.49592657507173
910,x,22,6,-2,-0.298214047711166
910,x,26,5,5,-0.411800999601334
910,x,28,6,4,0.0890520419091715
910,x,40,7,-5,0.24473537297055
910,y,3,1,-1,-1.28418779983858
910,y,15,5,-1,0.964714023918287
910,y,18,4,-4,-1.52493039264844
910,y,20,5,-3,-0.946273986974875
910,y,24,7,-1,-0.935216006689029
910,y,27,5,-5,0.811807299158128
910,y,28,6,4,-0.72251820466649
910,y,31,7,-3,-0.444235890110858
910,y,39,7,5,-0.950761186087637
910,y,50,7,7,-0.320881492440117
911,x,1,0,0,-7.93909920435354
911,x,4,2,0,0.584802919610218
911,x,7,3,1,-1.15144735017588
911,x,9,4,0,0.292259698397196
911,x,12,4,2,0.733880808084587
911,x,13,4,-2,1.0374393695445
911,x,14,5,1,0.512834082788735
911,x,26,5,5,-0.343997065840878
911,x,28,6,4,0.522557203376736
911,x,30,7,3,-0.11188113345193
911,x,37,6,6,-0.419351787283125
911,y,2,1,1,-0.703111948361947
911,y,7,3,1,-0.891190481179862
911,y,8,3,-1,0.0429177633253466
911,y,10,3,3,0.228657570873847
911,y,11,3,-3,-0.137071536283544
911,y,14,5,1,0.478923030515865
911,y,15,5,-1,0.200477364062518
911,y,17,4,4,-1.79092449430281
911,y,19,5,3,-0.75000591251815
911,y,20,5,-3,-0.668219655196202
911,y,21,6,2,1.30661935278504
911,y,23,7,1,-0.447083613363684
911,y,27,5,-5,-0.0384311943854408
911,y,29,6,-4,0.0736931202036937
911,y,30,7,3,-0.0793372627108836
911,y,37,6,6,2.16409944226391
911,y,39,7,5,-1.32912753495004
912,x,1,0,0,0.9237651818787
912,x,5,2,2,-0.227028354313841
912,x,6,2,-2,-0.476301453489849
912,x,7,3,1,-0.0319848766198933
912,x,12,4,2,-0.210119061759169
912,x,17,4,4,-0.752948271806658
912,x,23,7,1,-0.257876899280769
912,x,24,7,-1,0.073477527950042
912,x,27,5,-5,-0.363220782325958
912,x,28,6,4,-0.260179108362629
912,x,37,6,6,0.153294313751691
912,y,1,0,0,-7.12698986732793
912,y,2,1,1,2.58085352098866
912,y,4,2,0,1.66934450999612
912,y,5,2,2,-1.41278423499922
912,y,7,3,1,-1.93772750447569
912,y,8,3,-1,-0.885134649215582
912,y,9,4,0,-0.882097599324335
912,y,10,3,3,-1.56904158190881
912,y,11,3,-3,-1.17196728823112
912,y,14,5,1,0.438528753439554
912,y,15,5,-1,0.860912613684823
912,y,21,6,2,-0.259127250171185
912,y,22,6,-2,0.74311160226851
912,y,26,5,5,0.147632377958508
912,y,30,7,3,-0.431262389749226
912,y,37,6,6,-0.244205702385582
912,y,38,6,-6,-0.053034272714697
912,y,39,7,5,0.108272469993306
912,y,40,7,-5,-0.0722688970231528
912,y,51,7,-7,0.138291431343772
913,x,1,0,0,-0.257013892964308
913,x,4,2,0,0.20733781238446
913,x,5,2,2,1.49972401496325
913,x,6,2,-2,0.199935517489903
913,x,7,3,1,-0.267357386569979
913,x,8,3,-1,2.21168885849525
913,x,9,4,0,1.93708237466865
913,x,14,5,1,0.753909520938159
913,x,15,5,-1,-0.178425381663508
913,x,17,4,4,-1.27805744135971
913,x,18,4,-4,0.549716866042872
913,x,19,5,3,-0.581857099068346
913,x,24,7,-1,0.136557749889972
913,x,26,5,5,-0.0196882377968926
913,x,29,6,-4,0.639756350759025
913,x,30,7,3,-0.936835255124238
913,x,40,7,-5,0.0576589348678779
913,x,51,7,-7,0.513606634747318
913,y,1,0,0,3.41528897690771
913,y,8,3,-1,1.81407444791228
913,y,10,3,3,0.0538213007344639
913,y,11,3,-3,0.636175225107208
913,y,14,5,1,1.24514582187228
913,y,16,6,0,0.359836239535853
913,y,17,4,4,-1.43507612113089
913,y,19,5,3,0.121086882801714
913,y,20,5,-3,-0.319767998478148
913,y,22,6,-2,0.259588595317246
913,y,30,7,3,0.605934309594136
914,x,3,1,-1,1.32586530667968
914,x,4,2,0,-0.313550074545361
914,x,5,2,2,0.467594442728252
914,x,8,3,-1,0.255760554200078
914,x,11,3,-3,-0.858712775976838
914,x,12,4,2,1.1484094126672
914,x,17,4,4,-1.3155054120708
914,x,18,4,-4,0.936923260099215
914,x,19,5,3,0.394542003608767
914,x,22,6,-2,0.698475684355003
914,x,24,7,-1,-1.32882012793325
914,x,27,5,-5,-0.539119895067514
914,x,28,6,4,1.0201239000597
914,x,31,7,-3,0.253830462441558
914,x,37,6,6,-0.681131093048909
914,x,40,7,-5,-0.229121267059513
914,x,50,7,7,-0.0492551707628947
914,y,1,0,0,-2.83041702186368
914,y,2,1,1,-2.0015913068759
914,y,4,2,0,-0.643864176423609
914,y,5,2,2,2.03029722049675
914,y,6,2,-2,0.0486623477644497
914,y,8,3,-1,-0.669402750986208
914,y,11,3,-3,0.265506115152409
914,y,13,4,-2,-0.368146244653143
914,y,14,5,1,-0.217585830629565
914,y,16,6,0,-0.443291036754854
914,y,20,5,-3,-0.710844859861075
914,y,22,6,-2,0.27423497082247
914,y,27,5,-5,-0.655964694911573
914,y,28,6,4,0.336778067974129
914,y,29,6,-4,0.186948229011701
914,y,39,7,5,-0.175590316724585
914,y,40,7,-5,-0.145392843814635
914,y,50,7,7,0.553484434506938
915,x,3,1,-1,2.75494304309814
915,x,5,2,2,1.53209770532755
915,x,7,3,1,0.193095047362957
915,x,8,3,-1,0.180497791827338
915,x,9,4,0,0.850476925371927
915,x,12,4,2,0.124521535579106
915,x,14,5,1,-0.773060122796786
915,x,17,4,4,0.0973162749718543
915,x,18,4,-4,-0.378475530490858
915,x,24,7,-1,-0.0443940372395785
915,x,26,5,5,1.33333094737651
915,x,28,6,4,-0.223098886912627
915,x,50,7,7,0.163097968682257
915,x,51,7,-7,-0.283379577755415
915,y,4,2,0,0.705571188701459
915,y,7,3,1,-0.838904950052766
915,y,9,4,0,-1.67648220565991
915,y,10,3,3,-0.267780170322024
915,y,12,4,2,0.360984588769428
915,y,13,4,-2,0.713039842465749
915,y,21,6,2,0.528175103330766
915,y,28,6,4,-0.320858210094512
915,y,30,7,3,-0.965388207095934
915,y,37,6,6,-0.284064603888657
915,y,38,6,-6,0.698837939594737
916,x,1,0,0,-0.169896323414554
916,x,3,1,-1,1.90247339750509
916,x,7,3,1,-2.22762467668465
916,x,11,3,-3,0.675452033292646
916,x,12,4,2,-0.427270565379492
916,x,14,5,1,1.01419300995091
916,x,15,5,-1,-0.0533167173158381
916,x,16,6,0,-0.357403268835813
916,x,18,4,-4,-1.41936496290336
916,x,19,5,3,-0.704921139924397
916,x,20,5,-3,1.2085313078878
916,x,22,6,-2,-0.602373372873985
916,x,24,7,-1,-0.186550348417582
916,x,26,5,5,1.53538635617744
916,x,27,5,-5,-0.294457644419377
916,x,29,6,-4,-0.595751673474404
916,x,30,7,3,-0.175980346242661
916,x,37,6,6,-0.182009413971427
916,x,50,7,7,0.577303037278382
916,y,6,2,-2,-0.916646957546562
916,y,7,3,1,0.249748846675603
916,y,12,4,2,-0.575376502238083
916,y,22,6,-2,-0.0306197292895329
916,y,23,7,1,0.334932636440827
916,y,24,7,-1,-0.269562452868732
916,y,26,5,5,-2.81476054578193
916,y,28,6,4,0.76677466752992
916,y,30,7,3,-1.00141637170122
916,y,40,7,-5,-0.236762679666981
917,x,1,0,0,-0.169097456418436
917,x,4,2,0,1.00311216676673
917,x,6,2,-2,-0.334968963131477
917,x,9,4,0,1.22316477250338
917,x,13,4,-2,1.48880062885022
917,x,21,6,2,-0.0507940212683294
917,x,22,6,-2,1.17688242348363
917,x,26,5,5,-0.214211326811519
917,x,28,6,4,1.07033679076408
917,x,29,6,-4,0.102914956784758
917,x,38,6,-6,-0.282978727408224
917,x,39,7,5,0.0100707359739075
917,x,40,7,-5,-0.215675609620655
917,x,50,7,7,0.00850848777868679
917,y,3,1,-1,6.61835435291752
917,y,6,2,-2,1.32736583793154
917,y,8,3,-1,0.712019372844467
917,y,9,4,0,0.455781984406381
917,y,10,3,3,0.313574070415342
917,y,12,4,2,0.624928335482512
917,y,15,5,-1,0.403447064456515
917,y,20,5,-3,0.510909445893881
917,y,21,6,2,0.484853363401138
917,y,22,6,-2,0.217863435546756
917,y,23,7,1,-0.545136490066283
917,y,27,5,-5,0.274035519680121
917,y,28,6,4,0.772791065572295
917,y,38,6,-6,0.410302840753545
917,y,39,7,5,-0.474365791628173
918,x,2,1,1,1.07946240493835
918,x,7,3,1,1.86106161007232
918,x,9,4,0,-0.112693823142344
918,x,10,3,3,-0.133449968062834
918,x,11,3,-3,0.861435790924355
918,x,12,4,2,0.198629408704154
918,x,16,6,0,-0.301849811364704
918,x,18,4,-4,0.553687732838632
918,x,21,6,2,-0.495628364824173
918,x,23,7,1,0.191661223706505
918,x,24,7,-1,0.273042446136896
918,x,28,6,4,1.38894314279184
918,x,31,7,-3,0.347884973866071
918,x,37,6,6,0.290266687621808
918,x,50,7,7,-0.42652467646118
918,x,51,7,-7,-0.117801346791158
918,y,2,1,1,-2.53088077393296
918,y,3,1,-1,-0.176197372458136
918,y,4,2,0,-0.347606218391802
918,y,5,2,2,-0.0353433812747205
918,y,8,3,-1,1.79396422082638
918,y,9,4,0,0.0363052597439452
918,y,10,3,3,-0.0975313328186241
918,y,12,4,2,-0.395337983125602
918,y,14,5,1,-0.176669019914361
918,y,15,5,-1,-0.511439943216205
918,y,18,4,-4,-0.585601771133782
918,y,19,5,3,-0.323593589223854
918,y,20,5,-3,-0.207010942113087
918,y,21,6,2,0.211384151886778
918,y,22,6,-2,-0.1536765739588
918,y,24,7,-1,0.816367643536933
918,y,29,6,-4,-0.209298012022895
918,y,38,6,-6,0.0119015485618787
918,y,50,7,7,0.307276141088077
919,x,3,1,-1,2.0192391029944
919,x,9,4,0,1.52024183098759
919,x,10,3,3,0.202845448736528
919,x,13,4,-2,0.703524258382178
919,x,14,5,1,-0.0103322354746406
919,x,18,4,-4,-0.46893428090778
919,x,19,5,3,0.0273947965814829
919,x,20,5,-3,-0.326761938993893
919,x,26,5,5,-0.580598515289642
919,x,27,5,-5,-0.174294058392716
919,x,29,6,-4,0.675277538574394
919,x,37,6,6,0.228220054503385
919,x,51,7,-7,-0.132866034942261
919,y,2,1,1,-0.717879108625397
919,y,3,1,-1,0.819899616902164
919,y,8,3,-1,-0.184560594204394
919,y,12,4,2,1.15052794027031
919,y,16,6,0,0.427457501652551
919,y,17,4,4,0.561961814708779
919,y,21,6,2,-0.523411181695447
919,y,27,5,-5,2.71356911121537
919,y,31,7,-3,-0.757826147419368
919,y,51,7,-7,1.0915660280943
920,x,2,1,1,-1.36996844070624
920,x,11,3,-3,0.431122497273989
920,x,16,6,0,-0.362416024504894
920,x,18,4,-4,-1.19008670514274
920,x,19,5,3,-0.197266368364719
920,x,20,5,-3,0.0963791544231938
920,x,26,5,5,-0.260681751470245
920,x,28,6,4,-1.9083187435146
920,x,31,7,-3,-1.22663414422275
920,x,37,6,6,0.263535568781455
920,x,39,7,5,-0.396747100813467
920,y,1,0,0,-2.23315898834379
920,y,5,2,2,1.37264786628306
920,y,9,4,0,-0.0565704105924801
920,y,10,3,3,-0.193676633672041
920,y,12,4,2,0.413684295644379
920,y,20,5,-3,0.168954003663329
920,y,22,6,-2,-0.669656500675317
920,y,24,7,-1,0.315999532834606
920,y,26,5,5,-0.112264958657608
920,y,27,5,-5,-0.839523039204078
920,y,29,6,-4,-0.314554356557004
920,y,30,7,3,-0.398278356489175
920,y,38,6,-6,-0.558133413263883
920,y,39,7,5,-0.172391690320464
920,y,50,7,7,0.116903861657154
921,x,7,3,1,-1.89678709383312
921,x,10,3,3,-0.172308900594233
921,x,17,4,4,-1.54704622457414
921,x,19,5,3,-0.310066663722044
921,x,21,6,2,-1.35774014966661
921,x,28,6,4,0.98237423387581
921,x,30,7,3,0.811828792281194
921,x,37,6,6,-0.109606982047244
921,x,40,7,-5,-0.0575484179185181
921,x,51,7,-7,-0.348766057684388
921,y,4,2,0,-1.36699467862342
921,y,5,2,2,0.543489340092557
921,y,6,2,-2,-1.50239208987416
921,y,8,3,-1,-0.722057257158945
921,y,9,4,0,-0.243875959431645
921,y,14,5,1,0.268132557102221
921,y,15,5,-1,0.0101935688008396
921,y,18,4,-4,0.726785942360839
921,y,19,5,3,0.064777416690827
921,y,24,7,-1,-0.049533376335499
921,y,31,7,-3,0.0180352753487941
921,y,40,7,-5,0.0720913563332694
921,y,50,7,7,0.253546745659405
922,x,1,0,0,-0.542363720586916
922,x,3,1,-1,-1.55001934302609
922,x,7,3,1,1.43662864939593
922,x,9,4,0,-1.21994331646971
922,x,11,3,-3,-0.709238568443346
922,x,12,4,2,-0.192997563724881
922,x,16,6,0,0.36158143188521
922,x,19,5,3,0.284394876330743
922,x,23,7,1,-0.0442219570099118
922,x,27,5,-5,0.394690364668025
922,x,28,6,4,0.445342804271548
922,x,31,7,-3,0.174075845366231
922,x,38,6,-6,-0.272195913911405
922,x,40,7,-5,-0.799137273107328
922,y,7,3,1,0.488306607045522
922,y,8,3,-1,-0.119187220179572
922,y,10,3,3,-0.430103298347908
922,y,11,3,-3,0.512189504108091
922,y,13,4,-2,-0.243858332524586
922,y,18,4,-4,1.03984672216031
922,y,20,5,-3,0.0113206820100148
922,y,23,7,1,-2.40358042156771
922,y,24,7,-1,1.14194340134068
922,y,28,6,4,-0.145854684415256
922,y,29,6,-4,0.66587228589213
922,y,30,7,3,1.42588830395135
922,y,31,7,-3,0.633056145170239
922,y,38,6,-6,-2.86061214290002
922,y,51,7,-7,-0.0519024748849373
923,x,2,1,1,0.488279221445551
923,x,3,1,-1,-2.09839164207472
923,x,10,3,3,-0.144427248603311
923,x,12,4,2,-0.979755971334137
923,x,13,4,-2,-0.861316691680869
923,x,15,5,-1,0.0280874512172964
923,x,18,4,-4,-0.971657969239596
923,x,26,5,5,-0.562594797766194
923,x,31,7,-3,-0.232286169737539
923,x,37,6,6,0.187632945280492
923,x,40,7,-5,0.131855272216111
923,x,50,7,7,0.369637961288916
923,y,1,0,0,1.32995142510261
923,y,3,1,-1,-3.42655563179076
923,y,5,2,2,0.281023949049351
923,y,6,2,-2,1.50048189738929
923,y,7,3,1,-1.10593691034338
923,y,8,3,-1,0.577004153805128
923,y,9,4,0,0.774929125699624
923,y,11,3,-3,0.733583684472709
923,y,15,5,-1,-0.0921523492192357
923,y,17,4,4,0.274226967961842
923,y,19,5,3,0.132315064513699
923,y,21,6,2,-0.185115004620604
923,y,22,6,-2,0.671354784495857
923,y,26,5,5,0.200976264706895
923,y,28,6,4,0.544310485802902
923,y,29,6,-4,-0.552662494315038
923,y,31,7,-3,0.989623234443065
923,y,39,7,5,0.45330368383016
923,y,40,7,-5,0.0410745435855627
923,y,51,7,-7,0.246758900527913
924,x,2,1,1,1.56321894302814
924,x,5,2,2,3.43831482141733
924,x,10,3,3,-0.788987986610193
924,x,12,4,2,0.483544502697234
924,x,13,4,-2,0.855013174529835
924,x,14,5,1,0.56855272028571
924,x,16,6,0,0.0399222746448242
924,x,20,5,-3,-0.472307708733202
924,x,22,6,-2,-0.519860332990868
924,x,37,6,6,0.126412174817541
924,x,51,7,-7,0.772288702181592
924,y,2,1,1,0.268593543636285
924,y,5,2,2,2.47062798746871
924,y,8,3,-1,0.966285585623318
924,y,11,3,-3,0.636201586141407
924,y,12,4,2,0.248388501163989
924,y,14,5,1,-0.620008457765264
924,y,22,6,-2,-0.349540485748079
924,y,26,5,5,0.188414898392908
924,y,27,5,-5,0.0231593758713054
924,y,29,6,-4,0.474673604690534
924,y,38,6,-6,1.11240738186997
924,y,40,7,-5,0.367729112970726
924,y,50,7,7,0.509066185945392
925,x,5,2,2,-3.15585026637738
925,x,7,3,1,-1.74309971945471
925,x,8,3,-1,0.154585566491416
925,x,11,3,-3,0.0677246913128245
925,x,12,4,2,-0.811346296726495
925,x,15,5,-1,0.307962644767666
925,x,26,5,5,-0.118902845535166
925,x,27,5,-5,0.18662379335262
925,x,29,6,-4,-0.809773021447183
925,x,38,6,-6,-0.448252979271666
925,x,50,7,7,-0.0193164406556883
925,y,3,1,-1,-2.60157294134919
925,y,4,2,0,1.69501758696382
925,y,5,2,2,-0.188113291183576
925,y,8,3,-1,0.0704073523892684
925,y,10,3,3,0.21975538892973
925,y,11,3,-3,-0.285351966802764
925,y,18,4,-4,0.377232736585327
925,y,21,6,2,0.686488097798883
925,y,22,6,-2,0.456272428485827
925,y,29,6,-4,0.826617831505457
925,y,37,6,6,0.148659152716534
925,y,38,6,-6,0.459593725920566
925,y,51,7,-7,0.182523697057742
926,x,1,0,0,0.387984523782577
926,x,2,1,1,-6.11842390551494
926,x,10,3,3,0.759379227252964
926,x,13,4,-2,-0.404348087103714
926,x,16,6,0,0.224835155631384
926,x,17,4,4,-1.50085791072824
926,x,22,6,-2,0.396144910281959
926,x,23,7,1,-0.462381779355596
926,x,24,7,-1,0.220406771444566
926,x,26,5,5,0.433132393747786
926,x,27,5,-5,0.512949270559206
926,x,28,6,4,0.0308305912726322
926,x,30,7,3,0.011185681102198
926,x,31,7,-3,0.28202637961189
926,x,50,7,7,-0.240447446608289
926,x,51,7,-7,0.579397075356345
926,y,4,2,0,-0.118427984481315
926,y,9,4,0,-0.541541786376345
926,y,12,4,2,0.887060736276413
926,y,13,4,-2,-0.648447781146566
926,y,15,5,-1,-2.56926559279176
926,y,16,6,0,-0.062916261036975
926,y,17,4,4,1.02119936442388
926,y,18,4,-4,-0.932797539565157
926,y,20,5,-3,1.10970686061788
926,y,27,5,-5,0.601734729733237
926,y,28,6,4,-0.722548136280297
926,y,40,7,-5,-0.292928195507168
926,y,51,7,-7,0.0908537569812516
927,x,1,0,0,-4.20222423585383
927,x,3,1,-1,0.551061169017812
927,x,7,3,1,0.395820557411811
927,x,8,3,-1,1.3607718903818
927,x,12,4,2,-0.259431900158347
927,x,16,6,0,-0.117723967793819
927,x,19,5,3,0.214847874873623
927,x,26,5,5,-1.06520346542076
927,x,28,6,4,0.199826206874021
927,x,31,7,-3,-0.761899365020741
927,x,38,6,-6,-0.272245566400814
927,x,50,7,7,0.149729831195296
927,y,2,1,1,-0.00380849031909195
927,y,3,1,-1,-0.543805789589401
927,y,6,2,-2,0.435456958402866
927,y,7,3,1,1.85678138676746
927,y,12,4,2,1.12000851467734
927,y,13,4,-2,1.43229200934639
927,y,14,5,1,-0.032238280223187
927,y,15,5,-1,0.449742972763029
927,y,16,6,0,0.0766011842143705
927,y,17,4,4,-0.316257358553271
927,y,19,5,3,0.149736100781167
927,y,20,5,-3,0.5500859873224
927,y,26,5,5,0.66621916166607
927,y,31,7,-3,0.459896671713515
927,y,39,7,5,-0.878154728020553
927,y,51,7,-7,0.799521019312728
928,x,1,0,0,-0.0608821332380307
928,x,6,2,-2,1.83462869791991
928,x,7,3,1,0.401592265900426
928,x,15,5,-1,-0.578208079834192
928,x,18,4,-4,0.116938056821705
928,x,20,5,-3,0.176067672095262
928,x,22,6,-2,0.989400205803802
928,x,23,7,1,-1.02275998133414
928,x,24,7,-1,0.192117623203624
928,x,26,5,5,0.639469342396535
928,x,29,6,-4,-0.0787935483820329
928,x,30,7,3,-1.06091005272862
928,x,37,6,6,-1.12117481528165
928,x,39,7,5,-0.197170440203323
928,x,40,7,-5,-0.11029630284741
928,x,50,7,7,0.0256607080002345
928,x,51,7,-7,1.58607877494107
928,y,5,2,2,1.66572014898143
928,y,6,2,-2,2.74398190473364
928,y,7,3,1,-0.545307015273813
928,y,8,3,-1,0.92557944242968
928,y,9,4,0,0.0755280655342759
928,y,14,5,1,0.596919502673403
928,y,15,5,-1,0.100945143987588
928,y,20,5,-3,-0.0979812504916955
928,y,31,7,-3,-0.109303793283405
928,y,37,6,6,0.14493120602896
928,y,38,6,-6,0.549021568277662
928,y,50,7,7,-0.315576710546881
929,x,1,0,0,-6.04589385581958
929,x,4,2,0,2.57555204257422
929,x,6,2,-2,0.708158442746981
929,x,7,3,1,0.381861883361996
929,x,8,3,-1,0.884022069586722
929,x,9,4,0,0.160902066511359
929,x,10,3,3,0.969763656206526
929,x,11,3,-3,0.0890313624357091
929,x,12,4,2,-0.317959976128314
929,x,13,4,-2,-0.494041434422907
929,x,21,6,2,-0.119950156403346
929,x,23,7,1,0.705664298428937
929,x,27,5,-5,-0.525802589378477
929,x,29,6,-4,0.780537675088478
929,x,31,7,-3,-0.499181116894988
929,x,37,6,6,-0.709942479945243
929,x,38,6,-6,0.770938597224982
929,x,39,7,5,0.555527885750297
929,x,50,7,7,0.075820344989013
929,x,51,7,-7,0.366099673535159
929,y,1,0,0,-0.980516494520781
929,y,2,1,1,1.19445542436081
929,y,5,2,2,-0.89400446213788
929,y,8,3,-1,1.228852579358
929,y,12,4,2,0.211015470511312
929,y,13,4,-2,-0.90947639492062
929,y,17,4,4,-0.0148111484318517
929,y,20,5,-3,-0.812702026547374
929,y,21,6,2,-0.243862503611696
929,y,38,6,-6,1.23177286200801
929,y,50,7,7,-0.270454950126795
930,x,8,3,-1,-1.12568639220009
930,x,11,3,-3,0.706699416329699
930,x,12,4,2,-0.652501621320137
930,x,15,5,-1,2.65234454830791
930,x,17,4,4,0.383564447387169
930,x,24,7,-1,-0.778460780352754
930,x,26,5,5,0.42145300728729
930,x,28,6,4,-0.608756185187027
930,x,39,7,5,0.11254754294423
930,x,51,7,-7,-0.234891661045149
930,y,2,1,1,-0.57509179755364
930,y,3,1,-1,1.58902686858479
930,y,6,2,-2,-0.272954348842153
930,y,14,5,1,-0.111236680830067
930,y,18,4,-4,1.03957270267957
930,y,19,5,3,-0.321860001980654
930,y,21,6,2,0.0595142391160026
930,y,24,7,-1,-0.177852263187534
930,y,26,5,5,0.943544380407317
930,y,27,5,-5,0.350503019167421
930,y,28,6,4,1.02623717111397
930,y,31,7,-3,-0.176234497312011
930,y,37,6,6,1.23698183324379
930,y,38,6,-6,-0.237031956471004
930,y,50,7,7,0.307731453213083
931,x,1,0,0,-2.95001981801861
931,x,3,1,-1,-0.987397930658862
931,x,4,2,0,-1.45249750391675
931,x,5,2,2,0.323307568136605
931,x,11,3,-3,-0.998312138099519
931,x,13,4,-2,0.120277938699396
931,x,20,5,-3,-0.594410663553716
931,x,26,5,5,-0.711754234588129
931,x,27,5,-5,0.301787164153569
931,x,28,6,4,-0.2809220922333
931,x,29,6,-4,-0.164964034819618
931,x,39,7,5,0.27910555024477
931,y,3,1,-1,4.71867350278944
931,y,6,2,-2,-2.11516943247628
931,y,7,3,1,1.02052787396144
931,y,9,4,0,1.1250554924166
931,y,11,3,-3,-0.541760039315502
931,y,14,5,1,0.99242999525899
931,y,15,5,-1,0.137221403387447
931,y,17,4,4,0.0873357651195778
931,y,19,5,3,0.330202787887537
931,y,20,5,-3,-1.68013098831753
931,y,29,6,-4,-0.0789243990354772
931,y,40,7,-5,0.145896101998392
932,x,1,0,0,-4.58072297535223
932,x,6,2,-2,1.31607394300274
932,x,8,3,-1,-0.029316807891213
932,x,9,4,0,0.163942855231483
932,x,11,3,-3,-0.828502628652184
932,x,12,4,2,-0.232806937315455
932,x,18,4,-4,0.879351380830814
932,x,19,5,3,1.19746481569337
932,x,20,5,-3,-0.370819151688987
932,x,22,6,-2,-0.398182767039808
932,x,23,7,1,0.317894029291391
932,x,29,6,-4,-0.301621799160551
932,x,30,7,3,-0.102695167011203
932,x,31,7,-3,0.283326779968736
932,x,38,6,-6,1.1361380022548
932,x,39,7,5,-0.72450064628698
932,x,50,7,7,0.478196594153838
932,y,1,0,0,-4.58832433080693
932,y,3,1,-1,-3.58950191446935
932,y,4,2,0,0.288165802450687
932,y,5,2,2,0.211931897562558
932,y,11,3,-3,-0.133413667048249
932,y,12,4,2,-1.00371231837748
932,y,13,4,-2,2.24751399346289
932,y,16,6,0,-0.0400625082905431
932,y,18,4,-4,1.61767633815006
932,y,20,5,-3,0.803150798721902
932,y,21,6,2,0.503762480247134
932,y,22,6,-2,0.799568229746666
932,y,26,5,5,1.42397174525948
932,y,28,6,4,-0.529537222804743
932,y,29,6,-4,0.107388721317711
932,y,30,7,3,0.268547210454619
932,y,31,7,-3,0.18417695968217
932,y,39,7,5,-0.203093777465163
932,y,40,7,-5,-0.523382646472001
932,y,51,7,-7,0.793825870623473
933,x,4,2,0,-0.799250179226459
933,x,6,2,-2,3.93525497138171
933,x,7,3,1,-0.542620331386242
933,x,8,3,-1,-2.08496005482561
933,x,11,3,-3,-0.172870316548069
933,x,14,5,1,0.830489857121303
933,x,21,6,2,-0.222969798165973
933,x,24,7,-1,-0.0763406863139152
933,x,26,5,5,-0.0433799309984654
933,x,28,6,4,-0.0556747783723559
933,x,29,6,-4,-0.795268407422632
933,x,38,6,-6,-0.0659326155115475
933,x,39,7,5,-0.0730537422660585
933,x,50,7,7,-0.0271516925636172
933,y,1,0,0,-7.96142567013207
933,y,2,1,1,1.60921979585046
933,y,3,1,-1,-2.07698884939981
933,y,4,2,0,-1.77399061007787
933,y,8,3,-1,0.31102334392133
933,y,9,4,0,-1.07551359505998
933,y,10,3,3,-0.237236348215827
933,y,14,5,1,-0.498759688964664
933,y,16,6,0,-0.673716076300429
933,y,19,5,3,0.0639524039662189
933,y,20,5,-3,0.297925567999598
933,y,22,6,-2,-0.335854844078102
933,y,26,5,5,0.436516351125996
933,y,27,5,-5,-0.370074874736084
933,y,28,6,4,-0.371091210118767
933,y,30,7,3,0.0226167035692824
933,y,31,7,-3,0.258973667044638
933,y,39,7,5,-0.916145281017228
933,y,50,7,7,0.122270848671048
933,y,51,7,-7,-0.0459594726028485
934,x,6,2,-2,-0.960775662102574
934,x,9,4,0,1.1380619774161
934,x,14,5,1,0.43803844233183
934,x,15,5,-1,0.199828112798238
934,x,16,6,0,-0.275484561723679
934,x,17,4,4,2.00917709091801
934,x,18,4,-4,-0.427171196852296
934,x,21,6,2,-0.39784933361912
934,x,24,7,-1,1.95087391279272
934,x,29,6,-4,-1.32680995889184
934,x,37,6,6,-0.711266010966762
934,x,51,7,-7,0.550506726525417
934,y,3,1,-1,-0.916519241030164
934,y,4,2,0,1.56214886202056
934,y,7,3,1,1.95723983669904
934,y,11,3,-3,1.71213840318372
934,y,14,5,1,0.568356997426447
934,y,15,5,-1,0.57026233680472
934,y,16,6,0,0.123811707410504
934,y,18,4,-4,0.664336860299697
934,y,21,6,2,0.0068256854284719
934,y,23,7,1,-0.207681781991706
934,y,28,6,4,-0.105881843416816
935,x,1,0,0,0.719165313046636
935,x,2,1,1,1.24938925598974
935,x,3,1,-1,-2.00080422983789
935,x,7,3,1,-1.44644448711481
935,x,8,3,-1,-0.0526873052156907
935,x,9,4,0,0.710293914785721
935,x,10,3,3,-0.141818167767265
935,x,15,5,-1,-0.226402293678426
935,x,17,4,4,-0.305816293563763
935,x,19,5,3,-0.0182401462382713
935,x,20,5,-3,0.339919854715817
935,x,22,6,-2,-0.0468033868223146
935,x,23,7,1,-0.0841578281776802
935,x,24,7,-1,-0.550113829260302
935,x,27,5,-5,-0.197506573877179
935,x,29,6,-4,-0.393380658479325
935,x,38,6,-6,-1.10638118413623
935,x,50,7,7,-0.603801577484439
935,x,51,7,-7,-0.798724101401567
935,y,5,2,2,-1.97874675305231
935,y,6,2,-2,-0.348506533675246
935,y,12,4,2,1.25407245461144
935,y,22,6,-2,-0.821364417709466
935,y,24,7,-1,1.01803068462126
935,y,28,6,4,0.225450632145848
935,y,29,6,-4,1.17339689414924
935,y,31,7,-3,0.152654519025189
935,y,37,6,6,-0.246001676668628
935,y,50,7,7,0.130214078264774
936,x,7,3,1,1.55936959429564
936,x,8,3,-1,2.71312201856245
936,x,9,4,0,-0.677638667190306
936,x,11,3,-3,0.159701173921776
936,x,16,6,0,-0.681218558995176
936,x,18,4,-4,0.622012162118235
936,x,20,5,-3,-0.451345253993668
936,x,24,7,-1,-0.638754234470685
936,x,28,6,4,0.150453921052143
936,x,30,7,3,0.808602683635767
936,y,1,0,0,0.313475167376904
936,y,3,1,-1,-6.20888729082139
936,y,4,2,0,1.0593979371414
936,y,5,2,2,-0.00877409735493904
936,y,7,3,1,-2.48138370294217
936,y,22,6,-2,0.202855771915278
936,y,24,7,-1,0.752971592246123
936,y,31,7,-3,-0.646980082013138
936,y,38,6,-6,-0.057300990866781
936,y,51,7,-7,-0.195622125096048
937,x,3,1,-1,0.485339355148021
937,x,5,2,2,-0.823901259217332
937,x,6,2,-2,-0.159271885468985
937,x,11,3,-3,2.40792398283059
937,x,13,4,-2,-0.738866597636928
937,x,16,6,0,0.333342843979711
937,x,18,4,-4,0.258698693849552
937,x,19,5,3,0.380086642168637
937,x,21,6,2,-0.522275290270507
937,x,24,7,-1,0.533090562211323
937,x,29,6,-4,0.175615875363752
937,x,37,6,6,0.445723441897113
937,x,38,6,-6,1.11643790882962
937,x,39,7,5,0.548696434278772
937,x,40,7,-5,-0.175437455622649
937,x,51,7,-7,0.337515588981885
937,y,1,0,0,-1.63172919479168
937,y,3,1,-1,2.22346657570594
937,y,7,3,1,0.75836665627319
937,y,10,3,3,-0.277227038858673
937,y,11,3,-3,-0.804338348998494
937,y,13,4,-2,0.484273085499211
937,y,17,4,4,-1.14396988337166
937,y,18,4,-4,-0.0347245001119851
937,y,19,5,3,-0.0386816903324696
937,y,20,5,-3,0.0127066225986475
937,y,22,6,-2,-0.467743506908254
937,y,23,7,1,0.101226297898682
937,y,24,7,-1,0.461076163304469
937,y,26,5,5,-0.0159105049562277
937,y,29,6,-4,0.344937677102188
937,y,30,7,3,-0.182327956401301
937,y,31,7,-3,-0.0786030111614399
937,y,37,6,6,-0.187303180952426
937,y,40,7,-5,-0.471681963306551
937,y,51,7,-7,0.352894554977496
938,x,2,1,1,-7.49576150939881
938,x,12,4,2,-0.284129398919175
938,x,19,5,3,-0.614272515837966
938,x,21,6,2,-0.183017965138536
938,x,22,6,-2,-1.02829917686921
938,x,26,5,5,-0.31040992578653
938,x,28,6,4,0.353841538774779
938,x,30,7,3,0.244300674835443
938,x,31,7,-3,-0.0931980789016886
938,x,37,6,6,1.23206568615393
938,x,50,7,7,-0.244698643696688
938,y,1,0,0,-0.136370978910239
938,y,3,1,-1,-3.93493063214723
938,y,4,2,0,-0.659904999220351
938,y,5,2,2,-0.38762707740861
938,y,7,3,1,-0.983270944036022
938,y,8,3,-1,-0.348275961383391
938,y,10,3,3,2.40863857503332
938,y,12,4,2,1.47154271856755
938,y,14,5,1,-0.244780413621071
938,y,15,5,-1,0.392094671618611
938,y,18,4,-4,1.32825117231247
938,y,19,5,3,-0.277264829494295
938,y,20,5,-3,0.25244483202765
938,y,24,7,-1,-0.35716404082611
938,y,27,5,-5,0.0717921254336447
938,y,28,6,4,0.0766494185129616
938,y,29,6,-4,0.204767371120447
938,y,30,7,3,-0.0223760977523576
938,y,51,7,-7,0.33445609405846
939,x,10,3,3,1.66762336105027
939,x,11,3,-3,1.99817922618155
939,x,12,4,2,0.0140413463865841
939,x,14,5,1,-1.12658520032537
939,x,16,6,0,-0.982012025186656
939,x,19,5,3,-1.31407624367069
939,x,20,5,-3,-0.779313037897903
939,x,21,6,2,0.492957712681076
939,x,22,6,-2,1.13262377458785
939,x,24,7,-1,0.118746873450233
939,x,26,5,5,-0.559481348672861
939,x,28,6,4,0.264825537709436
939,x,29,6,-4,-0.38133327622103
939,x,30,7,3,0.0834454530000645
939,x,38,6,-6,0.00941825286013573
939,y,1,0,0,5.58826006578959
939,y,5,2,2,0.523050415148704
939,y,7,3,1,0.329842888234513
939,y,13,4,-2,1.33101400584799
939,y,26,5,5,0.116239939419046
939,y,29,6,-4,0.481372594814089
939,y,31,7,-3,0.895984815268954
939,y,37,6,6,-0.534597664316586
939,y,38,6,-6,-0.3052144440459
939,y,51,7,-7,-0.387077335962806
940,x,4,2,0,-0.17817787509876
940,x,10,3,3,-1.77950933618152
940,x,15,5,-1,-0.274985769116219
940,x,16,6,0,2.06657204986116
940,x,22,6,-2,0.107847215513184
940,x,23,7,1,-0.436497709375658
940,x,29,6,-4,0.403070516985874
940,x,30,7,3,-0.42081703645164
940,x,31,7,-3,0.384738946977295
940,x,39,7,5,0.49763164381883
940,x,40,7,-5,0.584743292615045
940,x,50,7,7,0.264405584198644
940,y,3,1,-1,-1.1640219110948
940,y,6,2,-2,-3.25322261014076
940,y,7,3,1,-1.51742372383948
940,y,9,4,0,-1.35155816191492
940,y,10,3,3,0.894292520217115
940,y,11,3,-3,0.793387474843306
940,y,14,5,1,0.212116030049768
940,y,17,4,4,0.154826872406855
940,y,18,4,-4,0.551778842125403
940,y,20,5,-3,-0.613865704656715
940,y,21,6,2,-1.48077457701182
940,y,22,6,-2,-0.695972172773354
940,y,23,7,1,0.409644711510264
940,y,26,5,5,-0.613881237183357
940,y,28,6,4,0.136415876171899
940,y,29,6,-4,-1.11481366888659
940,y,38,6,-6,0.517661136839492
940,y,39,7,5,-0.30793457420951
940,y,40,7,-5,0.330825212788456
940,y,51,7,-7,-0.256788934114193
941,x,1,0,0,2.44066455616558
941,x,3,1,-1,-1.59386235404981
941,x,7,3,1,-0.327757196895222
941,x,10,3,3,0.175995067055522
941,x,17,4,4,0.752156933292429
941,x,20,5,-3,1.18053062020918
941,x,23,7,1,-0.140147804256397
941,x,24,7,-1,0.19853143697979
941,x,26,5,5,0.0919644456237072
941,x,27,5,-5,0.981007255274617
941,x,28,6,4,0.72582969352228
941,x,31,7,-3,-0.00459078424366584
941,x,38,6,-6,-0.832674931689477
941,x,51,7,-7,-0.127477587734182
941,y,3,1,-1,-3.39629258700477
941,y,4,2,0,1.14248733297089
941,y,7,3,1,-0.689166974831267
941,y,8,3,-1,0.90197699527976
941,y,10,3,3,0.244207658330012
941,y,19,5,3,0.398992396186653
941,y,20,5,-3,0.201329085248876
941,y,21,6,2,0.485864378015787
941,y,22,6,-2,-0.217320596684932
941,y,23,7,1,-0.0666956113938505
941,y,24,7,-1,-0.475847639931254
941,y,27,5,-5,0.666471551671211
941,y,29,6,-4,-0.492677066121294
941,y,31,7,-3,-0.317133130805089
941,y,40,7,-5,0.719759375318791
941,y,50,7,7,0.449447365133305
941,y,51,7,-7,0.436425064524478
942,x,1,0,0,2.25463644353001
942,x,2,1,1,-0.50175658071301
942,x,3,1,-1,-2.13702704773539
942,x,8,3,-1,1.66075573938587
942,x,9,4,0,-0.188155467698019
942,x,11,3,-3,-0.625735120196072
942,x,15,5,-1,-0.484167912312526
942,x,20,5,-3,-1.20939856083202
942,x,22,6,-2,0.243607774314185
942,x,23,7,1,0.0455870779464608
942,x,24,7,-1,0.0519971228578834
942,x,26,5,5,-0.0432610350428202
942,x,39,7,5,-0.259977421976438
942,x,40,7,-5,-0.190523042657797
942,x,50,7,7,-0.570786601607674
942,x,51,7,-7,0.489602240516695
942,y,3,1,-1,-2.34730832155692
942,y,7,3,1,-0.141026335257763
942,y,9,4,0,-0.434863445980957
942,y,11,3,-3,1.226965363616
942,y,12,4,2,0.875076418450419
942,y,13,4,-2,-0.6737911609693
942,y,15,5,-1,0.557865298674509
942,y,19,5,3,-0.246825709091866
942,y,21,6,2,-0.084070497982254
942,y,22,6,-2,-0.0411671698872194
942,y,23,7,1,-0.0631834034163287
942,y,30,7,3,0.193822426381117
942,y,39,7,5,0.474207333034881
942,y,40,7,-5,-0.244305974059867
943,x,1,0,0,4.43851567304994
943,x,2,1,1,0.872145862279804
943,x,3,1,-1,4.20194489242888
943,x,7,3,1,0.339393243952733
943,x,9,4,0,-0.532661147855516
943,x,11,3,-3,0.862345155000704
943,x,26,5,5,0.788668667447617
943,x,37,6,6,0.401221120494914
943,x,39,7,5,-0.379898099935112
943,x,40,7,-5,0.21371784581091
943,x,51,7,-7,-0.0238762263172999
943,y,1,0,0,-1.78073721581745
943,y,3,1,-1,2.04324581831162
943,y,10,3,3,-0.815963970965216
943,y,14,5,1,0.367657124905018
943,y,15,5,-1,-0.714696764977745
943,y,17,4,4,0.26355445506622
943,y,18,4,-4,-0.193331427941343
943,y,19,5,3,-0.123791394058995
943,y,21,6,2,0.484603725440341
943,y,22,6,-2,0.367149991170603
943,y,24,7,-1,-0.0343881941326942
943,y,27,5,-5,-1.29786202631845
943,y,29,6,-4,-0.22964800674883
943,y,31,7,-3,-0.187739643788092
943,y,37,6,6,0.189275507796314
943,y,39,7,5,-0.790650950944656
943,y,51,7,-7,-0.38630504320225
944,x,1,0,0,2.79345521545946
944,x,4,2,0,-0.228019359802085
944,x,8,3,-1,-1.62445094525846
944,x,12,4,2,0.156283511318583
944,x,17,4,4,-1.97828887158455
944,x,24,7,-1,-0.275594255673777
944,x,26,5,5,-0.184046164785814
944,x,28,6,4,-0.945804607990364
944,x,40,7,-5,-0.363508099456408
944,x,50,7,7,0.745321313107998
944,x,51,7,-7,0.60961162210245
944,y,4,2,0,1.27317203831817
944,y,5,2,2,-0.31453888513255
944,y,6,2,-2,0.241061119937957
944,y,8,3,-1,-1.16698328407888
944,y,12,4,2,0.204296893144944
944,y,16,6,0,-1.16266471512582
944,y,17,4,4,-0.0136431758863224
944,y,19,5,3,0.817420665053753
944,y,20,5,-3,0.180714486481046
944,y,21,6,2,0.595998924306213
944,y,26,5,5,-0.642596005782626
944,y,30,7,3,-0.95841777849795
944,y,39,7,5,0.354163219390251
944,y,40,7,-5,-0.0265382710521167
944,y,51,7,-7,-0.989478470120618
945,x,1,0,0,-0.276474756268195
945,x,3,1,-1,-1.39453368330033
945,x,6,2,-2,1.01059084487326
945,x,9,4,0,1.33139326227741
945,x,10,3,3,0.519882428656788
945,x,13,4,-2,1.00644559211405
945,x,15,5,-1,-0.701327328013397
945,x,16,6,0,-0.201722517396878
945,x,17,4,4,-0.776107035422925
945,x,19,5,3,-0.768193084560973
945,x,20,5,-3,-0.37611710543315
945,x,24,7,-1,-0.306493995145418
945,x,26,5,5,0.51627217985702
945,x,27,5,-5,0.641521566534262
945,x,30,7,3,0.184212434425995
945,x,39,7,5,0.441922303379086
945,y,1,0,0,1.15686045725903
945,y,5,2,2,-0.540314381604066
945,y,6,2,-2,-0.10101079730198
945,y,7,3,1,-1.39346537164173
945,y,9,4,0,-1.45054792533212
945,y,12,4,2,-0.211312669537385
945,y,18,4,-4,0.703078265183843
945,y,20,5,-3,-0.987649154534575
945,y,22,6,-2,-1.05150430746685
945,y,23,7,1,-0.430380742653887
945,y,24,7,-1,-0.299901130174844
945,y,26,5,5,0.313907320863081
945,y,28,6,4,-0.828549050886233
945,y,29,6,-4,0.441961298131212
945,y,30,7,3,-1.12354635332219
945,y,31,7,-3,0.0758071162954597
945,y,37,6,6,0.00656242396957689
945,y,40,7,-5,-1.17546494854023
945,y,50,7,7,0.450722414957567
946,x,3,1,-1,1.47301354179977
946,x,6,2,-2,0.586646679230368
946,x,7,3,1,0.584168971574238
946,x,17,4,4,-0.879527498022808
946,x,20,5,-3,-0.695466264428267
946,x,24,7,-1,0.768523073265171
946,x,28,6,4,0.154871470616429
946,x,29,6,-4,-0.00959534969358023
946,x,37,6,6,1.88893790270945
946,x,38,6,-6,-0.518707170735255
946,x,39,7,5,1.45372004571504
946,x,51,7,-7,-0.889638598698356
946,y,6,2,-2,-2.42417501795709
946,y,10,3,3,-1.1657234035969
946,y,11,3,-3,-1.17314062422359
946,y,15,5,-1,-0.0858371750267909
946,y,17,4,4,-0.361493683951343
946,y,18,4,-4,-0.3294688021128
946,y,19,5,3,-0.446732397426162
946,y,20,5,-3,0.0636298000837926
946,y,26,5,5,-0.220002791129066
946,y,28,6,4,-0.112280349719326
946,y,29,6,-4,-0.804773348120063
946,y,37,6,6,0.316669118953094
946,y,40,7,-5,-0.541317003553984
946,y,50,7,7,-0.243469227984884
947,x,1,0,0,-2.68865052111419
947,x,2,1,1,2.87905498747531
947,x,3,1,-1,0.311465762003552
947,x,6,2,-2,-2.29013504818044
947,x,9,4,0,0.158536643317629
947,x,10,3,3,0.902941789215363
947,x,11,3,-3,1.39717012721608
947,x,12,4,2,-0.631333017156928
947,x,13,4,-2,0.947803644804108
947,x,16,6,0,0.540691714883274
947,x,18,4,-4,-0.434555166139735
947,x,19,5,3,0.77276663005993
947,x,22,6,-2,0.00234542605279549
947,x,26,5,5,-0.14824722843611
947,x,27,5,-5,-0.846857651831068
947,x,28,6,4,-0.36791327944137
947,x,31,7,-3,-0.910398527926587
947,x,37,6,6,0.301429693388117
947,x,38,6,-6,-0.427201056790428
947,x,39,7,5,1.02641260131048
947,y,3,1,-1,3.3755048027429
947,y,4,2,0,0.859542780083868
947,y,6,2,-2,1.12780763820026
947,y,20,5,-3,-0.275481212724196
947,y,21,6,2,-0.336657520476237
947,y,23,7,1,-0.122497432614623
947,y,24,7,-1,-0.59833551898343
947,y,26,5,5,0.520168633000986
947,y,27,5,-5,-0.992452406939139
947,y,29,6,-4,-0.0988143077648407
947,y,39,7,5,-0.366771502888113
947,y,51,7,-7,-0.0234352765686876
948,x,2,1,1,1.810934882493
948,x,4,2,0,-2.7027861109557
948,x,8,3,-1,-0.334096311492515
948,x,12,4,2,-1.58205729340901
948,x,13,4,-2,0.105670503163876
948,x,17,4,4,1.23992297136496
948,x,19,5,3,-0.544091620321693
948,x,20,5,-3,0.530902979042616
948,x,22,6,-2,-0.0269234210489343
948,x,27,5,-5,-0.697503334190963
948,x,28,6,4,-0.679677023944367
948,x,37,6,6,-0.14066295206794
948,x,39,7,5,-0.2713553698225
948,x,40,7,-5,0.00494333142559739
948,x,50,7,7,0.409064040958721
948,y,1,0,0,-2.76854029040755
948,y,2,1,1,1.1767744515325
948,y,3,1,-1,0.983339399880709
948,y,9,4,0,-0.0144010269678592
948,y,10,3,3,-0.145689657033239
948,y,11,3,-3,0.0172587745652339
948,y,15,5,-1,-1.41787765521727
948,y,17,4,4,0.699463812410568
948,y,19,5,3,-0.0291539586362858
948,y,20,5,-3,0.188642083002891
948,y,22,6,-2,0.555010349452688
948,y,23,7,1,0.30933737089705
948,y,24,7,-1,0.217118364750948
948,y,26,5,5,0.151855498988289
948,y,29,6,-4,0.240999978374286
948,y,30,7,3,-0.0897834020799252
948,y,37,6,6,-0.702810606843212
948,y,40,7,-5,-0.041011050085218
948,y,50,7,7,-0.157384327563911
949,x,2,1,1,0.680082226073321
949,x,3,1,-1,1.52484355538751
949,x,9,4,0,0.00355669853020641
949,x,10,3,3,-1.0175095518153
949,x,12,4,2,-0.563021733151814
949,x,13,4,-2,-0.671452854628798
949,x,14,5,1,-0.130724778656093
949,x,17,4,4,0.1329073734695
949,x,18,4,-4,-0.18081823927934
949,x,20,5,-3,-0.932176129411821
949,x,27,5,-5,-0.564370623186531
949,x,29,6,-4,0.689253495147449
949,x,37,6,6,0.538870645362501
949,x,39,7,5,-0.818562337519437
949,x,50,7,7,0.129168501007197
949,x,51,7,-7,-0.0466783413259008
949,y,3,1,-1,1.63302653399233
949,y,7,3,1,1.63325057589544
949,y,8,3,-1,0.266841182108713
949,y,9,4,0,-0.383810347441504
949,y,11,3,-3,-1.02045137877545
949,y,14,5,1,1.05462641862402
949,y,16,6,0,-0.281353942854503
949,y,27,5,-5,0.551538000179273
949,y,28,6,4,-0.209849853071882
949,y,29,6,-4,-0.189167672692244
949,y,40,7,-5,-0.128536283113222
949,y,50,7,7,0.23628252056505
950,x,6,2,-2,-1.83141584205418
950,x,7,3,1,0.534117523325459
950,x,8,3,-1,0.169565145404606
950,x,9,4,0,0.59327143773056
950,x,10,3,3,-0.735237208652624
950,x,11,3,-3,0.688675737215192
950,x,15,5,-1,-0.58963895675351
950,x,17,4,4,0.495811633960238
950,x,18,4,-4,0.74932846573261
950,x,20,5,-3,-1.16048841388993
950,x,24,7,-1,-0.876076682586635
950,x,26,5,5,-0.0741570263695476
950,x,30,7,3,-0.339641202940492
950,x,31,7,-3,0.106444182412806
950,x,40,7,-5,0.0407636354104228
950,y,1,0,0,-3.5850910293284
950,y,2,1,1,-4.92296220434201
950,y,3,1,-1,2.90102039974904
950,y,9,4,0,0.944897041094224
950,y,13,4,-2,1.12514553556281
950,y,14,5,1,0.909056232251334
950,y,19,5,3,-0.190025081017438
950,y,20,5,-3,-0.386638039134384
950,y,21,6,2,-0.447253812161874
950,y,22,6,-2,-0.128285881896128
950,y,23,7,1,0.115534765135815
950,y,27,5,-5,-0.43368525152317
950,y,28,6,4,0.456635354268265
950,y,30,7,3,0.107919035556906
950,y,31,7,-3,0.770445933420865
950,y,40,7,-5,-0.638149886397797
950,y,50,7,7,0.417896489891735
950,y,51,7,-7,-0.0841855345131927
951,x,3,1,-1,-0.99613912719104
951,x,4,2,0,0.615557586536951
951,x,6,2,-2,0.399877166766869
951,x,7,3,1,-1.37378513387524
951,x,11,3,-3,1.31694820619605
951,x,14,5,1,0.716980336642734
951,x,15,5,-1,-1.11229129207268
951,x,16,6,0,0.172491861289538
951,x,17,4,4,-0.55984434029721
951,x,19,5,3,-0.838098415744926
951,x,21,6,2,0.185280415621776
951,x,23,7,1,-0.393175742191354
951,x,24,7,-1,0.0691994954795629
951,x,27,5,-5,-0.293310201121682
951,x,29,6,-4,-1.06914736148225
951,x,30,7,3,-0.637719975996751
951,x,38,6,-6,1.31204513024275
951,x,50,7,7,-0.618524771979477
951,x,51,7,-7,0.105214797801456
951,y,2,1,1,-3.22110654253889
951,y,4,2,0,1.91325871714708
951,y,5,2,2,-1.60510445135884
951,y,8,3,-1,1.26177599347934
951,y,9,4,0,0.316304514496926
951,y,12,4,2,0.240539498818743
951,y,14,5,1,1.25986907917497
951,y,16,6,0,0.780309898390154
951,y,17,4,4,0.0239677762325755
951,y,20,5,-3,-0.439754083294292
951,y,22,6,-2,0.758446416271882
951,y,23,7,1,0.16993975125385
951,y,27,5,-5,-0.050132991722602
951,y,29,6,-4,0.721147353470478
951,y,30,7,3,0.0132181827229349
951,y,31,7,-3,0.117009925191961
951,y,38,6,-6,-0.689251507887414
951,y,39,7,5,0.31858935786643
951,y,40,7,-5,0.0664054513586257
951,y,51,7,-7,-0.107515800854115
952,x,3,1,-1,-5.79294438707836
952,x,4,2,0,-0.929926984389049
952,x,5,2,2,-3.21812983609196
952,x,8,3,-1,-0.198841532041755
952,x,10,3,3,0.810686696724592
952,x,13,4,-2,-1.47229447125437
952,x,14,5,1,0.780390754745268
952,x,17,4,4,0.443278357147651
952,x,18,4,-4,-1.08660725634229
952,x,19,5,3,-0.162665430174187
952,x,21,6,2,-0.230120197185293
952,x,22,6,-2,0.61149602132842
952,x,23,7,1,0.0894663974333579
952,x,28,6,4,-0.54195466985677
952,x,29,6,-4,-0.13431477080368
952,x,38,6,-6,0.050337443943737
952,x,39,7,5,0.589644334534673
952,x,50,7,7,0.901410103593407
952,y,2,1,1,-1.8177358274699
952,y,3,1,-1,-1.22966319825938
952,y,4,2,0,0.540030936773228
952,y,5,2,2,-0.388479134807501
952,y,7,3,1,-0.0634944486907742
952,y,9,4,0,-0.312901040166662
952,y,10,3,3,2.57310786791306
952,y,11,3,-3,-0.270078535252083
952,y,12,4,2,-0.337042948099532
952,y,13,4,-2,-0.284283834556561
952,y,16,6,0,-0.333028513607598
952,y,19,5,3,-0.532333463130173
952,y,21,6,2,-0.418459478112062
952,y,22,6,-2,0.156365635139291
952,y,23,7,1,-0.389017489607366
952,y,26,5,5,0.464333171154239
952,y,29,6,-4,-0.00976629831055842
952,y,30,7,3,0.123798420283222
952,y,31,7,-3,0.687592486294718
953,x,1,0,0,0.0624988670142275
953,x,4,2,0,-0.722888850950707
953,x,6,2,-2,1.87331660963741
953,x,9,4,0,0.0924856489413181
953,x,12,4,2,0.584548770950998
953,x,13,4,-2,-0.89904290876628
953,x,14,5,1,0.228000106782561
953,x,16,6,0,0.627956522982604
953,x,17,4,4,-0.482820002934838
953,x,18,4,-4,0.273704998871876
953,x,21,6,2,1.05397970029131
953,x,23,7,1,-0.277581127718354
953,x,30,7,3,0.371717667306954
953,y,4,2,0,-2.97349575649108
953,y,6,2,-2,-1.66694771937392
953,y,8,3,-1,0.404259050481982
953,y,12,4,2,-0.441270219822275
953,y,17,4,4,0.95679988684949
953,y,18,4,-4,0.87948733891858
953,y,19,5,3,0.294510554626859
953,y,20,5,-3,0.278299838771576
953,y,21,6,2,-0.461963997300645
953,y,23,7,1,0.0165197158595657
953,y,29,6,-4,0.480188942837846
953,y,31,7,-3,0.422020499297627
953,y,38,6,-6,-0.399546205408244
953,y,39,7,5,-0.355789473522745
953,y,40,7,-5,0.228031922078037
954,x,1,0,0,-7.76332504610859
954,x,2,1,1,-3.06989183641925
954,x,4,2,0,0.378669728833924
954,x,7,3,1,1.51597616885295
954,x,8,3,-1,-1.784826641954
954,x,13,4,-2,0.142397391077809
954,x,17,4,4,0.273612772409912
954,x,23,7,1,-0.0664463220211393
954,x,24,7,-1,0.295174865985788
954,x,26,5,5,0.826205522917018
954,x,28,6,4,-0.0919531351374284
954,x,31,7,-3,-0.0658543909774835
954,x,37,6,6,-0.0989110124156998
954,x,38,6,-6,0.10152766721703
954,x,39,7,5,-0.350894742825126
954,x,40,7,-5,-0.437797481977471
954,x,50,7,7,0.00474821723936574
954,y,3,1,-1,3.09807440457393
954,y,4,2,0,0.0622163723156849
954,y,5,2,2,-1.19977165991209
954,y,7,3,1,-0.221128859205662
954,y,9,4,0,0.227458988021502
954,y,14,5,1,0.815978224807297
954,y,17,4,4,0.654968191769455
954,y,18,4,-4,-1.16559993009442
954,y,19,5,3,-0.631782094451229
954,y,20,5,-3,-1.09850388857125
954,y,22,6,-2,0.114147413400227
954,y,24,7,-1,0.325639518694699
954,y,28,6,4,0.776653409927048
954,y,29,6,-4,-0.533892379534706
954,y,30,7,3,-0.0117963928687859
954,y,31,7,-3,-0.205628219954918
954,y,37,6,6,-0.469153111513105
954,y,38,6,-6,0.213806539116173
954,y,50,7,7,-0.270947662378524
954,y,51,7,-7,-0.596654120024915
955,x,2,1,1,-9.89136427471927
955,x,3,1,-1,2.10389530335121
955,x,4,2,0,0.461057660370262
955,x,7,3,1,1.47577932447496
955,x,8,3,-1,-0.849895949373334
955,x,12,4,2,0.124600182742702
955,x,14,5,1,-1.17007201856741
955,x,18,4,-4,0.186955026623681
955,x,19,5,3,-0.945705293282003
955,x,23,7,1,-0.0928189196313965
955,x,26,5,5,-0.3743255821507
955,x,27,5,-5,0.0821942791199726
955,x,29,6,-4,-0.26756167128737
955,x,37,6,6,0.43513678212978
955,x,39,7,5,-0.176467051108544
955,x,40,7,-5,-0.258114822953485
955,x,51,7,-7,-0.455385724093797
955,y,5,2,2,-0.458015951364879
955,y,6,2,-2,-1.27449576887304
955,y,7,3,1,1.88646039433895
955,y,8,3,-1,1.14501406717914
955,y,10,3,3,-0.230604506019698
955,y,11,3,-3,-0.192888302036345
955,y,13,4,-2,0.252096580635219
955,y,14,5,1,-0.574716295675393
955,y,16,6,0,0.0591899134896463
955,y,18,4,-4,0.42602261501891
955,y,23,7,1,0.0777924966274264
955,y,27,5,-5,-1.15176287512739
955,y,28,6,4,0.539198584232297
955,y,29,6,-4,0.564627372415432
955,y,31,7,-3,-0.327895669176681
955,y,39,7,5,0.648547866378389
955,y,50,7,7,-0.158264573144594
956,x,1,0,0,1.75354680795292
956,x,3,1,-1,4.3756605750329
956,x,4,2,0,-0.952731389750648
956,x,6,2,-2,-0.799645270522977
956,x,7,3,1,-1.14981663933662
956,x,9,4,0,0.220881927689558
956,x,11,3,-3,-0.829235755888293
956,x,12,4,2,-0.529772658116092
956,x,14,5,1,-0.0981673657804624
956,x,17,4,4,0.259004257464023
956,x,19,5,3,-0.144768317746726
956,x,20,5,-3,-0.0780479965599039
956,x,23,7,1,-0.733034899845271
956,x,29,6,-4,-0.222295454330145
956,x,37,6,6,-0.222221009936252
956,x,38,6,-6,-0.104283465638161
956,x,39,7,5,0.415260439530511
956,x,40,7,-5,-0.557077209149825
956,x,50,7,7,0.371131607981344
956,y,3,1,-1,2.44174564747387
956,y,4,2,0,3.47349272144854
956,y,5,2,2,-4.4560235753238
956,y,10,3,3,1.62162550736237
956,y,12,4,2,-0.418583539681702
956,y,13,4,-2,-1.11262696151439
956,y,14,5,1,-0.18226360679334
956,y,19,5,3,-0.364686981776008
956,y,20,5,-3,-0.270443255574675
956,y,21,6,2,0.547916982263633
956,y,24,7,-1,0.118914376239892
956,y,28,6,4,-0.669044893207294
956,y,29,6,-4,-0.276964154504807
956,y,30,7,3,-0.584595444483567
956,y,38,6,-6,0.199668701704042
956,y,39,7,5,0.0217653567320531
956,y,50,7,7,0.0227441004158329
956,y,51,7,-7,0.401207577960391
957,x,3,1,-1,-5.07413635489984
957,x,6,2,-2,-0.753705627861806
957,x,7,3,1,0.388940687872399
957,x,8,3,-1,-0.125232288511257
957,x,10,3,3,0.428539134524575
957,x,14,5,1,-0.366336898711023
957,x,15,5,-1,0.561606706042638
957,x,16,6,0,-0.0456385977401313
957,x,17,4,4,-0.608788152834619
957,x,19,5,3,-0.394898413963219
957,x,22,6,-2,-0.252491764139145
957,x,24,7,-1,0.669129675471654
957,x,26,5,5,0.209228842149916
957,x,29,6,-4,-0.43778992899868
957,x,30,7,3,0.169972305502476
957,x,31,7,-3,-0.21354335149859
957,x,37,6,6,0.33515563737658
957,x,38,6,-6,0.314535102191733
957,x,40,7,-5,0.0180392830042372
957,x,51,7,-7,-0.814201613287474
957,y,3,1,-1,-0.80222668402404
957,y,4,2,0,-0.995220637866346
957,y,5,2,2,0.678778332141081
957,y,18,4,-4,1.99139224576342
957,y,19,5,3,1.53179034337028
957,y,21,6,2,-0.0117785953629206
957,y,23,7,1,0.0945199065353267
957,y,24,7,-1,-0.961236013153163
957,y,26,5,5,-0.927654148783515
957,y,27,5,-5,-0.227078154710954
957,y,31,7,-3,-0.224261877259274
957,y,50,7,7,-0.0416909573479617
957,y,51,7,-7,-0.986710505120121
958,x,7,3,1,-0.429348817670701
958,x,8,3,-1,0.232696316527767
958,x,14,5,1,-0.693448165981191
958,x,15,5,-1,-0.210329019123923
958,x,16,6,0,-0.0661067292124591
958,x,17,4,4,1.84554471372015
958,x,20,5,-3,-0.427600267206443
958,x,23,7,1,2.06890566256625
958,x,24,7,-1,-1.78200963191689
958,x,26,5,5,0.35125342901628
958,x,28,6,4,0.501533694775236
958,x,30,7,3,0.681150434731478
958,x,38,6,-6,-1.30336152546275
958,x,40,7,-5,-0.721517776615791
958,x,51,7,-7,-0.918012022801414
958,y,2,1,1,1.79385958677863
958,y,4,2,0,-2.18668001215259
958,y,6,2,-2,2.94119827977849
958,y,12,4,2,1.06162782792503
958,y,14,5,1,-0.569498140347365
958,y,15,5,-1,0.0698983855393095
958,y,16,6,0,0.216095716083523
958,y,19,5,3,0.645096994654063
958,y,21,6,2,-0.0862997659851843
958,y,24,7,-1,-0.335164317097981
958,y,26,5,5,0.685238573537874
958,y,27,5,-5,1.17258295719085
958,y,28,6,4,-0.61875069987841
958,y,29,6,-4,-0.428588600837483
958,y,31,7,-3,-0.526871719543526
958,y,38,6,-6,0.498786682948181
958,y,50,7,7,-0.496919883011221
959,x,2,1,1,-7.82953192487825
959,x,3,1,-1,2.62120199589236
959,x,7,3,1,0.481450417668315
959,x,8,3,-1,-0.37146046977253
959,x,9,4,0,0.170083784580265
959,x,10,3,3,0.656141965093099
959,x,11,3,-3,-1.63455263209129
959,x,14,5,1,-0.163797855335095
959,x,15,5,-1,-0.0347660347852952
959,x,18,4,-4,0.59828403553432
959,x,20,5,-3,0.155343815719671
959,x,23,7,1,-0.428808027050736
959,x,29,6,-4,-0.44474490807427
959,x,39,7,5,-0.400870883720024
959,x,50,7,7,-0.054715702440215
959,x,51,7,-7,-0.311235465989
959,y,1,0,0,-0.876921176997208
959,y,2,1,1,-1.37539694656172
959,y,3,1,-1,3.50651548982798
959,y,7,3,1,-2.32229854674214
959,y,8,3,-1,0.743413534500744
959,y,10,3,3,1.07003133204022
959,y,11,3,-3,-0.671906588159867
959,y,15,5,-1,-0.317021016288285
959,y,17,4,4,-0.102299910341166
959,y,18,4,-4,-0.616140892760496
959,y,21,6,2,-0.00824952907982958
959,y,23,7,1,0.522982903367033
959,y,27,5,-5,-0.0132064213606935
959,y,31,7,-3,0.675428367313754
959,y,37,6,6,-0.341868971194936
959,y,38,6,-6,-0.323578563232905
959,y,39,7,5,0.186677434408135
960,x,1,0,0,-2.35843189097481
960,x,6,2,-2,1.16771561348725
960,x,8,3,-1,-1.73189425690089
960,x,9,4,0,-0.801653720383882
960,x,16,6,0,-0.394951237755476
960,x,20,5,-3,0.0404676907341319
960,x,24,7,-1,0.455850900420627
960,x,28,6,4,0.153834855083131
960,x,29,6,-4,0.127167094014924
960,x,40,7,-5,0.126944963534274
960,x,50,7,7,-0.108666400186354
960,x,51,7,-7,0.193632637184837
960,y,2,1,1,-0.158604906915738
960,y,3,1,-1,-4.34016973400635
960,y,4,2,0,-1.48930770760846
960,y,8,3,-1,-0.867980966029369
960,y,11,3,-3,0.937043579628594
960,y,12,4,2,0.525338519150193
960,y,15,5,-1,-0.611162103712903
960,y,22,6,-2,0.671238158319291
960,y,26,5,5,-0.39051669284468
960,y,37,6,6,-0.671718853511054
960,y,38,6,-6,1.34259547989609
960,y,39,7,5,-0.263066943767159
960,y,50,7,7,0.433507347594999
961,x,7,3,1,-1.79574337893382
961,x,9,4,0,-1.37796946939288
961,x,10,3,3,-0.461436917694356
961,x,15,5,-1,0.557520194384332
961,x,16,6,0,-0.44352453694905
961,x,22,6,-2,-1.01302634815934
961,x,24,7,-1,0.443605498232376
961,x,28,6,4,0.0456907211639586
961,x,39,7,5,-0.767502035807929
961,x,40,7,-5,-0.378228827270219
961,y,3,1,-1,-3.33901631933469
961,y,6,2,-2,-2.00685840565832
961,y,8,3,-1,1.38342457978953
961,y,9,4,0,-0.0739025870750529
961,y,16,6,0,0.187218405436384
961,y,17,4,4,1.33878801694744
961,y,19,5,3,0.557020998306893
961,y,20,5,-3,0.00554195669140795
961,y,23,7,1,-0.172402690480814
961,y,24,7,-1,-0.597097906770117
961,y,28,6,4,-0.363377809719394
961,y,37,6,6,0.661993525681412
962,x,1,0,0,7.41913609321751
962,x,5,2,2,1.12389838999177
962,x,9,4,0,0.635307508199935
962,x,10,3,3,-0.69349968505268
962,x,13,4,-2,2.06881924908267
962,x,14,5,1,-0.562873806123494
962,x,22,6,-2,-0.700220861898024
962,x,27,5,-5,0.383036884770072
962,x,28,6,4,0.33342671979956
962,x,31,7,-3,-0.48276521475882
962,x,39,7,5,-0.117856082876434
962,x,50,7,7,-0.234182440998402
962,x,51,7,-7,-0.0187157013751783
962,y,6,2,-2,0.251301023210498
962,y,7,3,1,-2.35741666932295
962,y,16,6,0,-0.459077530481707
962,y,19,5,3,-0.673274806129991
962,y,20,5,-3,0.59290554806112
962,y,23,7,1,-0.0619379875449295
962,y,26,5,5,-0.554398956898099
962,y,29,6,-4,-1.14530967828653
962,y,30,7,3,-0.413276222887208
962,y,51,7,-7,-0.361717829775135
963,x,4,2,0,-0.0174079341739605
963,x,5,2,2,-2.05335610873055
963,x,7,3,1,0.591029946086129
963,x,8,3,-1,-0.978188275890139
963,x,9,4,0,0.57830423248506
963,x,13,4,-2,-0.64879627858623
963,x,14,5,1,-1.21309124821735
963,x,15,5,-1,0.637048126781628
963,x,19,5,3,0.0250039391911214
963,x,20,5,-3,-0.476861212851652
963,x,23,7,1,-0.0591543657114184
963,x,24,7,-1,-0.747836580479934
963,x,27,5,-5,-0.410329841910472
963,x,31,7,-3,-0.0272035548980099
963,y,1,0,0,1.30966154592595
963,y,7,3,1,-1.16714917687301
963,y,9,4,0,-0.116655302509842
963,y,10,3,3,-0.941170092820535
963,y,13,4,-2,1.41146759492551
963,y,16,6,0,0.847329872072593
963,y,17,4,4,-1.5105961187722
963,y,19,5,3,-0.167211674883447
963,y,20,5,-3,-1.13301066933771
963,y,22,6,-2,-0.0110326460281561
963,y,28,6,4,0.325376455525417
963,y,29,6,-4,0.0950873831598745
963,y,30,7,3,-0.746466868301275
963,y,31,7,-3,-0.882330440638068
963,y,37,6,6,0.209574722581383
963,y,38,6,-6,-0.600392847810895
963,y,39,7,5,0.21761787710462
963,y,40,7,-5,-0.158884385283003
963,y,51,7,-7,0.579837329252024
964,x,1,0,0,3.57161348982049
964,x,2,1,1,3.0635858890332
964,x,3,1,-1,2.77809559868191
964,x,4,2,0,-1.56254865351795
964,x,6,2,-2,-1.1867167024948
964,x,8,3,-1,0.477091881131667
964,x,12,4,2,0.33265505857428
964,x,13,4,-2,0.188603427234302
964,x,17,4,4,0.438610640323086
964,x,26,5,5,0.195302820099472
964,x,27,5,-5,-0.656357984525368
964,x,29,6,-4,0.687034342095109
964,x,31,7,-3,0.792872255487666
964,x,37,6,6,-0.425624797803718
964,x,38,6,-6,1.1887965901912
964,x,39,7,5,0.920725089393371
964,x,40,7,-5,-0.346947465803231
964,y,1,0,0,1.70110147198917
964,y,10,3,3,-0.661392937646856
964,y,11,3,-3,-0.220781534586536
964,y,13,4,-2,0.216455501050664
964,y,17,4,4,0.341333950519895
964,y,22,6,-2,-0.0449140089995283
964,y,23,7,1,-0.0699385820671552
964,y,28,6,4,0.523626522718774
964,y,29,6,-4,0.104993201852221
964,y,31,7,-3,0.0873225830034711
965,x,5,2,2,-0.430786891370059
965,x,6,2,-2,-0.437816359891222
965,x,10,3,3,-1.06308673709457
965,x,14,5,1,-1.49996777505033
965,x,15,5,-1,-0.377461868981191
965,x,16,6,0,-1.07279728497098
965,x,18,4,-4,-0.252578653827243
965,x,19,5,3,-0.442360611977666
965,x,26,5,5,-0.0192032478483187
965,x,28,6,4,-0.399814710132743
965,x,29,6,-4,-1.23059170926839
965,x,31,7,-3,-1.02991305477842
965,x,37,6,6,1.4417114090956
965,x,38,6,-6,-0.882363536195136
965,x,50,7,7,0.740811546777921
965,x,51,7,-7,1.46505019707091
965,y,1,0,0,0.564386827550904
965,y,2,1,1,-0.670380239973364
965,y,4,2,0,0.185308477094817
965,y,5,2,2,1.77765788395298
965,y,6,2,-2,0.929431732603783
965,y,8,3,-1,1.24963350552784
965,y,10,3,3,0.486669489137929
965,y,14,5,1,-0.104530097138278
965,y,16,6,0,-0.628719097181017
965,y,19,5,3,-0.698961469706776
965,y,28,6,4,-0.606877148606017
965,y,30,7,3,-0.121150263844162
965,y,31,7,-3,0.147892310615832
965,y,38,6,-6,-0.0563306369439365
965,y,39,7,5,0.428215313029168
966,x,1,0,0,-3.43168934325977
966,x,3,1,-1,-1.57125362227641
966,x,4,2,0,0.938135717648396
966,x,7,3,1,-1.20900587198998
966,x,8,3,-1,-0.835596554115209
966,x,10,3,3,0.681585964843176
966,x,11,3,-3,-2.2496166524932
966,x,13,4,-2,0.145730373179536
966,x,15,5,-1,0.995984277485774
966,x,18,4,-4,1.32155252411543
966,x,20,5,-3,-1.04894026868463
966,x,22,6,-2,-0.606205166805551
966,x,23,7,1,-0.218053349187869
966,x,27,5,-5,-0.344186686497506
966,x,28,6,4,-0.0198627564520283
966,x,29,6,-4,-0.354629806854117
966,x,30,7,3,0.222718545161605
966,x,39,7,5,0.478620758169609
966,x,40,7,-5,0.368354571793717
966,x,51,7,-7,0.103368473965843
966,y,1,0,0,-3.00881373775908
966,y,2,1,1,-5.88191179394245
966,y,4,2,0,-0.837734649063391
966,y,6,2,-2,0.780325967945446
966,y,8,3,-1,0.357703716955945
966,y,9,4,0,0.527410102996233
966,y,10,3,3,-1.2431593834058
966,y,11,3,-3,-0.73757399931451
966,y,12,4,2,0.246019311804218
966,y,13,4,-2,0.36538389771871
966,y,22,6,-2,-0.265973918709548
966,y,23,7,1,-0.596253957042711
966,y,27,5,-5,-0.354457988157337
966,y,28,6,4,0.0666898098193282
966,y,37,6,6,0.782563073435475
966,y,38,6,-6,0.10559395541077
966,y,40,7,-5,0.374020662101622
966,y,50,7,7,-0.0966920207844467
966,y,51,7,-7,0.219210691376462
967,x,2,1,1,2.30778306800556
967,x,5,2,2,1.12602090870086
967,x,6,2,-2,-0.743479171685907
967,x,9,4,0,0.10528362391587
967,x,10,3,3,1.78720436940438
967,x,11,3,-3,0.632050933688039
967,x,15,5,-1,-1.07523525221243
967,x,17,4,4,1.27068198259652
967,x,18,4,-4,0.703106355649922
967,x,29,6,-4,0.362390161898971
967,x,37,6,6,0.379889742216751
967,y,2,1,1,4.41045310337042
967,y,4,2,0,-1.08018096791388
967,y,5,2,2,-1.08719053532376
967,y,6,2,-2,-0.362055825013204
967,y,7,3,1,1.20756774108157
967,y,8,3,-1,0.138815292201349
967,y,9,4,0,0.446973761543725
967,y,10,3,3,2.30481913347389
967,y,12,4,2,0.322565840046585
967,y,13,4,-2,-0.918427218335814
967,y,15,5,-1,-0.478325925174866
967,y,19,5,3,-0.26275339713551
967,y,20,5,-3,-0.0474498104749389
967,y,21,6,2,-0.275532657711015
967,y,23,7,1,-0.333664503765503
967,y,24,7,-1,-0.585535432645279
967,y,26,5,5,0.354486844289435
967,y,28,6,4,-0.306034290039736
967,y,40,7,-5,0.444665645491746
967,y,51,7,-7,-0.226414374798778
968,x,2,1,1,-4.50646759997327
968,x,3,1,-1,0.954209064306335
968,x,5,2,2,0.427558345602246
968,x,10,3,3,0.121581666109388
968,x,13,4,-2,1.29527083803238
968,x,17,4,4,0.5359944441691
968,x,23,7,1,-0.472533383371397
968,x,29,6,-4,-0.563051039523789
968,x,30,7,3,1.07483737416687
968,x,50,7,7,-0.850532458780028
968,x,51,7,-7,-0.312776841729694
968,y,1,0,0,-2.43464925049231
968,y,2,1,1,4.94040934931369
968,y,7,3,1,-0.589978485292845
968,y,12,4,2,-0.265870228019992
968,y,14,5,1,-0.253693537150051
968,y,28,6,4,-0.175006510832411
968,y,30,7,3,0.487340924037398
968,y,37,6,6,-0.109632185489423
968,y,38,6,-6,-0.846543982774304
968,y,50,7,7,0.556486973876136
969,x,1,0,0,0.996111161748188
969,x,3,1,-1,3.12095245844654
969,x,6,2,-2,-1.1745048614402
969,x,8,3,-1,-0.139439464782393
969,x,11,3,-3,2.29347215637615
969,x,12,4,2,0.79549086344559
969,x,13,4,-2,-0.983825535697144
969,x,16,6,0,-0.203908981924841
969,x,20,5,-3,-1.17449785276032
969,x,21,6,2,-0.882896167392367
969,x,23,7,1,-0.511578118957176
969,x,24,7,-1,0.0489449153310287
969,x,27,5,-5,0.111779859889454
969,x,28,6,4,0.179928042809503
969,x,29,6,-4,1.77607685455603
969,x,30,7,3,0.571965046898803
969,x,31,7,-3,-0.0151672282577499
969,x,39,7,5,0.689907284305237
969,x,51,7,-7,-0.750029034169446
969,y,1,0,0,3.58533422647233
969,y,2,1,1,-4.69107436018845
969,y,5,2,2,1.89547525019747
969,y,7,3,1,-1.53002685286729
969,y,9,4,0,-1.24145408546434
969,y,11,3,-3,1.21734760935952
969,y,13,4,-2,-0.573392007088941
969,y,14,5,1,1.32096808322515
969,y,15,5,-1,0.529441495235744
969,y,18,4,-4,0.194960629132564
969,y,21,6,2,0.0615144795611974
969,y,24,7,-1,0.0264940315980705
969,y,27,5,-5,1.49424422682573
969,y,28,6,4,0.305992497513461
969,y,29,6,-4,0.246256670872252
969,y,39,7,5,0.707806053040198
969,y,50,7,7,0.36231612466747
969,y,51,7,-7,-0.208509615383005
970,x,3,1,-1,-2.48390086510109
970,x,6,2,-2,-2.73878881658606
970,x,8,3,-1,-2.23760565318973
970,x,10,3,3,-0.931601735107721
970,x,12,4,2,-1.46523614791767
970,x,15,5,-1,-0.513252089317621
970,x,17,4,4,1.00882492007379
970,x,20,5,-3,0.479026482890858
970,x,21,6,2,0.327387080491967
970,x,23,7,1,0.0588485288313255
970,x,26,5,5,0.167667566913853
970,x,28,6,4,0.631733528929471
970,x,31,7,-3,-0.139040889551899
970,x,37,6,6,0.362905808006102
970,x,38,6,-6,0.542387584808937
970,x,40,7,-5,0.669212694639639
970,y,2,1,1,4.06734739250075
970,y,6,2,-2,0.610977876030774
970,y,7,3,1,1.19240789347196
970,y,9,4,0,-0.436244968585768
970,y,15,5,-1,-0.276688084203002
970,y,19,5,3,0.0389832853074573
970,y,22,6,-2,0.404368607492022
970,y,24,7,-1,0.0718080150275305
970,y,26,5,5,-0.84783429427849
970,y,27,5,-5,0.925497118363705
970,y,28,6,4,-0.560053033761887
970,y,29,6,-4,-0.0131775831535941
970,y,30,7,3,-0.340723160756459
970,y,40,7,-5,-0.681742236115257
970,y,50,7,7,0.192659241288788
970,y,51,7,-7,-0.0347595944618342
971,x,2,1,1,-0.460396655705928
971,x,5,2,2,-2.69412593412925
971,x,6,2,-2,0.365474588026178
971,x,8,3,-1,-0.707724286560961
971,x,10,3,3,-0.140692936704943
971,x,11,3,-3,-1.84530390685844
971,x,13,4,-2,-0.582733853778891
971,x,14,5,1,0.0558620647593454
971,x,18,4,-4,-0.356155672352588
971,x,20,5,-3,-0.399916150692748
971,x,24,7,-1,0.16579187862896
971,x,28,6,4,0.258671016435789
971,x,31,7,-3,0.416544865769724
971,y,5,2,2,2.62811799331637
971,y,9,4,0,0.0543017337268044
971,y,13,4,-2,-0.206940692573454
971,y,14,5,1,0.400475130763212
971,y,18,4,-4,0.387625581508139
971,y,19,5,3,0.399185997513855
971,y,20,5,-3,-0.389818758923464
971,y,26,5,5,-0.200086774131731
971,y,28,6,4,-0.56288525026532
971,y,30,7,3,-0.176198081623681
971,y,37,6,6,0.143307058808216
971,y,40,7,-5,-0.246826305765943
972,x,1,0,0,1.09469620611495
972,x,2,1,1,-0.224680837751247
972,x,4,2,0,-2.31637835700017
972,x,5,2,2,-0.376637290841671
972,x,9,4,0,0.309819745430732
972,x,10,3,3,0.63084151209064
972,x,13,4,-2,0.625394586836661
972,x,15,5,-1,-0.988560205882897
972,x,16,6,0,0.232138585147982
972,x,17,4,4,0.490434812199
972,x,20,5,-3,0.643721766003249
972,x,30,7,3,0.0650136186674021
972,x,37,6,6,-0.178149987017033
972,x,51,7,-7,-0.217369652470575
972,y,1,0,0,-1.65034174703476
972,y,2,1,1,2.49452031708284
972,y,5,2,2,-1.1328267426985
972,y,7,3,1,0.830896299334572
972,y,8,3,-1,0.951427727412756
972,y,10,3,3,-0.18415653566681
972,y,16,6,0,0.121286526464299
972,y,17,4,4,0.425315290827303
972,y,20,5,-3,0.285515107752953
972,y,22,6,-2,0.721164289106891
972,y,28,6,4,0.562257378866599
972,y,30,7,3,0.310708663160626
972,y,31,7,-3,-0.306482914455116
972,y,37,6,6,-1.02299429006692
972,y,40,7,-5,0.44744817152876
973,x,1,0,0,0.190181487125884
973,x,3,1,-1,-2.36549212152946
973,x,4,2,0,-1.02687210920183
973,x,5,2,2,3.63848242672605
973,x,6,2,-2,-0.887617465524739
973,x,7,3,1,-1.50592735595205
973,x,9,4,0,0.0717788710360169
973,x,11,3,-3,0.254733815891972
973,x,13,4,-2,0.66123014904166
973,x,16,6,0,-0.0383583858551034
973,x,17,4,4,-0.0787919236759572
973,x,20,5,-3,-0.781350118922105
973,x,40,7,-5,0.228206800449104
973,x,51,7,-7,-0.61935551477911
973,y,1,0,0,3.11793231853839
973,y,4,2,0,1.45341949012917
973,y,9,4,0,-1.05323253485583
973,y,10,3,3,-2.28469835946593
973,y,11,3,-3,-0.0184028044894434
973,y,12,4,2,1.13575075866745
973,y,13,4,-2,-0.0442533255285551
973,y,14,5,1,-0.0163131935945298
973,y,15,5,-1,-0.970434296787752
973,y,16,6,0,-0.156608207014548
973,y,22,6,-2,0.239686724368494
973,y,24,7,-1,0.123056684685233
973,y,28,6,4,-0.712390417788812
973,y,29,6,-4,0.425585129227833
973,y,37,6,6,-0.49404086889297
973,y,40,7,-5,-0.646669643306281
973,y,50,7,7,-0.00410057368062797
973,y,51,7,-7,-0.132731339046627
974,x,2,1,1,0.290510103062855
974,x,3,1,-1,-0.282677120172615
974,x,6,2,-2,-0.126990346618798
974,x,8,3,-1,0.753967523409393
974,x,9,4,0,0.458632073362063
974,x,10,3,3,-1.49485305689402
974,x,12,4,2,0.898440175599289
974,x,13,4,-2,0.274439294812866
974,x,17,4,4,0.589280161069774
974,x,19,5,3,0.759367552202123
974,x,20,5,-3,0.871085353196595
974,x,22,6,-2,0.897422735692568
974,x,23,7,1,-0.387999647797052
974,x,28,6,4,0.807315740522938
974,x,29,6,-4,-0.544766985231565
974,x,31,7,-3,-0.167784709781466
974,x,37,6,6,-0.22373941963654
974,x,38,6,-6,-0.600096564595292
974,x,50,7,7,1.62665055900189
974,y,3,1,-1,-7.15877464838955
974,y,7,3,1,-0.110673941342382
974,y,9,4,0,-0.131830972501119
974,y,10,3,3,0.538444573981937
974,y,11,3,-3,0.402260696080203
974,y,13,4,-2,0.702277661033566
974,y,14,5,1,-0.217167160733611
974,y,17,4,4,0.571329777356874
974,y,22,6,-2,-0.0595572821325063
974,y,30,7,3,-0.0274734410624031
974,y,37,6,6,-0.0141193736784851
974,y,40,7,-5,0.324328080700454
974,y,50,7,7,-1.08177777398276
975,x,2,1,1,2.32738219107051
975,x,3,1,-1,4.82251967342269
975,x,5,2,2,-1.41393947511437
975,x,7,3,1,-0.41945644843046
975,x,9,4,0,1.08359490540107
975,x,11,3,-3,2.49897960998983
975,x,13,4,-2,0.896183049969688
975,x,15,5,-1,0.145871262186208
975,x,16,6,0,-1.44055967481824
975,x,21,6,2,-0.207251305727611
975,x,23,7,1,0.515204707075112
975,x,27,5,-5,-0.191989609440654
975,x,28,6,4,0.00688416484537223
975,x,30,7,3,-0.434342495340113
975,x,37,6,6,0.017316172827104
975,x,39,7,5,0.294823981902212
975,x,51,7,-7,-0.257194484154966
975,y,3,1,-1,-5.0985519697642
975,y,4,2,0,-0.370714912156997
975,y,6,2,-2,-0.45347594296629
975,y,9,4,0,-0.546817977150546
975,y,13,4,-2,0.63666969998581
975,y,16,6,0,-0.0379076668355527
975,y,23,7,1,0.323803476987204
975,y,26,5,5,0.102758952108427
975,y,28,6,4,0.406031100559951
975,y,31,7,-3,0.214305417940153
975,y,37,6,6,0.261682135869888
975,y,39,7,5,0.0132112071642806
975,y,40,7,-5,-0.608275137875951
975,y,51,7,-7,0.801815450937428
976,x,2,1,1,3.10712906016592
976,x,3,1,-1,-2.36780500454071
976,x,4,2,0,-0.827155283532081
976,x,5,2,2,0.936113854354522
976,x,9,4,0,-0.461943370006587
976,x,19,5,3,-1.83261243202558
976,x,24,7,-1,0.232229479332434
976,x,28,6,4,-0.0980287903677525
976,x,31,7,-3,-0.526962258062857
976,x,39,7,5,0.33947606647141
976,y,2,1,1,1.42337274942543
976,y,7,3,1,0.481707756932788
976,y,8,3,-1,-0.562919868181423
976,y,10,3,3,0.784935395400093
976,y,11,3,-3,-1.2399365635308
976,y,12,4,2,0.138074342088649
976,y,13,4,-2,1.10768610822549
976,y,14,5,1,0.168020725922717
976,y,16,6,0,-0.104937263933677
976,y,17,4,4,0.0405446235479369
976,y,26,5,5,-0.243051583467718
976,y,27,5,-5,0.249817791816024
977,x,2,1,1,-3.63817809137358
977,x,4,2,0,2.18478603716071
977,x,5,2,2,-1.70716354508012
977,x,7,3,1,-1.55131868142237
977,x,8,3,-1,-1.78911136529531
977,x,12,4,2,1.0106280188648
977,x,13,4,-2,-0.220121346986313
977,x,14,5,1,-0.654048363108514
977,x,15,5,-1,-1.2448794807549
977,x,20,5,-3,-0.329788178718914
977,x,21,6,2,0.0602481666973128
977,x,23,7,1,0.117385438220269
977,x,24,7,-1,-0.318587786053422
977,x,26,5,5,-0.597099096255091
977,x,30,7,3,1.48367106596534
977,x,31,7,-3,0.367505148261962
977,x,37,6,6,0.0349215193171514
977,x,38,6,-6,0.143876666777675
977,x,51,7,-7,0.452369100168388
977,y,3,1,-1,1.17959521970958
977,y,9,4,0,-0.496756301819913
977,y,10,3,3,-1.00761998477949
977,y,12,4,2,-0.777714610216956
977,y,13,4,-2,-1.02554300628234
977,y,19,5,3,-0.0829131778778669
977,y,26,5,5,0.224753904467862
977,y,27,5,-5,-0.0802436055464621
977,y,30,7,3,2.17233433999025
977,y,31,7,-3,-0.723044717632113
977,y,38,6,-6,-1.49162133424265
978,x,1,0,0,2.22249609291374
978,x,2,1,1,-5.33526938680579
978,x,3,1,-1,-1.84223467561414
978,x,4,2,0,-0.611460555351906
978,x,5,2,2,2.3564548538939
978,x,7,3,1,0.00284125574460735
978,x,8,3,-1,1.4572204067209
978,x,14,5,1,0.204944294738181
978,x,15,5,-1,0.154905822039405
978,x,21,6,2,-1.04397724200416
978,x,22,6,-2,0.62579987566694
978,x,23,7,1,0.0907546871481441
978,x,28,6,4,-0.408999497704305
978,x,50,7,7,-0.0578862572946919
978,y,2,1,1,-3.15010116005062
978,y,9,4,0,1.44269390749013
978,y,12,4,2,0.375943301437926
978,y,14,5,1,-0.549481571256543
978,y,15,5,-1,-0.139691828326227
978,y,16,6,0,-0.260337803177188
978,y,19,5,3,0.683539273722984
978,y,29,6,-4,-0.415232789311692
978,y,30,7,3,-0.454764086069563
978,y,37,6,6,-0.46418803471128
979,x,1,0,0,6.25555917436746
979,x,4,2,0,0.404108543262617
979,x,5,2,2,0.464507963305331
979,x,6,2,-2,-0.705390278088293
979,x,7,3,1,-0.0764405788729246
979,x,9,4,0,-0.743085775061763
979,x,16,6,0,0.0144877617010872
979,x,17,4,4,-0.473716700822951
979,x,19,5,3,-0.516947218361758
979,x,22,6,-2,-0.0555960129172257
979,x,24,7,-1,-0.206188443809791
979,x,31,7,-3,0.449226840436581
979,x,39,7,5,0.107549861967799
979,x,40,7,-5,-0.824972148419115
979,x,50,7,7,0.213214704592103
979,y,3,1,-1,-0.793757314325527
979,y,4,2,0,-2.93296492183646
979,y,5,2,2,-1.3235926313837
979,y,11,3,-3,0.471856620765039
979,y,13,4,-2,0.218770378592548
979,y,14,5,1,-0.456476049892473
979,y,15,5,-1,-0.127048323468094
979,y,20,5,-3,0.025165499415743
979,y,24,7,-1,-0.364269397317133
979,y,26,5,5,0.688567139186283
979,y,29,6,-4,0.359658267312584
979,y,30,7,3,0.679670814823005
979,y,37,6,6,-0.240307922643373
980,x,2,1,1,0.937464026660025
980,x,4,2,0,-2.50109205850526
980,x,5,2,2,1.77997335858915
980,x,6,2,-2,1.26122830450744
980,x,7,3,1,1.81499607092672
980,x,10,3,3,0.783807747802734
980,x,11,3,-3,0.889070098891743
980,x,14,5,1,-1.2852898882529
980,x,17,4,4,1.52836615404364
980,x,20,5,-3,-0.497750075134984
980,x,22,6,-2,-0.101679044278889
980,x,23,7,1,-0.193175756919662
980,x,28,6,4,-0.163457192994082
980,x,29,6,-4,1.04614778528566
980,x,31,7,-3,-0.079046756496912
980,x,37,6,6,0.825866008247098
980,x,39,7,5,0.0425578565228766
980,x,40,7,-5,-0.664821348661733
980,y,1,0,0,-4.84715772087766
980,y,2,1,1,-1.21083930124217
980,y,4,2,0,-0.894562697467728
980,y,5,2,2,1.03430449152994
980,y,6,2,-2,-0.70925836654286
980,y,7,3,1,-0.280651296320371
980,y,9,4,0,0.922696533974495
980,y,10,3,3,1.57379196142148
980,y,12,4,2,0.154020807766994
980,y,15,5,-1,-0.0153737980679044
980,y,17,4,4,0.511938346123648
980,y,18,4,-4,-0.253961586705796
980,y,20,5,-3,0.517531786359398
980,y,21,6,2,-0.590614445810275
980,y,22,6,-2,0.67315308689774
980,y,23,7,1,0.0310371697587468
980,y,29,6,-4,0.353883588084425
980,y,30,7,3,-0.0762930217231045
980,y,31,7,-3,0.498805840255786
980,y,50,7,7,0.26537766719588
981,x,1,0,0,4.39526948582573
981,x,4,2,0,-2.15873202166375
981,x,8,3,-1,0.627301214843023
981,x,9,4,0,1.04243941880732
981,x,10,3,3,-2.15401991484515
981,x,19,5,3,0.612096490110037
981,x,22,6,-2,0.178298118113177
981,x,28,6,4,-0.193702216981956
981,x,30,7,3,0.608076509343272
981,x,38,6,-6,0.0466049376443605
981,x,39,7,5,-0.85279556630329
981,y,1,0,0,1.04668939834193
981,y,2,1,1,-5.27652442649615
981,y,5,2,2,-0.820976745417553
981,y,8,3,-1,1.6076171537786
981,y,10,3,3,-0.899767331119034
981,y,11,3,-3,-0.29699323880208
981,y,15,5,-1,-0.751090458577495
981,y,16,6,0,0.241241606009949
981,y,19,5,3,-0.848839022824162
981,y,21,6,2,0.175386710457915
981,y,23,7,1,-0.367521825739468
981,y,24,7,-1,-0.182839192064472
981,y,27,5,-5,0.618067468155588
981,y,28,6,4,-0.181946492666439
981,y,29,6,-4,-1.00551832400464
981,y,31,7,-3,-0.578754383263666
981,y,37,6,6,0.173123232562269
981,y,38,6,-6,0.603487351962931
981,y,39,7,5,0.546915540021401
981,y,50,7,7,-0.698333101858275
982,x,1,0,0,-0.389083495333213
982,x,8,3,-1,3.83926943073707
982,x,12,4,2,-0.117282080763689
982,x,13,4,-2,-0.773620158157464
982,x,18,4,-4,-0.503365565453963
982,x,19,5,3,0.429889400332096
982,x,20,5,-3,-1.57823016689116
982,x,28,6,4,0.0551788218826404
982,x,31,7,-3,0.310227679481893
982,x,38,6,-6,0.589589613241321
982,x,40,7,-5,0.0294520685279727
982,y,2,1,1,0.0927878211017101
982,y,5,2,2,2.27187917254497
982,y,7,3,1,-1.46226745404717
982,y,9,4,0,-0.331494011658145
982,y,10,3,3,-0.402906756057972
982,y,13,4,-2,-0.25120197168625
982,y,17,4,4,-0.200823514747485
982,y,18,4,-4,0.331107421563853
982,y,20,5,-3,-0.668181655966468
982,y,24,7,-1,-0.461447735271427
982,y,28,6,4,0.561112544504583
982,y,29,6,-4,-0.516978169167285
982,y,31,7,-3,-0.532301793102666
982,y,39,7,5,-0.51311038344529
982,y,40,7,-5,0.273120317173571
982,y,50,7,7,-0.306571513073456
982,y,51,7,-7,-0.833944460281491
983,x,3,1,-1,0.254452434848809
983,x,5,2,2,-2.29118416697021
983,x,10,3,3,-0.767810310884602
983,x,13,4,-2,0.316799071835697
983,x,14,5,1,-0.458034572516652
983,x,15,5,-1,0.101408988001533
983,x,20,5,-3,-0.856753453399368
983,x,22,6,-2,-0.630361508051148
983,x,24,7,-1,-1.0584958004933
983,x,31,7,-3,0.293750834944451
983,x,39,7,5,0.725652936270118
983,x,50,7,7,0.233310029152661
983,y,6,2,-2,2.32069107275828
983,y,11,3,-3,1.47606025960216
983,y,12,4,2,0.741419183056927
983,y,14,5,1,0.362053911785275
983,y,15,5,-1,0.648351073817636
983,y,17,4,4,-0.116986296368684
983,y,19,5,3,-0.113706417114704
983,y,21,6,2,0.48633042745703
983,y,23,7,1,0.184668152312082
983,y,24,7,-1,0.0781424522924255
983,y,39,7,5,-0.194476167049987
983,y,40,7,-5,0.23916666787971
984,x,2,1,1,2.51816185014464
984,x,5,2,2,2.16226424192793
984,x,14,5,1,0.477110027234032
984,x,18,4,-4,0.70984572149906
984,x,20,5,-3,-0.431651175748335
984,x,21,6,2,0.239639572227476
984,x,22,6,-2,0.66362895735472
984,x,26,5,5,0.201843396999607
984,x,27,5,-5,-0.19824207100771
984,x,28,6,4,-0.0309566476982589
984,x,30,7,3,0.0985012918009266
984,x,38,6,-6,0.0795071452117085
984,x,39,7,5,-0.276538496274544
984,x,50,7,7,0.170784753010294
984,y,1,0,0,7.00067196460706
984,y,2,1,1,-0.0221256824087976
984,y,3,1,-1,0.0834476975982207
984,y,4,2,0,1.95068896221069
984,y,6,2,-2,-1.59021675408678
984,y,7,3,1,-0.194316074844174
984,y,12,4,2,0.804348694140631
984,y,16,6,0,-0.335609046117088
984,y,21,6,2,0.467478474893263
984,y,22,6,-2,0.0408052257003448
984,y,23,7,1,-0.291978879295142
984,y,24,7,-1,0.239926455677472
984,y,27,5,-5,-0.384368999637291
984,y,37,6,6,0.195015887067061
984,y,38,6,-6,0.155226030641593
984,y,40,7,-5,-0.370984398927119
984,y,51,7,-7,-0.481678031411534
985,x,1,0,0,0.812052340633603
985,x,2,1,1,-1.55446991123414
985,x,3,1,-1,-1.46843716921125
985,x,5,2,2,-0.918905345835532
985,x,7,3,1,0.522092195235021
985,x,8,3,-1,-1.20497012329717
985,x,9,4,0,0.0834015623237408
985,x,12,4,2,0.534021545679774
985,x,13,4,-2,-0.189526312215734
985,x,14,5,1,-0.50604916279185
985,x,16,6,0,0.0108684303808599
985,x,19,5,3,-0.384425226090946
985,x,20,5,-3,0.190618949544486
985,x,21,6,2,-1.16472672271076
985,x,23,7,1,0.801855728965051
985,x,24,7,-1,-0.20802691660835
985,x,27,5,-5,1.62808413761852
985,x,28,6,4,0.26631966657492
985,x,37,6,6,-0.0287830079274927
985,y,2,1,1,-1.51010220777245
985,y,8,3,-1,-0.669025585018714
985,y,10,3,3,0.127023600368106
985,y,12,4,2,-0.987608318270734
985,y,14,5,1,0.0460673042818709
985,y,18,4,-4,0.684237271645073
985,y,22,6,-2,0.902958289432893
985,y,26,5,5,0.267977607636059
985,y,29,6,-4,-0.0403503045911527
985,y,31,7,-3,0.0790657783635381
985,y,38,6,-6,-1.19903651733369
985,y,39,7,5,1.19844387352191
986,x,1,0,0,-3.08165595501401
986,x,4,2,0,-1.33354785828788
986,x,11,3,-3,-1.41227620591853
986,x,12,4,2,-0.104164433919797
986,x,13,4,-2,1.08600525609459
986,x,16,6,0,0.217253406525332
986,x,17,4,4,-0.518788303910512
986,x,18,4,-4,-0.629313620287912
986,x,19,5,3,-0.608881894297096
986,x,20,5,-3,1.48118299590466
986,x,21,6,2,0.0419609045742473
986,x,24,7,-1,0.288089927312461
986,x,29,6,-4,-1.10208347745666
986,x,30,7,3,0.00256339694683557
986,x,38,6,-6,-0.515012337600942
986,x,40,7,-5,-0.917415887368207
986,x,50,7,7,0.369798905564723
986,y,4,2,0,0.47611859640964
986,y,5,2,2,2.00428775743394
986,y,9,4,0,1.00378729141226
986,y,12,4,2,-0.160713250361711
986,y,13,4,-2,-1.020949974208
986,y,17,4,4,-0.331810215193629
986,y,18,4,-4,0.198785668303243
986,y,20,5,-3,-1.08577307836191
986,y,21,6,2,-0.272625445245969
986,y,22,6,-2,-0.419550268403505
986,y,23,7,1,0.472369087587925
986,y,24,7,-1,-0.0899715950634169
986,y,27,5,-5,0.82085063490388
986,y,29,6,-4,-0.102680832287583
986,y,30,7,3,0.105779871483376
986,y,31,7,-3,-0.278129201777589
986,y,37,6,6,-0.322391135178823
986,y,39,7,5,-0.0115253012759326
986,y,51,7,-7,-0.155318374035247
987,x,3,1,-1,-7.53725090860978
987,x,4,2,0,0.0783483170567092
987,x,6,2,-2,-0.553574812217629
987,x,9,4,0,-1.53293785191087
987,x,10,3,3,-1.60685758011867
987,x,11,3,-3,-1.15793419798891
987,x,13,4,-2,0.496721533042891
987,x,14,5,1,0.396933647894444
987,x,20,5,-3,0.446124776016388
987,x,21,6,2,-0.0120260116910265
987,x,22,6,-2,0.580862059273159
987,x,23,7,1,-0.816465267324557
987,x,26,5,5,-0.0253495964089631
987,x,28,6,4,0.393424145286911
987,x,29,6,-4,-0.241439002349301
987,x,40,7,-5,-0.429424190702067
987,x,51,7,-7,-0.110323541565538
987,y,1,0,0,-0.183815991826548
987,y,4,2,0,1.1310172863982
987,y,6,2,-2,-0.664552724276638
987,y,7,3,1,0.914923631587959
987,y,9,4,0,-0.996272359592086
987,y,16,6,0,0.479234373059242
987,y,17,4,4,-0.589970975471305
987,y,19,5,3,-0.00911935695321986
987,y,21,6,2,0.878464997143306
987,y,39,7,5,-0.0176980162134421
987,y,51,7,-7,-0.137879357761099
988,x,3,1,-1,0.804383094665012
988,x,5,2,2,-1.19045462220969
988,x,8,3,-1,0.364333997936666
988,x,11,3,-3,1.37585475281744
988,x,15,5,-1,0.0349023788276839
988,x,16,6,0,-0.39867938200762
988,x,20,5,-3,1.16828389810181
988,x,23,7,1,0.571062593061003
988,x,24,7,-1,1.19898849926079
988,x,26,5,5,-0.313346382790214
988,x,28,6,4,-0.012070953620937
988,x,29,6,-4,0.362807532372786
988,x,37,6,6,-0.434048486007262
988,x,40,7,-5,0.112220775975887
988,x,50,7,7,1.51325708167501
988,x,51,7,-7,-0.449452904210164
988,y,1,0,0,1.95787728151121
988,y,4,2,0,-0.599757309500365
988,y,7,3,1,0.274768389427229
988,y,10,3,3,0.924106739615615
988,y,16,6,0,0.26661399092956
988,y,20,5,-3,0.0549687840948577
988,y,22,6,-2,0.186529757885306
988,y,29,6,-4,0.150974072126706
988,y,38,6,-6,0.722315456446146
988,y,40,7,-5,0.180224750323288
988,y,50,7,7,0.147927319474262
989,x,1,0,0,-1.68325219068097
989,x,2,1,1,1.42865191939748
989,x,6,2,-2,-0.944246274383474
989,x,10,3,3,0.21620857459852
989,x,15,5,-1,0.365655400520634
989,x,18,4,-4,0.728732750066087
989,x,20,5,-3,1.2945152945202
989,x,24,7,-1,-0.0679148901172072
989,x,26,5,5,-0.864418496331453
989,x,30,7,3,0.261506056448614
989,x,39,7,5,0.024168430638349
989,x,51,7,-7,-0.364802845994954
989,y,9,4,0,1.59511080861934
989,y,12,4,2,-2.24141106382396
989,y,13,4,-2,1.08054663567171
989,y,16,6,0,-0.300844847434646
989,y,24,7,-1,-0.102548235562051
989,y,27,5,-5,-0.186549464929475
989,y,28,6,4,0.0919128188171887
989,y,37,6,6,-0.367087637427475
989,y,39,7,5,-0.357735760680089
989,y,40,7,-5,0.171328614624683
989,y,51,7,-7,-0.987117615410355
990,x,4,2,0,0.272513614012452
990,x,5,2,2,-1.81251087973323
990,x,12,4,2,-0.21170901487142
990,x,14,5,1,0.0604118946093093
990,x,15,5,-1,0.25157866664753
990,x,18,4,-4,-1.5503468830106
990,x,19,5,3,1.98796045220603
990,x,21,6,2,-0.0566608483772709
990,x,30,7,3,-0.834100630548869
990,x,38,6,-6,-0.129635140330513
990,x,51,7,-7,-0.549023684636326
990,y,7,3,1,-0.0889937553360053
990,y,9,4,0,0.824844453164586
990,y,16,6,0,-1.12402974345995
990,y,17,4,4,1.47245662805389
990,y,19,5,3,-1.27512810941072
990,y,20,5,-3,-0.168857178703015
990,y,24,7,-1,0.0708133184483863
990,y,30,7,3,0.634782769304374
990,y,31,7,-3,1.43226208838134
990,y,39,7,5,-1.62094583245146
991,x,1,0,0,-0.361482364128411
991,x,2,1,1,-2.46140232982775
991,x,6,2,-2,-2.02301657189288
991,x,7,3,1,-0.65187729084716
991,x,18,4,-4,0.799394748196047
991,x,23,7,1,0.417377339311045
991,x,27,5,-5,-0.389914982906621
991,x,28,6,4,0.140050426337517
991,x,30,7,3,0.0904546793488823
991,x,31,7,-3,0.478238223244812
991,x,40,7,-5,-0.356906106252188
991,y,1,0,0,-1.11770647788682
991,y,2,1,1,-1.67423071687229
991,y,3,1,-1,-0.51845951946248
991,y,6,2,-2,2.34664720895208
991,y,8,3,-1,0.695802585959447
991,y,11,3,-3,-0.0773285756535764
991,y,12,4,2,0.657080122018835
991,y,13,4,-2,-0.342830394615499
991,y,14,5,1,0.845010230434254
991,y,21,6,2,-0.465855165723032
991,y,24,7,-1,-0.102881469103736
991,y,29,6,-4,-0.503680716381918
991,y,31,7,-3,0.580043646251624
991,y,37,6,6,-0.101284798540059
992,x,1,0,0,-0.853531111436335
992,x,3,1,-1,-3.22723492669331
992,x,5,2,2,-1.78873462617066
992,x,15,5,-1,0.281627435852646
992,x,16,6,0,-0.263813305134442
992,x,17,4,4,0.620474150665011
992,x,18,4,-4,1.19276379415445
992,x,20,5,-3,-0.126992284218481
992,x,22,6,-2,0.789299015242807
992,x,23,7,1,0.374993001528465
992,x,37,6,6,-0.261445707872015
992,x,39,7,5,0.752652279894212
992,y,2,1,1,-1.37416997086858
992,y,6,2,-2,0.203310382628693
992,y,9,4,0,1.06912371359912
992,y,16,6,0,0.996979242218809
992,y,19,5,3,0.804390436547106
992,y,20,5,-3,-0.431040326044823
992,y,24,7,-1,-0.707358333128367
992,y,27,5,-5,-0.0668145883028179
992,y,29,6,-4,-0.366680446038154
992,y,37,6,6,-0.228169648988339
992,y,40,7,-5,-1.45726423437342
993,x,2,1,1,-0.358996529709919
993,x,3,1,-1,-4.08905624031
993,x,5,2,2,-2.45063927605662
993,x,7,3,1,-1.39051316577853
993,x,8,3,-1,1.58898783179403
993,x,9,4,0,-0.397504261994833
993,x,13,4,-2,0.230450166307846
993,x,14,5,1,0.325537435378388
993,x,15,5,-1,-0.36808701049971
993,x,16,6,0,0.496298590387235
993,x,19,5,3,-0.242300147790392
993,x,20,5,-3,-0.783970150375972
993,x,21,6,2,0.235734156323359
993,x,22,6,-2,-0.0535116706654515
993,x,24,7,-1,-0.484006331537612
993,x,29,6,-4,-1.02083192411247
993,x,38,6,-6,0.13462635990227
993,x,39,7,5,-0.153354015818666
993,x,40,7,-5,-0.45535916966456
993,x,51,7,-7,-0.288289998061836
993,y,4,2,0,-1.41519669991253
993,y,9,4,0,-0.279737737707306
993,y,10,3,3,-0.825979450755694
993,y,14,5,1,-0.349876884123236
993,y,20,5,-3,0.163636109412402
993,y,21,6,2,-0.236414674761858
993,y,22,6,-2,0.78914760838854
993,y,27,5,-5,1.62144121488222
993,y,38,6,-6,-0.123801027002396
993,y,40,7,-5,1.12707903279144
993,y,51,7,-7,0.821856444007481
994,x,2,1,1,-5.23479411374909
994,x,7,3,1,-2.4623335664854
994,x,9,4,0,-0.8057156121777
994,x,10,3,3,-0.632141386598011
994,x,11,3,-3,-1.25320475853532
994,x,17,4,4,-0.208397590785711
994,x,21,6,2,-0.398949974379772
994,x,22,6,-2,0.316002151232937
994,x,23,7,1,0.0979044358390592
994,x,26,5,5,0.48251220333337
994,x,28,6,4,0.746192050683561
994,x,29,6,-4,-0.0782988080088292
994,x,30,7,3,0.417199072534512
994,x,39,7,5,-0.257148193309524
994,x,51,7,-7,-0.200082691518135
994,y,1,0,0,-2.76980874186448
994,y,4,2,0,-2.50679540299574
994,y,8,3,-1,0.520526300027456
994,y,9,4,0,0.216517035743856
994,y,11,3,-3,-0.539508237591164
994,y,12,4,2,-1.31348212595686
994,y,13,4,-2,0.668122646628403
994,y,17,4,4,1.27411177029086
994,y,20,5,-3,1.11564635668801
994,y,22,6,-2,1.23482669736137
994,y,24,7,-1,-0.677878023186683
994,y,26,5,5,0.161885275280643
994,y,27,5,-5,0.0477983625770264
994,y,29,6,-4,0.2306691320498
994,y,37,6,6,0.848171235624777
994,y,38,6,-6,0.513307491434301
995,x,1,0,0,-0.227900031516316
995,x,2,1,1,6.1652407212356
995,x,3,1,-1,1.71594750763621
995,x,8,3,-1,-0.55105288291445
995,x,15,5,-1,0.174750606426761
995,x,24,7,-1,-0.0406678415018879
995,x,28,6,4,-0.671432088727436
995,x,31,7,-3,0.0855756274107903
995,x,38,6,-6,0.237818228481746
995,x,40,7,-5,-0.868870788616957
995,x,50,7,7,0.221375726993629
995,x,51,7,-7,-0.576856583113318
995,y,1,0,0,5.12477233818446
995,y,3,1,-1,-0.23487042787609
995,y,4,2,0,-0.435494188727735
995,y,5,2,2,-1.85429364021768
995,y,7,3,1,-0.444945450483344
995,y,9,4,0,0.202702262475161
995,y,10,3,3,-1.63875491361363
995,y,12,4,2,-0.860793008089119
995,y,13,4,-2,-0.0684743542905853
995,y,17,4,4,-0.300268012390327
995,y,21,6,2,-0.475287966270749
995,y,23,7,1,0.362211187936163
995,y,24,7,-1,0.317476893174834
995,y,28,6,4,-0.802054253905125
995,y,31,7,-3,-0.271297878449963
996,x,4,2,0,0.984809850923224
996,x,6,2,-2,-0.808995365061811
996,x,7,3,1,0.303069594465462
996,x,8,3,-1,-1.0692034181085
996,x,9,4,0,1.00566620435861
996,x,10,3,3,0.607177469683552
996,x,15,5,-1,0.45151756189767
996,x,18,4,-4,-1.68706628871099
996,x,20,5,-3,0.100304567030921
996,x,22,6,-2,-0.689916250674464
996,x,24,7,-1,-0.503757762506416
996,x,26,5,5,0.573461332040267
996,x,27,5,-5,0.249306632867572
996,x,31,7,-3,-0.541218526001183
996,x,51,7,-7,0.455666135537564
996,y,1,0,0,-4.37185550272743
996,y,5,2,2,1.70982314476873
996,y,8,3,-1,0.270823992769555
996,y,9,4,0,0.0331369221252342
996,y,12,4,2,0.223508019937348
996,y,14,5,1,0.748345334209829
996,y,16,6,0,0.921714723837914
996,y,19,5,3,0.491144770370567
996,y,21,6,2,-0.105217138452015
996,y,29,6,-4,0.570522548334031
996,y,40,7,-5,-0.12073018382479
996,y,50,7,7,0.583118280972764
997,x,1,0,0,-4.7981652064474
997,x,2,1,1,-1.17902242057185
997,x,3,1,-1,3.41502270077653
997,x,4,2,0,1.17633752474168
997,x,8,3,-1,-1.2850552333516
997,x,9,4,0,-0.497580173485763
997,x,13,4,-2,0.467621644472928
997,x,14,5,1,-0.356984572294831
997,x,16,6,0,0.331653991923911
997,x,17,4,4,-0.341481715583568
997,x,20,5,-3,0.507675544392186
997,x,21,6,2,-0.867473325519166
997,x,27,5,-5,-0.178269978132957
997,x,29,6,-4,0.281733212337827
997,x,30,7,3,-0.571255831279731
997,x,31,7,-3,-0.207540155217522
997,x,51,7,-7,0.137614389366303
997,y,4,2,0,-1.50888593721855
997,y,6,2,-2,0.216558747391379
997,y,13,4,-2,1.30023011817956
997,y,23,7,1,0.181530125309288
997,y,26,5,5,-0.458297655994851
997,y,28,6,4,-0.798873368611022
997,y,29,6,-4,-1.0165608498602
997,y,30,7,3,-0.144352041511703
997,y,37,6,6,0.862563049683057
997,y,39,7,5,0.849338355740448
997,y,50,7,7,-0.204226218656057
998,x,5,2,2,2.11464140233647
998,x,7,3,1,-0.955180746535242
998,x,9,4,0,1.37283604302462
998,x,13,4,-2,-0.521890408008277
998,x,18,4,-4,-1.63707306781086
998,x,19,5,3,-0.47703891120362
998,x,23,7,1,0.252603383312193
998,x,29,6,-4,-0.667485980544652
998,x,37,6,6,0.175134968375358
998,x,50,7,7,-0.221525906358187
998,y,1,0,0,1.39028783387858
998,y,2,1,1,-1.7210998755208
998,y,4,2,0,0.829518025644325
998,y,6,2,-2,-1.22905558622809
998,y,10,3,3,1.13790213508977
998,y,13,4,-2,-0.40009866388405
998,y,14,5,1,-0.216415186069197
998,y,16,6,0,0.456151681830193
998,y,17,4,4,0.112513430221208
998,y,18,4,-4,0.37015640892749
998,y,19,5,3,-0.747895595470645
998,y,20,5,-3,-0.557432246256013
998,y,22,6,-2,-0.546872697647898
998,y,28,6,4,0.417017011535177
998,y,29,6,-4,-0.226881559974786
998,y,30,7,3,-0.236864491257998
998,y,31,7,-3,0.524736035823123
998,y,40,7,-5,0.532463803581289
998,y,50,7,7,0.305943396145485
998,y,51,7,-7,0.15135909653524
999,x,1,0,0,-2.87475161826634
999,x,2,1,1,1.81580467556199
999,x,4,2,0,-2.40238285303099
999,x,5,2,2,0.792823696609233
999,x,7,3,1,0.649182936072344
999,x,11,3,-3,0.858988828750973
999,x,12,4,2,0.150528821822859
999,x,14,5,1,-0.237143061515317
999,x,18,4,-4,-1.38075972033068
999,x,20,5,-3,-0.383781350720686
999,x,21,6,2,0.185195663903215
999,x,27,5,-5,-0.0801290172782933
999,x,30,7,3,-0.103353375641494
999,x,38,6,-6,1.03828146062477
999,x,39,7,5,0.225837046632839
999,x,50,7,7,0.545422145724854
999,y,5,2,2,0.495483881002611
999,y,7,3,1,0.528647523671947
999,y,8,3,-1,0.915543965060511
999,y,9,4,0,-1.79618250268908
999,y,18,4,-4,0.0323721078001271
999,y,21,6,2,-0.730225452722257
999,y,27,5,-5,-0.38731409605489
999,y,29,6,-4,-1.24282745865181
999,y,38,6,-6,-1.30986393109318
999,y,39,7,5,-0.419731105243028
1000,x,1,0,0,-0.195379192942967
1000,x,2,1,1,3.90932504185294
1000,x,3,1,-1,3.16065864910869
1000,x,4,2,0,2.42910494306102
1000,x,6,2,-2,0.350921449713428
1000,x,13,4,-2,0.776342935301663
1000,x,14,5,1,-0.00290508139745255
1000,x,15,5,-1,-1.10061418608714
1000,x,16,6,0,-0.783029311341298
1000,x,21,6,2,-0.614060626570198
1000,x,23,7,1,-0.640169704673962
1000,x,24,7,-1,-0.875323230346191
1000,x,26,5,5,0.665422281145231
1000,x,27,5,-5,0.266243277685895
1000,x,28,6,4,-0.312017457886702
1000,x,30,7,3,-0.00682338641801058
1000,x,31,7,-3,0.342337360790637
1000,x,40,7,-5,-0.285182088883839
1000,y,2,1,1,-1.24990569946296
1000,y,6,2,-2,1.25930667338796
1000,y,8,3,-1,1.58072202357745
1000,y,16,6,0,-0.513565780598741
1000,y,18,4,-4,-0.779891376378781
1000,y,19,5,3,-0.787900342999416
1000,y,21,6,2,-0.220429499994065
1000,y,26,5,5,-0.968066580951473
1000,y,28,6,4,-0.308265151753408
1000,y,29,6,-4,-0.4474527183769
1000,y,30,7,3,0.11515417357744
1000,y,37,6,6,-0.414473026249731
1000,y,38,6,-6,0.108727382361625
1000,y,50,7,7,0.293136650303884
